[
    {
        "words": [
            "#",
            "3",
            "CS",
            "0447",
            "Introduction",
            "to",
            "Programs",
            ",",
            "Computer",
            "Programming",
            "Instructions",
            ",",
            "and",
            "Registers",
            "Lu\u00eds",
            "Oliveira",
            "Original",
            "slides",
            "by",
            ":",
            "Jarrett",
            "Billingsley",
            "Modified",
            "with",
            "bits",
            "from",
            ":",
            "Bruce",
            "Childers",
            ",",
            "David",
            "Wilkinson",
            "Fall",
            "2020"
        ],
        "labels": [
            "O",
            "O",
            "O",
            "O",
            "O",
            "O",
            "O",
            "O",
            "O",
            "O",
            "O",
            "O",
            "O",
            "O",
            "O",
            "O",
            "O",
            "O",
            "O",
            "O",
            "O",
            "O",
            "O",
            "O",
            "O",
            "O",
            "O",
            "O",
            "O",
            "O",
            "O",
            "O",
            "O",
            "O"
        ]
    },
    {
        "words": [
            "What",
            "do",
            "I",
            "need",
            "to",
            "know",
            "now",
            "!",
            "The",
            "classes",
            "will",
            "be",
            "recorded",
            "!",
            "\u25cf",
            "You",
            "will",
            "be",
            "able",
            "to",
            "access",
            "the",
            "videos",
            "online",
            "o",
            "They",
            "are",
            "for",
            "your",
            "personal",
            "use",
            "only",
            "!",
            "o",
            "Do",
            "not",
            "distribute",
            "them",
            "!",
            "\u25cf",
            "You",
            "don",
            "\u2019",
            "t",
            "need",
            "to",
            "turn",
            "on",
            "your",
            "camera",
            "o",
            "If",
            "you",
            "do",
            ",",
            "you",
            "may",
            "be",
            "recorded",
            "\u25cf",
            "You",
            "can",
            "ask",
            "questions",
            "via",
            "text",
            "!",
            "o",
            "Chat",
            "is",
            "great",
            "for",
            "that",
            ".",
            "If",
            "I",
            "don",
            "\u2019",
            "t",
            "stop",
            "and",
            "read",
            "your",
            "questions",
            ",",
            "ask",
            "them",
            "again",
            "o",
            "But",
            "feel",
            "free",
            "to",
            "interrupt",
            "me",
            "at",
            "any",
            "point",
            ".",
            "2"
        ],
        "labels": [
            "O",
            "O",
            "O",
            "O",
            "O",
            "O",
            "O",
            "O",
            "O",
            "O",
            "O",
            "O",
            "O",
            "O",
            "O",
            "O",
            "O",
            "O",
            "O",
            "O",
            "O",
            "O",
            "O",
            "O",
            "O",
            "O",
            "O",
            "O",
            "O",
            "O",
            "O",
            "O",
            "O",
            "O",
            "O",
            "O",
            "O",
            "O",
            "O",
            "O",
            "O",
            "O",
            "O",
            "O",
            "O",
            "O",
            "O",
            "O",
            "O",
            "O",
            "O",
            "O",
            "O",
            "O",
            "O",
            "O",
            "O",
            "O",
            "O",
            "O",
            "O",
            "O",
            "O",
            "O",
            "O",
            "O",
            "O",
            "O",
            "O",
            "O",
            "O",
            "O",
            "O",
            "O",
            "O",
            "O",
            "O",
            "O",
            "O",
            "O",
            "O",
            "O",
            "O",
            "O",
            "O",
            "O",
            "O",
            "O",
            "O",
            "O",
            "O",
            "O",
            "O",
            "O",
            "O",
            "O",
            "O",
            "O",
            "O",
            "O"
        ]
    },
    {
        "words": [
            "Class",
            "announcements",
            "\u25cf",
            "Don",
            "\u2019",
            "t",
            "forget",
            "!",
            "o",
            "Use",
            "the",
            "MARS",
            "I",
            "have",
            "on",
            "the",
            "course",
            "website",
            ":",
            "\u25cf",
            "It",
            "has",
            "been",
            "modified",
            "!",
            "!",
            "3"
        ],
        "labels": [
            "O",
            "O",
            "O",
            "O",
            "O",
            "O",
            "O",
            "O",
            "O",
            "O",
            "O",
            "O",
            "O",
            "O",
            "O",
            "O",
            "O",
            "O",
            "O",
            "O",
            "O",
            "O",
            "O",
            "O",
            "O",
            "O",
            "O"
        ]
    },
    {
        "words": [
            "Programs",
            "and",
            "Instructions",
            "4"
        ],
        "labels": [
            "O",
            "O",
            "O",
            "O"
        ]
    },
    {
        "words": [
            "What",
            "are",
            "they",
            "?",
            "\u25cf",
            "An",
            "instruction",
            "is",
            "a",
            "single",
            ",",
            "simple",
            "operation",
            "for",
            "the",
            "computer",
            "to",
            "carry",
            "out",
            ",",
            "such",
            "as",
            ":",
            "o",
            "``",
            "add",
            "two",
            "numbers",
            "together",
            "''",
            "o",
            "\u201c",
            "copy",
            "a",
            "number",
            "from",
            "one",
            "location",
            "to",
            "another",
            "''",
            "o",
            "``",
            "go",
            "to",
            "a",
            "different",
            "place",
            "in",
            "the",
            "program",
            "''",
            "o",
            "``",
            "search",
            "a",
            "string",
            "for",
            "a",
            "character",
            "\u201c",
            "\u25cf",
            "A",
            "program",
            "is",
            "a",
            "series",
            "of",
            "these",
            "tiny",
            "instructions",
            "o",
            "How",
            "do",
            "we",
            "create",
            "these",
            "instructions",
            "?",
            "o",
            "And",
            "how",
            "does",
            "the",
            "computer",
            "``",
            "understand",
            "''",
            "them",
            "?",
            "\u25aa",
            "does",
            "the",
            "computer",
            "understand",
            "anything",
            "?",
            "5"
        ],
        "labels": [
            "O",
            "O",
            "O",
            "O",
            "O",
            "O",
            "O",
            "O",
            "O",
            "O",
            "O",
            "O",
            "O",
            "O",
            "O",
            "O",
            "O",
            "O",
            "O",
            "O",
            "O",
            "O",
            "O",
            "O",
            "O",
            "O",
            "O",
            "O",
            "O",
            "O",
            "O",
            "O",
            "O",
            "O",
            "O",
            "O",
            "O",
            "O",
            "O",
            "O",
            "O",
            "O",
            "O",
            "O",
            "O",
            "O",
            "O",
            "O",
            "O",
            "O",
            "O",
            "O",
            "O",
            "O",
            "O",
            "O",
            "O",
            "O",
            "O",
            "O",
            "O",
            "O",
            "O",
            "O",
            "O",
            "O",
            "O",
            "O",
            "O",
            "O",
            "O",
            "O",
            "O",
            "O",
            "O",
            "O",
            "O",
            "O",
            "O",
            "O",
            "O",
            "O",
            "O",
            "O",
            "O",
            "O",
            "O",
            "O",
            "O",
            "O",
            "O",
            "O",
            "O",
            "O",
            "O",
            "O",
            "O",
            "O"
        ]
    },
    {
        "words": [
            "Machine",
            "language",
            "and",
            "Assembly",
            "language",
            "\u25cf",
            "Machine",
            "language",
            "instructions",
            "are",
            "the",
            "patterns",
            "of",
            "bits",
            "that",
            "a",
            "processor",
            "reads",
            "to",
            "know",
            "what",
            "to",
            "do",
            "\u25cf",
            "Assembly",
            "language",
            "(",
            "or",
            "``",
            "asm",
            "''",
            ")",
            "is",
            "a",
            "human-readable",
            ",",
            "textual",
            "representation",
            "of",
            "machine",
            "language",
            "MIPS",
            "asm",
            "MIPS",
            "machine",
            "language",
            "100011",
            "01001",
            "01000",
            "0000010010110000",
            "lw",
            "t0",
            ",",
            "1200",
            "(",
            "t1",
            ")",
            "lw",
            "t1",
            "t0",
            "1200",
            "000000",
            "10010",
            "01000",
            "01010",
            "00000",
            "100000",
            "add",
            "t2",
            ",",
            "s2",
            ",",
            "t0",
            "<",
            "math",
            ">",
            "s2",
            "t0",
            "t2",
            "n/a",
            "add",
            "101011",
            "01001",
            "01010",
            "0000010010110000",
            "sw",
            "t2",
            ",",
            "1200",
            "(",
            "t1",
            ")",
            "sw",
            "t1",
            "t2",
            "1200",
            "6"
        ],
        "labels": [
            "O",
            "O",
            "O",
            "O",
            "O",
            "O",
            "O",
            "O",
            "O",
            "O",
            "O",
            "O",
            "O",
            "O",
            "O",
            "O",
            "O",
            "O",
            "O",
            "O",
            "O",
            "O",
            "O",
            "O",
            "O",
            "O",
            "O",
            "O",
            "O",
            "O",
            "O",
            "O",
            "O",
            "O",
            "O",
            "O",
            "O",
            "O",
            "O",
            "O",
            "O",
            "O",
            "O",
            "O",
            "O",
            "O",
            "O",
            "O",
            "O",
            "O",
            "O",
            "O",
            "O",
            "O",
            "O",
            "O",
            "O",
            "O",
            "O",
            "O",
            "O",
            "O",
            "O",
            "O",
            "O",
            "O",
            "O",
            "O",
            "O",
            "O",
            "O",
            "O",
            "O",
            "O",
            "O",
            "O",
            "O",
            "O",
            "O",
            "O",
            "O",
            "O",
            "O",
            "O",
            "O",
            "O",
            "O",
            "O",
            "O",
            "O",
            "O",
            "O",
            "O",
            "O",
            "O",
            "O",
            "O"
        ]
    },
    {
        "words": [
            "What",
            "can",
            "a",
            "CPU",
            "do",
            "?",
            "Load/Store",
            "things",
            "Go",
            "execute",
            "Maths",
            "from/to",
            "memory",
            "somewhere",
            "else",
            "Example",
            ":",
            "Count",
            "up",
            "to",
            "10",
            "1",
            ".",
            "Load",
            "variable",
            "from",
            "memory",
            "(",
            "memory",
            ")",
            "2",
            ".",
            "If",
            "value",
            "equals",
            "10",
            "stop",
            "(",
            "cond",
            ".",
            "Go",
            "execute",
            ")",
            "3",
            ".",
            "Add",
            "1",
            "to",
            "variable",
            "value",
            "(",
            "maths",
            ")",
            "4",
            ".",
            "Place",
            "new",
            "value",
            "in",
            "the",
            "variable",
            "(",
            "memory",
            ")",
            "5",
            ".",
            "Go",
            "back",
            "to",
            "the",
            "top",
            "(",
            "incond",
            ".",
            "Go",
            "execute",
            ")",
            "6.",
            "stop",
            "7"
        ],
        "labels": [
            "O",
            "O",
            "O",
            "O",
            "O",
            "O",
            "O",
            "O",
            "O",
            "O",
            "O",
            "O",
            "O",
            "O",
            "O",
            "O",
            "O",
            "O",
            "O",
            "O",
            "O",
            "O",
            "O",
            "O",
            "O",
            "O",
            "O",
            "O",
            "O",
            "O",
            "O",
            "O",
            "O",
            "O",
            "O",
            "O",
            "O",
            "O",
            "O",
            "O",
            "O",
            "O",
            "O",
            "O",
            "O",
            "O",
            "O",
            "O",
            "O",
            "O",
            "O",
            "O",
            "O",
            "O",
            "O",
            "O",
            "O",
            "O",
            "O",
            "O",
            "O",
            "O",
            "O",
            "O",
            "O",
            "O",
            "O",
            "O",
            "O",
            "O",
            "O",
            "O",
            "O",
            "O",
            "O",
            "O",
            "O",
            "O",
            "O",
            "O"
        ]
    },
    {
        "words": [
            "IS",
            "THAT",
            "ENOUGH",
            "?",
            "8"
        ],
        "labels": [
            "O",
            "O",
            "O",
            "O",
            "O"
        ]
    },
    {
        "words": [
            "CPUs",
            "are",
            "WAY",
            "Remember",
            "the",
            "Turing",
            "machine",
            "?",
            "more",
            "complex",
            "\u25cf",
            "Has",
            "infinite",
            "memory",
            "represented",
            "by",
            "a",
            "single",
            "tape",
            ".",
            "o",
            "A",
            "head",
            "moves",
            "along",
            "the",
            "tape",
            "and",
            "can",
            "read",
            "and",
            "write",
            "values",
            ".",
            "\u25aa",
            "The",
            "movement",
            "(",
            "left",
            "or",
            "right",
            ")",
            "is",
            "based",
            "upon",
            "the",
            "value",
            "read",
            "and",
            "the",
            "state",
            "of",
            "the",
            "machine",
            ".",
            "\u25cf",
            "The",
            "machine",
            ":",
            "1",
            ".",
            "Reads/writes",
            "the",
            "memory",
            "(",
            "tape",
            ")",
            "2",
            ".",
            "Compares",
            "that",
            "data",
            "and",
            "decides",
            "where",
            "to",
            "move",
            "(",
            "execute",
            ")",
            "next",
            "\u25cf",
            "Everything",
            "that",
            "can",
            "be",
            "computed",
            ",",
            "is",
            "computed",
            "by",
            "a",
            "Turing",
            "machine",
            "Rulebook",
            "1",
            "Rulebook",
            "20",
            "Read",
            "Write",
            "Move",
            "Next",
            "Read",
            "Write",
            "Move",
            "Next",
            "\u2794",
            "0",
            "1",
            "\uf0df",
            "20",
            "0",
            "0",
            "\u2192",
            "15",
            "1",
            "0",
            "\u2192",
            "12",
            "1",
            "1",
            "\u2192",
            "15",
            "9"
        ],
        "labels": [
            "O",
            "O",
            "O",
            "O",
            "O",
            "O",
            "O",
            "O",
            "O",
            "O",
            "O",
            "O",
            "O",
            "O",
            "O",
            "O",
            "O",
            "O",
            "O",
            "O",
            "O",
            "O",
            "O",
            "O",
            "O",
            "O",
            "O",
            "O",
            "O",
            "O",
            "O",
            "O",
            "O",
            "O",
            "O",
            "O",
            "O",
            "O",
            "O",
            "O",
            "O",
            "O",
            "O",
            "O",
            "O",
            "O",
            "O",
            "O",
            "O",
            "O",
            "O",
            "O",
            "O",
            "O",
            "O",
            "O",
            "O",
            "O",
            "O",
            "O",
            "O",
            "O",
            "O",
            "O",
            "O",
            "O",
            "O",
            "O",
            "O",
            "O",
            "O",
            "O",
            "O",
            "O",
            "O",
            "O",
            "O",
            "O",
            "O",
            "O",
            "O",
            "O",
            "O",
            "O",
            "O",
            "O",
            "O",
            "O",
            "O",
            "O",
            "O",
            "O",
            "O",
            "O",
            "O",
            "O",
            "O",
            "O",
            "O",
            "O",
            "O",
            "O",
            "O",
            "O",
            "O",
            "O",
            "O",
            "O",
            "O",
            "O",
            "O",
            "O",
            "O",
            "O",
            "O",
            "O",
            "O",
            "O",
            "O",
            "O",
            "O",
            "O",
            "O",
            "O"
        ]
    },
    {
        "words": [
            "How",
            "a",
            "CPU",
            "runs",
            "a",
            "program",
            "1.",
            "read",
            "an",
            "instruction",
            "2.",
            "do",
            "what",
            "it",
            "says",
            "3.",
            "go",
            "to",
            "step",
            "1",
            "o",
            "...",
            "okay",
            "there",
            "'s",
            "a",
            "little",
            "more",
            "to",
            "it",
            "than",
            "that",
            "10"
        ],
        "labels": [
            "O",
            "O",
            "O",
            "O",
            "O",
            "O",
            "O",
            "O",
            "O",
            "O",
            "O",
            "O",
            "O",
            "O",
            "O",
            "O",
            "O",
            "O",
            "O",
            "O",
            "O",
            "O",
            "O",
            "O",
            "O",
            "O",
            "O",
            "O",
            "O",
            "O",
            "O",
            "O",
            "O"
        ]
    },
    {
        "words": [
            "How",
            "a",
            "CPU",
            "runs",
            "a",
            "program",
            "Program",
            "Program",
            "3",
            "5",
            "8",
            "A",
            "B",
            "Persistent",
            "instruction",
            "C",
            "Storage",
            "Registers",
            "Control",
            "Memory",
            "+",
            "``",
            "C",
            "=",
            "A",
            "+",
            "B",
            "''",
            "Datapath",
            "\u2026and",
            "repeat",
            "!",
            "Processor",
            "11"
        ],
        "labels": [
            "O",
            "O",
            "O",
            "O",
            "O",
            "O",
            "O",
            "O",
            "O",
            "O",
            "O",
            "O",
            "O",
            "O",
            "O",
            "O",
            "O",
            "O",
            "O",
            "O",
            "O",
            "O",
            "O",
            "O",
            "O",
            "O",
            "O",
            "O",
            "O",
            "O",
            "O",
            "O",
            "O",
            "O"
        ]
    },
    {
        "words": [
            "ISAs",
            "12"
        ],
        "labels": [
            "O",
            "O"
        ]
    },
    {
        "words": [
            "Instruction",
            "Set",
            "Architecture",
            "(",
            "ISA",
            ")",
            "\u25cf",
            "An",
            "ISA",
            "is",
            "the",
            "interface",
            "that",
            "a",
            "CPU",
            "presents",
            "to",
            "the",
            "programmer",
            "o",
            "When",
            "we",
            "say",
            "\u201c",
            "architecture",
            "\u201d",
            ",",
            "this",
            "is",
            "what",
            "we",
            "mean",
            "\u25cf",
            "ISAs",
            "define",
            ":",
            "o",
            "WHAT",
            "the",
            "CPU",
            "can",
            "do",
            "(",
            "add",
            ",",
            "subtract",
            ",",
            "call",
            "functions",
            ",",
            "etc",
            ".",
            ")",
            "o",
            "WHAT",
            "registers",
            "it",
            "has",
            "(",
            "we",
            "'ll",
            "get",
            "to",
            "those",
            ")",
            "o",
            "WHAT",
            "the",
            "machine",
            "language",
            "is",
            "\u25aa",
            "Machine",
            "language",
            ":",
            "the",
            "bit",
            "patterns",
            "used",
            "to",
            "encode",
            "instructions",
            "\u25cf",
            "ISAs",
            "do",
            "not",
            "define",
            ":",
            "o",
            "HOW",
            "the",
            "CPU",
            "does",
            "it",
            "WHY",
            "?",
            "O.o",
            "o",
            "HOW",
            "to",
            "design",
            "the",
            "hardware",
            "!",
            "\u25aa",
            "\u2026if",
            "there",
            "'s",
            "any",
            "hardware",
            "at",
            "all",
            "\u2013",
            "Java",
            "13"
        ],
        "labels": [
            "O",
            "O",
            "O",
            "O",
            "O",
            "O",
            "O",
            "O",
            "O",
            "O",
            "O",
            "O",
            "O",
            "O",
            "O",
            "O",
            "O",
            "O",
            "O",
            "O",
            "O",
            "O",
            "O",
            "O",
            "O",
            "O",
            "O",
            "O",
            "O",
            "O",
            "O",
            "O",
            "O",
            "O",
            "O",
            "O",
            "O",
            "O",
            "O",
            "O",
            "O",
            "O",
            "O",
            "O",
            "O",
            "O",
            "O",
            "O",
            "O",
            "O",
            "O",
            "O",
            "O",
            "O",
            "O",
            "O",
            "O",
            "O",
            "O",
            "O",
            "O",
            "O",
            "O",
            "O",
            "O",
            "O",
            "O",
            "O",
            "O",
            "O",
            "O",
            "O",
            "O",
            "O",
            "O",
            "O",
            "O",
            "O",
            "O",
            "O",
            "O",
            "O",
            "O",
            "O",
            "O",
            "O",
            "O",
            "O",
            "O",
            "O",
            "O",
            "O",
            "O",
            "O",
            "O",
            "O",
            "O",
            "O",
            "O",
            "O",
            "O",
            "O",
            "O",
            "O",
            "O",
            "O",
            "O",
            "O",
            "O",
            "O",
            "O",
            "O",
            "O",
            "O",
            "O"
        ]
    },
    {
        "words": [
            "ISAs",
            "example",
            ":",
            "x86",
            "\u25cf",
            "Descended",
            "from",
            "16-bit",
            "8086",
            "CPU",
            "from",
            "1978",
            "o",
            "Implemented",
            "in",
            "a",
            "rush",
            "by",
            "intel",
            "\u25cf",
            "Extended",
            "to",
            "32",
            "bits",
            ",",
            "then",
            "64",
            "\u25cf",
            "Each",
            "version",
            "can",
            "run",
            "all",
            "programs",
            "from",
            "the",
            "previous",
            "version",
            "o",
            "you",
            "can",
            "run",
            "programs",
            "written",
            "in",
            "1978",
            "on",
            "a",
            "brand",
            "new",
            "CPU",
            "!",
            "\u25cf",
            "So",
            "why",
            "do",
            "n't",
            "we",
            "learn",
            "x86",
            "in",
            "this",
            "course",
            "?",
            "o",
            "It",
            "can",
            "do",
            "a",
            "lot",
            "of",
            "things",
            "o",
            "Its",
            "machine",
            "language",
            "is",
            "very",
            "complex",
            "o",
            "Making",
            "an",
            "x86",
            "CPU",
            "is\u2026",
            "difficult",
            "o",
            "Ultimately",
            ",",
            "we",
            "would",
            "waste",
            "a",
            "ton",
            "of",
            "time",
            "14"
        ],
        "labels": [
            "O",
            "O",
            "O",
            "O",
            "O",
            "O",
            "O",
            "O",
            "O",
            "O",
            "O",
            "O",
            "O",
            "O",
            "O",
            "O",
            "O",
            "O",
            "O",
            "O",
            "O",
            "O",
            "O",
            "O",
            "O",
            "O",
            "O",
            "O",
            "O",
            "O",
            "O",
            "O",
            "O",
            "O",
            "O",
            "O",
            "O",
            "O",
            "O",
            "O",
            "O",
            "O",
            "O",
            "O",
            "O",
            "O",
            "O",
            "O",
            "O",
            "O",
            "O",
            "O",
            "O",
            "O",
            "O",
            "O",
            "O",
            "O",
            "O",
            "O",
            "O",
            "O",
            "O",
            "O",
            "O",
            "O",
            "O",
            "O",
            "O",
            "O",
            "O",
            "O",
            "O",
            "O",
            "O",
            "O",
            "O",
            "O",
            "O",
            "O",
            "O",
            "O",
            "O",
            "O",
            "O",
            "O",
            "O",
            "O",
            "O",
            "O",
            "O",
            "O",
            "O",
            "O",
            "O",
            "O",
            "O"
        ]
    },
    {
        "words": [
            "All",
            "three",
            "processors",
            "run",
            "the",
            "exact",
            "same",
            "programs\u2026",
            "\u25cf",
            "but",
            "they",
            "'re",
            "TOTALLY",
            "different",
            "on",
            "the",
            "inside",
            "I",
            "\u2019",
            "m",
            "an",
            "VIA",
            "Nano",
            "I",
            "\u2019",
            "m",
            "an",
            "x86",
            "x86",
            "CPU",
            "!",
            "CPU",
            "!",
            "AMD",
            "Zen",
            "Intel",
            "Core",
            "i7",
            "I",
            "\u2019",
            "m",
            "an",
            "x86",
            "CPU",
            "!",
            "15"
        ],
        "labels": [
            "O",
            "O",
            "O",
            "O",
            "O",
            "O",
            "O",
            "O",
            "O",
            "O",
            "O",
            "O",
            "O",
            "O",
            "O",
            "O",
            "O",
            "O",
            "O",
            "O",
            "O",
            "O",
            "O",
            "O",
            "O",
            "O",
            "O",
            "O",
            "O",
            "O",
            "O",
            "O",
            "O",
            "O",
            "O",
            "O",
            "O",
            "O",
            "O",
            "O",
            "O",
            "O",
            "O",
            "O",
            "O",
            "O"
        ]
    },
    {
        "words": [
            "Kinds",
            "of",
            "ISAs",
            ":",
            "CISC",
            "\u25cf",
            "CISC",
            ":",
            "``",
            "Complex",
            "Instruction",
            "Set",
            "Computer",
            "''",
            "\u25cf",
            "ISA",
            "designed",
            "for",
            "humans",
            "to",
            "write",
            "asm",
            "o",
            "from",
            "the",
            "days",
            "before",
            "compilers",
            "!",
            "\u25cf",
            "lots",
            "of",
            "instructions",
            "and",
            "ways",
            "to",
            "use",
            "them",
            "\u25cf",
            "complex",
            "(",
            "multi-step",
            ")",
            "instructions",
            "to",
            "shorten",
            "and",
            "simplify",
            "programs",
            "o",
            "``",
            "search",
            "a",
            "string",
            "for",
            "a",
            "character",
            "''",
            "o",
            "``",
            "copy",
            "memory",
            "blocks",
            "''",
            "o",
            "``",
            "check",
            "the",
            "bounds",
            "of",
            "an",
            "array",
            "access",
            "''",
            "\u25cf",
            "x86",
            "is",
            "very",
            "CISCy",
            "prguitarman.com",
            "16"
        ],
        "labels": [
            "O",
            "O",
            "O",
            "O",
            "O",
            "O",
            "O",
            "O",
            "O",
            "O",
            "O",
            "O",
            "O",
            "O",
            "O",
            "O",
            "O",
            "O",
            "O",
            "O",
            "O",
            "O",
            "O",
            "O",
            "O",
            "O",
            "O",
            "O",
            "O",
            "O",
            "O",
            "O",
            "O",
            "O",
            "O",
            "O",
            "O",
            "O",
            "O",
            "O",
            "O",
            "O",
            "O",
            "O",
            "O",
            "O",
            "O",
            "O",
            "O",
            "O",
            "O",
            "O",
            "O",
            "O",
            "O",
            "O",
            "O",
            "O",
            "O",
            "O",
            "O",
            "O",
            "O",
            "O",
            "O",
            "O",
            "O",
            "O",
            "O",
            "O",
            "O",
            "O",
            "O",
            "O",
            "O",
            "O",
            "O",
            "O",
            "O",
            "O",
            "O"
        ]
    },
    {
        "words": [
            "Kinds",
            "of",
            "ISAs",
            ":",
            "RISC",
            "\u25cf",
            "RISC",
            ":",
            "``",
            "Reduced",
            "Instruction",
            "Set",
            "Computer",
            "''",
            "\u25cf",
            "ISA",
            "designed",
            "to",
            "make",
            "it",
            "easy",
            "to",
            ":",
            "o",
            "build",
            "the",
            "CPU",
            "hardware",
            "o",
            "make",
            "that",
            "hardware",
            "run",
            "fast",
            "o",
            "write",
            "compilers",
            "that",
            "make",
            "machine",
            "code",
            "\u25cf",
            "a",
            "small",
            "number",
            "of",
            "instructions",
            "\u25cf",
            "instructions",
            "are",
            "very",
            "simple",
            "\u25cf",
            "MIPS",
            "is",
            "very",
            "RISCy",
            "\u25cf",
            "MIPS",
            "and",
            "RISC",
            "were",
            "the",
            "original",
            "RISC",
            "architectures",
            "developed",
            "at",
            "two",
            "universities",
            "in",
            "California",
            "o",
            "the",
            "research",
            "leads",
            "were\u2026",
            "Patterson",
            "and",
            "Hennessy\u2026",
            "17"
        ],
        "labels": [
            "O",
            "O",
            "O",
            "O",
            "O",
            "O",
            "O",
            "O",
            "O",
            "O",
            "O",
            "O",
            "O",
            "O",
            "O",
            "O",
            "O",
            "O",
            "O",
            "O",
            "O",
            "O",
            "O",
            "O",
            "O",
            "O",
            "O",
            "O",
            "O",
            "O",
            "O",
            "O",
            "O",
            "O",
            "O",
            "O",
            "O",
            "O",
            "O",
            "O",
            "O",
            "O",
            "O",
            "O",
            "O",
            "O",
            "O",
            "O",
            "O",
            "O",
            "O",
            "O",
            "O",
            "O",
            "O",
            "O",
            "O",
            "O",
            "O",
            "O",
            "O",
            "O",
            "O",
            "O",
            "O",
            "O",
            "O",
            "O",
            "O",
            "O",
            "O",
            "O",
            "O",
            "O",
            "O",
            "O",
            "O",
            "O",
            "O",
            "O",
            "O"
        ]
    },
    {
        "words": [
            "Popular",
            "ISAs",
            "today",
            "\u25cf",
            "x86",
            "(",
            "these",
            "days",
            ",",
            "it",
            "\u2019",
            "s",
            "x86-64",
            "or",
            "\u201c",
            "amd64",
            "\u201d",
            ")",
            "o",
            "most",
            "laptops/desktops/servers",
            "have",
            "one",
            "o",
            "(",
            "modern",
            "x86",
            "CPUs",
            "are",
            "just",
            "RISC",
            "CPUs",
            "that",
            "can",
            "read",
            "the",
            "weird",
            "x86",
            "instructions",
            ")",
            "\u25aa",
            "(",
            "unless",
            "you",
            "ask",
            "Intel",
            ",",
            "they",
            "will",
            "say",
            "otherwise",
            "\u263a",
            ")",
            "\u25cf",
            "ARM",
            "o",
            "almost",
            "everything",
            "else",
            "has",
            "one",
            "o",
            "ARMv8",
            "(",
            "AArch64",
            ")",
            "is",
            "pretty",
            "similar",
            "to",
            "MIPS",
            "!",
            "\u25aa",
            "More",
            "than",
            "to",
            "ARMv7",
            ":",
            "\u201c",
            "the",
            "main",
            "similarity",
            "between",
            "ARMv7",
            "and",
            "ARMv8",
            "is",
            "the",
            "name",
            "\u201d",
            "\u2013",
            "Comp",
            ".",
            "Org",
            ".",
            "&",
            "Design",
            "page",
            "159",
            "\u25cf",
            "Everything",
            "else",
            ":",
            "Alpha",
            ",",
            "Sparc",
            ",",
            "POWER/PPC",
            ",",
            "z",
            ",",
            "z80",
            ",",
            "29K",
            ",",
            "68K",
            ",",
            "8051",
            ",",
            "PIC",
            ",",
            "AVR",
            ",",
            "Xtensa",
            ",",
            "SH2/3/4",
            ",",
            "68C05",
            ",",
            "6502",
            ",",
            "SHARC",
            ",",
            "MIPS",
            "...",
            "o",
            "microcontrollers",
            ",",
            "mainframes",
            ",",
            "some",
            "video",
            "game",
            "consoles",
            ",",
            "and",
            "historical/legacy",
            "applications",
            "\u25cf",
            "despite",
            "its",
            "limited",
            "use",
            "today",
            ",",
            "MIPS",
            "has",
            "been",
            "incredibly",
            "influential",
            "!",
            "18"
        ],
        "labels": [
            "O",
            "O",
            "O",
            "O",
            "O",
            "O",
            "O",
            "O",
            "O",
            "O",
            "O",
            "O",
            "O",
            "O",
            "O",
            "O",
            "O",
            "O",
            "O",
            "O",
            "O",
            "O",
            "O",
            "O",
            "O",
            "O",
            "O",
            "O",
            "O",
            "O",
            "O",
            "O",
            "O",
            "O",
            "O",
            "O",
            "O",
            "O",
            "O",
            "O",
            "O",
            "O",
            "O",
            "O",
            "O",
            "O",
            "O",
            "O",
            "O",
            "O",
            "O",
            "O",
            "O",
            "O",
            "O",
            "O",
            "O",
            "O",
            "O",
            "O",
            "O",
            "O",
            "O",
            "O",
            "O",
            "O",
            "O",
            "O",
            "O",
            "O",
            "O",
            "O",
            "O",
            "O",
            "O",
            "O",
            "O",
            "O",
            "O",
            "O",
            "O",
            "O",
            "O",
            "O",
            "O",
            "O",
            "O",
            "O",
            "O",
            "O",
            "O",
            "O",
            "O",
            "O",
            "O",
            "O",
            "O",
            "O",
            "O",
            "O",
            "O",
            "O",
            "O",
            "O",
            "O",
            "O",
            "O",
            "O",
            "O",
            "O",
            "O",
            "O",
            "O",
            "O",
            "O",
            "O",
            "O",
            "O",
            "O",
            "O",
            "O",
            "O",
            "O",
            "O",
            "O",
            "O",
            "O",
            "O",
            "O",
            "O",
            "O",
            "O",
            "O",
            "O",
            "O",
            "O",
            "O",
            "O",
            "O",
            "O",
            "O",
            "O",
            "O",
            "O",
            "O",
            "O",
            "O",
            "O",
            "O",
            "O",
            "O",
            "O",
            "O",
            "O",
            "O",
            "O",
            "O",
            "O",
            "O",
            "O",
            "O",
            "O"
        ]
    },
    {
        "words": [
            "The",
            "MIPS",
            "ISA",
            ":",
            "Registers",
            "19"
        ],
        "labels": [
            "O",
            "O",
            "O",
            "O",
            "O",
            "O"
        ]
    },
    {
        "words": [
            "The",
            "registers",
            "General",
            "Purpose",
            "#",
            "Name",
            "\u25cf",
            "Registers",
            "are",
            "a",
            "small",
            "and",
            "fast",
            "temporary",
            "memory",
            "Erm\u2026",
            "0",
            "zero",
            "inside",
            "the",
            "CPU",
            "Avoid",
            "Totally",
            "1",
            "at",
            "\u25cf",
            "The",
            "CPU",
            "can",
            "only",
            "operate",
            "(",
            "add",
            ",",
            "etc",
            ".",
            ")",
            "on",
            "data",
            "in",
            "registers",
            "Used",
            "for",
            "2",
            ",",
            "3",
            "v0",
            ",",
            "v1",
            "\u25cf",
            "MIPS",
            "has",
            "32",
            "registers",
            ",",
            "and",
            "each",
            "is",
            "32",
            "bits",
            "(",
            "one",
            "word",
            ")",
            "functions",
            "4",
            "..",
            "7",
            "a0",
            "..",
            "a3",
            "\u25cf",
            "The",
            "registers",
            "are",
            "numbered",
            "0",
            "to",
            "31\u2026",
            "8",
            "..",
            "15",
            "t0",
            "..",
            "t7",
            "o",
            "\u2026but",
            "they",
            "also",
            "have",
            "nice",
            "names",
            "Used",
            "for",
            "almost",
            "16",
            "..",
            "23",
            "s0",
            "..",
            "s7",
            "\u25aa",
            "The",
            "MARS",
            "version",
            "on",
            "the",
            "course",
            "website",
            "is",
            "modified",
            "everything",
            "else",
            "\u2013",
            "so",
            "you",
            "do",
            "n't",
            "have",
            "to",
            "use",
            "them",
            "$",
            "signs",
            "in",
            "the",
            "registers",
            "24",
            ",",
            "25",
            "t8",
            ",",
            "t9",
            "\u2013",
            "$",
            "s0",
            ",",
            "$",
            "t1",
            "vs.",
            "s0",
            ",",
            "t1",
            "Don",
            "\u2019",
            "t",
            "need",
            "26",
            ",",
            "27",
            "k0",
            ",",
            "k1",
            "Special",
            "these",
            "purpose",
            "28",
            "gp",
            "Used",
            "for",
            "multiplication",
            "(",
            "more",
            "on",
            "that",
            "later",
            ")",
            "HI",
            "For",
            "later",
            ";",
            ")",
            "29",
            "sp",
            "LO",
            "Don",
            "\u2019",
            "t",
            "matter",
            "30",
            "fp",
            "Keeps",
            "track",
            "of",
            "the",
            "next",
            "instruction",
            "to",
            "be",
            "executed",
            "PC",
            "Also",
            "for",
            "later",
            ";",
            ")",
            "31",
            "ra",
            "20"
        ],
        "labels": [
            "O",
            "O",
            "O",
            "O",
            "O",
            "O",
            "O",
            "O",
            "O",
            "O",
            "O",
            "O",
            "O",
            "O",
            "O",
            "O",
            "O",
            "O",
            "O",
            "O",
            "O",
            "O",
            "O",
            "O",
            "O",
            "O",
            "O",
            "O",
            "O",
            "O",
            "O",
            "O",
            "O",
            "O",
            "O",
            "O",
            "O",
            "O",
            "O",
            "O",
            "O",
            "O",
            "O",
            "O",
            "O",
            "O",
            "O",
            "O",
            "O",
            "O",
            "O",
            "O",
            "O",
            "O",
            "O",
            "O",
            "O",
            "O",
            "O",
            "O",
            "O",
            "O",
            "O",
            "O",
            "O",
            "O",
            "O",
            "O",
            "O",
            "O",
            "O",
            "O",
            "O",
            "O",
            "O",
            "O",
            "O",
            "O",
            "O",
            "O",
            "O",
            "O",
            "O",
            "O",
            "O",
            "O",
            "O",
            "O",
            "O",
            "O",
            "O",
            "O",
            "O",
            "O",
            "O",
            "O",
            "O",
            "O",
            "O",
            "O",
            "O",
            "O",
            "O",
            "O",
            "O",
            "O",
            "O",
            "O",
            "O",
            "O",
            "O",
            "O",
            "O",
            "O",
            "O",
            "O",
            "O",
            "O",
            "O",
            "O",
            "O",
            "O",
            "O",
            "O",
            "O",
            "O",
            "O",
            "O",
            "O",
            "O",
            "O",
            "O",
            "O",
            "O",
            "O",
            "O",
            "O",
            "O",
            "O",
            "O",
            "O",
            "O",
            "O",
            "O",
            "O",
            "O",
            "O",
            "O",
            "O",
            "O",
            "O",
            "O",
            "O",
            "O",
            "O",
            "O",
            "O",
            "O",
            "O",
            "O",
            "O",
            "O",
            "O",
            "O",
            "O",
            "O",
            "O",
            "O",
            "O",
            "O",
            "O",
            "O",
            "O",
            "O",
            "O",
            "O",
            "O",
            "O",
            "O",
            "O",
            "O",
            "O",
            "O",
            "O",
            "O",
            "O",
            "O",
            "O",
            "O",
            "O",
            "O",
            "O",
            "O",
            "O",
            "O",
            "O",
            "O",
            "O",
            "O"
        ]
    },
    {
        "words": [
            "The",
            "juggler",
            "\u25cf",
            "Registers",
            "are\u2026",
            "like\u2026",
            "..",
            "hands",
            "\u25cf",
            "You",
            "have",
            "a",
            "limited",
            "number",
            "and",
            "they",
            "can",
            "only",
            "hold",
            "small",
            "things",
            "\u25cf",
            "Your",
            "program",
            "'s",
            "variables",
            "primarily",
            "live",
            "in",
            "memory",
            "\u25cf",
            "The",
            "registers",
            "are",
            "just",
            "a",
            "temporary",
            "stopping",
            "point",
            "for",
            "those",
            "values",
            "IMPORTANT",
            "!",
            "less",
            "important",
            "3",
            "5",
            "8",
            "A",
            "B",
            "C",
            "Registers",
            "Memory",
            "21"
        ],
        "labels": [
            "O",
            "O",
            "O",
            "O",
            "O",
            "O",
            "O",
            "O",
            "O",
            "O",
            "O",
            "O",
            "O",
            "O",
            "O",
            "O",
            "O",
            "O",
            "O",
            "O",
            "O",
            "O",
            "O",
            "O",
            "O",
            "O",
            "O",
            "O",
            "O",
            "O",
            "O",
            "O",
            "O",
            "O",
            "O",
            "O",
            "O",
            "O",
            "O",
            "O",
            "O",
            "O",
            "O",
            "O",
            "O",
            "O",
            "O",
            "O",
            "O",
            "O",
            "O",
            "O",
            "O",
            "O",
            "O"
        ]
    },
    {
        "words": [
            "Really",
            ",",
            "you",
            "do",
            "n't",
            "have",
            "that",
            "many",
            "\u25cf",
            "You",
            "can",
            "not",
            "write",
            "every",
            "program",
            "using",
            "only",
            "registers",
            "o",
            "Do",
            "n't",
            "try",
            "to",
            "\u25aa",
            "please",
            ".",
            "\u25cf",
            "Every",
            "piece",
            "of",
            "your",
            "program",
            "has",
            "to",
            "SHARE",
            "the",
            "registers",
            ".",
            "o",
            "Unlike",
            "high-level",
            "languages",
            "o",
            "Where",
            "everyone",
            "gets",
            "their",
            "own",
            "locals",
            "o",
            "Not",
            "in",
            "assembly",
            "!",
            "22"
        ],
        "labels": [
            "O",
            "O",
            "O",
            "O",
            "O",
            "O",
            "O",
            "O",
            "O",
            "O",
            "O",
            "O",
            "O",
            "O",
            "O",
            "O",
            "O",
            "O",
            "O",
            "O",
            "O",
            "O",
            "O",
            "O",
            "O",
            "O",
            "O",
            "O",
            "O",
            "O",
            "O",
            "O",
            "O",
            "O",
            "O",
            "O",
            "O",
            "O",
            "O",
            "O",
            "O",
            "O",
            "O",
            "O",
            "O",
            "O",
            "O",
            "O",
            "O",
            "O",
            "O",
            "O",
            "O",
            "O",
            "O"
        ]
    },
    {
        "words": [
            "The",
            "s",
            "(",
            "saved",
            ")",
            "and",
            "the",
            "t",
            "(",
            "temporary",
            ")",
            "registers",
            "\u25cf",
            "There",
            "are",
            "ten",
            "temporary",
            "registers",
            ",",
            "t0",
            "through",
            "t9",
            "o",
            "These",
            "are",
            "used",
            "for",
            "temporary",
            "values",
            "\u2013",
            "values",
            "that",
            "are",
            "used",
            "briefly",
            "Name",
            "t0",
            "..",
            "t9",
            "\u25cf",
            "There",
            "are",
            "8",
            "saved",
            "registers",
            ",",
            "s0",
            "through",
            "s7",
            "o",
            "These",
            "are",
            "kinda",
            "like\u2026",
            "local",
            "variables",
            "inside",
            "a",
            "function",
            "Name",
            "s0",
            "..",
            "s7",
            "23"
        ],
        "labels": [
            "O",
            "O",
            "O",
            "O",
            "O",
            "O",
            "O",
            "O",
            "O",
            "O",
            "O",
            "O",
            "O",
            "O",
            "O",
            "O",
            "O",
            "O",
            "O",
            "O",
            "O",
            "O",
            "O",
            "O",
            "O",
            "O",
            "O",
            "O",
            "O",
            "O",
            "O",
            "O",
            "O",
            "O",
            "O",
            "O",
            "O",
            "O",
            "O",
            "O",
            "O",
            "O",
            "O",
            "O",
            "O",
            "O",
            "O",
            "O",
            "O",
            "O",
            "O",
            "O",
            "O",
            "O",
            "O",
            "O",
            "O",
            "O",
            "O",
            "O",
            "O",
            "O",
            "O",
            "O"
        ]
    },
    {
        "words": [
            "When",
            "to",
            "use",
            "each",
            "\u25cf",
            "We",
            "'ll",
            "learn",
            "more",
            "about",
            "this",
            "in",
            "the",
            "coming",
            "weeks",
            "\u25cf",
            "Rule",
            "of",
            "thumb",
            ":",
            "o",
            "Use",
            "t",
            "register",
            "o",
            "Unless",
            "you",
            "need",
            "the",
            "value",
            "to",
            "persist",
            "when",
            "calling",
            "functions",
            "\u25aa",
            "ok",
            "that",
            "'s",
            "not",
            "too",
            "clear",
            "yet",
            "\u25cf",
            "90",
            "%",
            "(",
            "made",
            "up",
            "percentage",
            ")",
            "of",
            "your",
            "code",
            "will",
            "use",
            "s",
            "and",
            "t",
            "registers",
            "24"
        ],
        "labels": [
            "O",
            "O",
            "O",
            "O",
            "O",
            "O",
            "O",
            "O",
            "O",
            "O",
            "O",
            "O",
            "O",
            "O",
            "O",
            "O",
            "O",
            "O",
            "O",
            "O",
            "O",
            "O",
            "O",
            "O",
            "O",
            "O",
            "O",
            "O",
            "O",
            "O",
            "O",
            "O",
            "O",
            "O",
            "O",
            "O",
            "O",
            "O",
            "O",
            "O",
            "O",
            "O",
            "O",
            "O",
            "O",
            "O",
            "O",
            "O",
            "O",
            "O",
            "O",
            "O",
            "O",
            "O",
            "O",
            "O",
            "O",
            "O",
            "O",
            "O",
            "O"
        ]
    },
    {
        "words": [
            "The",
            "MIPS",
            "ISA",
            ":",
            "WHAT",
            "can",
            "it",
            "do",
            "?",
            "25"
        ],
        "labels": [
            "O",
            "O",
            "O",
            "O",
            "O",
            "O",
            "O",
            "O",
            "O",
            "O"
        ]
    },
    {
        "words": [
            "We",
            "have",
            "a",
            "semester",
            "to",
            "learn",
            ";",
            ")",
            "For",
            "now",
            ":",
            "li",
            "\u2192",
            "Loads",
            "a",
            "number",
            "(",
            "Immediate",
            ")",
            "add",
            "\u2192",
            "It",
            "adds",
            "2",
            "numbers",
            "sub",
            "\u2192",
            "It",
            "subtracts",
            "2",
            "numbers",
            "mul",
            "\u2192",
            "It",
            "multiplies",
            "2",
            "numbers",
            "div",
            "\u2192",
            "It",
            "multiplies",
            "2",
            "numbers",
            "move",
            "\u2192",
            "It",
            "\u2026",
            "ermmm\u2026",
            "COPIES",
            "a",
            "number",
            "26"
        ],
        "labels": [
            "O",
            "O",
            "O",
            "O",
            "O",
            "O",
            "O",
            "O",
            "O",
            "O",
            "O",
            "O",
            "O",
            "O",
            "O",
            "O",
            "O",
            "O",
            "O",
            "O",
            "O",
            "O",
            "O",
            "O",
            "O",
            "O",
            "O",
            "O",
            "O",
            "O",
            "O",
            "O",
            "O",
            "O",
            "O",
            "O",
            "O",
            "O",
            "O",
            "O",
            "O",
            "O",
            "O",
            "O",
            "O",
            "O",
            "O",
            "O",
            "O",
            "O",
            "O",
            "O"
        ]
    },
    {
        "words": [
            "Example",
            ":",
            "Loading",
            "immediates",
            "and",
            "adding",
            "them",
            "s0",
            "=",
            "3",
            ";",
            "li",
            "s0",
            ",",
            "3",
            "s1",
            "=",
            "5",
            ";",
            "li",
            "s1",
            ",",
            "5",
            "s2",
            "=",
            "s0",
            "+",
            "s1",
            ";",
            "add",
            "s2",
            ",",
            "s0",
            ",",
            "s1",
            "\u25cf",
            "li",
            "stands",
            "for",
            "``",
            "load",
            "immediate",
            ".",
            "''",
            "what",
            "does",
            "it",
            "look",
            "like",
            "it",
            "does",
            "?",
            "o",
            "``",
            "immediate",
            "''",
            "means",
            "``",
            "number",
            "inside",
            "the",
            "instruction",
            "''",
            "\u25cf",
            "add",
            ",",
            "uh",
            ",",
            "makes",
            "coffee",
            ".",
            "\u00ac_\u00ac",
            "\u25cf",
            "Just",
            "like",
            "in",
            "Java",
            ",",
            "C",
            ",",
            "whatever",
            ":",
            "the",
            "destination",
            "is",
            "on",
            "the",
            "left",
            "27"
        ],
        "labels": [
            "O",
            "O",
            "O",
            "O",
            "O",
            "O",
            "O",
            "O",
            "O",
            "O",
            "O",
            "O",
            "O",
            "O",
            "O",
            "O",
            "O",
            "O",
            "O",
            "O",
            "O",
            "O",
            "O",
            "O",
            "O",
            "O",
            "O",
            "O",
            "O",
            "O",
            "O",
            "O",
            "O",
            "O",
            "O",
            "O",
            "O",
            "O",
            "O",
            "O",
            "O",
            "O",
            "O",
            "O",
            "O",
            "O",
            "O",
            "O",
            "O",
            "O",
            "O",
            "O",
            "O",
            "O",
            "O",
            "O",
            "O",
            "O",
            "O",
            "O",
            "O",
            "O",
            "O",
            "O",
            "O",
            "O",
            "O",
            "O",
            "O",
            "O",
            "O",
            "O",
            "O",
            "O",
            "O",
            "O",
            "O",
            "O",
            "O",
            "O",
            "O",
            "O",
            "O",
            "O",
            "O",
            "O",
            "O",
            "O",
            "O"
        ]
    },
    {
        "words": [
            "Example",
            ":",
            "Complex",
            "expression",
            "\u25cf",
            "We",
            "can",
            "re-use",
            "registers",
            "(",
            "t0",
            "in",
            "the",
            "example",
            ")",
            "as",
            "a",
            "temporary",
            "o",
            "For",
            "example",
            ",",
            "say",
            "we",
            "had",
            "a",
            "longer",
            "expression",
            ":",
            "s4",
            "=",
            "(",
            "s0",
            "+",
            "s1",
            "\u2013",
            "s2",
            ")",
            "*",
            "s3",
            "\u25cf",
            "What",
            "does",
            "algebra",
            "say",
            "about",
            "what",
            "order",
            "we",
            "should",
            "do",
            "this",
            "in",
            "?",
            "add",
            "t0",
            ",",
            "s0",
            ",",
            "s1",
            "sub",
            "t0",
            ",",
            "t0",
            ",",
            "s2",
            "mul",
            "s4",
            ",",
            "t0",
            ",",
            "s3",
            "28"
        ],
        "labels": [
            "O",
            "O",
            "O",
            "O",
            "O",
            "O",
            "O",
            "O",
            "O",
            "O",
            "O",
            "O",
            "O",
            "O",
            "O",
            "O",
            "O",
            "O",
            "O",
            "O",
            "O",
            "O",
            "O",
            "O",
            "O",
            "O",
            "O",
            "O",
            "O",
            "O",
            "O",
            "O",
            "O",
            "O",
            "O",
            "O",
            "O",
            "O",
            "O",
            "O",
            "O",
            "O",
            "O",
            "O",
            "O",
            "O",
            "O",
            "O",
            "O",
            "O",
            "O",
            "O",
            "O",
            "O",
            "O",
            "O",
            "O",
            "O",
            "O",
            "O",
            "O",
            "O",
            "O",
            "O",
            "O",
            "O",
            "O",
            "O",
            "O",
            "O",
            "O",
            "O",
            "O"
        ]
    },
    {
        "words": [
            "You",
            "will",
            "be",
            "thinking",
            "like",
            "a",
            "compiler",
            "\u25cf",
            "Writing",
            "ASM",
            "is",
            "a",
            "different",
            "way",
            "of",
            "programming",
            "than",
            "you",
            "'re",
            "used",
            "to",
            "\u25cf",
            "To",
            "make",
            "the",
            "transition",
            "easier",
            ",",
            "try",
            "to",
            "reduce",
            "your",
            "cognitive",
            "load",
            "o",
            "cognitive",
            "load",
            "is",
            "``",
            "the",
            "set",
            "of",
            "ideas",
            "you",
            "have",
            "to",
            "keep",
            "in",
            "your",
            "mind",
            "to",
            "perform",
            "some",
            "task",
            ".",
            "''",
            "o",
            "high-level",
            "languages",
            "(",
            "HLLs",
            ")",
            "reduce",
            "cognitive",
            "load",
            "by",
            "hiding",
            "the",
            "machine",
            "code",
            ",",
            "using",
            "a",
            "compiler",
            "to",
            "write",
            "it",
            "for",
            "you",
            "\u25cf",
            "you",
            "can",
            "do",
            "the",
            "same",
            "thing",
            ":",
            "think",
            "about",
            "how",
            "to",
            "write",
            "a",
            "program",
            "in",
            "e.g",
            ".",
            "C",
            ",",
            "and",
            "then",
            "turn",
            "that",
            "into",
            "asm",
            "add",
            "c",
            ",",
            "a",
            ",",
            "b",
            "c=a+b",
            "add",
            "s2",
            ",",
            "s0",
            ",",
            "s1",
            "29"
        ],
        "labels": [
            "O",
            "O",
            "O",
            "O",
            "O",
            "O",
            "O",
            "O",
            "O",
            "O",
            "O",
            "O",
            "O",
            "O",
            "O",
            "O",
            "O",
            "O",
            "O",
            "O",
            "O",
            "O",
            "O",
            "O",
            "O",
            "O",
            "O",
            "O",
            "O",
            "O",
            "O",
            "O",
            "O",
            "O",
            "O",
            "O",
            "O",
            "O",
            "O",
            "O",
            "O",
            "O",
            "O",
            "O",
            "O",
            "O",
            "O",
            "O",
            "O",
            "O",
            "O",
            "O",
            "O",
            "O",
            "O",
            "O",
            "O",
            "O",
            "O",
            "O",
            "O",
            "O",
            "O",
            "O",
            "O",
            "O",
            "O",
            "O",
            "O",
            "O",
            "O",
            "O",
            "O",
            "O",
            "O",
            "O",
            "O",
            "O",
            "O",
            "O",
            "O",
            "O",
            "O",
            "O",
            "O",
            "O",
            "O",
            "O",
            "O",
            "O",
            "O",
            "O",
            "O",
            "O",
            "O",
            "O",
            "O",
            "O",
            "O",
            "O",
            "O",
            "O",
            "O",
            "O",
            "O",
            "O",
            "O",
            "O",
            "O",
            "O",
            "O",
            "O",
            "O",
            "O",
            "O",
            "O",
            "O",
            "O",
            "O"
        ]
    },
    {
        "words": [
            "The",
            "other",
            "way",
            "around",
            "\u25cf",
            "going",
            "the",
            "other",
            "way",
            "is",
            "also",
            "useful",
            "how",
            "would",
            "we",
            "write",
            "this",
            "in",
            "C/Java",
            "?",
            "mul",
            "t0",
            ",",
            "s2",
            ",",
            "33",
            "t0",
            "=",
            "s2",
            "*",
            "33",
            "div",
            "t1",
            ",",
            "s3",
            ",",
            "s4",
            "t1",
            "=",
            "s3",
            "/",
            "s4",
            "sub",
            "s1",
            ",",
            "t0",
            ",",
            "t1",
            "s1",
            "=",
            "t0",
            "\u2013",
            "t1",
            "or",
            ",",
            "if",
            "we",
            "rolled",
            "it",
            "all",
            "together",
            ",",
            "s1",
            "=",
            "(",
            "s2",
            "*",
            "33",
            ")",
            "\u2013",
            "(",
            "s3",
            "/",
            "s4",
            ")",
            "that",
            "'s",
            "what",
            "this",
            "asm",
            "does",
            "30"
        ],
        "labels": [
            "O",
            "O",
            "O",
            "O",
            "O",
            "O",
            "O",
            "O",
            "O",
            "O",
            "O",
            "O",
            "O",
            "O",
            "O",
            "O",
            "O",
            "O",
            "O",
            "O",
            "O",
            "O",
            "O",
            "O",
            "O",
            "O",
            "O",
            "O",
            "O",
            "O",
            "O",
            "O",
            "O",
            "O",
            "O",
            "O",
            "O",
            "O",
            "O",
            "O",
            "O",
            "O",
            "O",
            "O",
            "O",
            "O",
            "O",
            "O",
            "O",
            "O",
            "O",
            "O",
            "O",
            "O",
            "O",
            "O",
            "O",
            "O",
            "O",
            "O",
            "O",
            "O",
            "O",
            "O",
            "O",
            "O",
            "O",
            "O",
            "O",
            "O",
            "O",
            "O",
            "O",
            "O",
            "O",
            "O",
            "O",
            "O",
            "O",
            "O",
            "O",
            "O"
        ]
    },
    {
        "words": [
            "Why",
            "do",
            "you",
            "need",
            "to",
            "know",
            "this",
            "?",
            "\u25cf",
            "CS0447",
            "is",
            "about",
            "building",
            "a",
            "mental",
            "model",
            "of",
            "how",
            "a",
            "computer",
            "works",
            "\u25cf",
            "Understanding",
            "what",
            "is",
            "happening",
            "when",
            "you",
            "write",
            "code",
            "or",
            "run",
            "programs",
            "gives",
            "you",
            "a",
            "much",
            "deeper",
            "understanding",
            "o",
            "``",
            "why",
            "should",
            "I",
            "avoid",
            "using",
            "this",
            "programming",
            "language",
            "feature",
            "in",
            "this",
            "speed-critical",
            "part",
            "of",
            "my",
            "code",
            "?",
            "''",
            "o",
            "``",
            "why",
            "would",
            "n't",
            "this",
            "crazy",
            "idea",
            "be",
            "very",
            "fast",
            "on",
            "current",
            "architectures",
            "?",
            "''",
            "o",
            "``",
            "this",
            "program",
            "is",
            "breaking",
            "in",
            "a",
            "really",
            "confusing",
            "way",
            ",",
            "I",
            "have",
            "to",
            "look",
            "at",
            "the",
            "asm",
            "to",
            "debug",
            "it",
            "''",
            "\u25cf",
            "This",
            "stuff",
            "is",
            "specialized",
            "but",
            "hey",
            "you",
            "'re",
            "majoring/minoring",
            "in",
            "it",
            "right",
            "31"
        ],
        "labels": [
            "O",
            "O",
            "O",
            "O",
            "O",
            "O",
            "O",
            "O",
            "O",
            "O",
            "O",
            "O",
            "O",
            "O",
            "O",
            "O",
            "O",
            "O",
            "O",
            "O",
            "O",
            "O",
            "O",
            "O",
            "O",
            "O",
            "O",
            "O",
            "O",
            "O",
            "O",
            "O",
            "O",
            "O",
            "O",
            "O",
            "O",
            "O",
            "O",
            "O",
            "O",
            "O",
            "O",
            "O",
            "O",
            "O",
            "O",
            "O",
            "O",
            "O",
            "O",
            "O",
            "O",
            "O",
            "O",
            "O",
            "O",
            "O",
            "O",
            "O",
            "O",
            "O",
            "O",
            "O",
            "O",
            "O",
            "O",
            "O",
            "O",
            "O",
            "O",
            "O",
            "O",
            "O",
            "O",
            "O",
            "O",
            "O",
            "O",
            "O",
            "O",
            "O",
            "O",
            "O",
            "O",
            "O",
            "O",
            "O",
            "O",
            "O",
            "O",
            "O",
            "O",
            "O",
            "O",
            "O",
            "O",
            "O",
            "O",
            "O",
            "O",
            "O",
            "O",
            "O",
            "O",
            "O",
            "O",
            "O",
            "O",
            "O",
            "O",
            "O"
        ]
    }
]