[
    {
        "words": [
            "#",
            "4",
            "CS",
            "0447",
            "Introduction",
            "to",
            "Computer",
            "Programming",
            "Memory",
            "and",
            "Addresses",
            "Lu\u00eds",
            "Oliveira",
            "Original",
            "slides",
            "by",
            ":",
            "Jarrett",
            "Billingsley",
            "Modified",
            "with",
            "bits",
            "from",
            ":",
            "Bruce",
            "Childers",
            ",",
            "David",
            "Wilkinson",
            "Fall",
            "2020"
        ],
        "labels": [
            "O",
            "O",
            "O",
            "O",
            "O",
            "O",
            "O",
            "O",
            "O",
            "O",
            "O",
            "O",
            "O",
            "O",
            "O",
            "O",
            "O",
            "O",
            "O",
            "O",
            "O",
            "O",
            "O",
            "O",
            "O",
            "O",
            "O",
            "O",
            "O",
            "O",
            "O"
        ]
    },
    {
        "words": [
            "Class",
            "announcements",
            "\u25cf",
            "Add/Drop",
            "period",
            "ends",
            "?",
            "?",
            "!",
            "\u25cf",
            "Everyone",
            "joined",
            "slack",
            "?",
            "Links",
            "will/have",
            "?",
            "Expired",
            "\u25cf",
            "Repeat",
            "after",
            "me",
            ":",
            "o",
            "Store",
            "copies",
            "from",
            "the",
            "CPU",
            "to",
            "memory",
            "o",
            "Load",
            "copies",
            "from",
            "memory",
            "to",
            "CPU",
            "2"
        ],
        "labels": [
            "O",
            "O",
            "O",
            "O",
            "O",
            "O",
            "O",
            "O",
            "O",
            "O",
            "O",
            "O",
            "O",
            "O",
            "O",
            "O",
            "O",
            "O",
            "O",
            "O",
            "O",
            "O",
            "O",
            "O",
            "O",
            "O",
            "O",
            "O",
            "O",
            "O",
            "O",
            "O",
            "O",
            "O",
            "O",
            "O",
            "O",
            "O",
            "O"
        ]
    },
    {
        "words": [
            "Variables",
            ",",
            "Loads",
            ",",
            "Stores",
            "3"
        ],
        "labels": [
            "O",
            "O",
            "O",
            "O",
            "O",
            "O"
        ]
    },
    {
        "words": [
            "Memory",
            "addresses",
            "\u25cf",
            "Everything",
            "in",
            "memory",
            "has",
            "an",
            "address",
            "o",
            "the",
            "position",
            "in",
            "memory",
            "where",
            "it",
            "begins",
            "\u25aa",
            "where",
            "its",
            "first",
            "byte",
            "is",
            "o",
            "this",
            "applies",
            "to",
            "variables",
            ",",
            "functions",
            ",",
            "objects",
            ",",
            "arrays",
            "etc",
            ".",
            "\u25cf",
            "A",
            "super",
            "important",
            "concept",
            ":",
            "every",
            "piece",
            "of",
            "data",
            "really",
            "has",
            "two",
            "parts",
            ":",
            "an",
            "address",
            "and",
            "a",
            "value",
            "\u25cf",
            "If",
            "you",
            "want",
            "to",
            "put",
            "a",
            "variable",
            "in",
            "memory\u2026",
            "o",
            "first",
            "you",
            "need",
            "to",
            "figure",
            "out",
            "what",
            "address",
            "to",
            "put",
            "it",
            "in",
            "o",
            "this",
            "extremely",
            "tedious",
            "task",
            "is",
            "handled",
            "by",
            "assemblers",
            "\u25aa",
            "whew",
            "4"
        ],
        "labels": [
            "O",
            "O",
            "O",
            "O",
            "O",
            "O",
            "O",
            "O",
            "O",
            "O",
            "O",
            "O",
            "O",
            "O",
            "O",
            "O",
            "O",
            "O",
            "O",
            "O",
            "O",
            "O",
            "O",
            "O",
            "O",
            "O",
            "O",
            "O",
            "O",
            "O",
            "O",
            "O",
            "O",
            "O",
            "O",
            "O",
            "O",
            "O",
            "O",
            "O",
            "O",
            "O",
            "O",
            "O",
            "O",
            "O",
            "O",
            "O",
            "O",
            "O",
            "O",
            "O",
            "O",
            "O",
            "O",
            "O",
            "O",
            "O",
            "O",
            "O",
            "O",
            "O",
            "O",
            "O",
            "O",
            "O",
            "O",
            "O",
            "O",
            "O",
            "O",
            "O",
            "O",
            "O",
            "O",
            "O",
            "O",
            "O",
            "O",
            "O",
            "O",
            "O",
            "O",
            "O",
            "O",
            "O",
            "O",
            "O",
            "O",
            "O",
            "O"
        ]
    },
    {
        "words": [
            "Putting",
            "a",
            "variable",
            "in",
            "memory",
            "\u25cf",
            "we",
            "can",
            "declare",
            "a",
            "global",
            "variable",
            "like",
            "this",
            ":",
            ".data",
            "x",
            ":",
            ".word",
            "4",
            "name",
            "type",
            "initial",
            "value",
            "\u25cf",
            "the",
            "Java/C",
            "equivalent",
            "would",
            "be",
            "static",
            "int",
            "x",
            "=",
            "4",
            ";",
            "\u25cf",
            ".data",
            "says",
            "``",
            "I",
            "'m",
            "gon",
            "na",
            "declare",
            "variables",
            "''",
            "o",
            "you",
            "can",
            "declare",
            "as",
            "many",
            "as",
            "you",
            "want",
            "!",
            "o",
            "to",
            "go",
            "back",
            "to",
            "writing",
            "code",
            ",",
            "use",
            ".text",
            "\u25cf",
            "if",
            "we",
            "assemble",
            "this",
            "little",
            "program",
            "and",
            "make",
            "sure",
            "Tools",
            ">",
            "Show",
            "Labels",
            "Window",
            "is",
            "checked",
            ",",
            "what",
            "do",
            "you",
            "see",
            "?",
            "o",
            "the",
            "assembler",
            "gave",
            "the",
            "variable",
            "that",
            "address",
            "o",
            "it",
            "'ll",
            "do",
            "that",
            "for",
            "every",
            "variable",
            "5"
        ],
        "labels": [
            "O",
            "O",
            "O",
            "O",
            "O",
            "O",
            "O",
            "O",
            "O",
            "O",
            "O",
            "O",
            "O",
            "O",
            "O",
            "O",
            "O",
            "O",
            "O",
            "O",
            "O",
            "O",
            "O",
            "O",
            "O",
            "O",
            "O",
            "O",
            "O",
            "O",
            "O",
            "O",
            "O",
            "O",
            "O",
            "O",
            "O",
            "O",
            "O",
            "O",
            "O",
            "O",
            "O",
            "O",
            "O",
            "O",
            "O",
            "O",
            "O",
            "O",
            "O",
            "O",
            "O",
            "O",
            "O",
            "O",
            "O",
            "O",
            "O",
            "O",
            "O",
            "O",
            "O",
            "O",
            "O",
            "O",
            "O",
            "O",
            "O",
            "O",
            "O",
            "O",
            "O",
            "O",
            "O",
            "O",
            "O",
            "O",
            "O",
            "O",
            "O",
            "O",
            "O",
            "O",
            "O",
            "O",
            "O",
            "O",
            "O",
            "O",
            "O",
            "O",
            "O",
            "O",
            "O",
            "O",
            "O",
            "O",
            "O",
            "O",
            "O",
            "O",
            "O",
            "O",
            "O",
            "O",
            "O"
        ]
    },
    {
        "words": [
            "Load-store",
            "architectures",
            "\u25cf",
            "In",
            "some",
            "architectures",
            ",",
            "many",
            "instructions",
            "can",
            "access",
            "memory",
            "o",
            "x86-64",
            ":",
            "add",
            "[",
            "rsp-8",
            "]",
            ",",
            "rcx",
            "\u25aa",
            "adds",
            "the",
            "contents",
            "of",
            "rcx",
            "to",
            "the",
            "value",
            "at",
            "address",
            "rsp-8",
            "\u25cf",
            "In",
            "a",
            "load-store",
            "architecture",
            ",",
            "all",
            "memory",
            "accesses",
            "are",
            "done",
            "with",
            "two",
            "kinds",
            "of",
            "instructions",
            ":",
            "loads",
            "and",
            "stores",
            "(",
            "like",
            "in",
            "MIPS",
            ")",
            "loads",
            "copy",
            "data",
            "from",
            "memory",
            "lw",
            "into",
            "CPU",
            "registers",
            "Registers",
            "Memory",
            "sw",
            "stores",
            "copy",
            "data",
            "from",
            "CPU",
            "registers",
            "into",
            "memory",
            "6"
        ],
        "labels": [
            "O",
            "O",
            "O",
            "O",
            "O",
            "O",
            "O",
            "O",
            "O",
            "O",
            "O",
            "O",
            "O",
            "O",
            "O",
            "O",
            "O",
            "O",
            "O",
            "O",
            "O",
            "O",
            "O",
            "O",
            "O",
            "O",
            "O",
            "O",
            "O",
            "O",
            "O",
            "O",
            "O",
            "O",
            "O",
            "O",
            "O",
            "O",
            "O",
            "O",
            "O",
            "O",
            "O",
            "O",
            "O",
            "O",
            "O",
            "O",
            "O",
            "O",
            "O",
            "O",
            "O",
            "O",
            "O",
            "O",
            "O",
            "O",
            "O",
            "O",
            "O",
            "O",
            "O",
            "O",
            "O",
            "O",
            "O",
            "O",
            "O",
            "O",
            "O",
            "O",
            "O",
            "O",
            "O",
            "O",
            "O",
            "O",
            "O"
        ]
    },
    {
        "words": [
            "Operating",
            "on",
            "variables",
            "in",
            "memory",
            "(",
            "animated",
            ")",
            "\u25cf",
            "we",
            "want",
            "to",
            "increment",
            "a",
            "variable",
            "that",
            "is",
            "in",
            "memory",
            "o",
            "where",
            "do",
            "values",
            "have",
            "to",
            "be",
            "for",
            "the",
            "CPU",
            "to",
            "operate",
            "on",
            "them",
            "?",
            "o",
            "what",
            "do",
            "we",
            "want",
            "the",
            "overall",
            "outcome",
            "to",
            "be",
            "?",
            "\u25cf",
            "so",
            ",",
            "what",
            "three",
            "steps",
            "are",
            "needed",
            "to",
            "increment",
            "that",
            "variable",
            "?",
            "1.",
            "load",
            "the",
            "value",
            "from",
            "memory",
            "into",
            "a",
            "register",
            "2.",
            "add",
            "1",
            "to",
            "the",
            "value",
            "in",
            "the",
            "register",
            "3.",
            "store",
            "the",
            "value",
            "back",
            "into",
            "memory",
            "5",
            "4",
            "5",
            "4",
            "x",
            "\u25cf",
            "every",
            "variable",
            "access",
            "works",
            "like",
            "this",
            "!",
            "!",
            "!",
            "o",
            "HLLs",
            "just",
            "hide",
            "this",
            "from",
            "you",
            "7"
        ],
        "labels": [
            "O",
            "O",
            "O",
            "O",
            "O",
            "O",
            "O",
            "O",
            "O",
            "O",
            "O",
            "O",
            "O",
            "O",
            "O",
            "O",
            "O",
            "O",
            "O",
            "O",
            "O",
            "O",
            "O",
            "O",
            "O",
            "O",
            "O",
            "O",
            "O",
            "O",
            "O",
            "O",
            "O",
            "O",
            "O",
            "O",
            "O",
            "O",
            "O",
            "O",
            "O",
            "O",
            "O",
            "O",
            "O",
            "O",
            "O",
            "O",
            "O",
            "O",
            "O",
            "O",
            "O",
            "O",
            "O",
            "O",
            "O",
            "O",
            "O",
            "O",
            "O",
            "O",
            "O",
            "O",
            "O",
            "O",
            "O",
            "O",
            "O",
            "O",
            "O",
            "O",
            "O",
            "O",
            "O",
            "O",
            "O",
            "O",
            "O",
            "O",
            "O",
            "O",
            "O",
            "O",
            "O",
            "O",
            "O",
            "O",
            "O",
            "O",
            "O",
            "O",
            "O",
            "O",
            "O",
            "O",
            "O",
            "O",
            "O",
            "O",
            "O",
            "O",
            "O",
            "O",
            "O",
            "O"
        ]
    },
    {
        "words": [
            "Accessing",
            "memory",
            "in",
            "MIPS",
            "8"
        ],
        "labels": [
            "O",
            "O",
            "O",
            "O",
            "O"
        ]
    },
    {
        "words": [
            "MIPS",
            "ISA",
            ":",
            "load",
            "and",
            "store",
            "instructions",
            "for",
            "words",
            "\u25cf",
            "you",
            "can",
            "load",
            "and",
            "store",
            "entire",
            "32-bit",
            "words",
            "with",
            "lw",
            "and",
            "sw",
            "\u25cf",
            "the",
            "instructions",
            "look",
            "like",
            "this",
            "(",
            "variable",
            "names",
            "not",
            "important",
            ")",
            ":",
            "lw",
            "t1",
            ",",
            "x",
            "#",
            "loads",
            "from",
            "variable",
            "x",
            "into",
            "t1",
            "sw",
            "t1",
            ",",
            "x",
            "#",
            "stores",
            "from",
            "t1",
            "into",
            "variable",
            "x",
            "\u25cf",
            "Ermm\u2026",
            "In",
            "MIPS",
            ",",
            "stores",
            "are",
            "written",
            "with",
            "the",
            "destination",
            "on",
            "the",
            "right.",
            "!",
            "?",
            "o",
            "well",
            ",",
            "you",
            "can",
            "remember",
            "it",
            "with",
            "this",
            "diagram\u2026",
            "o",
            "the",
            "memory",
            "is",
            "``",
            "on",
            "the",
            "right",
            "''",
            "for",
            "both",
            "lw",
            "loads",
            "and",
            "stores",
            "Registers",
            "Memory",
            "sw",
            "9"
        ],
        "labels": [
            "O",
            "O",
            "O",
            "O",
            "O",
            "O",
            "O",
            "O",
            "O",
            "O",
            "O",
            "O",
            "O",
            "O",
            "O",
            "O",
            "O",
            "O",
            "O",
            "O",
            "O",
            "O",
            "O",
            "O",
            "O",
            "O",
            "O",
            "O",
            "O",
            "O",
            "O",
            "O",
            "O",
            "O",
            "O",
            "O",
            "O",
            "O",
            "O",
            "O",
            "O",
            "O",
            "O",
            "O",
            "O",
            "O",
            "O",
            "O",
            "O",
            "O",
            "O",
            "O",
            "O",
            "O",
            "O",
            "O",
            "O",
            "O",
            "O",
            "O",
            "O",
            "O",
            "O",
            "O",
            "O",
            "O",
            "O",
            "O",
            "O",
            "O",
            "O",
            "O",
            "O",
            "O",
            "O",
            "O",
            "O",
            "O",
            "O",
            "O",
            "O",
            "O",
            "O",
            "O",
            "O",
            "O",
            "O",
            "O",
            "O",
            "O",
            "O",
            "O",
            "O",
            "O",
            "O",
            "O",
            "O",
            "O",
            "O",
            "O",
            "O",
            "O"
        ]
    },
    {
        "words": [
            "MIPS",
            "ISA",
            ":",
            "load",
            "and",
            "store",
            "instructions",
            "for",
            "words",
            "\u25cf",
            "You",
            "can",
            "also",
            "load",
            "the",
            "32-bit",
            "address",
            "of",
            "a",
            "variable",
            "with",
            "la",
            "Addr",
            "Val",
            "0",
            "04",
            "la",
            "t1",
            ",",
            "x",
            "#",
            "loads",
            "the",
            "ADDRESS",
            "of",
            "x",
            "into",
            "t1",
            "1",
            "00",
            "t1",
            "\uf0df",
            "will",
            "now",
            "contain",
            "4",
            ":",
            "The",
            "address",
            "of",
            "variable",
            "x",
            "2",
            "00",
            "3",
            "00",
            "\u25cf",
            "And",
            "then",
            "use",
            "that",
            "address",
            "to",
            "access",
            "memory",
            ",",
            "e.g",
            ".",
            ":",
            "4",
            "DE",
            "la",
            "t2",
            ",",
            "0",
            "(",
            "t1",
            ")",
            "#",
            "the",
            "contents",
            "of",
            "x",
            "into",
            "t2",
            "5",
            "C0",
            "x",
            "6",
            "EF",
            "7",
            "BE",
            "8",
            "6C",
            "9",
            "34",
            "A",
            "00",
            "B",
            "01",
            "10"
        ],
        "labels": [
            "O",
            "O",
            "O",
            "O",
            "O",
            "O",
            "O",
            "O",
            "O",
            "O",
            "O",
            "O",
            "O",
            "O",
            "O",
            "O",
            "O",
            "O",
            "O",
            "O",
            "O",
            "O",
            "O",
            "O",
            "O",
            "O",
            "O",
            "O",
            "O",
            "O",
            "O",
            "O",
            "O",
            "O",
            "O",
            "O",
            "O",
            "O",
            "O",
            "O",
            "O",
            "O",
            "O",
            "O",
            "O",
            "O",
            "O",
            "O",
            "O",
            "O",
            "O",
            "O",
            "O",
            "O",
            "O",
            "O",
            "O",
            "O",
            "O",
            "O",
            "O",
            "O",
            "O",
            "O",
            "O",
            "O",
            "O",
            "O",
            "O",
            "O",
            "O",
            "O",
            "O",
            "O",
            "O",
            "O",
            "O",
            "O",
            "O",
            "O",
            "O",
            "O",
            "O",
            "O",
            "O",
            "O",
            "O",
            "O",
            "O",
            "O",
            "O",
            "O",
            "O",
            "O",
            "O",
            "O",
            "O",
            "O",
            "O",
            "O",
            "O"
        ]
    },
    {
        "words": [
            "Read",
            ",",
            "modify",
            ",",
            "write",
            "\u25cf",
            "you",
            "now",
            "know",
            "enough",
            "to",
            "increment",
            "x",
            "!",
            "\u25cf",
            "But",
            "first",
            ",",
            "lets",
            "look",
            "at",
            "some",
            "assembly",
            "\u25cf",
            "first",
            "we",
            "load",
            "x",
            "into",
            "a",
            "register",
            "lw",
            "t0",
            ",",
            "x",
            "\u25cf",
            "then\u2026",
            "add",
            "t0",
            ",",
            "t0",
            ",",
            "1",
            "\u25cf",
            "and",
            "then\u2026",
            "sw",
            "t0",
            ",",
            "x",
            "\u25cf",
            "let",
            "'s",
            "see",
            "what",
            "values",
            "are",
            "in",
            "t0",
            "and",
            "memory",
            "after",
            "this",
            "program",
            "runs",
            "11"
        ],
        "labels": [
            "O",
            "O",
            "O",
            "O",
            "O",
            "O",
            "O",
            "O",
            "O",
            "O",
            "O",
            "O",
            "O",
            "O",
            "O",
            "O",
            "O",
            "O",
            "O",
            "O",
            "O",
            "O",
            "O",
            "O",
            "O",
            "O",
            "O",
            "O",
            "O",
            "O",
            "O",
            "O",
            "O",
            "O",
            "O",
            "O",
            "O",
            "O",
            "O",
            "O",
            "O",
            "O",
            "O",
            "O",
            "O",
            "O",
            "O",
            "O",
            "O",
            "O",
            "O",
            "O",
            "O",
            "O",
            "O",
            "O",
            "O",
            "O",
            "O",
            "O",
            "O",
            "O",
            "O",
            "O",
            "O",
            "O"
        ]
    },
    {
        "words": [
            "It",
            "really",
            "is",
            "that",
            "simple",
            "\u25cf",
            "variables",
            "in",
            "asm",
            "are",
            "n't",
            "THAT",
            "scary",
            "\u25cf",
            "please",
            "do",
            "n't",
            "be",
            "afraid",
            "of",
            "them",
            "\u25cf",
            "you",
            "just",
            "got",
            "ta",
            "remember",
            "to",
            "store",
            "if",
            "you",
            "wan",
            "na",
            "change",
            "em",
            "12"
        ],
        "labels": [
            "O",
            "O",
            "O",
            "O",
            "O",
            "O",
            "O",
            "O",
            "O",
            "O",
            "O",
            "O",
            "O",
            "O",
            "O",
            "O",
            "O",
            "O",
            "O",
            "O",
            "O",
            "O",
            "O",
            "O",
            "O",
            "O",
            "O",
            "O",
            "O",
            "O",
            "O",
            "O",
            "O",
            "O",
            "O",
            "O"
        ]
    },
    {
        "words": [
            "Questions",
            "?",
            "\u2022",
            "Just",
            "in",
            "case",
            "I",
            "prepared",
            "some",
            "for",
            "you",
            ":",
            "o",
            "Does",
            "load",
            "word",
            "(",
            "lw",
            ")",
            "put",
            "or",
            "get",
            "data",
            "from",
            "memory",
            "?",
            "o",
            "I",
            "already",
            "know",
            "the",
            "word",
            "is",
            "the",
            "most",
            "\u201c",
            "comfortable",
            "\u201d",
            "size",
            "for",
            "the",
            "CPU",
            ",",
            "but",
            "are",
            "they",
            "the",
            "only",
            "size",
            "it",
            "can",
            "work",
            "with",
            "?",
            "13"
        ],
        "labels": [
            "O",
            "O",
            "O",
            "O",
            "O",
            "O",
            "O",
            "O",
            "O",
            "O",
            "O",
            "O",
            "O",
            "O",
            "O",
            "O",
            "O",
            "O",
            "O",
            "O",
            "O",
            "O",
            "O",
            "O",
            "O",
            "O",
            "O",
            "O",
            "O",
            "O",
            "O",
            "O",
            "O",
            "O",
            "O",
            "O",
            "O",
            "O",
            "O",
            "O",
            "O",
            "O",
            "O",
            "O",
            "O",
            "O",
            "O",
            "O",
            "O",
            "O",
            "O",
            "O",
            "O",
            "O",
            "O"
        ]
    },
    {
        "words": [
            "Smaller",
            "values",
            "14"
        ],
        "labels": [
            "O",
            "O",
            "O"
        ]
    },
    {
        "words": [
            "Smaller",
            "numeric",
            "\u25cf",
            "MIPS",
            "also",
            "understands",
            "smaller",
            "and",
            "tiny",
            "datatypes",
            ".data",
            "x",
            ":",
            ".word",
            "4",
            "=",
            ">",
            "0x00000004",
            "y",
            ":",
            ".half",
            "4",
            "=",
            ">",
            "0x0004",
            "z",
            ":",
            ".byte",
            "4",
            "=",
            ">",
            "0x04",
            "15"
        ],
        "labels": [
            "O",
            "O",
            "O",
            "O",
            "O",
            "O",
            "O",
            "O",
            "O",
            "O",
            "O",
            "O",
            "O",
            "O",
            "O",
            "O",
            "O",
            "O",
            "O",
            "O",
            "O",
            "O",
            "O",
            "O",
            "O",
            "O",
            "O",
            "O",
            "O",
            "O",
            "O",
            "O",
            "O"
        ]
    },
    {
        "words": [
            "MIPS",
            "ISA",
            ":",
            "loading",
            "and",
            "storing",
            "8/16-bit",
            "values",
            "\u25cf",
            "to",
            "load/store",
            "bytes",
            ",",
            "we",
            "use",
            "lb/sb",
            "\u25cf",
            "to",
            "load/store",
            "16-bit",
            "(",
            "half-word",
            ")",
            "values",
            ",",
            "we",
            "use",
            "lh/sh",
            "\u25cf",
            "these",
            "look",
            "and",
            "work",
            "just",
            "like",
            "lw/sw",
            ",",
            "like",
            ":",
            "lb",
            "t0",
            ",",
            "tiny",
            "#",
            "loads",
            "a",
            "byte",
            "into",
            "t0",
            "sb",
            "t0",
            ",",
            "tiny",
            "#",
            "stores",
            "a",
            "byte",
            "into",
            "tiny",
            "o",
            "\u2026or",
            "DO",
            "THEY",
            "?",
            "!",
            "?",
            "!",
            "?",
            "!",
            "?",
            "\u25cf",
            "how",
            "big",
            "are",
            "registers",
            "?",
            "o",
            "what",
            "should",
            "go",
            "in",
            "those",
            "extra",
            "16/24",
            "bits",
            "then",
            "?",
            "\u25aa",
            "?",
            "?",
            "?",
            "16"
        ],
        "labels": [
            "O",
            "O",
            "O",
            "O",
            "O",
            "O",
            "O",
            "O",
            "O",
            "O",
            "O",
            "O",
            "O",
            "O",
            "O",
            "O",
            "O",
            "O",
            "O",
            "O",
            "O",
            "O",
            "O",
            "O",
            "O",
            "O",
            "O",
            "O",
            "O",
            "O",
            "O",
            "O",
            "O",
            "O",
            "O",
            "O",
            "O",
            "O",
            "O",
            "O",
            "O",
            "O",
            "O",
            "O",
            "O",
            "O",
            "O",
            "O",
            "O",
            "O",
            "O",
            "O",
            "O",
            "O",
            "O",
            "O",
            "O",
            "O",
            "O",
            "O",
            "O",
            "O",
            "O",
            "O",
            "O",
            "O",
            "O",
            "O",
            "O",
            "O",
            "O",
            "O",
            "O",
            "O",
            "O",
            "O",
            "O",
            "O",
            "O",
            "O",
            "O",
            "O",
            "O",
            "O",
            "O",
            "O",
            "O",
            "O",
            "O",
            "O",
            "O",
            "O"
        ]
    },
    {
        "words": [
            "can",
            "I",
            "get",
            "an",
            "extension",
            "?",
            "\u2026",
            "no",
            "\u25cf",
            "sometimes",
            "you",
            "need",
            "to",
            "widen",
            "a",
            "number",
            "with",
            "fewer",
            "bits",
            "to",
            "more",
            "\u25cf",
            "zero",
            "extension",
            "is",
            "easy",
            ":",
            "put",
            "0s",
            "at",
            "the",
            "beginning",
            ".",
            "10012",
            "\u2794",
            "to",
            "8",
            "bits",
            "\u2794",
            "0000",
            "10012",
            "\u25cf",
            "but",
            "there",
            "are",
            "also",
            "signed",
            "numbers",
            "which",
            "we",
            "did",
            "n't",
            "talk",
            "about",
            "yet",
            "o",
            "the",
            "top",
            "bit",
            "(",
            "MSB",
            ")",
            "of",
            "signed",
            "numbers",
            "is",
            "the",
            "sign",
            "(",
            "+/-",
            ")",
            "\u25cf",
            "sign",
            "extension",
            "puts",
            "copies",
            "of",
            "the",
            "sign",
            "bit",
            "at",
            "the",
            "beginning",
            "10012",
            "\u2794",
            "to",
            "8",
            "bits",
            "\u2794",
            "1111",
            "10012",
            "00102",
            "\u2794",
            "to",
            "8",
            "bits",
            "\u2794",
            "0000",
            "00102",
            "o",
            "like",
            "spreading",
            "peanut",
            "butter",
            "\u25aa",
            "we",
            "'ll",
            "learn",
            "about",
            "why",
            "this",
            "is",
            "important",
            "later",
            "in",
            "the",
            "course",
            "17"
        ],
        "labels": [
            "O",
            "O",
            "O",
            "O",
            "O",
            "O",
            "O",
            "O",
            "O",
            "O",
            "O",
            "O",
            "O",
            "O",
            "O",
            "O",
            "O",
            "O",
            "O",
            "O",
            "O",
            "O",
            "O",
            "O",
            "O",
            "O",
            "O",
            "O",
            "O",
            "O",
            "O",
            "O",
            "O",
            "O",
            "O",
            "O",
            "O",
            "O",
            "O",
            "O",
            "O",
            "O",
            "O",
            "O",
            "O",
            "O",
            "O",
            "O",
            "O",
            "O",
            "O",
            "O",
            "O",
            "O",
            "O",
            "O",
            "O",
            "O",
            "O",
            "O",
            "O",
            "O",
            "O",
            "O",
            "O",
            "O",
            "O",
            "O",
            "O",
            "O",
            "O",
            "O",
            "O",
            "O",
            "O",
            "O",
            "O",
            "O",
            "O",
            "O",
            "O",
            "O",
            "O",
            "O",
            "O",
            "O",
            "O",
            "O",
            "O",
            "O",
            "O",
            "O",
            "O",
            "O",
            "O",
            "O",
            "O",
            "O",
            "O",
            "O",
            "O",
            "O",
            "O",
            "O",
            "O",
            "O",
            "O",
            "O",
            "O",
            "O",
            "O",
            "O",
            "O",
            "O",
            "O",
            "O",
            "O",
            "O"
        ]
    },
    {
        "words": [
            "EXPAND",
            "VALUE",
            "\u25cf",
            "if",
            "you",
            "load",
            "a",
            "byte\u2026",
            "31",
            "0",
            "10010000",
            "00000000",
            "00000000",
            "00000000",
            "00000000",
            "If",
            "the",
            "byte",
            "is",
            "signed\u2026",
            "what",
            "should",
            "it",
            "become",
            "?",
            "31",
            "0",
            "11111111",
            "11111111",
            "11111111",
            "10010000",
            "lb",
            "does",
            "sign",
            "extension",
            ".",
            "If",
            "the",
            "byte",
            "is",
            "unsigned\u2026",
            "what",
            "should",
            "it",
            "become",
            "?",
            "31",
            "0",
            "00000000",
            "00000000",
            "00000000",
            "10010000",
            "lbu",
            "does",
            "zero",
            "extension",
            ".",
            "18"
        ],
        "labels": [
            "O",
            "O",
            "O",
            "O",
            "O",
            "O",
            "O",
            "O",
            "O",
            "O",
            "O",
            "O",
            "O",
            "O",
            "O",
            "O",
            "O",
            "O",
            "O",
            "O",
            "O",
            "O",
            "O",
            "O",
            "O",
            "O",
            "O",
            "O",
            "O",
            "O",
            "O",
            "O",
            "O",
            "O",
            "O",
            "O",
            "O",
            "O",
            "O",
            "O",
            "O",
            "O",
            "O",
            "O",
            "O",
            "O",
            "O",
            "O",
            "O",
            "O",
            "O",
            "O",
            "O",
            "O",
            "O",
            "O",
            "O",
            "O"
        ]
    },
    {
        "words": [
            "How",
            "does",
            "the",
            "CPU",
            "know",
            "whether",
            "it",
            "'s",
            "signed",
            "or",
            "unsigned",
            "\u2794",
            "Everything",
            "\u2019",
            "s",
            "a",
            "number",
            "\u2794",
            "Everything",
            "'s",
            "in",
            "binary",
            "(",
            "and",
            "hex",
            "is",
            "convenient",
            "shorthand",
            ")",
            "\u2794",
            "Numbers",
            "may",
            "not",
            "be",
            "numbers",
            "\u2794",
            "So",
            ",",
            "how",
            "does",
            "the",
            "computer",
            "know",
            "a",
            "number",
            "is",
            "a",
            "number",
            "?",
            "o",
            "How",
            "does",
            "it",
            "know",
            "that",
            "a",
            "number",
            "is",
            "signed",
            "?",
            "o",
            "How",
            "does",
            "it",
            "know",
            "how",
            "to",
            "add",
            "two",
            "numbers",
            "?",
            "o",
            "How",
            "does",
            "it",
            "know",
            "how",
            "to",
            "manipulate",
            "strings",
            "?",
            "o",
            "How",
            "does",
            "it",
            "know",
            "if",
            "one",
            "pattern",
            "of",
            "bits",
            "is",
            "a",
            "string",
            "or",
            "a",
            "number",
            "or",
            "a",
            "video",
            "or",
            "a",
            "program",
            "or",
            "a",
            "file",
            "or",
            "an",
            "icon",
            "or",
            "19"
        ],
        "labels": [
            "O",
            "O",
            "O",
            "O",
            "O",
            "O",
            "O",
            "O",
            "O",
            "O",
            "O",
            "O",
            "O",
            "O",
            "O",
            "O",
            "O",
            "O",
            "O",
            "O",
            "O",
            "O",
            "O",
            "O",
            "O",
            "O",
            "O",
            "O",
            "O",
            "O",
            "O",
            "O",
            "O",
            "O",
            "O",
            "O",
            "O",
            "O",
            "O",
            "O",
            "O",
            "O",
            "O",
            "O",
            "O",
            "O",
            "O",
            "O",
            "O",
            "O",
            "O",
            "O",
            "O",
            "O",
            "O",
            "O",
            "O",
            "O",
            "O",
            "O",
            "O",
            "O",
            "O",
            "O",
            "O",
            "O",
            "O",
            "O",
            "O",
            "O",
            "O",
            "O",
            "O",
            "O",
            "O",
            "O",
            "O",
            "O",
            "O",
            "O",
            "O",
            "O",
            "O",
            "O",
            "O",
            "O",
            "O",
            "O",
            "O",
            "O",
            "O",
            "O",
            "O",
            "O",
            "O",
            "O",
            "O",
            "O",
            "O",
            "O",
            "O",
            "O",
            "O",
            "O",
            "O",
            "O",
            "O",
            "O",
            "O",
            "O",
            "O"
        ]
    },
    {
        "words": [
            "IT",
            "DOES",
            "N'T",
            "20"
        ],
        "labels": [
            "O",
            "O",
            "O",
            "O"
        ]
    },
    {
        "words": [
            "How",
            "does",
            "the",
            "CPU",
            "know",
            "whether",
            "it",
            "'s",
            "signed",
            "or",
            "unsigned",
            "\u2022",
            "Do",
            "YOU",
            "think",
            "the",
            "CPU",
            "knows",
            "this",
            "?",
            "o",
            "no",
            "\u25aa",
            "it",
            "does",
            "n't",
            "\u2013",
            "you",
            "have",
            "to",
            "use",
            "the",
            "right",
            "instruction",
            ".",
            "\u2022",
            "It",
            "\u2019",
            "s",
            "particularly",
            "easy",
            "to",
            "mess",
            "this",
            "up",
            "o",
            "lbu",
            "is",
            "usually",
            "what",
            "you",
            "want",
            "for",
            "byte",
            "variables",
            "but",
            "lb",
            "is",
            "one",
            "character",
            "shorter",
            "and",
            "just",
            "looks",
            "so",
            "nice",
            "and",
            "consistent\u2026",
            "o",
            "But",
            "don",
            "\u2019",
            "t",
            "!",
            "21"
        ],
        "labels": [
            "O",
            "O",
            "O",
            "O",
            "O",
            "O",
            "O",
            "O",
            "O",
            "O",
            "O",
            "O",
            "O",
            "O",
            "O",
            "O",
            "O",
            "O",
            "O",
            "O",
            "O",
            "O",
            "O",
            "O",
            "O",
            "O",
            "O",
            "O",
            "O",
            "O",
            "O",
            "O",
            "O",
            "O",
            "O",
            "O",
            "O",
            "O",
            "O",
            "O",
            "O",
            "O",
            "O",
            "O",
            "O",
            "O",
            "O",
            "O",
            "O",
            "O",
            "O",
            "O",
            "O",
            "O",
            "O",
            "O",
            "O",
            "O",
            "O",
            "O",
            "O",
            "O",
            "O",
            "O",
            "O",
            "O",
            "O",
            "O",
            "O",
            "O",
            "O",
            "O",
            "O",
            "O",
            "O"
        ]
    },
    {
        "words": [
            "Truncation",
            "\u25cf",
            "If",
            "we",
            "go",
            "the",
            "other",
            "way",
            ",",
            "the",
            "upper",
            "part",
            "of",
            "the",
            "value",
            "is",
            "cut",
            "off",
            ".",
            "sh",
            "31",
            "0",
            "11111111",
            "00000100",
            "10100010",
            "00001110",
            "11111111",
            "00000100",
            "\u25cf",
            "The",
            "sign",
            "issue",
            "does",
            "n't",
            "exist",
            "when",
            "storing",
            ",",
            "cause",
            "we",
            "'re",
            "going",
            "from",
            "a",
            "larger",
            "number",
            "of",
            "bits",
            "to",
            "a",
            "smaller",
            "number",
            "o",
            "therefore",
            ",",
            "there",
            "are",
            "no",
            "sbu/shu",
            "instructions",
            "22"
        ],
        "labels": [
            "O",
            "O",
            "O",
            "O",
            "O",
            "O",
            "O",
            "O",
            "O",
            "O",
            "O",
            "O",
            "O",
            "O",
            "O",
            "O",
            "O",
            "O",
            "O",
            "O",
            "O",
            "O",
            "O",
            "O",
            "O",
            "O",
            "O",
            "O",
            "O",
            "O",
            "O",
            "O",
            "O",
            "O",
            "O",
            "O",
            "O",
            "O",
            "O",
            "O",
            "O",
            "O",
            "O",
            "O",
            "O",
            "O",
            "O",
            "O",
            "O",
            "O",
            "O",
            "O",
            "O",
            "O",
            "O",
            "O",
            "O",
            "O",
            "O",
            "O",
            "O"
        ]
    },
    {
        "words": [
            "Memory",
            "23"
        ],
        "labels": [
            "O",
            "O"
        ]
    },
    {
        "words": [
            "What",
            "is",
            "the",
            "memory",
            "?",
            "\u2022",
            "The",
            "system",
            "memory",
            "is",
            "a",
            "piece",
            "of",
            "temporary",
            "storage",
            "hardware",
            "o",
            "it",
            "'s",
            "smaller",
            "and",
            "faster",
            "(",
            "more",
            "expensive",
            "!",
            ")",
            "than",
            "the",
            "persistent",
            "storage",
            ".",
            "\u25aa",
            "maybe",
            "in",
            "the",
            "future",
            "it",
            "wo",
            "n't",
            "be",
            "temporary",
            "\u25aa",
            "the",
            "line",
            "between",
            "system",
            "memory",
            "and",
            "persistent",
            "storage",
            "will",
            "fade",
            "away\u2026",
            "\u2022",
            "It",
            "'s",
            "where",
            "the",
            "programs",
            "and",
            "data",
            "that",
            "the",
            "computer",
            "is",
            "currently",
            "executing",
            "and",
            "using",
            "reside",
            "o",
            "all",
            "the",
            "variables",
            ",",
            "all",
            "the",
            "functions",
            ",",
            "all",
            "the",
            "open",
            "files",
            "etc",
            ".",
            "o",
            "the",
            "CPU",
            "can",
            "only",
            "run",
            "programs",
            "from",
            "system",
            "memory",
            "!",
            "24"
        ],
        "labels": [
            "O",
            "O",
            "O",
            "O",
            "O",
            "O",
            "O",
            "O",
            "O",
            "O",
            "O",
            "O",
            "O",
            "O",
            "O",
            "O",
            "O",
            "O",
            "O",
            "O",
            "O",
            "O",
            "O",
            "O",
            "O",
            "O",
            "O",
            "O",
            "O",
            "O",
            "O",
            "O",
            "O",
            "O",
            "O",
            "O",
            "O",
            "O",
            "O",
            "O",
            "O",
            "O",
            "O",
            "O",
            "O",
            "O",
            "O",
            "O",
            "O",
            "O",
            "O",
            "O",
            "O",
            "O",
            "O",
            "O",
            "O",
            "O",
            "O",
            "O",
            "O",
            "O",
            "O",
            "O",
            "O",
            "O",
            "O",
            "O",
            "O",
            "O",
            "O",
            "O",
            "O",
            "O",
            "O",
            "O",
            "O",
            "O",
            "O",
            "O",
            "O",
            "O",
            "O",
            "O",
            "O",
            "O",
            "O",
            "O",
            "O",
            "O",
            "O",
            "O",
            "O",
            "O",
            "O",
            "O",
            "O",
            "O"
        ]
    },
    {
        "words": [
            "Bytes",
            ",",
            "bytes",
            ",",
            "bytes",
            "Addr",
            "Val",
            "\u25cf",
            "The",
            "memory",
            "is",
            "a",
            "big",
            "one-dimensional",
            "array",
            "of",
            "bytes",
            "\u25cf",
            "What",
            "do",
            "these",
            "bytes",
            "mean",
            "?",
            "0",
            "00",
            "o",
            "\u00af\\_",
            "(",
            "\u30c4",
            ")",
            "_/\u00af",
            "1",
            "30",
            "\u25cf",
            "Every",
            "byte",
            "value",
            "has",
            "an",
            "address",
            "2",
            "04",
            "o",
            "This",
            "is",
            "its",
            "``",
            "array",
            "index",
            "''",
            "3",
            "00",
            "o",
            "Addresses",
            "start",
            "at",
            "0",
            ",",
            "like",
            "arrays",
            "in",
            "C/Java",
            "4",
            "DE",
            "\u25aa",
            "Gee",
            "wonder",
            "where",
            "they",
            "got",
            "the",
            "idea",
            "5",
            "C0",
            "\u25aa",
            "Addresses",
            "are",
            "the",
            "offset",
            "from",
            "the",
            "beginning",
            "!",
            "6",
            "EF",
            "\u25cf",
            "When",
            "each",
            "byte",
            "has",
            "its",
            "own",
            "address",
            ",",
            "we",
            "call",
            "it",
            "a",
            "byte-",
            "7",
            "BE",
            "addressable",
            "machine",
            "8",
            "6C",
            "o",
            "not",
            "many",
            "non-byte-addressable",
            "machines",
            "these",
            "days",
            "9",
            "34",
            "A",
            "00",
            "B",
            "01",
            "C",
            "02",
            "25"
        ],
        "labels": [
            "O",
            "O",
            "O",
            "O",
            "O",
            "O",
            "O",
            "O",
            "O",
            "O",
            "O",
            "O",
            "O",
            "O",
            "O",
            "O",
            "O",
            "O",
            "O",
            "O",
            "O",
            "O",
            "O",
            "O",
            "O",
            "O",
            "O",
            "O",
            "O",
            "O",
            "O",
            "O",
            "O",
            "O",
            "O",
            "O",
            "O",
            "O",
            "O",
            "O",
            "O",
            "O",
            "O",
            "O",
            "O",
            "O",
            "O",
            "O",
            "O",
            "O",
            "O",
            "O",
            "O",
            "O",
            "O",
            "O",
            "O",
            "O",
            "O",
            "O",
            "O",
            "O",
            "O",
            "O",
            "O",
            "O",
            "O",
            "O",
            "O",
            "O",
            "O",
            "O",
            "O",
            "O",
            "O",
            "O",
            "O",
            "O",
            "O",
            "O",
            "O",
            "O",
            "O",
            "O",
            "O",
            "O",
            "O",
            "O",
            "O",
            "O",
            "O",
            "O",
            "O",
            "O",
            "O",
            "O",
            "O",
            "O",
            "O",
            "O",
            "O",
            "O",
            "O",
            "O",
            "O",
            "O",
            "O",
            "O",
            "O",
            "O",
            "O",
            "O",
            "O",
            "O",
            "O",
            "O",
            "O",
            "O",
            "O",
            "O",
            "O",
            "O"
        ]
    },
    {
        "words": [
            "How",
            "much",
            "memory",
            "?",
            "\u25cf",
            "Each",
            "address",
            "refers",
            "to",
            "one",
            "byte",
            ".",
            "if",
            "your",
            "addresses",
            "are",
            "n",
            "bits",
            "long\u2026",
            "how",
            "many",
            "bytes",
            "can",
            "your",
            "memory",
            "have",
            "?",
            "o",
            "2n",
            "B",
            "\u25cf",
            "machines",
            "with",
            "32-bit",
            "addresses",
            "can",
            "access",
            "232",
            "B",
            "=",
            "4GiB",
            "of",
            "memory",
            "o",
            "with",
            "64-bit",
            "addresses\u2026",
            "16EiB",
            "\u25cf",
            "Remember",
            ":",
            "o",
            "kibi",
            ",",
            "Mebi",
            ",",
            "Gibi",
            ",",
            "Tebi",
            ",",
            "Pebi",
            ",",
            "Exbi",
            "are",
            "powers",
            "of",
            "2",
            "\u25aa",
            "kiB",
            "=",
            "210",
            ",",
            "MiB",
            "=",
            "220",
            ",",
            "GiB",
            "=",
            "230",
            "etc",
            ".",
            "o",
            "kilo",
            ",",
            "mega",
            ",",
            "giga",
            ",",
            "tera",
            ",",
            "peta",
            ",",
            "exa",
            "are",
            "ostensibly",
            "powers",
            "of",
            "10",
            "\u25aa",
            "kB",
            "=",
            "103",
            ",",
            "MB",
            "=",
            "106",
            ",",
            "GB",
            "=",
            "109",
            "etc",
            ".",
            "26"
        ],
        "labels": [
            "O",
            "O",
            "O",
            "O",
            "O",
            "O",
            "O",
            "O",
            "O",
            "O",
            "O",
            "O",
            "O",
            "O",
            "O",
            "O",
            "O",
            "O",
            "O",
            "O",
            "O",
            "O",
            "O",
            "O",
            "O",
            "O",
            "O",
            "O",
            "O",
            "O",
            "O",
            "O",
            "O",
            "O",
            "O",
            "O",
            "O",
            "O",
            "O",
            "O",
            "O",
            "O",
            "O",
            "O",
            "O",
            "O",
            "O",
            "O",
            "O",
            "O",
            "O",
            "O",
            "O",
            "O",
            "O",
            "O",
            "O",
            "O",
            "O",
            "O",
            "O",
            "O",
            "O",
            "O",
            "O",
            "O",
            "O",
            "O",
            "O",
            "O",
            "O",
            "O",
            "O",
            "O",
            "O",
            "O",
            "O",
            "O",
            "O",
            "O",
            "O",
            "O",
            "O",
            "O",
            "O",
            "O",
            "O",
            "O",
            "O",
            "O",
            "O",
            "O",
            "O",
            "O",
            "O",
            "O",
            "O",
            "O",
            "O",
            "O",
            "O",
            "O",
            "O",
            "O",
            "O",
            "O",
            "O",
            "O",
            "O",
            "O",
            "O",
            "O",
            "O"
        ]
    },
    {
        "words": [
            "Words",
            ",",
            "words",
            ",",
            "words",
            "Addr",
            "Val",
            "\u25cf",
            "For",
            "most",
            "things",
            ",",
            "we",
            "want",
            "to",
            "use",
            "words",
            "o",
            "The",
            "``",
            "comfortable",
            "''",
            "integer",
            "size",
            "for",
            "the",
            "CPU",
            "0",
            "00",
            "o",
            "On",
            "this",
            "version",
            "of",
            "MIPS",
            ",",
            "it",
            "'s",
            "32b",
            "(",
            "4B",
            ")",
            "1",
            "30",
            "\u25cf",
            "But",
            "our",
            "memory",
            "only",
            "holds",
            "bytes\u2026",
            "2",
            "04",
            "\u25cf",
            "Combine",
            "multiple",
            "bytes",
            "into",
            "larger",
            "values",
            "3",
            "00",
            "o",
            "The",
            "CPU",
            "can",
            "handle",
            "this",
            "for",
            "us",
            "4",
            "DE",
            "o",
            "But",
            "importantly",
            ",",
            "the",
            "data",
            "is",
            "still",
            "just",
            "bytes",
            "5",
            "C0",
            "\u25cf",
            "When",
            "we",
            "talk",
            "about",
            "values",
            "bigger",
            "than",
            "a",
            "byte\u2026",
            "6",
            "EF",
            "o",
            "The",
            "address",
            "is",
            "the",
            "address",
            "of",
            "their",
            "first",
            "byte",
            "7",
            "BE",
            "\u25aa",
            "The",
            "byte",
            "at",
            "the",
            "smallest",
            "address",
            "8",
            "6C",
            "o",
            "So",
            "what",
            "are",
            "the",
            "addresses",
            "of",
            "the",
            "three",
            "words",
            "here",
            "?",
            "9",
            "34",
            "A",
            "00",
            "B",
            "01",
            "C",
            "02",
            "27"
        ],
        "labels": [
            "O",
            "O",
            "O",
            "O",
            "O",
            "O",
            "O",
            "O",
            "O",
            "O",
            "O",
            "O",
            "O",
            "O",
            "O",
            "O",
            "O",
            "O",
            "O",
            "O",
            "O",
            "O",
            "O",
            "O",
            "O",
            "O",
            "O",
            "O",
            "O",
            "O",
            "O",
            "O",
            "O",
            "O",
            "O",
            "O",
            "O",
            "O",
            "O",
            "O",
            "O",
            "O",
            "O",
            "O",
            "O",
            "O",
            "O",
            "O",
            "O",
            "O",
            "O",
            "O",
            "O",
            "O",
            "O",
            "O",
            "O",
            "O",
            "O",
            "O",
            "O",
            "O",
            "O",
            "O",
            "O",
            "O",
            "O",
            "O",
            "O",
            "O",
            "O",
            "O",
            "O",
            "O",
            "O",
            "O",
            "O",
            "O",
            "O",
            "O",
            "O",
            "O",
            "O",
            "O",
            "O",
            "O",
            "O",
            "O",
            "O",
            "O",
            "O",
            "O",
            "O",
            "O",
            "O",
            "O",
            "O",
            "O",
            "O",
            "O",
            "O",
            "O",
            "O",
            "O",
            "O",
            "O",
            "O",
            "O",
            "O",
            "O",
            "O",
            "O",
            "O",
            "O",
            "O",
            "O",
            "O",
            "O",
            "O",
            "O",
            "O",
            "O",
            "O",
            "O",
            "O",
            "O",
            "O",
            "O",
            "O",
            "O",
            "O",
            "O",
            "O",
            "O",
            "O",
            "O",
            "O",
            "O"
        ]
    },
    {
        "words": [
            "Endianness",
            "28"
        ],
        "labels": [
            "O",
            "O"
        ]
    },
    {
        "words": [
            "A",
            "matter",
            "of",
            "perspective",
            "\u25cf",
            "let",
            "'s",
            "say",
            "there",
            "'s",
            "a",
            "word",
            "at",
            "address",
            "4\u2026",
            "made",
            "of",
            "4",
            "bytes",
            "\u25cf",
            "wh\u2026what",
            "word",
            "do",
            "those",
            "4",
            "bytes",
            "represent",
            "?",
            "Addr",
            "Val",
            "...",
            "...",
            "\u2026is",
            "it",
            "7",
            "DE",
            "\u2026is",
            "it",
            "0xDEC0EFBE",
            "?",
            "6",
            "C0",
            "0xBEEFC0DE",
            "?",
            "5",
            "EF",
            "4",
            "BE",
            "...",
            "...",
            "29"
        ],
        "labels": [
            "O",
            "O",
            "O",
            "O",
            "O",
            "O",
            "O",
            "O",
            "O",
            "O",
            "O",
            "O",
            "O",
            "O",
            "O",
            "O",
            "O",
            "O",
            "O",
            "O",
            "O",
            "O",
            "O",
            "O",
            "O",
            "O",
            "O",
            "O",
            "O",
            "O",
            "O",
            "O",
            "O",
            "O",
            "O",
            "O",
            "O",
            "O",
            "O",
            "O",
            "O",
            "O",
            "O",
            "O",
            "O",
            "O",
            "O",
            "O",
            "O",
            "O",
            "O"
        ]
    },
    {
        "words": [
            "Endianness",
            "\u25cf",
            "when",
            "interpreting",
            "a",
            "sequence",
            "of",
            "bytes",
            "as",
            "larger",
            "values",
            ",",
            "endianness",
            "is",
            "the",
            "rule",
            "used",
            "to",
            "decide",
            "what",
            "order",
            "to",
            "put",
            "the",
            "bytes",
            "in",
            "little-endian",
            "means",
            "0",
            "1",
            "2",
            "3",
            "big-endian",
            "means",
            "the",
            "the",
            "\u201c",
            "LITTLE",
            "address",
            "\u201c",
            "DE",
            "C0",
            "EF",
            "BE",
            "\u201c",
            "BIG",
            "address",
            "''",
            "contains",
            "the",
            "END-byte",
            "contains",
            "the",
            "END-byte",
            "0xBEEFC0DE",
            "0xDEC0EFBE",
            "nothing",
            "to",
            "do",
            "with",
            "value",
            "of",
            "bytes",
            ",",
            "only",
            "order",
            "30"
        ],
        "labels": [
            "O",
            "O",
            "O",
            "O",
            "O",
            "O",
            "O",
            "O",
            "O",
            "O",
            "O",
            "O",
            "O",
            "O",
            "O",
            "O",
            "O",
            "O",
            "O",
            "O",
            "O",
            "O",
            "O",
            "O",
            "O",
            "O",
            "O",
            "O",
            "O",
            "O",
            "O",
            "O",
            "O",
            "O",
            "O",
            "O",
            "O",
            "O",
            "O",
            "O",
            "O",
            "O",
            "O",
            "O",
            "O",
            "O",
            "O",
            "O",
            "O",
            "O",
            "O",
            "O",
            "O",
            "O",
            "O",
            "O",
            "O",
            "O",
            "O",
            "O",
            "O",
            "O",
            "O",
            "O",
            "O",
            "O",
            "O"
        ]
    },
    {
        "words": [
            "Which",
            "is",
            "better",
            ":",
            "little",
            "or",
            "big",
            "?",
            "\u25cf",
            "it",
            "does",
            "n't",
            "matter",
            ".",
            "*",
            "as",
            "long",
            "as",
            "you",
            "'re",
            "consistent",
            ",",
            "it",
            "'s",
            "fine",
            "\u25cf",
            "for",
            "political",
            "reasons",
            ",",
            "most",
            "computers",
            "today",
            "are",
            "little-endian",
            "(",
            "x86",
            ")",
            "\u25cf",
            "but",
            "endianness",
            "pops",
            "up",
            "whenever",
            "you",
            "have",
            "sequences",
            "of",
            "bytes",
            ":",
            "o",
            "like",
            "in",
            "files",
            "o",
            "or",
            "networks",
            "o",
            "or",
            "hardware",
            "buses",
            "o",
            "or\u2026",
            "memory",
            "!",
            "\u25cf",
            "which",
            "one",
            "is",
            "MIPS",
            "?",
            "o",
            "it",
            "'s",
            "bi-endian",
            ",",
            "meaning",
            "it",
            "can",
            "be",
            "configured",
            "to",
            "work",
            "either",
            "way",
            "o",
            "but",
            "MARS",
            "uses",
            "the",
            "endianness",
            "of",
            "the",
            "computer",
            "it",
            "'s",
            "running",
            "on",
            "\u25aa",
            "so",
            "little-endian",
            "for",
            "virtually",
            "everyone",
            "\u2013",
            "cause",
            "x86",
            "\u2013",
            "Apple",
            "sillycone",
            "will",
            "use",
            "a",
            "bi-endien",
            "architecture",
            ":",
            "ARM",
            "architecture",
            "*",
            "big",
            "endian",
            "is",
            "better",
            "31"
        ],
        "labels": [
            "O",
            "O",
            "O",
            "O",
            "O",
            "O",
            "O",
            "O",
            "O",
            "O",
            "O",
            "O",
            "O",
            "O",
            "O",
            "O",
            "O",
            "O",
            "O",
            "O",
            "O",
            "O",
            "O",
            "O",
            "O",
            "O",
            "O",
            "O",
            "O",
            "O",
            "O",
            "O",
            "O",
            "O",
            "O",
            "O",
            "O",
            "O",
            "O",
            "O",
            "O",
            "O",
            "O",
            "O",
            "O",
            "O",
            "O",
            "O",
            "O",
            "O",
            "O",
            "O",
            "O",
            "O",
            "O",
            "O",
            "O",
            "O",
            "O",
            "O",
            "O",
            "O",
            "O",
            "O",
            "O",
            "O",
            "O",
            "O",
            "O",
            "O",
            "O",
            "O",
            "O",
            "O",
            "O",
            "O",
            "O",
            "O",
            "O",
            "O",
            "O",
            "O",
            "O",
            "O",
            "O",
            "O",
            "O",
            "O",
            "O",
            "O",
            "O",
            "O",
            "O",
            "O",
            "O",
            "O",
            "O",
            "O",
            "O",
            "O",
            "O",
            "O",
            "O",
            "O",
            "O",
            "O",
            "O",
            "O",
            "O",
            "O",
            "O",
            "O",
            "O",
            "O",
            "O",
            "O",
            "O",
            "O",
            "O",
            "O",
            "O",
            "O",
            "O",
            "O"
        ]
    },
    {
        "words": [
            "What",
            "DOES",
            "N'T",
            "endianness",
            "affect",
            "?",
            "\u00d7",
            "the",
            "arrangement",
            "of",
            "the",
            "bits",
            "within",
            "a",
            "byte",
            "0xBEEFC0DE",
            "o",
            "it",
            "just",
            "changes",
            "meaning",
            "of",
            "order",
            "of",
            "the",
            "bytes",
            "0xED0CFEEB",
            "\u25aa",
            "note",
            "the",
            "bytes",
            "are",
            "still",
            "DE",
            ",",
            "C0",
            "etc",
            ".",
            "\u00d7",
            "1-byte",
            "values",
            ",",
            "arrays",
            "of",
            "bytes",
            ",",
            "ASCII",
            "strings\u2026",
            "0xDEC0EFBE",
            "o",
            "single",
            "bytes",
            "don",
            "\u2019",
            "t",
            "care",
            "about",
            "endianness",
            "at",
            "all",
            "\u00d7",
            "the",
            "ordering",
            "of",
            "bytes",
            "inside",
            "the",
            "CPU",
            "l",
            "l",
            "e",
            "H",
            "o",
            "o",
            "there",
            "'s",
            "no",
            "need",
            "for",
            "e.g",
            ".",
            "``",
            "big-endian",
            "''",
            "arithmetic",
            "H",
            "e",
            "l",
            "l",
            "o",
            "o",
            "the",
            "CPU",
            "works",
            "with",
            "whole",
            "words",
            "\u25cf",
            "endianness",
            "only",
            "affects",
            "moving/splitting",
            "data",
            ":",
            "o",
            "larger",
            "than",
            "single",
            "bytes",
            "o",
            "between",
            "the",
            "CPU",
            "and",
            "memory",
            "o",
            "or",
            "between",
            "multiple",
            "computers",
            "32"
        ],
        "labels": [
            "O",
            "O",
            "O",
            "O",
            "O",
            "O",
            "O",
            "O",
            "O",
            "O",
            "O",
            "O",
            "O",
            "O",
            "O",
            "O",
            "O",
            "O",
            "O",
            "O",
            "O",
            "O",
            "O",
            "O",
            "O",
            "O",
            "O",
            "O",
            "O",
            "O",
            "O",
            "O",
            "O",
            "O",
            "O",
            "O",
            "O",
            "O",
            "O",
            "O",
            "O",
            "O",
            "O",
            "O",
            "O",
            "O",
            "O",
            "O",
            "O",
            "O",
            "O",
            "O",
            "O",
            "O",
            "O",
            "O",
            "O",
            "O",
            "O",
            "O",
            "O",
            "O",
            "O",
            "O",
            "O",
            "O",
            "O",
            "O",
            "O",
            "O",
            "O",
            "O",
            "O",
            "O",
            "O",
            "O",
            "O",
            "O",
            "O",
            "O",
            "O",
            "O",
            "O",
            "O",
            "O",
            "O",
            "O",
            "O",
            "O",
            "O",
            "O",
            "O",
            "O",
            "O",
            "O",
            "O",
            "O",
            "O",
            "O",
            "O",
            "O",
            "O",
            "O",
            "O",
            "O",
            "O",
            "O",
            "O",
            "O",
            "O",
            "O",
            "O",
            "O",
            "O",
            "O",
            "O",
            "O",
            "O",
            "O",
            "O",
            "O"
        ]
    },
    {
        "words": [
            "Summary",
            "33"
        ],
        "labels": [
            "O",
            "O"
        ]
    }
]