[
    {
        "words": [
            "#",
            "5",
            "CS",
            "0447",
            "Introduction",
            "to",
            "Computer",
            "Programming",
            "Arrays",
            "Lu\u00eds",
            "Oliveira",
            "Original",
            "slides",
            "by",
            ":",
            "Jarrett",
            "Billingsley",
            "Modified",
            "with",
            "bits",
            "from",
            ":",
            "Bruce",
            "Childers",
            ",",
            "David",
            "Wilkinson",
            "Fall",
            "2020"
        ],
        "labels": [
            "O",
            "O",
            "O",
            "O",
            "O",
            "O",
            "O",
            "O",
            "O",
            "O",
            "O",
            "O",
            "O",
            "O",
            "O",
            "O",
            "O",
            "O",
            "O",
            "O",
            "O",
            "O",
            "O",
            "O",
            "O",
            "O",
            "O",
            "O",
            "O"
        ]
    },
    {
        "words": [
            "Arrays",
            "and",
            "Addresses",
            "2"
        ],
        "labels": [
            "O",
            "O",
            "O",
            "O"
        ]
    },
    {
        "words": [
            "Strings",
            ",",
            "arrays",
            ",",
            "objects\u2026",
            "Addr",
            "Val",
            "\u25cf",
            "When",
            "we",
            "wanted",
            "to",
            "store",
            "4-byte",
            "values\u2026",
            "o",
            "We",
            "split",
            "them",
            "up",
            "across",
            "consecutive",
            "bytes",
            "0",
            "00",
            "\u25cf",
            "What",
            "about",
            "a",
            "string",
            "?",
            "1",
            "30",
            "o",
            "How",
            "is",
            "a",
            "string",
            "represented",
            "?",
            "2",
            "04",
            "o",
            "How",
            "many",
            "bytes",
            "is",
            "a",
            "string",
            "?",
            "3",
            "00",
            "\u25aa",
            "Might",
            "be",
            "thousands",
            "or",
            "millions",
            "of",
            "characters",
            "4",
            "DE",
            "\u25cf",
            "Any",
            "array",
            "might",
            "be",
            "that",
            "big",
            "too",
            "5",
            "C0",
            "\u25cf",
            "The",
            "solution",
            "to",
            "storing",
            "it",
            "in",
            "memory",
            "is",
            "the",
            "same",
            "6",
            "EF",
            "o",
            "but",
            "how",
            "do",
            "you",
            "access",
            "these",
            "big",
            "things",
            "7",
            "BE",
            "\u25aa",
            "they",
            "do",
            "n't",
            "fit",
            "in",
            "registers",
            "!",
            "8",
            "6C",
            "\u2013",
            "ssssssssooooooooooooooooooooooooooo\u2026",
            "9",
            "34",
            "A",
            "00",
            "B",
            "01",
            "C",
            "02",
            "3"
        ],
        "labels": [
            "O",
            "O",
            "O",
            "O",
            "O",
            "O",
            "O",
            "O",
            "O",
            "O",
            "O",
            "O",
            "O",
            "O",
            "O",
            "O",
            "O",
            "O",
            "O",
            "O",
            "O",
            "O",
            "O",
            "O",
            "O",
            "O",
            "O",
            "O",
            "O",
            "O",
            "O",
            "O",
            "O",
            "O",
            "O",
            "O",
            "O",
            "O",
            "O",
            "O",
            "O",
            "O",
            "O",
            "O",
            "O",
            "O",
            "O",
            "O",
            "O",
            "O",
            "O",
            "O",
            "O",
            "O",
            "O",
            "O",
            "O",
            "O",
            "O",
            "O",
            "O",
            "O",
            "O",
            "O",
            "O",
            "O",
            "O",
            "O",
            "O",
            "O",
            "O",
            "O",
            "O",
            "O",
            "O",
            "O",
            "O",
            "O",
            "O",
            "O",
            "O",
            "O",
            "O",
            "O",
            "O",
            "O",
            "O",
            "O",
            "O",
            "O",
            "O",
            "O",
            "O",
            "O",
            "O",
            "O",
            "O",
            "O",
            "O",
            "O",
            "O",
            "O",
            "O",
            "O",
            "O",
            "O",
            "O",
            "O",
            "O",
            "O",
            "O",
            "O",
            "O",
            "O",
            "O",
            "O",
            "O"
        ]
    },
    {
        "words": [
            "What",
            "'s",
            "an",
            "array",
            "?",
            "Addr",
            "Val",
            "\u25cf",
            "If",
            "we",
            "did",
            "this",
            "in",
            "C",
            "or",
            "Java",
            ":",
            "...",
            "...",
            "byte",
            "[",
            "]",
            "arr",
            "=",
            "{",
            "1",
            ",",
            "2",
            ",",
            "3",
            ",",
            "4",
            ",",
            "5",
            ",",
            "...",
            "}",
            ";",
            "\u25cf",
            "In",
            "memory",
            "it",
            "might",
            "look",
            "like",
            "this",
            "F405",
            "06",
            "\u25cf",
            "What",
            "memory",
            "address",
            "is",
            "arr",
            "[",
            "0",
            "]",
            "at",
            "?",
            "F404",
            "05",
            "o",
            "What",
            "about",
            "arr",
            "[",
            "1",
            "]",
            "?",
            "F403",
            "04",
            "o",
            "What",
            "about",
            "arr",
            "[",
            "2",
            "]",
            "?",
            "F402",
            "03",
            "o",
            "What",
            "about",
            "arr",
            "[",
            "3",
            "]",
            "?",
            "F401",
            "02",
            "\u25cf",
            "If",
            "an",
            "array",
            "starts",
            "at",
            "memory",
            "address",
            "A\u2026",
            "o",
            "\u2026then",
            "item",
            "n",
            "is",
            "at",
            "address",
            "?",
            "F400",
            "01",
            "oA+n",
            "\u25aa",
            "Not",
            "really",
            "\u25aa",
            "Remember",
            "what",
            "we",
            "talked",
            "about",
            "last",
            "class",
            "?",
            "4"
        ],
        "labels": [
            "O",
            "O",
            "O",
            "O",
            "O",
            "O",
            "O",
            "O",
            "O",
            "O",
            "O",
            "O",
            "O",
            "O",
            "O",
            "O",
            "O",
            "O",
            "O",
            "O",
            "O",
            "O",
            "O",
            "O",
            "O",
            "O",
            "O",
            "O",
            "O",
            "O",
            "O",
            "O",
            "O",
            "O",
            "O",
            "O",
            "O",
            "O",
            "O",
            "O",
            "O",
            "O",
            "O",
            "O",
            "O",
            "O",
            "O",
            "O",
            "O",
            "O",
            "O",
            "O",
            "O",
            "O",
            "O",
            "O",
            "O",
            "O",
            "O",
            "O",
            "O",
            "O",
            "O",
            "O",
            "O",
            "O",
            "O",
            "O",
            "O",
            "O",
            "O",
            "O",
            "O",
            "O",
            "O",
            "O",
            "O",
            "O",
            "O",
            "O",
            "O",
            "O",
            "O",
            "O",
            "O",
            "O",
            "O",
            "O",
            "O",
            "O",
            "O",
            "O",
            "O",
            "O",
            "O",
            "O",
            "O",
            "O",
            "O",
            "O",
            "O",
            "O",
            "O",
            "O",
            "O",
            "O",
            "O",
            "O",
            "O",
            "O",
            "O",
            "O",
            "O",
            "O",
            "O",
            "O",
            "O",
            "O",
            "O",
            "O",
            "O",
            "O",
            "O",
            "O"
        ]
    },
    {
        "words": [
            "What",
            "if",
            "the",
            "array",
            "contains",
            "ints",
            "?",
            "Addr",
            "Val",
            "\u25cf",
            "If",
            "we",
            "did",
            "this",
            ":",
            "F40B",
            "00",
            "int",
            "[",
            "]",
            "arr",
            "=",
            "{",
            "1",
            ",",
            "2",
            ",",
            "3",
            "}",
            ";",
            "F40A",
            "00",
            "\u25cf",
            "In",
            "memory",
            "it",
            "'d",
            "look",
            "like",
            "this",
            "F409",
            "00",
            "o",
            "Why",
            "are",
            "there",
            "all",
            "these",
            "0s",
            "?",
            "F408",
            "03",
            "o",
            "What",
            "endianness",
            "is",
            "being",
            "used",
            "here",
            "?",
            "\u25aa",
            "Is",
            "the",
            "End-byte",
            "(",
            "LSB",
            ")",
            "F407",
            "00",
            "in",
            "the",
            "Little",
            "or",
            "in",
            "the",
            "Big",
            "memory",
            "address",
            "?",
            "F406",
            "00",
            "\u25cf",
            "What",
            "memory",
            "address",
            "is",
            "arr",
            "[",
            "1",
            "]",
            "at",
            "?",
            "arr",
            "[",
            "2",
            "]",
            "?",
            "F405",
            "00",
            "\u25cf",
            "If",
            "an",
            "array",
            "starts",
            "at",
            "memory",
            "address",
            "A\u2026",
            "F404",
            "02",
            "o",
            "\u2026and",
            "each",
            "item",
            "is",
            "b",
            "bytes",
            "long\u2026",
            "F403",
            "00",
            "o",
            "\u2026then",
            "item",
            "n",
            "is",
            "at",
            "address",
            "A",
            "+",
            "(",
            "n",
            "\u00d7",
            "b",
            ")",
            "F402",
            "00",
            "\u25aa",
            "On",
            "the",
            "last",
            "slide",
            ",",
            "b",
            "happened",
            "to",
            "be",
            "1",
            "F401",
            "00",
            "\u2013",
            "Tricky",
            "tricky",
            "F400",
            "01",
            "5"
        ],
        "labels": [
            "O",
            "O",
            "O",
            "O",
            "O",
            "O",
            "O",
            "O",
            "O",
            "O",
            "O",
            "O",
            "O",
            "O",
            "O",
            "O",
            "O",
            "O",
            "O",
            "O",
            "O",
            "O",
            "O",
            "O",
            "O",
            "O",
            "O",
            "O",
            "O",
            "O",
            "O",
            "O",
            "O",
            "O",
            "O",
            "O",
            "O",
            "O",
            "O",
            "O",
            "O",
            "O",
            "O",
            "O",
            "O",
            "O",
            "O",
            "O",
            "O",
            "O",
            "O",
            "O",
            "O",
            "O",
            "O",
            "O",
            "O",
            "O",
            "O",
            "O",
            "O",
            "O",
            "O",
            "O",
            "O",
            "O",
            "O",
            "O",
            "O",
            "O",
            "O",
            "O",
            "O",
            "O",
            "O",
            "O",
            "O",
            "O",
            "O",
            "O",
            "O",
            "O",
            "O",
            "O",
            "O",
            "O",
            "O",
            "O",
            "O",
            "O",
            "O",
            "O",
            "O",
            "O",
            "O",
            "O",
            "O",
            "O",
            "O",
            "O",
            "O",
            "O",
            "O",
            "O",
            "O",
            "O",
            "O",
            "O",
            "O",
            "O",
            "O",
            "O",
            "O",
            "O",
            "O",
            "O",
            "O",
            "O",
            "O",
            "O",
            "O",
            "O",
            "O",
            "O",
            "O",
            "O",
            "O",
            "O",
            "O",
            "O",
            "O",
            "O",
            "O",
            "O",
            "O",
            "O",
            "O",
            "O",
            "O",
            "O",
            "O",
            "O",
            "O",
            "O",
            "O",
            "O",
            "O",
            "O",
            "O",
            "O",
            "O",
            "O",
            "O",
            "O",
            "O"
        ]
    },
    {
        "words": [
            "Accessing",
            "arrays",
            "\u25cf",
            "If",
            "you",
            "wan",
            "na",
            "print",
            "all",
            "the",
            "values",
            "in",
            "an",
            "array",
            ",",
            "how",
            "do",
            "?",
            "?",
            "for",
            "(",
            "int",
            "i",
            "=",
            "0",
            ";",
            "i",
            "<",
            "length",
            ";",
            "i++",
            ")",
            "print",
            "(",
            "data",
            "[",
            "i",
            "]",
            ")",
            ";",
            "\u25cf",
            "Let",
            "'s",
            "focus",
            "on",
            "^this",
            "bit^",
            "for",
            "now",
            "\u25cf",
            "Data",
            "is",
            "an",
            "array",
            "of",
            "words",
            ",",
            "so",
            "how",
            "big",
            "is",
            "each",
            "item",
            "?",
            "\u25cf",
            "In",
            "this",
            "calculation",
            ",",
            "what",
            "is",
            "A",
            "?",
            "b",
            "?",
            "n",
            "?",
            "\u25cf",
            "So",
            "what",
            "'s",
            "the",
            "address",
            "calculation",
            "?",
            "o",
            "Address",
            "of",
            "item",
            "i",
            "=",
            "data",
            "+",
            "(",
            "i",
            "*",
            "4",
            ")",
            "\u25aa",
            "Do",
            "you",
            "think",
            "you",
            "could",
            "convert",
            "that",
            "into",
            "assembly",
            "?",
            "\u2013",
            "Well",
            "we",
            "have",
            "n't",
            "done",
            "the",
            "loop",
            "yet\u2026",
            "\u00bb",
            "But",
            "we",
            "'ll",
            "get",
            "to",
            "that",
            "6"
        ],
        "labels": [
            "O",
            "O",
            "O",
            "O",
            "O",
            "O",
            "O",
            "O",
            "O",
            "O",
            "O",
            "O",
            "O",
            "O",
            "O",
            "O",
            "O",
            "O",
            "O",
            "O",
            "O",
            "O",
            "O",
            "O",
            "O",
            "O",
            "O",
            "O",
            "O",
            "O",
            "O",
            "O",
            "O",
            "O",
            "O",
            "O",
            "O",
            "O",
            "O",
            "O",
            "O",
            "O",
            "O",
            "O",
            "O",
            "O",
            "O",
            "O",
            "O",
            "O",
            "O",
            "O",
            "O",
            "O",
            "O",
            "O",
            "O",
            "O",
            "O",
            "O",
            "O",
            "O",
            "O",
            "O",
            "O",
            "O",
            "O",
            "O",
            "O",
            "O",
            "O",
            "O",
            "O",
            "O",
            "O",
            "O",
            "O",
            "O",
            "O",
            "O",
            "O",
            "O",
            "O",
            "O",
            "O",
            "O",
            "O",
            "O",
            "O",
            "O",
            "O",
            "O",
            "O",
            "O",
            "O",
            "O",
            "O",
            "O",
            "O",
            "O",
            "O",
            "O",
            "O",
            "O",
            "O",
            "O",
            "O",
            "O",
            "O",
            "O",
            "O",
            "O",
            "O",
            "O",
            "O",
            "O",
            "O",
            "O",
            "O",
            "O",
            "O",
            "O",
            "O",
            "O",
            "O",
            "O"
        ]
    },
    {
        "words": [
            "Accessing",
            "arrays",
            "in",
            "MIPS",
            "7"
        ],
        "labels": [
            "O",
            "O",
            "O",
            "O",
            "O"
        ]
    },
    {
        "words": [
            "Making",
            "arrays",
            "in",
            "MIPS",
            "\u25cf",
            "First",
            "you",
            "need",
            "to",
            "make",
            "space",
            "for",
            "it",
            "just",
            "like",
            "a",
            "variable",
            "o",
            "How",
            "did",
            "we",
            "write",
            "that",
            "variable",
            "?",
            "x",
            ":",
            ".word",
            "4",
            "#",
            "static",
            "int",
            "x=4",
            ";",
            "\u25cf",
            "For",
            "a",
            "small",
            "array",
            "you",
            "can",
            "list",
            "all",
            "the",
            "values",
            ":",
            "little_array",
            ":",
            ".word",
            "1",
            ",",
            "2",
            ",",
            "3",
            ",",
            "4",
            "\u25cf",
            "But",
            "for",
            "a",
            "big",
            "array",
            ",",
            "that",
            "would",
            "be",
            "annoying",
            "\u25cf",
            "So",
            "you",
            "can",
            "write",
            ":",
            "big_array",
            ":",
            ".word",
            "0xBEEFC0DE:100",
            "\u25cf",
            "This",
            "fills",
            "the",
            "array",
            "with",
            "100",
            "copies",
            "of",
            "0xBEEFC0DE",
            "\u25cf",
            "Notice",
            "how",
            "similar",
            "these",
            "look",
            "to",
            "variables",
            "o",
            "(",
            "that",
            "'s",
            "cause",
            "there",
            "'s",
            "not",
            "really",
            "any",
            "difference",
            ")",
            "8"
        ],
        "labels": [
            "O",
            "O",
            "O",
            "O",
            "O",
            "O",
            "O",
            "O",
            "O",
            "O",
            "O",
            "O",
            "O",
            "O",
            "O",
            "O",
            "O",
            "O",
            "O",
            "O",
            "O",
            "O",
            "O",
            "O",
            "O",
            "O",
            "O",
            "O",
            "O",
            "O",
            "O",
            "O",
            "O",
            "O",
            "O",
            "O",
            "O",
            "O",
            "O",
            "O",
            "O",
            "O",
            "O",
            "O",
            "O",
            "O",
            "O",
            "O",
            "O",
            "O",
            "O",
            "O",
            "O",
            "O",
            "O",
            "O",
            "O",
            "O",
            "O",
            "O",
            "O",
            "O",
            "O",
            "O",
            "O",
            "O",
            "O",
            "O",
            "O",
            "O",
            "O",
            "O",
            "O",
            "O",
            "O",
            "O",
            "O",
            "O",
            "O",
            "O",
            "O",
            "O",
            "O",
            "O",
            "O",
            "O",
            "O",
            "O",
            "O",
            "O",
            "O",
            "O",
            "O",
            "O",
            "O",
            "O",
            "O",
            "O",
            "O",
            "O",
            "O",
            "O",
            "O",
            "O",
            "O",
            "O",
            "O",
            "O"
        ]
    },
    {
        "words": [
            "MIPS",
            "ISA",
            ":",
            "putting",
            "a",
            "variable",
            "'s",
            "address",
            "in",
            "a",
            "register",
            "\u25cf",
            "If",
            "the",
            "address",
            "calculation",
            "needs",
            "the",
            "address",
            "of",
            "the",
            "array\u2026",
            "o",
            "We",
            "'ve",
            "got",
            "ta",
            "get",
            "that",
            "address",
            "into",
            "a",
            "register",
            "right",
            "?",
            "\u25aa",
            "Ca",
            "n't",
            "add",
            "something",
            "unless",
            "it",
            "'s",
            "in",
            "registers",
            "\u25cf",
            "Remember",
            "what",
            "the",
            "la",
            "instruction",
            "does",
            "?",
            "la",
            "t0",
            ",",
            "little_array",
            "\u25cf",
            "la",
            "means",
            "load",
            "address",
            "o",
            "it",
            "does",
            "n't",
            "load",
            "anything",
            "from",
            "memory",
            ".",
            "o",
            "Only",
            "lw/lh/lhu/lb/lbu",
            "load",
            "from",
            "memory",
            "o",
            "All",
            "the",
            "other",
            "``",
            "loads",
            "''",
            "(",
            "li",
            ",",
            "la",
            ")",
            "just",
            "``",
            "put",
            "a",
            "value",
            "in",
            "a",
            "register",
            "''",
            "\u25cf",
            "What",
            "it",
            "does",
            ":",
            "t0",
            "now",
            "contains",
            "little_array",
            "'s",
            "address",
            "9"
        ],
        "labels": [
            "O",
            "O",
            "O",
            "O",
            "O",
            "O",
            "O",
            "O",
            "O",
            "O",
            "O",
            "O",
            "O",
            "O",
            "O",
            "O",
            "O",
            "O",
            "O",
            "O",
            "O",
            "O",
            "O",
            "O",
            "O",
            "O",
            "O",
            "O",
            "O",
            "O",
            "O",
            "O",
            "O",
            "O",
            "O",
            "O",
            "O",
            "O",
            "O",
            "O",
            "O",
            "O",
            "O",
            "O",
            "O",
            "O",
            "O",
            "O",
            "O",
            "O",
            "O",
            "O",
            "O",
            "O",
            "O",
            "O",
            "O",
            "O",
            "O",
            "O",
            "O",
            "O",
            "O",
            "O",
            "O",
            "O",
            "O",
            "O",
            "O",
            "O",
            "O",
            "O",
            "O",
            "O",
            "O",
            "O",
            "O",
            "O",
            "O",
            "O",
            "O",
            "O",
            "O",
            "O",
            "O",
            "O",
            "O",
            "O",
            "O",
            "O",
            "O",
            "O",
            "O",
            "O",
            "O",
            "O",
            "O",
            "O",
            "O",
            "O",
            "O",
            "O",
            "O",
            "O",
            "O",
            "O",
            "O",
            "O",
            "O",
            "O"
        ]
    },
    {
        "words": [
            "Accessing",
            "arrays",
            "in",
            "MIPS",
            "(",
            "let",
            "'s",
            "do",
            "it",
            "together",
            ")",
            "\u25cf",
            "We",
            "want",
            "to",
            "print",
            "out",
            "the",
            "value",
            "in",
            "my_array",
            "[",
            "3",
            "]",
            ".",
            "my_array",
            ":",
            ".word",
            "1",
            ",",
            "2",
            ",",
            "3",
            ",",
            "4",
            "\u25cf",
            "What",
            "'s",
            "the",
            "address",
            "calculation",
            "?",
            "\u25cf",
            "Now",
            "turn",
            "that",
            "into",
            "MIPS",
            "o",
            "Let",
            "'s",
            "come",
            "up",
            "with",
            "the",
            "instructions",
            "first",
            "\u25aa",
            "And",
            "then",
            "decide",
            "which",
            "registers",
            "to",
            "use",
            "o",
            "How",
            "do",
            "we",
            "put",
            "the",
            "address",
            "of",
            "my_array",
            "in",
            "a",
            "register",
            "?",
            "o",
            "Now",
            "to",
            "translate",
            "the",
            "math",
            "o",
            "Now",
            "we",
            "have",
            "the",
            "address",
            ";",
            "how",
            "do",
            "we",
            "get",
            "the",
            "value",
            "?",
            "o",
            "How",
            "do",
            "we",
            "print",
            "it",
            "out",
            "?",
            "\u25cf",
            "If",
            "we",
            "want",
            "to",
            "store",
            "a",
            "value",
            "into",
            "the",
            "array\u2026",
            "o",
            "We",
            "just",
            "use",
            "a",
            "store",
            "instruction",
            "instead",
            "of",
            "a",
            "load",
            "Check",
            "code",
            "example",
            "array_ex1.asm",
            "10"
        ],
        "labels": [
            "O",
            "O",
            "O",
            "O",
            "O",
            "O",
            "O",
            "O",
            "O",
            "O",
            "O",
            "O",
            "O",
            "O",
            "O",
            "O",
            "O",
            "O",
            "O",
            "O",
            "O",
            "O",
            "O",
            "O",
            "O",
            "O",
            "O",
            "O",
            "O",
            "O",
            "O",
            "O",
            "O",
            "O",
            "O",
            "O",
            "O",
            "O",
            "O",
            "O",
            "O",
            "O",
            "O",
            "O",
            "O",
            "O",
            "O",
            "O",
            "O",
            "O",
            "O",
            "O",
            "O",
            "O",
            "O",
            "O",
            "O",
            "O",
            "O",
            "O",
            "O",
            "O",
            "O",
            "O",
            "O",
            "O",
            "O",
            "O",
            "O",
            "O",
            "O",
            "O",
            "O",
            "O",
            "O",
            "O",
            "O",
            "O",
            "O",
            "O",
            "O",
            "O",
            "O",
            "O",
            "O",
            "O",
            "O",
            "O",
            "O",
            "O",
            "O",
            "O",
            "O",
            "O",
            "O",
            "O",
            "O",
            "O",
            "O",
            "O",
            "O",
            "O",
            "O",
            "O",
            "O",
            "O",
            "O",
            "O",
            "O",
            "O",
            "O",
            "O",
            "O",
            "O",
            "O",
            "O",
            "O",
            "O",
            "O",
            "O",
            "O",
            "O",
            "O",
            "O",
            "O",
            "O",
            "O",
            "O",
            "O",
            "O",
            "O",
            "O",
            "O"
        ]
    },
    {
        "words": [
            "How",
            "does",
            "the",
            "CPU",
            "know",
            "that",
            "t0",
            "holds",
            "an",
            "address",
            "?",
            "\u25cf",
            "WHAT",
            "DO",
            "YOU",
            "THINK",
            "o",
            "IT",
            "DOESN",
            "\u2019",
            "T",
            "\u25cf",
            "Addresses",
            "are",
            "just",
            "numbers",
            "too",
            "!",
            "!",
            "o",
            "Which",
            "is",
            "good",
            "!",
            "It",
            "means",
            "we",
            "can",
            "do",
            "math",
            "on",
            "addresses",
            "\u25aa",
            "As",
            "we",
            "just",
            "did",
            "\u25aa",
            "That",
            "'s",
            "how",
            "arrays",
            "and",
            "strings",
            "and",
            "stuff",
            "work",
            "\u25cf",
            "You",
            "can",
            "also",
            "have",
            "a",
            "variable",
            "whose",
            "value",
            "is",
            "an",
            "address",
            "o",
            "Hey",
            "\u25aa",
            "449",
            "students",
            "\u2013",
            "What",
            "are",
            "these",
            "called",
            "?",
            "\u00bb",
            "Pointers",
            "(",
            "&",
            "is",
            "like",
            "la",
            ",",
            "*",
            "is",
            "like",
            "lw/sw",
            ")",
            "11"
        ],
        "labels": [
            "O",
            "O",
            "O",
            "O",
            "O",
            "O",
            "O",
            "O",
            "O",
            "O",
            "O",
            "O",
            "O",
            "O",
            "O",
            "O",
            "O",
            "O",
            "O",
            "O",
            "O",
            "O",
            "O",
            "O",
            "O",
            "O",
            "O",
            "O",
            "O",
            "O",
            "O",
            "O",
            "O",
            "O",
            "O",
            "O",
            "O",
            "O",
            "O",
            "O",
            "O",
            "O",
            "O",
            "O",
            "O",
            "O",
            "O",
            "O",
            "O",
            "O",
            "O",
            "O",
            "O",
            "O",
            "O",
            "O",
            "O",
            "O",
            "O",
            "O",
            "O",
            "O",
            "O",
            "O",
            "O",
            "O",
            "O",
            "O",
            "O",
            "O",
            "O",
            "O",
            "O",
            "O",
            "O",
            "O",
            "O",
            "O",
            "O",
            "O",
            "O",
            "O",
            "O",
            "O",
            "O",
            "O",
            "O",
            "O",
            "O",
            "O",
            "O",
            "O",
            "O",
            "O"
        ]
    },
    {
        "words": [
            "Watch",
            "out",
            "Addr",
            "Val",
            "\u25cf",
            "Let",
            "'s",
            "remove",
            "the",
            "mul",
            "instruction",
            "F40B",
            "00",
            "o",
            "``",
            "fetch",
            "address",
            "not",
            "aligned",
            "on",
            "word",
            "boundary",
            "''",
            "?",
            "\u25cf",
            "In",
            "MIPS",
            ",",
            "all",
            "memory",
            "accesses",
            "must",
            "be",
            "aligned",
            "F40A",
            "00",
            "\u25cf",
            "Alignment",
            "is",
            "just",
            ":",
            "F409",
            "00",
            "o",
            "the",
            "address",
            "of",
            "a",
            "n-byte",
            "value",
            "F408",
            "03",
            "must",
            "be",
            "a",
            "multiple",
            "of",
            "n",
            "F407",
            "00",
            "o",
            "so",
            "for",
            "4-byte",
            "words\u2026",
            "F406",
            "00",
            "\u25cf",
            "that",
            "'s",
            "it",
            ",",
            "that",
            "'s",
            "all",
            ",",
            "there",
            "'s",
            "nothing",
            "more",
            "to",
            "it",
            "F405",
            "00",
            "o",
            "it",
            "'s",
            "not",
            "scary",
            "F404",
            "02",
            "F403",
            "00",
            "F402",
            "00",
            "F401",
            "00",
            "F400",
            "01",
            "12"
        ],
        "labels": [
            "O",
            "O",
            "O",
            "O",
            "O",
            "O",
            "O",
            "O",
            "O",
            "O",
            "O",
            "O",
            "O",
            "O",
            "O",
            "O",
            "O",
            "O",
            "O",
            "O",
            "O",
            "O",
            "O",
            "O",
            "O",
            "O",
            "O",
            "O",
            "O",
            "O",
            "O",
            "O",
            "O",
            "O",
            "O",
            "O",
            "O",
            "O",
            "O",
            "O",
            "O",
            "O",
            "O",
            "O",
            "O",
            "O",
            "O",
            "O",
            "O",
            "O",
            "O",
            "O",
            "O",
            "O",
            "O",
            "O",
            "O",
            "O",
            "O",
            "O",
            "O",
            "O",
            "O",
            "O",
            "O",
            "O",
            "O",
            "O",
            "O",
            "O",
            "O",
            "O",
            "O",
            "O",
            "O",
            "O",
            "O",
            "O",
            "O",
            "O",
            "O",
            "O",
            "O",
            "O",
            "O",
            "O",
            "O",
            "O",
            "O",
            "O",
            "O",
            "O",
            "O",
            "O",
            "O",
            "O",
            "O",
            "O",
            "O",
            "O"
        ]
    },
    {
        "words": [
            "What",
            "about",
            "strings",
            "?",
            "\u25cf",
            "Strings",
            "are",
            "also",
            "arrays",
            ":",
            "string",
            ":",
            ".asciiz",
            "\u201c",
            "Test",
            "\u201d",
            "o",
            "The",
            "z",
            "means",
            "it",
            "has",
            "a",
            "zero",
            "terminator",
            "o",
            "The",
            "same",
            "as",
            ":",
            "string",
            ":",
            ".byte",
            "84",
            ",",
            "101",
            ",",
            "115",
            ",",
            "116",
            ",",
            "0",
            "\u25cf",
            "Be",
            "careful",
            "with",
            ":",
            "string",
            ":",
            ".ascii",
            "\u201c",
            "Test",
            "\u201d",
            "o",
            "If",
            "you",
            "print",
            "an",
            "unterminated",
            "string",
            ",",
            "strange",
            "things",
            "happen",
            "!",
            "o",
            "The",
            "same",
            "as",
            ":",
            "string",
            ":",
            ".byte",
            "84",
            ",",
            "101",
            ",",
            "115",
            ",",
            "116",
            "Check",
            "code",
            "example",
            "arrays_ex3.asm",
            "13"
        ],
        "labels": [
            "O",
            "O",
            "O",
            "O",
            "O",
            "O",
            "O",
            "O",
            "O",
            "O",
            "O",
            "O",
            "O",
            "O",
            "O",
            "O",
            "O",
            "O",
            "O",
            "O",
            "O",
            "O",
            "O",
            "O",
            "O",
            "O",
            "O",
            "O",
            "O",
            "O",
            "O",
            "O",
            "O",
            "O",
            "O",
            "O",
            "O",
            "O",
            "O",
            "O",
            "O",
            "O",
            "O",
            "O",
            "O",
            "O",
            "O",
            "O",
            "O",
            "O",
            "O",
            "O",
            "O",
            "O",
            "O",
            "O",
            "O",
            "O",
            "O",
            "O",
            "O",
            "O",
            "O",
            "O",
            "O",
            "O",
            "O",
            "O",
            "O",
            "O",
            "O",
            "O",
            "O",
            "O",
            "O",
            "O",
            "O",
            "O",
            "O",
            "O",
            "O",
            "O",
            "O",
            "O",
            "O"
        ]
    },
    {
        "words": [
            "Questions",
            "?",
            "\u25cf",
            "Is",
            "this",
            "a",
            "valid",
            "address",
            "for",
            "a",
            "word",
            "?",
            "0x0800",
            "0001",
            "\u25cf",
            "How",
            "about",
            "for",
            "a",
            "half-word",
            "?",
            "\u25cf",
            "How",
            "about",
            "for",
            "a",
            "byte",
            "?",
            "\u25cf",
            "How",
            "can",
            "I",
            "make",
            "an",
            "array",
            "of",
            "halfwords",
            "with",
            "25",
            "elements",
            "set",
            "to",
            "0",
            "?",
            "o",
            "The",
            "first",
            "halfword",
            "is",
            "in",
            "address",
            "0x0800",
            "00F0",
            ",",
            "where",
            "is",
            "the",
            "second",
            "?",
            "\u25cf",
            "How",
            "is",
            "a",
            "string",
            "terminated",
            "?",
            "14"
        ],
        "labels": [
            "O",
            "O",
            "O",
            "O",
            "O",
            "O",
            "O",
            "O",
            "O",
            "O",
            "O",
            "O",
            "O",
            "O",
            "O",
            "O",
            "O",
            "O",
            "O",
            "O",
            "O",
            "O",
            "O",
            "O",
            "O",
            "O",
            "O",
            "O",
            "O",
            "O",
            "O",
            "O",
            "O",
            "O",
            "O",
            "O",
            "O",
            "O",
            "O",
            "O",
            "O",
            "O",
            "O",
            "O",
            "O",
            "O",
            "O",
            "O",
            "O",
            "O",
            "O",
            "O",
            "O",
            "O",
            "O",
            "O",
            "O",
            "O",
            "O",
            "O",
            "O",
            "O",
            "O",
            "O",
            "O",
            "O",
            "O"
        ]
    }
]