[
    {
        "words": [
            "#",
            "6",
            "CS",
            "0447",
            "Introduction",
            "to",
            "Computer",
            "Programming",
            "Flow",
            ",",
            "Conditionals",
            ",",
            "and",
            "Loops",
            "Lu\u00eds",
            "Oliveira",
            "Original",
            "slides",
            "by",
            ":",
            "Jarrett",
            "Billingsley",
            "Modified",
            "with",
            "bits",
            "from",
            ":",
            "Bruce",
            "Childers",
            ",",
            "David",
            "Wilkinson",
            "Fall",
            "2020"
        ],
        "labels": [
            "O",
            "O",
            "O",
            "O",
            "O",
            "O",
            "O",
            "O",
            "O",
            "O",
            "O",
            "O",
            "O",
            "O",
            "O",
            "O",
            "O",
            "O",
            "O",
            "O",
            "O",
            "O",
            "O",
            "O",
            "O",
            "O",
            "O",
            "O",
            "O",
            "O",
            "O",
            "O",
            "O",
            "O"
        ]
    },
    {
        "words": [
            "So",
            "far\u2026",
            "\u25cf",
            "Putting",
            "numbers",
            "into",
            "registers",
            "label",
            ".data",
            "li",
            "a0",
            ",",
            "3",
            "la",
            "a0",
            ",",
            "x",
            "x",
            ":",
            ".word",
            "4",
            "\u25cf",
            "COPYing",
            "register",
            "contents",
            "move",
            "a0",
            ",",
            "t0",
            "These",
            "do",
            "zero",
            "Unsigned",
            "!",
            "\uf0e8",
            "extension",
            "\u25cf",
            "COPYing",
            "from/to",
            "memory",
            "lw/sw",
            ",",
            "lh/lhu/sh",
            ",",
            "lb/lbu/sb",
            "la",
            "t1",
            ",",
            "x",
            "la",
            "t1",
            ",",
            "x",
            "Do",
            "the",
            "lw",
            "t0",
            ",",
            "0",
            "(",
            "t1",
            ")",
            "sw",
            "t0",
            ",",
            "0",
            "(",
            "t1",
            ")",
            "same",
            "thing",
            "lw",
            "t0",
            ",",
            "x",
            "sw",
            "t0",
            ",",
            "x",
            "2"
        ],
        "labels": [
            "O",
            "O",
            "O",
            "O",
            "O",
            "O",
            "O",
            "O",
            "O",
            "O",
            "O",
            "O",
            "O",
            "O",
            "O",
            "O",
            "O",
            "O",
            "O",
            "O",
            "O",
            "O",
            "O",
            "O",
            "O",
            "O",
            "O",
            "O",
            "O",
            "O",
            "O",
            "O",
            "O",
            "O",
            "O",
            "O",
            "O",
            "O",
            "O",
            "O",
            "O",
            "O",
            "O",
            "O",
            "O",
            "O",
            "O",
            "O",
            "O",
            "O",
            "O",
            "O",
            "O",
            "O",
            "O",
            "O",
            "O",
            "O",
            "O",
            "O",
            "O",
            "O",
            "O",
            "O",
            "O",
            "O",
            "O",
            "O",
            "O",
            "O",
            "O",
            "O",
            "O",
            "O",
            "O",
            "O",
            "O",
            "O",
            "O",
            "O"
        ]
    },
    {
        "words": [
            "In",
            "another",
            "perspective",
            "lw",
            ",",
            "lh",
            ",",
            "lhu",
            ",",
            "lb",
            ",",
            "lbu",
            "move",
            "CPU",
            "Memory",
            "Registers",
            "sw",
            ",",
            "sh",
            ",",
            "sb",
            "li",
            ",",
            "la",
            "Other",
            "operations",
            "Datatypes",
            "add",
            "word",
            "sub",
            "half",
            "mul",
            "byte",
            "syscall",
            "asciiz",
            "\u2026",
            "\u2026",
            "3"
        ],
        "labels": [
            "O",
            "O",
            "O",
            "O",
            "O",
            "O",
            "O",
            "O",
            "O",
            "O",
            "O",
            "O",
            "O",
            "O",
            "O",
            "O",
            "O",
            "O",
            "O",
            "O",
            "O",
            "O",
            "O",
            "O",
            "O",
            "O",
            "O",
            "O",
            "O",
            "O",
            "O",
            "O",
            "O",
            "O",
            "O",
            "O",
            "O",
            "O"
        ]
    },
    {
        "words": [
            "Introduction",
            "to",
            "conditions",
            "\u25cf",
            "What",
            "distinguishes",
            "a",
            "computer",
            "from",
            "a",
            "calculator",
            "?",
            "\u25cf",
            "It",
            "can",
            "make",
            "decisions",
            "based",
            "on",
            "values",
            "that",
            "it",
            "calculates",
            "o",
            "If",
            "the",
            "value",
            "of",
            "this",
            "register",
            "is",
            "this",
            ",",
            "do",
            "something",
            ".",
            "o",
            "Otherwise",
            ",",
            "do",
            "something",
            "else",
            ".",
            "\u25cf",
            "The",
            "possible",
            "decisions",
            "make",
            "up",
            "the",
            "potential",
            "control",
            "flow",
            "of",
            "the",
            "program",
            ".",
            "o",
            "When",
            "there",
            "is",
            "no",
            "possible",
            "route",
            "to",
            "a",
            "piece",
            "of",
            "code",
            "in",
            "your",
            "program",
            ",",
            "that",
            "is",
            "called",
            "dead",
            "code",
            ".",
            "\uf0a7",
            "It",
            "\u2019",
            "s",
            "like",
            "procrastination",
            "!",
            "if",
            "(",
            "false",
            ")",
            "{",
            "do_some_work",
            "(",
            ")",
            "}",
            "4"
        ],
        "labels": [
            "O",
            "O",
            "O",
            "O",
            "O",
            "O",
            "O",
            "O",
            "O",
            "O",
            "O",
            "O",
            "O",
            "O",
            "O",
            "O",
            "O",
            "O",
            "O",
            "O",
            "O",
            "O",
            "O",
            "O",
            "O",
            "O",
            "O",
            "O",
            "O",
            "O",
            "O",
            "O",
            "O",
            "O",
            "O",
            "O",
            "O",
            "O",
            "O",
            "O",
            "O",
            "O",
            "O",
            "O",
            "O",
            "O",
            "O",
            "O",
            "O",
            "O",
            "O",
            "O",
            "O",
            "O",
            "O",
            "O",
            "O",
            "O",
            "O",
            "O",
            "O",
            "O",
            "O",
            "O",
            "O",
            "O",
            "O",
            "O",
            "O",
            "O",
            "O",
            "O",
            "O",
            "O",
            "O",
            "O",
            "O",
            "O",
            "O",
            "O",
            "O",
            "O",
            "O",
            "O",
            "O",
            "O",
            "O",
            "O",
            "O",
            "O",
            "O",
            "O",
            "O",
            "O",
            "O",
            "O"
        ]
    },
    {
        "words": [
            "Control",
            "flow",
            "5"
        ],
        "labels": [
            "O",
            "O",
            "O"
        ]
    },
    {
        "words": [
            "With",
            "great",
            "power\u2026",
            "\u25cf",
            "Control",
            "flow",
            "determines",
            "the",
            "order",
            "that",
            "your",
            "instructions",
            "run",
            "in",
            "o",
            "What",
            "kinds",
            "of",
            "control",
            "flow",
            "statements",
            "do",
            "you",
            "know",
            "of",
            "?",
            "o",
            "What",
            "about",
            "functions",
            "?",
            "\u25cf",
            "In",
            "asm",
            ",",
            "the",
            "only",
            "thing",
            "you",
            "get",
            "for",
            "free",
            "is",
            "that",
            "instructions",
            "run",
            "in",
            "order",
            "\u25cf",
            "You",
            "'re",
            "responsible",
            "for",
            "coming",
            "up",
            "with",
            "everything",
            "else",
            ".",
            "o",
            "If",
            "you",
            "screw",
            "up",
            "your",
            "control",
            "flow",
            ",",
            "the",
            "CPU",
            "does",
            "n't",
            "care",
            "o",
            "You",
            "'ll",
            "just",
            "have",
            "a",
            "broken",
            ",",
            "malfunctioning",
            "program",
            "\uf0a7",
            "And",
            "it",
            "'ll",
            "be",
            "half",
            "an",
            "hour",
            "before",
            "the",
            "lab",
            "is",
            "due",
            "\u2013",
            "And",
            "you",
            "'ll",
            "be",
            "sad",
            "\u00bb",
            "This",
            "is",
            "like",
            "90",
            "%",
            "of",
            "the",
            "bugs",
            "6"
        ],
        "labels": [
            "O",
            "O",
            "O",
            "O",
            "O",
            "O",
            "O",
            "O",
            "O",
            "O",
            "O",
            "O",
            "O",
            "O",
            "O",
            "O",
            "O",
            "O",
            "O",
            "O",
            "O",
            "O",
            "O",
            "O",
            "O",
            "O",
            "O",
            "O",
            "O",
            "O",
            "O",
            "O",
            "O",
            "O",
            "O",
            "O",
            "O",
            "O",
            "O",
            "O",
            "O",
            "O",
            "O",
            "O",
            "O",
            "O",
            "O",
            "O",
            "O",
            "O",
            "O",
            "O",
            "O",
            "O",
            "O",
            "O",
            "O",
            "O",
            "O",
            "O",
            "O",
            "O",
            "O",
            "O",
            "O",
            "O",
            "O",
            "O",
            "O",
            "O",
            "O",
            "O",
            "O",
            "O",
            "O",
            "O",
            "O",
            "O",
            "O",
            "O",
            "O",
            "O",
            "O",
            "O",
            "O",
            "O",
            "O",
            "O",
            "O",
            "O",
            "O",
            "O",
            "O",
            "O",
            "O",
            "O",
            "O",
            "O",
            "O",
            "O",
            "O",
            "O",
            "O",
            "O",
            "O",
            "O",
            "O",
            "O",
            "O",
            "O",
            "O",
            "O"
        ]
    },
    {
        "words": [
            "Getting",
            "a",
            "little",
            "further",
            "from",
            "familiarity",
            "\u25cf",
            "all",
            "control",
            "flow",
            "is",
            "done",
            "with",
            "branches",
            "and",
            "jumps",
            "o",
            "these",
            "are",
            "instructions",
            "which",
            "say",
            "``",
            "go",
            "somewhere",
            "else",
            "''",
            "\u25cf",
            "for",
            "example\u2026",
            "this",
            "is",
            "an",
            "infinite",
            "loop",
            ",",
            "_main_loop",
            ":",
            "which",
            "is",
            "sometimes",
            "useful",
            "#",
            "clear",
            "screen",
            "but",
            "not",
            "too",
            "interesting",
            "#",
            "draw",
            "one",
            "thing",
            "#",
            "sleep",
            "#",
            "draw",
            "another",
            "thing",
            "#",
            "etc",
            "j",
            "stands",
            "for",
            "\u201d",
            "jump",
            "''",
            "\u2013",
            "go",
            "somewhere",
            "else",
            "j",
            "_main_loop",
            "7"
        ],
        "labels": [
            "O",
            "O",
            "O",
            "O",
            "O",
            "O",
            "O",
            "O",
            "O",
            "O",
            "O",
            "O",
            "O",
            "O",
            "O",
            "O",
            "O",
            "O",
            "O",
            "O",
            "O",
            "O",
            "O",
            "O",
            "O",
            "O",
            "O",
            "O",
            "O",
            "O",
            "O",
            "O",
            "O",
            "O",
            "O",
            "O",
            "O",
            "O",
            "O",
            "O",
            "O",
            "O",
            "O",
            "O",
            "O",
            "O",
            "O",
            "O",
            "O",
            "O",
            "O",
            "O",
            "O",
            "O",
            "O",
            "O",
            "O",
            "O",
            "O",
            "O",
            "O",
            "O",
            "O",
            "O",
            "O",
            "O",
            "O",
            "O",
            "O",
            "O",
            "O",
            "O",
            "O",
            "O"
        ]
    },
    {
        "words": [
            "Building",
            "blocks",
            "\u25cf",
            "A",
            "basic",
            "block",
            "is",
            "a",
            "chunk",
            "of",
            "code",
            "that",
            "has",
            "no",
            "control",
            "flow",
            "in",
            "it",
            "\u25cf",
            "Control",
            "flow",
            "statements",
            "separate",
            "basic",
            "blocks",
            "if",
            "(",
            "x",
            "==",
            "w",
            "-",
            "1",
            ")",
            "{",
            "x",
            "==",
            "w",
            "-",
            "1",
            "?",
            "do_thing",
            "(",
            ")",
            "}",
            "else",
            "{",
            "other_thing",
            "do_thing",
            "other_thing",
            "(",
            ")",
            "}",
            "third_thing",
            "third_thing",
            "(",
            ")",
            "thinking",
            "about",
            "this",
            "is",
            "REAL",
            "HELPFUL",
            "8"
        ],
        "labels": [
            "O",
            "O",
            "O",
            "O",
            "O",
            "O",
            "O",
            "O",
            "O",
            "O",
            "O",
            "O",
            "O",
            "O",
            "O",
            "O",
            "O",
            "O",
            "O",
            "O",
            "O",
            "O",
            "O",
            "O",
            "O",
            "O",
            "O",
            "O",
            "O",
            "O",
            "O",
            "O",
            "O",
            "O",
            "O",
            "O",
            "O",
            "O",
            "O",
            "O",
            "O",
            "O",
            "O",
            "O",
            "O",
            "O",
            "O",
            "O",
            "O",
            "O",
            "O",
            "O",
            "O",
            "O",
            "O",
            "O",
            "O",
            "O",
            "O",
            "O",
            "O",
            "O",
            "O"
        ]
    },
    {
        "words": [
            "Essentially\u2026",
            "\u25cf",
            "The",
            "way",
            "control",
            "flow",
            "works",
            "in",
            "asm",
            "is",
            "you",
            "make",
            "basic",
            "blocks",
            "o",
            "You",
            "got",
            "ta",
            "name",
            "(",
            "label",
            ")",
            "them",
            "\u25cf",
            "Then",
            ",",
            "you",
            "use",
            "special",
            "instructions",
            "to",
            "choose",
            "where",
            "to",
            "go",
            "o",
            "Ask",
            "yourself",
            "\u201c",
            "Which",
            "basic",
            "block",
            "runs",
            "next",
            "?",
            "''",
            "o",
            "Select",
            "the",
            "instruction",
            "you",
            "need",
            "!",
            "\uf0a7",
            "Don",
            "\u2019",
            "t",
            "worry",
            ",",
            "we",
            "look",
            "into",
            "these",
            "instructions",
            "in",
            "a",
            "moment",
            "\u25cf",
            "And",
            "don",
            "\u2019",
            "t",
            "forget",
            "!",
            "o",
            "Write",
            "pseudo-code",
            "(",
            "with",
            "comments",
            ")",
            "to",
            "keep",
            "track",
            "of",
            "control",
            "flow",
            "o",
            "Or",
            "make",
            "a",
            "drawing",
            "of",
            "a",
            "flow-chart",
            "!",
            "o",
            "Or",
            "\u2026",
            "any",
            "other",
            "guide",
            "you",
            "think",
            "it",
            "\u2019",
            "s",
            "helpful",
            "9"
        ],
        "labels": [
            "O",
            "O",
            "O",
            "O",
            "O",
            "O",
            "O",
            "O",
            "O",
            "O",
            "O",
            "O",
            "O",
            "O",
            "O",
            "O",
            "O",
            "O",
            "O",
            "O",
            "O",
            "O",
            "O",
            "O",
            "O",
            "O",
            "O",
            "O",
            "O",
            "O",
            "O",
            "O",
            "O",
            "O",
            "O",
            "O",
            "O",
            "O",
            "O",
            "O",
            "O",
            "O",
            "O",
            "O",
            "O",
            "O",
            "O",
            "O",
            "O",
            "O",
            "O",
            "O",
            "O",
            "O",
            "O",
            "O",
            "O",
            "O",
            "O",
            "O",
            "O",
            "O",
            "O",
            "O",
            "O",
            "O",
            "O",
            "O",
            "O",
            "O",
            "O",
            "O",
            "O",
            "O",
            "O",
            "O",
            "O",
            "O",
            "O",
            "O",
            "O",
            "O",
            "O",
            "O",
            "O",
            "O",
            "O",
            "O",
            "O",
            "O",
            "O",
            "O",
            "O",
            "O",
            "O",
            "O",
            "O",
            "O",
            "O",
            "O",
            "O",
            "O",
            "O",
            "O",
            "O",
            "O",
            "O",
            "O",
            "O"
        ]
    },
    {
        "words": [
            "Conditionals",
            ":",
            "if",
            "and",
            "if-else",
            "10"
        ],
        "labels": [
            "O",
            "O",
            "O",
            "O",
            "O",
            "O"
        ]
    },
    {
        "words": [
            "MIPS",
            "ISA",
            ":",
            "conditional",
            "branch",
            "instructions",
            "\u25cf",
            "conditional",
            "branch",
            "instructions",
            "do",
            "one",
            "of",
            "two",
            "things",
            ":",
            "o",
            "if",
            "the",
            "condition",
            "is",
            "met",
            ",",
            "we",
            "go",
            "to",
            "the",
            "label",
            "o",
            "otherwise",
            ",",
            "nothing",
            "happens",
            ",",
            "and",
            "we",
            "go",
            "to",
            "the",
            "next",
            "instruction",
            "Instruction",
            "Meaning",
            "beq",
            "a",
            ",",
            "b",
            ",",
            "label",
            "if",
            "(",
            "a",
            "==",
            "b",
            ")",
            "{",
            "goto",
            "label",
            "}",
            "bne",
            "a",
            ",",
            "b",
            ",",
            "label",
            "if",
            "(",
            "a",
            "!",
            "=",
            "b",
            ")",
            "{",
            "goto",
            "label",
            "}",
            "above",
            ",",
            "a",
            "must",
            "be",
            "a",
            "register",
            ",",
            "but",
            "b",
            "can",
            "be",
            "a",
            "register",
            "or",
            "immediate",
            "(",
            "by",
            "the",
            "powers",
            "of",
            "the",
            "pseudo-instruction",
            ")",
            "11"
        ],
        "labels": [
            "O",
            "O",
            "O",
            "O",
            "O",
            "O",
            "O",
            "O",
            "O",
            "O",
            "O",
            "O",
            "O",
            "O",
            "O",
            "O",
            "O",
            "O",
            "O",
            "O",
            "O",
            "O",
            "O",
            "O",
            "O",
            "O",
            "O",
            "O",
            "O",
            "O",
            "O",
            "O",
            "O",
            "O",
            "O",
            "O",
            "O",
            "O",
            "O",
            "O",
            "O",
            "O",
            "O",
            "O",
            "O",
            "O",
            "O",
            "O",
            "O",
            "O",
            "O",
            "O",
            "O",
            "O",
            "O",
            "O",
            "O",
            "O",
            "O",
            "O",
            "O",
            "O",
            "O",
            "O",
            "O",
            "O",
            "O",
            "O",
            "O",
            "O",
            "O",
            "O",
            "O",
            "O",
            "O",
            "O",
            "O",
            "O",
            "O",
            "O",
            "O",
            "O",
            "O",
            "O",
            "O",
            "O",
            "O",
            "O",
            "O",
            "O",
            "O",
            "O",
            "O",
            "O",
            "O",
            "O",
            "O",
            "O",
            "O",
            "O",
            "O"
        ]
    },
    {
        "words": [
            "How",
            "do",
            "these",
            "work",
            "?",
            "Previous",
            "instruction",
            "True",
            "t0==t1",
            "This",
            "is",
            "the",
            "branch",
            "beq",
            "t0",
            ",",
            "t1",
            ",",
            "label",
            "False",
            "#",
            "branch",
            "if",
            "equal",
            "Next",
            "instruction",
            "label",
            ":",
            "Other",
            "instruction",
            "12"
        ],
        "labels": [
            "O",
            "O",
            "O",
            "O",
            "O",
            "O",
            "O",
            "O",
            "O",
            "O",
            "O",
            "O",
            "O",
            "O",
            "O",
            "O",
            "O",
            "O",
            "O",
            "O",
            "O",
            "O",
            "O",
            "O",
            "O",
            "O",
            "O",
            "O",
            "O",
            "O",
            "O"
        ]
    },
    {
        "words": [
            "How",
            "do",
            "these",
            "work",
            "?",
            "label",
            ":",
            "Other",
            "instruction",
            "Previous",
            "beq",
            "t0",
            ",",
            "t1",
            ",",
            "label",
            "instruction",
            "#",
            "branch",
            "if",
            "equal",
            "True",
            "t0==t1",
            "This",
            "is",
            "the",
            "branch",
            "False",
            "Next",
            "instruction",
            "13"
        ],
        "labels": [
            "O",
            "O",
            "O",
            "O",
            "O",
            "O",
            "O",
            "O",
            "O",
            "O",
            "O",
            "O",
            "O",
            "O",
            "O",
            "O",
            "O",
            "O",
            "O",
            "O",
            "O",
            "O",
            "O",
            "O",
            "O",
            "O",
            "O",
            "O",
            "O",
            "O",
            "O"
        ]
    },
    {
        "words": [
            "How",
            "to",
            "write",
            "asm",
            "(",
            "again",
            "!",
            ")",
            "\u25cf",
            "Remember",
            ":",
            "WRITE",
            "PSEUDOCODE",
            "ALWAYS",
            "REALLY",
            "!",
            "!",
            "!",
            "if",
            "(",
            "x",
            "==",
            "w",
            "-",
            "1",
            ")",
            "{",
            "do_thing",
            "(",
            ")",
            "}",
            "else",
            "{",
            "other_thing",
            "(",
            ")",
            "}",
            "14"
        ],
        "labels": [
            "O",
            "O",
            "O",
            "O",
            "O",
            "O",
            "O",
            "O",
            "O",
            "O",
            "O",
            "O",
            "O",
            "O",
            "O",
            "O",
            "O",
            "O",
            "O",
            "O",
            "O",
            "O",
            "O",
            "O",
            "O",
            "O",
            "O",
            "O",
            "O",
            "O",
            "O",
            "O",
            "O",
            "O",
            "O",
            "O",
            "O",
            "O"
        ]
    },
    {
        "words": [
            "Like",
            "mad",
            "libs",
            ",",
            "but",
            "for",
            "code",
            "\u25cf",
            "From",
            "now",
            "on",
            ",",
            "I",
            "\u2019",
            "ll",
            "use",
            "these",
            "'blocks",
            "'",
            "to",
            "represent",
            "the",
            "basic",
            "blocks",
            "o",
            "cause",
            "they",
            "don",
            "\u2019",
            "t",
            "matter",
            "if",
            "(",
            "some",
            "condition",
            ")",
            "{",
            "block",
            "A",
            "}",
            "else",
            "{",
            "block",
            "B",
            "}",
            "block",
            "C",
            "15"
        ],
        "labels": [
            "O",
            "O",
            "O",
            "O",
            "O",
            "O",
            "O",
            "O",
            "O",
            "O",
            "O",
            "O",
            "O",
            "O",
            "O",
            "O",
            "O",
            "O",
            "O",
            "O",
            "O",
            "O",
            "O",
            "O",
            "O",
            "O",
            "O",
            "O",
            "O",
            "O",
            "O",
            "O",
            "O",
            "O",
            "O",
            "O",
            "O",
            "O",
            "O",
            "O",
            "O",
            "O",
            "O",
            "O",
            "O",
            "O",
            "O",
            "O"
        ]
    },
    {
        "words": [
            "A",
            "simple",
            "conditional",
            "block",
            "(",
            "if",
            ")",
            "\u25cf",
            "If",
            "there",
            "is",
            "no",
            "else",
            ",",
            "it",
            "'s",
            "pretty",
            "simple",
            ".",
            "if",
            "(",
            "s0",
            "==",
            "30",
            ")",
            "{",
            "block",
            "A",
            "bne",
            "s0",
            ",",
            "30",
            ",",
            "blockB",
            "}",
            "blockA",
            ":",
            "block",
            "B",
            "blockB",
            ":",
            "16"
        ],
        "labels": [
            "O",
            "O",
            "O",
            "O",
            "O",
            "O",
            "O",
            "O",
            "O",
            "O",
            "O",
            "O",
            "O",
            "O",
            "O",
            "O",
            "O",
            "O",
            "O",
            "O",
            "O",
            "O",
            "O",
            "O",
            "O",
            "O",
            "O",
            "O",
            "O",
            "O",
            "O",
            "O",
            "O",
            "O",
            "O",
            "O",
            "O",
            "O",
            "O",
            "O",
            "O",
            "O"
        ]
    },
    {
        "words": [
            "A",
            "simple",
            "conditional",
            "block",
            "(",
            "if",
            ")",
            "\u25cf",
            "If",
            "there",
            "is",
            "no",
            "else",
            ",",
            "it",
            "'s",
            "pretty",
            "simple",
            ".",
            "if",
            "(",
            "s0",
            "==",
            "30",
            ")",
            "{",
            "block",
            "A",
            "bne",
            "s0",
            ",",
            "30",
            ",",
            "blockB",
            "}",
            "block",
            "B",
            "In",
            "Java/C",
            "what",
            "happens",
            "in",
            "an",
            "if",
            "?",
            "You",
            "JUMP",
            "OVER",
            "when",
            "the",
            "condition",
            "is",
            "true",
            "or",
            "false",
            "?",
            "When",
            "its",
            "FALSE",
            "!",
            "!",
            "17"
        ],
        "labels": [
            "O",
            "O",
            "O",
            "O",
            "O",
            "O",
            "O",
            "O",
            "O",
            "O",
            "O",
            "O",
            "O",
            "O",
            "O",
            "O",
            "O",
            "O",
            "O",
            "O",
            "O",
            "O",
            "O",
            "O",
            "O",
            "O",
            "O",
            "O",
            "O",
            "O",
            "O",
            "O",
            "O",
            "O",
            "O",
            "O",
            "O",
            "O",
            "O",
            "O",
            "O",
            "O",
            "O",
            "O",
            "O",
            "O",
            "O",
            "O",
            "O",
            "O",
            "O",
            "O",
            "O",
            "O",
            "O",
            "O",
            "O",
            "O",
            "O",
            "O",
            "O",
            "O"
        ]
    },
    {
        "words": [
            "A",
            "simple",
            "conditional",
            "block",
            "(",
            "if",
            ")",
            "\u25cfIn",
            "MIPS",
            "you",
            "jump",
            "when",
            "the",
            "condition",
            "is",
            "TRUE",
            "if",
            "(",
            "s0",
            "==",
            "30",
            ")",
            "{",
            "block",
            "A",
            "bne",
            "s0",
            ",",
            "30",
            ",",
            "blockB",
            "}",
            "blockA",
            ":",
            "block",
            "B",
            "block",
            "A",
            "blockB",
            ":",
            "block",
            "B",
            "18"
        ],
        "labels": [
            "O",
            "O",
            "O",
            "O",
            "O",
            "O",
            "O",
            "O",
            "O",
            "O",
            "O",
            "O",
            "O",
            "O",
            "O",
            "O",
            "O",
            "O",
            "O",
            "O",
            "O",
            "O",
            "O",
            "O",
            "O",
            "O",
            "O",
            "O",
            "O",
            "O",
            "O",
            "O",
            "O",
            "O",
            "O",
            "O",
            "O",
            "O",
            "O",
            "O",
            "O",
            "O",
            "O"
        ]
    },
    {
        "words": [
            "An",
            "if-else",
            "with",
            "a",
            "simple",
            "condition",
            "\u25cf",
            "more",
            "blocks",
            "now\u2026",
            "if",
            "(",
            "s0",
            "==",
            "30",
            ")",
            "{",
            "block",
            "A",
            "bne",
            "s0",
            ",",
            "30",
            ",",
            "blockB",
            "}",
            "block",
            "A",
            "else",
            "{",
            "j",
            "blockC",
            "block",
            "B",
            "blockB",
            ":",
            "}",
            "block",
            "B",
            "block",
            "C",
            "blockC",
            ":",
            "block",
            "C",
            "we",
            "NEED",
            "THIS",
            "\u2013",
            "the",
            "CPU",
            "does",
            "n't",
            "see/care",
            "about",
            "your",
            "labels",
            "!",
            "!",
            "19"
        ],
        "labels": [
            "O",
            "O",
            "O",
            "O",
            "O",
            "O",
            "O",
            "O",
            "O",
            "O",
            "O",
            "O",
            "O",
            "O",
            "O",
            "O",
            "O",
            "O",
            "O",
            "O",
            "O",
            "O",
            "O",
            "O",
            "O",
            "O",
            "O",
            "O",
            "O",
            "O",
            "O",
            "O",
            "O",
            "O",
            "O",
            "O",
            "O",
            "O",
            "O",
            "O",
            "O",
            "O",
            "O",
            "O",
            "O",
            "O",
            "O",
            "O",
            "O",
            "O",
            "O",
            "O",
            "O",
            "O",
            "O",
            "O",
            "O",
            "O",
            "O",
            "O"
        ]
    },
    {
        "words": [
            "The",
            "other",
            "way",
            "around",
            "\u25cf",
            "Because",
            "in",
            "HLL",
            "we",
            "\u201c",
            "execute",
            "smth",
            "if",
            "\u201d",
            "and",
            "In",
            "assembly",
            "we",
            "\u201c",
            "jump",
            "over",
            "if",
            "\u201d",
            "\u25cf",
            "We",
            "usually",
            "negate",
            "the",
            "condition",
            "in",
            "the",
            "assembly",
            "to",
            "skip",
            "over",
            "code",
            "o",
            "It",
            "\u2019",
            "s",
            "a",
            "preference",
            ".",
            "o",
            "You",
            "can",
            "still",
            "invert",
            "the",
            "process",
            "\uf0a7",
            "How",
            "?",
            "beq",
            "s0",
            ",",
            "30",
            ",",
            "blockA",
            "j",
            "blockElse",
            "if",
            "(",
            "s0",
            "==",
            "30",
            ")",
            "{",
            "blockA",
            ":",
            "block",
            "A",
            "block",
            "A",
            "}",
            "j",
            "blockExit",
            "#",
            "skip",
            "the",
            "else",
            "else",
            "{",
            "blockElse",
            ":",
            "block",
            "B",
            "block",
            "B",
            "}",
            "blockExit",
            ":",
            "block",
            "C",
            "block",
            "C",
            "20"
        ],
        "labels": [
            "O",
            "O",
            "O",
            "O",
            "O",
            "O",
            "O",
            "O",
            "O",
            "O",
            "O",
            "O",
            "O",
            "O",
            "O",
            "O",
            "O",
            "O",
            "O",
            "O",
            "O",
            "O",
            "O",
            "O",
            "O",
            "O",
            "O",
            "O",
            "O",
            "O",
            "O",
            "O",
            "O",
            "O",
            "O",
            "O",
            "O",
            "O",
            "O",
            "O",
            "O",
            "O",
            "O",
            "O",
            "O",
            "O",
            "O",
            "O",
            "O",
            "O",
            "O",
            "O",
            "O",
            "O",
            "O",
            "O",
            "O",
            "O",
            "O",
            "O",
            "O",
            "O",
            "O",
            "O",
            "O",
            "O",
            "O",
            "O",
            "O",
            "O",
            "O",
            "O",
            "O",
            "O",
            "O",
            "O",
            "O",
            "O",
            "O",
            "O",
            "O",
            "O",
            "O",
            "O",
            "O",
            "O",
            "O",
            "O",
            "O",
            "O",
            "O",
            "O",
            "O",
            "O",
            "O",
            "O",
            "O"
        ]
    },
    {
        "words": [
            "MIPS",
            "ISA",
            ":",
            "conditional",
            "branch",
            "instructions",
            "\u25cf",
            "MIPS",
            "also",
            "supports",
            "instructions",
            "that",
            "compare",
            "to",
            "zero",
            "Instruction",
            "Meaning",
            "bltz",
            "a",
            ",",
            "label",
            "if",
            "(",
            "a",
            "<",
            "0",
            ")",
            "{",
            "goto",
            "label",
            "}",
            "blez",
            "a",
            ",",
            "label",
            "if",
            "(",
            "a",
            "<",
            "=",
            "0",
            ")",
            "{",
            "goto",
            "label",
            "}",
            "bgtz",
            "a",
            ",",
            "label",
            "if",
            "(",
            "a",
            ">",
            "0",
            ")",
            "{",
            "goto",
            "label",
            "}",
            "bgez",
            "a",
            ",",
            "label",
            "if",
            "(",
            "a",
            ">",
            "=",
            "0",
            ")",
            "{",
            "goto",
            "label",
            "}",
            "21"
        ],
        "labels": [
            "O",
            "O",
            "O",
            "O",
            "O",
            "O",
            "O",
            "O",
            "O",
            "O",
            "O",
            "O",
            "O",
            "O",
            "O",
            "O",
            "O",
            "O",
            "O",
            "O",
            "O",
            "O",
            "O",
            "O",
            "O",
            "O",
            "O",
            "O",
            "O",
            "O",
            "O",
            "O",
            "O",
            "O",
            "O",
            "O",
            "O",
            "O",
            "O",
            "O",
            "O",
            "O",
            "O",
            "O",
            "O",
            "O",
            "O",
            "O",
            "O",
            "O",
            "O",
            "O",
            "O",
            "O",
            "O",
            "O",
            "O",
            "O",
            "O",
            "O",
            "O",
            "O",
            "O",
            "O",
            "O",
            "O",
            "O",
            "O",
            "O",
            "O",
            "O",
            "O",
            "O",
            "O",
            "O",
            "O"
        ]
    },
    {
        "words": [
            "MIPS",
            "ISA",
            ":",
            "set",
            "if",
            "less",
            "than",
            "\u25cf",
            "And\u2026",
            "Instruction",
            "Meaning",
            "slt",
            "c",
            ",",
            "a",
            ",",
            "b",
            "if",
            "(",
            "a",
            "<",
            "b",
            ")",
            "{",
            "c",
            "=",
            "1",
            "}",
            "else",
            "{",
            "c",
            "=",
            "0",
            "}",
            "Set",
            "if",
            "Less",
            "Than",
            ":",
            "register",
            "c",
            "will",
            "be",
            "set",
            "to",
            "1",
            "if",
            "a",
            "<",
            "b",
            ".",
            "Otherwise",
            ",",
            "register",
            "c",
            "will",
            "be",
            "set",
            "to",
            "0",
            ".",
            "Using",
            "slt",
            "together",
            "with",
            "bne",
            "and",
            "beq",
            "all",
            "conditionals",
            "can",
            "be",
            "implemented",
            "!",
            "a=b",
            ",",
            "a\u2260b",
            ",",
            "a",
            ">",
            "b",
            ",",
            "a\u2265b",
            ",",
            "a",
            "<",
            "b",
            ",",
            "a\u2264b",
            "Thanks",
            ",",
            "De",
            "Morgan",
            "22"
        ],
        "labels": [
            "O",
            "O",
            "O",
            "O",
            "O",
            "O",
            "O",
            "O",
            "O",
            "O",
            "O",
            "O",
            "O",
            "O",
            "O",
            "O",
            "O",
            "O",
            "O",
            "O",
            "O",
            "O",
            "O",
            "O",
            "O",
            "O",
            "O",
            "O",
            "O",
            "O",
            "O",
            "O",
            "O",
            "O",
            "O",
            "O",
            "O",
            "O",
            "O",
            "O",
            "O",
            "O",
            "O",
            "O",
            "O",
            "O",
            "O",
            "O",
            "O",
            "O",
            "O",
            "O",
            "O",
            "O",
            "O",
            "O",
            "O",
            "O",
            "O",
            "O",
            "O",
            "O",
            "O",
            "O",
            "O",
            "O",
            "O",
            "O",
            "O",
            "O",
            "O",
            "O",
            "O",
            "O",
            "O",
            "O",
            "O",
            "O",
            "O",
            "O",
            "O",
            "O",
            "O",
            "O",
            "O",
            "O",
            "O",
            "O",
            "O",
            "O",
            "O",
            "O",
            "O",
            "O"
        ]
    },
    {
        "words": [
            "MIPS",
            "ISA",
            ":",
            "conditional",
            "branch",
            "instructions",
            "\u25cf",
            "Or\u2026",
            "we",
            "can",
            "just",
            "use",
            "the",
            "pseudo-instructions",
            ":",
            "D",
            "Instruction",
            "Meaning",
            "blt",
            "a",
            ",",
            "b",
            ",",
            "label",
            "if",
            "(",
            "a",
            "<",
            "b",
            ")",
            "{",
            "goto",
            "label",
            "}",
            "ble",
            "a",
            ",",
            "b",
            ",",
            "label",
            "if",
            "(",
            "a",
            "<",
            "=",
            "b",
            ")",
            "{",
            "goto",
            "label",
            "}",
            "bgt",
            "a",
            ",",
            "b",
            ",",
            "label",
            "if",
            "(",
            "a",
            ">",
            "b",
            ")",
            "{",
            "goto",
            "label",
            "}",
            "bge",
            "a",
            ",",
            "b",
            ",",
            "label",
            "if",
            "(",
            "a",
            ">",
            "=",
            "b",
            ")",
            "{",
            "goto",
            "label",
            "}",
            "above",
            ",",
            "a",
            "must",
            "be",
            "a",
            "register",
            ",",
            "but",
            "b",
            "can",
            "be",
            "a",
            "register",
            "or",
            "immediate",
            "23"
        ],
        "labels": [
            "O",
            "O",
            "O",
            "O",
            "O",
            "O",
            "O",
            "O",
            "O",
            "O",
            "O",
            "O",
            "O",
            "O",
            "O",
            "O",
            "O",
            "O",
            "O",
            "O",
            "O",
            "O",
            "O",
            "O",
            "O",
            "O",
            "O",
            "O",
            "O",
            "O",
            "O",
            "O",
            "O",
            "O",
            "O",
            "O",
            "O",
            "O",
            "O",
            "O",
            "O",
            "O",
            "O",
            "O",
            "O",
            "O",
            "O",
            "O",
            "O",
            "O",
            "O",
            "O",
            "O",
            "O",
            "O",
            "O",
            "O",
            "O",
            "O",
            "O",
            "O",
            "O",
            "O",
            "O",
            "O",
            "O",
            "O",
            "O",
            "O",
            "O",
            "O",
            "O",
            "O",
            "O",
            "O",
            "O",
            "O",
            "O",
            "O",
            "O",
            "O",
            "O",
            "O",
            "O",
            "O",
            "O",
            "O",
            "O",
            "O",
            "O",
            "O",
            "O",
            "O",
            "O",
            "O",
            "O",
            "O",
            "O",
            "O",
            "O",
            "O"
        ]
    },
    {
        "words": [
            "Examples",
            "Example",
            "1",
            ":",
            "branch",
            "if",
            "a",
            ">",
            "b",
            "bgt",
            "a",
            ",",
            "b",
            ",",
            "label",
            "#",
            "Goto",
            "label",
            "if",
            "a",
            ">",
            "b",
            "Solution",
            ":",
            "branch",
            "if",
            "b",
            "<",
            "a",
            "slt",
            "t",
            ",",
            "b",
            ",",
            "a",
            "#",
            "t=1",
            "if",
            "b",
            "<",
            "a",
            "bne",
            "t",
            ",",
            "zero",
            ",",
            "label",
            "#",
            "Goto",
            "label",
            "if",
            "t\u22600",
            "Example",
            "2",
            ":",
            "branch",
            "if",
            "a\u2265b",
            "bge",
            "a",
            ",",
            "b",
            ",",
            "label",
            "#",
            "Goto",
            "label",
            "if",
            "a\u2265b",
            "Solution",
            ":",
            "branch",
            "if",
            "!",
            "(",
            "a",
            "<",
            "b",
            ")",
            "slt",
            "t",
            ",",
            "a",
            ",",
            "b",
            "#",
            "t=1",
            "if",
            "a",
            "<",
            "b",
            "beq",
            "t",
            ",",
            "zero",
            ",",
            "label",
            "#",
            "Goto",
            "label",
            "if",
            "t=0",
            "24"
        ],
        "labels": [
            "O",
            "O",
            "O",
            "O",
            "O",
            "O",
            "O",
            "O",
            "O",
            "O",
            "O",
            "O",
            "O",
            "O",
            "O",
            "O",
            "O",
            "O",
            "O",
            "O",
            "O",
            "O",
            "O",
            "O",
            "O",
            "O",
            "O",
            "O",
            "O",
            "O",
            "O",
            "O",
            "O",
            "O",
            "O",
            "O",
            "O",
            "O",
            "O",
            "O",
            "O",
            "O",
            "O",
            "O",
            "O",
            "O",
            "O",
            "O",
            "O",
            "O",
            "O",
            "O",
            "O",
            "O",
            "O",
            "O",
            "O",
            "O",
            "O",
            "O",
            "O",
            "O",
            "O",
            "O",
            "O",
            "O",
            "O",
            "O",
            "O",
            "O",
            "O",
            "O",
            "O",
            "O",
            "O",
            "O",
            "O",
            "O",
            "O",
            "O",
            "O",
            "O",
            "O",
            "O",
            "O",
            "O",
            "O",
            "O",
            "O",
            "O",
            "O",
            "O",
            "O",
            "O",
            "O",
            "O",
            "O",
            "O",
            "O",
            "O",
            "O",
            "O",
            "O"
        ]
    },
    {
        "words": [
            "Complex",
            "conditionals",
            "25"
        ],
        "labels": [
            "O",
            "O",
            "O"
        ]
    },
    {
        "words": [
            "In",
            "this",
            "code\u2026",
            "if",
            "(",
            "dog_size",
            "<",
            "10",
            "||",
            "dog_name",
            "(",
            ")",
            "==",
            "``",
            "Fluffy",
            "''",
            ")",
            "if",
            "dog_size",
            "is",
            "3",
            ",",
            "is",
            "dog_name",
            "(",
            ")",
            "called",
            "?",
            "NO",
            "!",
            "this",
            "is",
            "short",
            "circuit",
            "evaluation",
            ".",
            "for",
            "||",
            "(",
            "logical",
            "OR",
            ")",
            ",",
            "if",
            "the",
            "first",
            "condition",
            "is",
            "true",
            ",",
            "the",
            "second",
            "one",
            "is",
            "skipped",
            ".",
            "(",
            "cause",
            "there",
            "'s",
            "no",
            "way",
            "for",
            "the",
            "result",
            "of",
            "the",
            "OR",
            "to",
            "be",
            "false",
            ".",
            ")",
            "for",
            "&",
            "&",
            "(",
            "logical",
            "AND",
            ")",
            ",",
            "if",
            "the",
            "first",
            "condition",
            "is",
            "false",
            ",",
            "the",
            "second",
            "one",
            "is",
            "skipped",
            ".",
            "26"
        ],
        "labels": [
            "O",
            "O",
            "O",
            "O",
            "O",
            "O",
            "O",
            "O",
            "O",
            "O",
            "O",
            "O",
            "O",
            "O",
            "O",
            "O",
            "O",
            "O",
            "O",
            "O",
            "O",
            "O",
            "O",
            "O",
            "O",
            "O",
            "O",
            "O",
            "O",
            "O",
            "O",
            "O",
            "O",
            "O",
            "O",
            "O",
            "O",
            "O",
            "O",
            "O",
            "O",
            "O",
            "O",
            "O",
            "O",
            "O",
            "O",
            "O",
            "O",
            "O",
            "O",
            "O",
            "O",
            "O",
            "O",
            "O",
            "O",
            "O",
            "O",
            "O",
            "O",
            "O",
            "O",
            "O",
            "O",
            "O",
            "O",
            "O",
            "O",
            "O",
            "O",
            "O",
            "O",
            "O",
            "O",
            "O",
            "O",
            "O",
            "O",
            "O",
            "O",
            "O",
            "O",
            "O",
            "O",
            "O",
            "O",
            "O",
            "O",
            "O",
            "O",
            "O",
            "O",
            "O",
            "O"
        ]
    },
    {
        "words": [
            "In",
            "this",
            "code\u2026",
            "if",
            "(",
            "dog_size",
            "<",
            "10",
            ")",
            "small",
            "(",
            ")",
            ";",
            "if",
            "dog_size",
            "is",
            "3",
            ",",
            "is",
            "this",
            "else",
            "if",
            "(",
            "dog_size",
            "<",
            "20",
            ")",
            "condition",
            "checked",
            "?",
            "medium",
            "(",
            ")",
            ";",
            "else",
            "if",
            "(",
            "dog_size",
            "<",
            "30",
            ")",
            "NO",
            "!",
            "large",
            "(",
            ")",
            ";",
            "else",
            "enormous",
            "(",
            ")",
            ";",
            "once",
            "a",
            "true",
            "condition",
            "is",
            "found",
            ",",
            "no",
            "more",
            "conditions",
            "are",
            "checked",
            ".",
            "after",
            "small",
            "(",
            ")",
            ",",
            "it",
            "comes",
            "down",
            "here",
            ".",
            "27"
        ],
        "labels": [
            "O",
            "O",
            "O",
            "O",
            "O",
            "O",
            "O",
            "O",
            "O",
            "O",
            "O",
            "O",
            "O",
            "O",
            "O",
            "O",
            "O",
            "O",
            "O",
            "O",
            "O",
            "O",
            "O",
            "O",
            "O",
            "O",
            "O",
            "O",
            "O",
            "O",
            "O",
            "O",
            "O",
            "O",
            "O",
            "O",
            "O",
            "O",
            "O",
            "O",
            "O",
            "O",
            "O",
            "O",
            "O",
            "O",
            "O",
            "O",
            "O",
            "O",
            "O",
            "O",
            "O",
            "O",
            "O",
            "O",
            "O",
            "O",
            "O",
            "O",
            "O",
            "O",
            "O",
            "O",
            "O",
            "O",
            "O",
            "O",
            "O",
            "O",
            "O",
            "O",
            "O",
            "O",
            "O",
            "O"
        ]
    },
    {
        "words": [
            "And-and",
            "!",
            "\u25cf",
            "Block",
            "A",
            "is",
            "run",
            "if",
            "both",
            "conditions",
            "are",
            "true",
            ".",
            "o",
            "to",
            "think",
            "of",
            "it",
            "another",
            "way\u2026",
            "it",
            "'s",
            "skipped",
            "if",
            "?",
            "What",
            "\u2019",
            "s",
            "the",
            "inverse",
            "?",
            "o",
            "either",
            "condition",
            "is",
            "false\u2026",
            "if",
            "(",
            "s0",
            "==",
            "30",
            "&",
            "&",
            "bne",
            "s0",
            ",",
            "30",
            ",",
            "skipA",
            "s1",
            ">",
            "1",
            ")",
            "{",
            "ble",
            "s1",
            ",",
            "1",
            ",",
            "skipA",
            "block",
            "A",
            "block",
            "A",
            "}",
            "skipA",
            ":",
            "28"
        ],
        "labels": [
            "O",
            "O",
            "O",
            "O",
            "O",
            "O",
            "O",
            "O",
            "O",
            "O",
            "O",
            "O",
            "O",
            "O",
            "O",
            "O",
            "O",
            "O",
            "O",
            "O",
            "O",
            "O",
            "O",
            "O",
            "O",
            "O",
            "O",
            "O",
            "O",
            "O",
            "O",
            "O",
            "O",
            "O",
            "O",
            "O",
            "O",
            "O",
            "O",
            "O",
            "O",
            "O",
            "O",
            "O",
            "O",
            "O",
            "O",
            "O",
            "O",
            "O",
            "O",
            "O",
            "O",
            "O",
            "O",
            "O",
            "O",
            "O",
            "O",
            "O",
            "O",
            "O",
            "O",
            "O",
            "O",
            "O",
            "O",
            "O"
        ]
    },
    {
        "words": [
            "Or-or",
            "!",
            "\u25cf",
            "We",
            "go",
            "to",
            "block",
            "A",
            "if",
            "either",
            "condition",
            "is",
            "true",
            ".",
            "o",
            "to",
            "think",
            "of",
            "it",
            "another",
            "way\u2026",
            "it",
            "'s",
            "skipped",
            "if",
            "?",
            "What",
            "\u2019",
            "s",
            "the",
            "inverse",
            "?",
            "o",
            "all",
            "conditions",
            "are",
            "false",
            ".",
            "if",
            "(",
            "s0",
            "==",
            "30",
            "||",
            "s1",
            ">",
            "1",
            ")",
            "beq",
            "s0",
            ",",
            "30",
            ",",
            "blockA",
            "{",
            "ble",
            "s1",
            ",",
            "1",
            ",",
            "skipA",
            "block",
            "A",
            "blockA",
            ":",
            "}",
            "block",
            "A",
            "skipA",
            ":",
            "29"
        ],
        "labels": [
            "O",
            "O",
            "O",
            "O",
            "O",
            "O",
            "O",
            "O",
            "O",
            "O",
            "O",
            "O",
            "O",
            "O",
            "O",
            "O",
            "O",
            "O",
            "O",
            "O",
            "O",
            "O",
            "O",
            "O",
            "O",
            "O",
            "O",
            "O",
            "O",
            "O",
            "O",
            "O",
            "O",
            "O",
            "O",
            "O",
            "O",
            "O",
            "O",
            "O",
            "O",
            "O",
            "O",
            "O",
            "O",
            "O",
            "O",
            "O",
            "O",
            "O",
            "O",
            "O",
            "O",
            "O",
            "O",
            "O",
            "O",
            "O",
            "O",
            "O",
            "O",
            "O",
            "O",
            "O",
            "O",
            "O",
            "O",
            "O",
            "O",
            "O",
            "O"
        ]
    },
    {
        "words": [
            "Looooops",
            "o",
            "o",
            "o",
            "o",
            "o",
            "o",
            "oo",
            "oo",
            "30"
        ],
        "labels": [
            "O",
            "O",
            "O",
            "O",
            "O",
            "O",
            "O",
            "O",
            "O",
            "O"
        ]
    },
    {
        "words": [
            "Dis-assembling",
            "a",
            "for-loop",
            "\u25cf",
            "How",
            "does",
            "a",
            "for",
            "loop",
            "work",
            "?",
            "What",
            "is",
            "the",
            "first",
            "thing",
            "a",
            "for",
            "does",
            "?",
            "Initialize",
            ":",
            "i=0",
            "for",
            "(",
            "i=0",
            ";",
            "i",
            "<",
            "10",
            ";",
            "i++",
            ")",
            "And",
            "?",
            "?",
            "?",
            "{",
            "Check",
            "condition",
            ":",
            "block",
            "A",
            "execute",
            "while",
            "i",
            "<",
            "10",
            "}",
            "Then\u2026",
            "//",
            "carry",
            "on",
            "block",
            "A",
            "Finally",
            "?",
            "Increment",
            ":",
            "i++",
            "Go",
            "back",
            "up",
            "to",
            "the",
            "top",
            "31"
        ],
        "labels": [
            "O",
            "O",
            "O",
            "O",
            "O",
            "O",
            "O",
            "O",
            "O",
            "O",
            "O",
            "O",
            "O",
            "O",
            "O",
            "O",
            "O",
            "O",
            "O",
            "O",
            "O",
            "O",
            "O",
            "O",
            "O",
            "O",
            "O",
            "O",
            "O",
            "O",
            "O",
            "O",
            "O",
            "O",
            "O",
            "O",
            "O",
            "O",
            "O",
            "O",
            "O",
            "O",
            "O",
            "O",
            "O",
            "O",
            "O",
            "O",
            "O",
            "O",
            "O",
            "O",
            "O",
            "O",
            "O",
            "O",
            "O",
            "O",
            "O",
            "O",
            "O",
            "O",
            "O",
            "O",
            "O",
            "O",
            "O"
        ]
    },
    {
        "words": [
            "Looping",
            "in",
            "MIPS",
            "assembly",
            "\u25cf",
            "Let",
            "\u2019",
            "s",
            "use",
            "s0",
            "to",
            "hold",
            "i",
            "li",
            "s0",
            ",",
            "0",
            "What",
            "\u2019",
            "s",
            "the",
            "first",
            "__________",
            "thing",
            "a",
            "for",
            "loop_top",
            ":",
            "does",
            "?",
            "for",
            "(",
            "i=0",
            ";",
            "i",
            "<",
            "10",
            ";",
            "i++",
            ")",
            "which",
            "conditional",
            "branch",
            "?",
            "__________________",
            "{",
            "block",
            "A",
            "}",
            "block",
            "A",
            "How",
            "do",
            "we",
            "//",
            "carry",
            "on",
            "increment",
            "?",
            "addi",
            "s0",
            ",",
            "s0",
            ",",
            "1",
            "_______________",
            "Let",
            "\u2019",
            "s",
            "start",
            "with",
            "a",
            "j",
            "loop_top",
            "____________",
            "How",
            "do",
            "recipe",
            "carry_on",
            ":",
            "we",
            "go",
            "up",
            "?",
            "#",
            "carry",
            "on",
            "32"
        ],
        "labels": [
            "O",
            "O",
            "O",
            "O",
            "O",
            "O",
            "O",
            "O",
            "O",
            "O",
            "O",
            "O",
            "O",
            "O",
            "O",
            "O",
            "O",
            "O",
            "O",
            "O",
            "O",
            "O",
            "O",
            "O",
            "O",
            "O",
            "O",
            "O",
            "O",
            "O",
            "O",
            "O",
            "O",
            "O",
            "O",
            "O",
            "O",
            "O",
            "O",
            "O",
            "O",
            "O",
            "O",
            "O",
            "O",
            "O",
            "O",
            "O",
            "O",
            "O",
            "O",
            "O",
            "O",
            "O",
            "O",
            "O",
            "O",
            "O",
            "O",
            "O",
            "O",
            "O",
            "O",
            "O",
            "O",
            "O",
            "O",
            "O",
            "O",
            "O",
            "O",
            "O",
            "O",
            "O",
            "O",
            "O",
            "O",
            "O",
            "O",
            "O",
            "O",
            "O",
            "O",
            "O",
            "O",
            "O",
            "O",
            "O"
        ]
    },
    {
        "words": [
            "That",
            "\u2019",
            "s",
            "bge",
            ",",
            "actually",
            "li",
            "s0",
            ",",
            "0",
            "__________",
            "We",
            "want",
            "to",
            "leave",
            "the",
            "loop\u2026",
            "loop_top",
            ":",
            "when",
            "the",
            "opposite",
            "of",
            "i",
            "<",
            "10",
            "bge",
            "s0",
            ",",
            "10",
            ",",
            "carry_on",
            "_____________________",
            "happens",
            "!",
            "s0",
            "move",
            "a0",
            ",",
            "___",
            "\u25cf",
            "In",
            "HLL",
            "we",
            "\u201c",
            "execute",
            "smth",
            "if",
            "\u201d",
            "li",
            "v0",
            ",",
            "1",
            "\u25cf",
            "In",
            "assembly",
            "we",
            "\u201c",
            "jump",
            "over",
            "if",
            "\u201d",
            "syscall",
            "\u25cf",
            "Thus",
            "negate",
            "the",
            "condition",
            "in",
            "addi",
            "s0",
            ",",
            "s0",
            ",",
            "1",
            "_______________",
            "the",
            "assembly",
            "to",
            "skip",
            "over",
            "code",
            "j",
            "loop_top",
            "____________",
            "carry_on",
            ":",
            "#",
            "carry",
            "on",
            "33"
        ],
        "labels": [
            "O",
            "O",
            "O",
            "O",
            "O",
            "O",
            "O",
            "O",
            "O",
            "O",
            "O",
            "O",
            "O",
            "O",
            "O",
            "O",
            "O",
            "O",
            "O",
            "O",
            "O",
            "O",
            "O",
            "O",
            "O",
            "O",
            "O",
            "O",
            "O",
            "O",
            "O",
            "O",
            "O",
            "O",
            "O",
            "O",
            "O",
            "O",
            "O",
            "O",
            "O",
            "O",
            "O",
            "O",
            "O",
            "O",
            "O",
            "O",
            "O",
            "O",
            "O",
            "O",
            "O",
            "O",
            "O",
            "O",
            "O",
            "O",
            "O",
            "O",
            "O",
            "O",
            "O",
            "O",
            "O",
            "O",
            "O",
            "O",
            "O",
            "O",
            "O",
            "O",
            "O",
            "O",
            "O",
            "O",
            "O",
            "O",
            "O",
            "O",
            "O",
            "O",
            "O",
            "O",
            "O",
            "O",
            "O",
            "O",
            "O",
            "O",
            "O"
        ]
    },
    {
        "words": [
            "The",
            "other",
            "way",
            "around",
            "li",
            "s0",
            ",",
            "0",
            "__________",
            "loop_top",
            ":",
            "blt",
            "s0",
            ",",
            "10",
            ",",
            "loop_code",
            "b",
            "carry_on",
            "loop_code",
            ":",
            "s0",
            "move",
            "a0",
            ",",
            "___",
            "li",
            "v0",
            ",",
            "1",
            "syscall",
            "addi",
            "s0",
            ",",
            "s0",
            ",",
            "1",
            "_______________",
            "j",
            "loop_top",
            "____________",
            "carry_on",
            ":",
            "#",
            "carry",
            "on",
            "34"
        ],
        "labels": [
            "O",
            "O",
            "O",
            "O",
            "O",
            "O",
            "O",
            "O",
            "O",
            "O",
            "O",
            "O",
            "O",
            "O",
            "O",
            "O",
            "O",
            "O",
            "O",
            "O",
            "O",
            "O",
            "O",
            "O",
            "O",
            "O",
            "O",
            "O",
            "O",
            "O",
            "O",
            "O",
            "O",
            "O",
            "O",
            "O",
            "O",
            "O",
            "O",
            "O",
            "O",
            "O",
            "O",
            "O",
            "O",
            "O",
            "O"
        ]
    },
    {
        "words": [
            "While",
            "looks",
            "the",
            "same",
            ",",
            "no",
            "initialization",
            "or",
            "increment",
            "loop_top",
            ":",
            "while",
            "(",
            "s2",
            "<",
            "10",
            ")",
            "bge",
            "s2",
            ",",
            "10",
            ",",
            "more_stuff",
            "________",
            "{",
            "stuff",
            ":",
            "//",
            "stuff",
            "!",
            "!",
            "#",
            "stuff",
            "!",
            "!",
            "}",
            "//",
            "more",
            "stuff",
            "j",
            "loop_top",
            "more_stuff",
            ":",
            "#",
            "more",
            "stuff",
            "35"
        ],
        "labels": [
            "O",
            "O",
            "O",
            "O",
            "O",
            "O",
            "O",
            "O",
            "O",
            "O",
            "O",
            "O",
            "O",
            "O",
            "O",
            "O",
            "O",
            "O",
            "O",
            "O",
            "O",
            "O",
            "O",
            "O",
            "O",
            "O",
            "O",
            "O",
            "O",
            "O",
            "O",
            "O",
            "O",
            "O",
            "O",
            "O",
            "O",
            "O",
            "O",
            "O",
            "O",
            "O",
            "O",
            "O",
            "O",
            "O",
            "O"
        ]
    }
]