[
    {
        "words": [
            "#",
            "9",
            "CS",
            "0447",
            "Introduction",
            "to",
            "Computer",
            "Programming",
            "Binary",
            "arithmetic",
            ":",
            "Addition",
            "Lu\u00eds",
            "Oliveira",
            "Original",
            "slides",
            "by",
            ":",
            "Jarrett",
            "Billingsley",
            "Modified",
            "with",
            "bits",
            "from",
            ":",
            "Bruce",
            "Childers",
            ",",
            "David",
            "Wilkinson",
            "Fall",
            "2020"
        ],
        "labels": [
            "O",
            "O",
            "O",
            "O",
            "O",
            "O",
            "O",
            "O",
            "O",
            "O",
            "O",
            "O",
            "O",
            "O",
            "O",
            "O",
            "O",
            "O",
            "O",
            "O",
            "O",
            "O",
            "O",
            "O",
            "O",
            "O",
            "O",
            "O",
            "O",
            "O",
            "O",
            "O"
        ]
    },
    {
        "words": [
            "Class",
            "announcements",
            "\u2022",
            "nope",
            "2"
        ],
        "labels": [
            "O",
            "O",
            "O",
            "O",
            "O"
        ]
    },
    {
        "words": [
            "Binary",
            "addition",
            "3"
        ],
        "labels": [
            "O",
            "O",
            "O"
        ]
    },
    {
        "words": [
            "Adding",
            "in",
            "binary",
            "\u25cf",
            "It",
            "works",
            "the",
            "same",
            "way",
            "as",
            "you",
            "learned",
            "in",
            "school",
            "o",
            "Except",
            "instead",
            "of",
            "carrying",
            "at",
            "1010",
            ",",
            "you",
            "carry",
            "at\u2026",
            "102",
            "!",
            "\u25aa",
            "1",
            "+",
            "1",
            "=",
            "102",
            "(",
            "210",
            ")",
            "\u25aa",
            "1",
            "+",
            "1",
            "+",
            "1",
            "=",
            "112",
            "(",
            "310",
            ")",
            "\u25cf",
            "Let",
            "'s",
            "try",
            "it",
            ".",
            "(",
            "what",
            "are",
            "these",
            "in",
            "decimal",
            "?",
            ")",
            "0",
            "1",
            "1",
            "1",
            "1",
            "1",
            "0",
            "1011",
            "0010",
            "+0010",
            "1111",
            "1110",
            "0001",
            "4"
        ],
        "labels": [
            "O",
            "O",
            "O",
            "O",
            "O",
            "O",
            "O",
            "O",
            "O",
            "O",
            "O",
            "O",
            "O",
            "O",
            "O",
            "O",
            "O",
            "O",
            "O",
            "O",
            "O",
            "O",
            "O",
            "O",
            "O",
            "O",
            "O",
            "O",
            "O",
            "O",
            "O",
            "O",
            "O",
            "O",
            "O",
            "O",
            "O",
            "O",
            "O",
            "O",
            "O",
            "O",
            "O",
            "O",
            "O",
            "O",
            "O",
            "O",
            "O",
            "O",
            "O",
            "O",
            "O",
            "O",
            "O",
            "O",
            "O",
            "O",
            "O",
            "O",
            "O",
            "O",
            "O",
            "O",
            "O",
            "O",
            "O",
            "O",
            "O",
            "O",
            "O",
            "O",
            "O",
            "O",
            "O"
        ]
    },
    {
        "words": [
            "Formalizing",
            "the",
            "algorithm",
            "\u25cf",
            "for",
            "each",
            "pair",
            "of",
            "bits",
            "starting",
            "at",
            "the",
            "LSB",
            ",",
            "o",
            "add",
            "the",
            "two",
            "bits",
            "and",
            "the",
            "carry",
            "o",
            "the",
            "low",
            "bit",
            "of",
            "the",
            "sum",
            "goes",
            "into",
            "the",
            "sum",
            "row",
            "o",
            "the",
            "high",
            "bit",
            "of",
            "the",
            "sum",
            "is",
            "the",
            "carry",
            "for",
            "the",
            "next",
            "higher",
            "bit",
            "\u25cf",
            "this",
            "is",
            "the",
            "grade",
            "school",
            "algorithm",
            "o",
            "cause",
            "it",
            "'s",
            "how",
            "you",
            "learned",
            "to",
            "add",
            "in",
            "grade",
            "school",
            "Bit",
            "Bucket",
            "..",
            "?",
            "1",
            "0",
            "1",
            "1",
            "0",
            "0",
            "1",
            "0",
            "+0",
            "0",
            "1",
            "0",
            "1",
            "1",
            "1",
            "1",
            "5"
        ],
        "labels": [
            "O",
            "O",
            "O",
            "O",
            "O",
            "O",
            "O",
            "O",
            "O",
            "O",
            "O",
            "O",
            "O",
            "O",
            "O",
            "O",
            "O",
            "O",
            "O",
            "O",
            "O",
            "O",
            "O",
            "O",
            "O",
            "O",
            "O",
            "O",
            "O",
            "O",
            "O",
            "O",
            "O",
            "O",
            "O",
            "O",
            "O",
            "O",
            "O",
            "O",
            "O",
            "O",
            "O",
            "O",
            "O",
            "O",
            "O",
            "O",
            "O",
            "O",
            "O",
            "O",
            "O",
            "O",
            "O",
            "O",
            "O",
            "O",
            "O",
            "O",
            "O",
            "O",
            "O",
            "O",
            "O",
            "O",
            "O",
            "O",
            "O",
            "O",
            "O",
            "O",
            "O",
            "O",
            "O",
            "O",
            "O",
            "O",
            "O",
            "O",
            "O",
            "O",
            "O",
            "O",
            "O",
            "O",
            "O",
            "O",
            "O"
        ]
    },
    {
        "words": [
            "Signed",
            "Numbers",
            "6"
        ],
        "labels": [
            "O",
            "O",
            "O"
        ]
    },
    {
        "words": [
            "Remember",
            "this",
            "?",
            "\u25cf",
            "if",
            "you",
            "load",
            "a",
            "byte\u2026",
            "31",
            "0",
            "10010000",
            "00000000",
            "00000000",
            "00000000",
            "00000000",
            "If",
            "the",
            "byte",
            "is",
            "signed\u2026",
            "what",
            "should",
            "it",
            "become",
            "?",
            "31",
            "0",
            "11111111",
            "11111111",
            "11111111",
            "10010000",
            "lb",
            "does",
            "sign",
            "extension",
            ".",
            "If",
            "the",
            "byte",
            "is",
            "unsigned\u2026",
            "what",
            "should",
            "it",
            "become",
            "?",
            "31",
            "0",
            "00000000",
            "00000000",
            "00000000",
            "10010000",
            "lbu",
            "does",
            "zero",
            "extension",
            ".",
            "7"
        ],
        "labels": [
            "O",
            "O",
            "O",
            "O",
            "O",
            "O",
            "O",
            "O",
            "O",
            "O",
            "O",
            "O",
            "O",
            "O",
            "O",
            "O",
            "O",
            "O",
            "O",
            "O",
            "O",
            "O",
            "O",
            "O",
            "O",
            "O",
            "O",
            "O",
            "O",
            "O",
            "O",
            "O",
            "O",
            "O",
            "O",
            "O",
            "O",
            "O",
            "O",
            "O",
            "O",
            "O",
            "O",
            "O",
            "O",
            "O",
            "O",
            "O",
            "O",
            "O",
            "O",
            "O",
            "O",
            "O",
            "O",
            "O",
            "O",
            "O",
            "O"
        ]
    },
    {
        "words": [
            "Arbitrariness\u2026",
            "Again",
            "\u25cf",
            "What",
            "does",
            "this",
            "mean",
            "?",
            "10001010",
            "Is",
            "it",
            "signed",
            "?",
            "\u00af\\_",
            "(",
            "\u30c4",
            ")",
            "_/\u00af",
            "Is",
            "it",
            "unsigned",
            "?",
            "What",
            "\u2019",
            "s",
            "the",
            "difference",
            "?",
            "8"
        ],
        "labels": [
            "O",
            "O",
            "O",
            "O",
            "O",
            "O",
            "O",
            "O",
            "O",
            "O",
            "O",
            "O",
            "O",
            "O",
            "O",
            "O",
            "O",
            "O",
            "O",
            "O",
            "O",
            "O",
            "O",
            "O",
            "O",
            "O",
            "O",
            "O",
            "O"
        ]
    },
    {
        "words": [
            "Unsigned",
            "integers",
            "\u2013",
            "they",
            "are",
            "all",
            "positive",
            "!",
            "\u25cf",
            "We",
            "have",
            "numbers",
            ",",
            "they",
            "are",
            "all",
            "positive",
            "!",
            "o",
            "On",
            "a",
            "number",
            "line",
            ":",
            "000",
            "010",
            "100",
            "110",
            "001",
            "011",
            "101",
            "111",
            "0",
            "1",
            "2",
            "3",
            "4",
            "5",
            "6",
            "7",
            "\u25cf",
            "What",
            "if",
            "we",
            "want",
            "to",
            "have",
            "negative",
            "numbers",
            "?",
            "9"
        ],
        "labels": [
            "O",
            "O",
            "O",
            "O",
            "O",
            "O",
            "O",
            "O",
            "O",
            "O",
            "O",
            "O",
            "O",
            "O",
            "O",
            "O",
            "O",
            "O",
            "O",
            "O",
            "O",
            "O",
            "O",
            "O",
            "O",
            "O",
            "O",
            "O",
            "O",
            "O",
            "O",
            "O",
            "O",
            "O",
            "O",
            "O",
            "O",
            "O",
            "O",
            "O",
            "O",
            "O",
            "O",
            "O",
            "O",
            "O",
            "O",
            "O",
            "O",
            "O",
            "O"
        ]
    },
    {
        "words": [
            "If",
            "you",
            "wanted",
            "to",
            "implement",
            "signed",
            "integers\u2026",
            "\u25cf",
            "What",
            "would",
            "be",
            "the",
            "most",
            "intuitive",
            "way",
            "of",
            "doing",
            "it",
            "?",
            "o",
            "You",
            "could",
            "have",
            "a",
            "``",
            "sign",
            "bit",
            "''",
            "where",
            "0",
            "means",
            "+",
            ",",
            "and",
            "1",
            "means",
            "-",
            "\u25cf",
            "This",
            "is",
            "sign-magnitude",
            "representation",
            ".",
            "on",
            "a",
            "number",
            "line",
            ":",
            "110",
            "000",
            "010",
            "\u25cf",
            "What",
            "about",
            "the",
            "pattern",
            "100",
            "?",
            "111",
            "101",
            "001",
            "011",
            "o",
            "negative",
            "sign",
            ",",
            "0",
            "magnitude",
            "-3",
            "-2",
            "-1",
            "0",
            "+1",
            "+2",
            "+3",
            "o",
            "NEGATIVE",
            "ZERO",
            "?",
            "?",
            "100",
            "\u25cf",
            "Arithmetic",
            "is",
            "a",
            "bit",
            "awkward",
            "10"
        ],
        "labels": [
            "O",
            "O",
            "O",
            "O",
            "O",
            "O",
            "O",
            "O",
            "O",
            "O",
            "O",
            "O",
            "O",
            "O",
            "O",
            "O",
            "O",
            "O",
            "O",
            "O",
            "O",
            "O",
            "O",
            "O",
            "O",
            "O",
            "O",
            "O",
            "O",
            "O",
            "O",
            "O",
            "O",
            "O",
            "O",
            "O",
            "O",
            "O",
            "O",
            "O",
            "O",
            "O",
            "O",
            "O",
            "O",
            "O",
            "O",
            "O",
            "O",
            "O",
            "O",
            "O",
            "O",
            "O",
            "O",
            "O",
            "O",
            "O",
            "O",
            "O",
            "O",
            "O",
            "O",
            "O",
            "O",
            "O",
            "O",
            "O",
            "O",
            "O",
            "O",
            "O",
            "O",
            "O",
            "O",
            "O",
            "O",
            "O",
            "O",
            "O",
            "O",
            "O",
            "O",
            "O",
            "O",
            "O",
            "O",
            "O"
        ]
    },
    {
        "words": [
            "Sign-magnitude",
            "arithmetic",
            "\u25cf",
            "Negation",
            "-",
            "(",
            "3",
            ")",
            "0011",
            "1011",
            "bit",
            "pattern",
            "for",
            "Flip",
            "MSB",
            "!",
            "positive",
            "3",
            "?",
            "-",
            "(",
            "-3",
            ")",
            "1011",
            "0011",
            "bit",
            "pattern",
            "for",
            "Flip",
            "MSB",
            "!",
            "negative",
            "3",
            "?",
            "11"
        ],
        "labels": [
            "O",
            "O",
            "O",
            "O",
            "O",
            "O",
            "O",
            "O",
            "O",
            "O",
            "O",
            "O",
            "O",
            "O",
            "O",
            "O",
            "O",
            "O",
            "O",
            "O",
            "O",
            "O",
            "O",
            "O",
            "O",
            "O",
            "O",
            "O",
            "O",
            "O",
            "O",
            "O",
            "O",
            "O",
            "O"
        ]
    },
    {
        "words": [
            "Sign-magnitude",
            "arithmetic",
            "\u25cf",
            "Negation",
            "-",
            "(",
            "3",
            ")",
            "0011",
            "1011",
            "-",
            "(",
            "-3",
            ")",
            "1011",
            "0011",
            "\u25cf",
            "(",
            "wrong",
            ")",
            "Addition",
            "bit",
            "pattern",
            "for",
            "to",
            "binary",
            "?",
            "11",
            "-3\u2026",
            "positive",
            "3",
            "?",
            "11",
            "3",
            "0011",
            "3",
            "0011",
            "+",
            "3",
            "+0011",
            "+-3",
            "+1011",
            "6",
            "0110",
            "0",
            "1011",
            "1110",
            "-6",
            "to",
            "decimal",
            "?",
            "\u25cf",
            "It",
            "\u2019",
            "s",
            "not",
            "impossible",
            "o",
            "But",
            "it",
            "is",
            "awkward",
            "12"
        ],
        "labels": [
            "O",
            "O",
            "O",
            "O",
            "O",
            "O",
            "O",
            "O",
            "O",
            "O",
            "O",
            "O",
            "O",
            "O",
            "O",
            "O",
            "O",
            "O",
            "O",
            "O",
            "O",
            "O",
            "O",
            "O",
            "O",
            "O",
            "O",
            "O",
            "O",
            "O",
            "O",
            "O",
            "O",
            "O",
            "O",
            "O",
            "O",
            "O",
            "O",
            "O",
            "O",
            "O",
            "O",
            "O",
            "O",
            "O",
            "O",
            "O",
            "O",
            "O",
            "O",
            "O",
            "O",
            "O",
            "O",
            "O",
            "O",
            "O",
            "O",
            "O",
            "O",
            "O",
            "O"
        ]
    },
    {
        "words": [
            "Well",
            ",",
            "what",
            "if\u2026",
            "\u25cf",
            "We",
            "use",
            "a",
            "technique",
            "borrowed",
            "from",
            "old",
            "accounting",
            "practices",
            "and",
            "mechanical",
            "calculators",
            ",",
            "we",
            "can",
            "flip",
            "all",
            "the",
            "bits",
            "to",
            "negate",
            "a",
            "number",
            "\u25cf",
            "This",
            "is",
            "ones",
            "'",
            "complement",
            ".",
            "on",
            "a",
            "number",
            "line",
            ":",
            "\u25cf",
            "We",
            "have",
            "the",
            "same",
            "problem",
            "with",
            "111",
            "as",
            "sign-magnitude",
            "had",
            "with",
            "100",
            "101",
            "000",
            "010",
            "100",
            "110",
            "001",
            "011",
            "-3",
            "-2",
            "-1",
            "0",
            "+1",
            "+2",
            "+3",
            "111",
            "\u25cf",
            "This",
            "does",
            "make",
            "arithmetic",
            "easier",
            "\u25cf",
            "But",
            "it",
            "is",
            "not",
            "used",
            "in",
            "modern",
            "computers",
            ".",
            "13"
        ],
        "labels": [
            "O",
            "O",
            "O",
            "O",
            "O",
            "O",
            "O",
            "O",
            "O",
            "O",
            "O",
            "O",
            "O",
            "O",
            "O",
            "O",
            "O",
            "O",
            "O",
            "O",
            "O",
            "O",
            "O",
            "O",
            "O",
            "O",
            "O",
            "O",
            "O",
            "O",
            "O",
            "O",
            "O",
            "O",
            "O",
            "O",
            "O",
            "O",
            "O",
            "O",
            "O",
            "O",
            "O",
            "O",
            "O",
            "O",
            "O",
            "O",
            "O",
            "O",
            "O",
            "O",
            "O",
            "O",
            "O",
            "O",
            "O",
            "O",
            "O",
            "O",
            "O",
            "O",
            "O",
            "O",
            "O",
            "O",
            "O",
            "O",
            "O",
            "O",
            "O",
            "O",
            "O",
            "O",
            "O",
            "O",
            "O",
            "O",
            "O",
            "O",
            "O",
            "O",
            "O",
            "O",
            "O"
        ]
    },
    {
        "words": [
            "Sign-magnitude",
            "arithmetic",
            "\u25cf",
            "Negation",
            "-",
            "(",
            "3",
            ")",
            "0011",
            "1100",
            "bit",
            "pattern",
            "for",
            "flip",
            "!",
            "positive",
            "3",
            "?",
            "-",
            "(",
            "-3",
            ")",
            "1100",
            "0011",
            "bit",
            "pattern",
            "for",
            "flip",
            "!",
            "negative",
            "3",
            "?",
            "14"
        ],
        "labels": [
            "O",
            "O",
            "O",
            "O",
            "O",
            "O",
            "O",
            "O",
            "O",
            "O",
            "O",
            "O",
            "O",
            "O",
            "O",
            "O",
            "O",
            "O",
            "O",
            "O",
            "O",
            "O",
            "O",
            "O",
            "O",
            "O",
            "O",
            "O",
            "O",
            "O",
            "O",
            "O",
            "O"
        ]
    },
    {
        "words": [
            "Sign-magnitude",
            "arithmetic",
            "\u25cf",
            "Negation",
            "-",
            "(",
            "3",
            ")",
            "0011",
            "1100",
            "-",
            "(",
            "-3",
            ")",
            "1100",
            "0011",
            "Add",
            "the",
            "carry",
            "back",
            "in",
            "\u25cf",
            "Addition",
            "bit",
            "pattern",
            "for",
            "to",
            "binary",
            "?",
            "0010",
            "-2\u2026",
            "positive",
            "2",
            "?",
            "1111",
            "3",
            "0011",
            "3",
            "0010",
            "0011",
            "+",
            "2",
            "+0010",
            "+-2",
            "flip",
            "!",
            "+1101",
            "5",
            "0101",
            "1",
            "1101",
            "0000",
            "?",
            "?",
            "?",
            "+0001",
            "0001",
            "1",
            "this",
            "is",
            "positive",
            ",",
            "so",
            "don",
            "\u2019",
            "t",
            "flip",
            "to",
            "decimal",
            "?",
            "15"
        ],
        "labels": [
            "O",
            "O",
            "O",
            "O",
            "O",
            "O",
            "O",
            "O",
            "O",
            "O",
            "O",
            "O",
            "O",
            "O",
            "O",
            "O",
            "O",
            "O",
            "O",
            "O",
            "O",
            "O",
            "O",
            "O",
            "O",
            "O",
            "O",
            "O",
            "O",
            "O",
            "O",
            "O",
            "O",
            "O",
            "O",
            "O",
            "O",
            "O",
            "O",
            "O",
            "O",
            "O",
            "O",
            "O",
            "O",
            "O",
            "O",
            "O",
            "O",
            "O",
            "O",
            "O",
            "O",
            "O",
            "O",
            "O",
            "O",
            "O",
            "O",
            "O",
            "O",
            "O",
            "O",
            "O",
            "O",
            "O",
            "O",
            "O",
            "O",
            "O",
            "O"
        ]
    },
    {
        "words": [
            "One",
            "\u2019",
            "s",
            "complement",
            "arithmetic",
            "\u25cf",
            "Do",
            "you",
            "really",
            "want",
            "to",
            "write",
            "code",
            "like",
            "if",
            "(",
            "(",
            "my_var",
            "==",
            "0",
            ")",
            "OR",
            "(",
            "my_var",
            "==",
            "-0",
            ")",
            ")",
            "{",
            "\u2026",
            "}",
            "\u25cf",
            "Just",
            "kidding\u2026",
            "Compilers",
            "would",
            "handle",
            "that",
            "for",
            "you",
            "!",
            "16"
        ],
        "labels": [
            "O",
            "O",
            "O",
            "O",
            "O",
            "O",
            "O",
            "O",
            "O",
            "O",
            "O",
            "O",
            "O",
            "O",
            "O",
            "O",
            "O",
            "O",
            "O",
            "O",
            "O",
            "O",
            "O",
            "O",
            "O",
            "O",
            "O",
            "O",
            "O",
            "O",
            "O",
            "O",
            "O",
            "O",
            "O",
            "O",
            "O",
            "O",
            "O",
            "O",
            "O",
            "O"
        ]
    },
    {
        "words": [
            "Finally",
            ",",
            "two",
            "'s",
            "complement",
            "\u25cf",
            "First",
            ",",
            "we",
            "flip",
            "all",
            "the",
            "bits",
            "o",
            "Just",
            "like",
            "with",
            "1",
            "\u2019",
            "s",
            "complement",
            "\u25cf",
            "Then",
            "add",
            "1",
            ".",
            "\u25cf",
            "The",
            "number",
            "line",
            "looks",
            "a",
            "little",
            "bit",
            "stranger",
            "o",
            "But",
            "there",
            "is",
            "only",
            "one",
            "0",
            ",",
            "and",
            "it",
            "is",
            "0",
            "!",
            "100",
            "110",
            "000",
            "010",
            "101",
            "111",
            "001",
            "011",
            "-4",
            "-3",
            "-2",
            "-1",
            "0",
            "+1",
            "+2",
            "+3",
            "17"
        ],
        "labels": [
            "O",
            "O",
            "O",
            "O",
            "O",
            "O",
            "O",
            "O",
            "O",
            "O",
            "O",
            "O",
            "O",
            "O",
            "O",
            "O",
            "O",
            "O",
            "O",
            "O",
            "O",
            "O",
            "O",
            "O",
            "O",
            "O",
            "O",
            "O",
            "O",
            "O",
            "O",
            "O",
            "O",
            "O",
            "O",
            "O",
            "O",
            "O",
            "O",
            "O",
            "O",
            "O",
            "O",
            "O",
            "O",
            "O",
            "O",
            "O",
            "O",
            "O",
            "O",
            "O",
            "O",
            "O",
            "O",
            "O",
            "O",
            "O",
            "O",
            "O",
            "O",
            "O",
            "O",
            "O",
            "O"
        ]
    },
    {
        "words": [
            "Finally",
            ",",
            "two",
            "'s",
            "complement",
            "\u25cf",
            "First",
            ",",
            "we",
            "flip",
            "all",
            "the",
            "bits",
            "o",
            "Just",
            "like",
            "with",
            "1",
            "\u2019",
            "s",
            "complement",
            "\u25cf",
            "Then",
            "add",
            "1",
            ".",
            "\u25cf",
            "The",
            "number",
            "line",
            "looks",
            "a",
            "little",
            "bit",
            "stranger",
            "o",
            "But",
            "there",
            "is",
            "only",
            "one",
            "0",
            ",",
            "and",
            "it",
            "is",
            "0",
            "!",
            "100",
            "110",
            "000",
            "010",
            "101",
            "111",
            "001",
            "011",
            "\u25cf",
            "It",
            "'s",
            "lopsided",
            ":",
            "There",
            "is",
            "no",
            "+4",
            "!",
            "-4",
            "-3",
            "-2",
            "-1",
            "0",
            "+1",
            "+2",
            "+3",
            "o",
            "But",
            "arithmetic",
            "is",
            "easy",
            "!",
            "o",
            "when",
            "someone",
            "says",
            "``",
            "signed",
            ",",
            "''",
            "99",
            "%",
            "of",
            "the",
            "time",
            "they",
            "mean",
            "this",
            "o",
            "When",
            "I",
            "say",
            "\u201c",
            "signed",
            "\u201d",
            ",",
            "I",
            "100",
            "%",
            "of",
            "the",
            "time",
            "mean",
            "this",
            "18"
        ],
        "labels": [
            "O",
            "O",
            "O",
            "O",
            "O",
            "O",
            "O",
            "O",
            "O",
            "O",
            "O",
            "O",
            "O",
            "O",
            "O",
            "O",
            "O",
            "O",
            "O",
            "O",
            "O",
            "O",
            "O",
            "O",
            "O",
            "O",
            "O",
            "O",
            "O",
            "O",
            "O",
            "O",
            "O",
            "O",
            "O",
            "O",
            "O",
            "O",
            "O",
            "O",
            "O",
            "O",
            "O",
            "O",
            "O",
            "O",
            "O",
            "O",
            "O",
            "O",
            "O",
            "O",
            "O",
            "O",
            "O",
            "O",
            "O",
            "O",
            "O",
            "O",
            "O",
            "O",
            "O",
            "O",
            "O",
            "O",
            "O",
            "O",
            "O",
            "O",
            "O",
            "O",
            "O",
            "O",
            "O",
            "O",
            "O",
            "O",
            "O",
            "O",
            "O",
            "O",
            "O",
            "O",
            "O",
            "O",
            "O",
            "O",
            "O",
            "O",
            "O",
            "O",
            "O",
            "O",
            "O",
            "O",
            "O",
            "O",
            "O",
            "O",
            "O",
            "O",
            "O",
            "O",
            "O",
            "O",
            "O",
            "O",
            "O",
            "O",
            "O",
            "O",
            "O"
        ]
    },
    {
        "words": [
            "Sign-magnitude",
            "arithmetic",
            "\u25cf",
            "Negation",
            "-",
            "(",
            "3",
            ")",
            "0011",
            "1100",
            "1101",
            "bit",
            "pattern",
            "for",
            "flip",
            "!",
            "Add",
            "1",
            "!",
            "positive",
            "3",
            "?",
            "-",
            "(",
            "-3",
            ")",
            "1101",
            "0010",
            "0011",
            "bit",
            "pattern",
            "for",
            "flip",
            "!",
            "Add",
            "1",
            "!",
            "negative",
            "3",
            "?",
            "\u25cf",
            "You",
            "don",
            "\u2019",
            "t",
            "need",
            "to",
            "subtract",
            "!",
            "!",
            "o",
            "flip",
            "(",
            "k",
            ")",
            "+1",
            "==",
            "flip",
            "(",
            "k-1",
            ")",
            "\u25aa",
            "If",
            "you",
            "ignore",
            "the",
            "carry",
            "!",
            "\u263a",
            "19"
        ],
        "labels": [
            "O",
            "O",
            "O",
            "O",
            "O",
            "O",
            "O",
            "O",
            "O",
            "O",
            "O",
            "O",
            "O",
            "O",
            "O",
            "O",
            "O",
            "O",
            "O",
            "O",
            "O",
            "O",
            "O",
            "O",
            "O",
            "O",
            "O",
            "O",
            "O",
            "O",
            "O",
            "O",
            "O",
            "O",
            "O",
            "O",
            "O",
            "O",
            "O",
            "O",
            "O",
            "O",
            "O",
            "O",
            "O",
            "O",
            "O",
            "O",
            "O",
            "O",
            "O",
            "O",
            "O",
            "O",
            "O",
            "O",
            "O",
            "O",
            "O",
            "O",
            "O",
            "O",
            "O",
            "O",
            "O",
            "O",
            "O",
            "O",
            "O",
            "O"
        ]
    },
    {
        "words": [
            "Two",
            "'s",
            "complement",
            "addition",
            "\u25cf",
            "the",
            "great",
            "thing",
            "is",
            ":",
            "you",
            "can",
            "add",
            "numbers",
            "of",
            "either",
            "sign",
            "without",
            "having",
            "to",
            "do",
            "anything",
            "special",
            "!",
            "Ignore",
            "the",
            "carry",
            "bit",
            "pattern",
            "for",
            "to",
            "binary",
            "?",
            "0111",
            "-7\u2026",
            "positive",
            "7",
            "?",
            "0011",
            "3",
            "0011",
            "3",
            "0111",
            "0011",
            "-",
            "4",
            "+",
            "7",
            "+0111",
            "+-7",
            "flip",
            "!",
            "+1",
            "+1001",
            "1000",
            "to",
            "decimal",
            "?",
            "10",
            "1010",
            "-4",
            "1100",
            "0100",
            "this",
            "is",
            "negative",
            ",",
            "so",
            "what",
            "is",
            "it",
            "?",
            "flip",
            "!",
            "+1",
            "the",
            "actual",
            "patterns",
            "of",
            "bits",
            "are",
            "the",
            "same",
            ".",
            "0011",
            "so",
            "how",
            "does",
            "the",
            "computer",
            "``",
            "know",
            "''",
            "whether",
            "it",
            "'s",
            "doing",
            "signed",
            "or",
            "unsigned",
            "addition",
            "?",
            "20"
        ],
        "labels": [
            "O",
            "O",
            "O",
            "O",
            "O",
            "O",
            "O",
            "O",
            "O",
            "O",
            "O",
            "O",
            "O",
            "O",
            "O",
            "O",
            "O",
            "O",
            "O",
            "O",
            "O",
            "O",
            "O",
            "O",
            "O",
            "O",
            "O",
            "O",
            "O",
            "O",
            "O",
            "O",
            "O",
            "O",
            "O",
            "O",
            "O",
            "O",
            "O",
            "O",
            "O",
            "O",
            "O",
            "O",
            "O",
            "O",
            "O",
            "O",
            "O",
            "O",
            "O",
            "O",
            "O",
            "O",
            "O",
            "O",
            "O",
            "O",
            "O",
            "O",
            "O",
            "O",
            "O",
            "O",
            "O",
            "O",
            "O",
            "O",
            "O",
            "O",
            "O",
            "O",
            "O",
            "O",
            "O",
            "O",
            "O",
            "O",
            "O",
            "O",
            "O",
            "O",
            "O",
            "O",
            "O",
            "O",
            "O",
            "O",
            "O",
            "O",
            "O",
            "O",
            "O",
            "O",
            "O",
            "O",
            "O",
            "O",
            "O",
            "O",
            "O",
            "O",
            "O"
        ]
    },
    {
        "words": [
            "IT",
            "DOES",
            "N'T",
            "21"
        ],
        "labels": [
            "O",
            "O",
            "O",
            "O"
        ]
    },
    {
        "words": [
            "This",
            "is",
            "how",
            "it",
            "looks",
            "\u25cf",
            "Interpreting",
            "bit",
            "patterns",
            "as",
            "(",
            "left",
            ")",
            "unsigned",
            "and",
            "(",
            "right",
            ")",
            "signed",
            "15",
            "0",
            "1",
            "-1",
            "0",
            "1",
            "14",
            "1111",
            "0000",
            "0001",
            "2",
            "-2",
            "1111",
            "0000",
            "0001",
            "2",
            "1110",
            "0010",
            "1110",
            "0010",
            "13",
            "1101",
            "0011",
            "3",
            "-3",
            "1101",
            "0011",
            "3",
            "12",
            "1100",
            "0100",
            "4",
            "-4",
            "1100",
            "0100",
            "4",
            "1011",
            "0101",
            "1011",
            "0101",
            "11",
            "1010",
            "0110",
            "5",
            "-5",
            "1010",
            "0110",
            "5",
            "1001",
            "10",
            "1001",
            "1000",
            "0111",
            "6",
            "-6",
            "1000",
            "0111",
            "6",
            "9",
            "8",
            "7",
            "-7",
            "-8",
            "7"
        ],
        "labels": [
            "O",
            "O",
            "O",
            "O",
            "O",
            "O",
            "O",
            "O",
            "O",
            "O",
            "O",
            "O",
            "O",
            "O",
            "O",
            "O",
            "O",
            "O",
            "O",
            "O",
            "O",
            "O",
            "O",
            "O",
            "O",
            "O",
            "O",
            "O",
            "O",
            "O",
            "O",
            "O",
            "O",
            "O",
            "O",
            "O",
            "O",
            "O",
            "O",
            "O",
            "O",
            "O",
            "O",
            "O",
            "O",
            "O",
            "O",
            "O",
            "O",
            "O",
            "O",
            "O",
            "O",
            "O",
            "O",
            "O",
            "O",
            "O",
            "O",
            "O",
            "O",
            "O",
            "O",
            "O",
            "O",
            "O",
            "O",
            "O",
            "O",
            "O",
            "O",
            "O",
            "O",
            "O",
            "O",
            "O",
            "O",
            "O",
            "O",
            "O",
            "O",
            "O",
            "O"
        ]
    },
    {
        "words": [
            "Two",
            "'s",
            "complement",
            "negation",
            "\u25cf",
            "(",
            "assuming",
            "4",
            "bits",
            ")",
            "What",
            "about",
            "?",
            "?",
            "?",
            "-8",
            "?",
            "o",
            "What",
            "happens",
            "if",
            "we",
            "negate",
            "-8",
            "?",
            "\u25aa",
            "i.e",
            ".",
            "-",
            "(",
            "-8",
            ")",
            "?",
            "-",
            "(",
            "-8",
            ")",
            "1000",
            "0111",
            "1000",
            "-8",
            "?",
            "?",
            "?",
            "bit",
            "pattern",
            "for",
            "flip",
            "!",
            "Add",
            "1",
            "!",
            "negative",
            "8",
            "?",
            "-1",
            "0",
            "1",
            "-2",
            "1111",
            "0000",
            "0001",
            "2",
            "1110",
            "0010",
            "-3",
            "1101",
            "0011",
            "3",
            "WHAT",
            "DID",
            "YOU",
            "-4",
            "1100",
            "0100",
            "4",
            "DO",
            "WRONG",
            "?",
            "?",
            "?",
            "?",
            "?",
            "?",
            "1011",
            "0101",
            "-5",
            "1010",
            "0110",
            "5",
            "1001",
            "-6",
            "1000",
            "0111",
            "6",
            "-7",
            "-8",
            "7",
            "23"
        ],
        "labels": [
            "O",
            "O",
            "O",
            "O",
            "O",
            "O",
            "O",
            "O",
            "O",
            "O",
            "O",
            "O",
            "O",
            "O",
            "O",
            "O",
            "O",
            "O",
            "O",
            "O",
            "O",
            "O",
            "O",
            "O",
            "O",
            "O",
            "O",
            "O",
            "O",
            "O",
            "O",
            "O",
            "O",
            "O",
            "O",
            "O",
            "O",
            "O",
            "O",
            "O",
            "O",
            "O",
            "O",
            "O",
            "O",
            "O",
            "O",
            "O",
            "O",
            "O",
            "O",
            "O",
            "O",
            "O",
            "O",
            "O",
            "O",
            "O",
            "O",
            "O",
            "O",
            "O",
            "O",
            "O",
            "O",
            "O",
            "O",
            "O",
            "O",
            "O",
            "O",
            "O",
            "O",
            "O",
            "O",
            "O",
            "O",
            "O",
            "O",
            "O",
            "O",
            "O",
            "O",
            "O",
            "O",
            "O",
            "O",
            "O",
            "O",
            "O",
            "O",
            "O",
            "O",
            "O",
            "O",
            "O",
            "O",
            "O",
            "O"
        ]
    },
    {
        "words": [
            "Absolutely",
            "Bonkers",
            "\u2013",
            "Slide",
            "borrowed",
            "from",
            "wilkie",
            "(",
            "449",
            ")",
            "public",
            "class",
            "AbsTest",
            "{",
            "public",
            "static",
            "int",
            "abs",
            "(",
            "int",
            "x",
            ")",
            "{",
            "if",
            "(",
            "x",
            "<",
            "0",
            ")",
            "{",
            "x",
            "=",
            "-x",
            ";",
            "}",
            "return",
            "x",
            ";",
            "}",
            "public",
            "static",
            "void",
            "main",
            "(",
            "String",
            "[",
            "]",
            "args",
            ")",
            "{",
            "System.out.println",
            "(",
            "String.format",
            "(",
            "``",
            "|",
            "%",
            "d|",
            "=",
            "%",
            "d",
            "''",
            ",",
            "Integer.MIN_VALUE",
            ",",
            "AbsTest.abs",
            "(",
            "Integer.MIN_VALUE",
            ")",
            ")",
            ")",
            ";",
            "}",
            "}",
            "//",
            "Outputs",
            ":",
            "|-2147483648|",
            "=",
            "-2147483648",
            "CS/COE",
            "0449",
            "\u2013",
            "Spring",
            "2019/2020",
            "Q",
            ":",
            "How",
            "many",
            "bits",
            "is",
            "a",
            "Java",
            "int",
            "?",
            "What",
            "happened",
            "here",
            "?",
            "24"
        ],
        "labels": [
            "O",
            "O",
            "O",
            "O",
            "O",
            "O",
            "O",
            "O",
            "O",
            "O",
            "O",
            "O",
            "O",
            "O",
            "O",
            "O",
            "O",
            "O",
            "O",
            "O",
            "O",
            "O",
            "O",
            "O",
            "O",
            "O",
            "O",
            "O",
            "O",
            "O",
            "O",
            "O",
            "O",
            "O",
            "O",
            "O",
            "O",
            "O",
            "O",
            "O",
            "O",
            "O",
            "O",
            "O",
            "O",
            "O",
            "O",
            "O",
            "O",
            "O",
            "O",
            "O",
            "O",
            "O",
            "O",
            "O",
            "O",
            "O",
            "O",
            "O",
            "O",
            "O",
            "O",
            "O",
            "O",
            "O",
            "O",
            "O",
            "O",
            "O",
            "O",
            "O",
            "O",
            "O",
            "O",
            "O",
            "O",
            "O",
            "O",
            "O",
            "O",
            "O",
            "O",
            "O",
            "O",
            "O",
            "O",
            "O",
            "O",
            "O",
            "O",
            "O",
            "O",
            "O",
            "O",
            "O",
            "O",
            "O",
            "O",
            "O"
        ]
    },
    {
        "words": [
            "Neat",
            "properties",
            "\u25cf",
            "If",
            "we",
            "take",
            "a",
            "positive",
            "number",
            "and",
            "add",
            "zeros",
            ":",
            "o",
            "12010",
            "=",
            "0111",
            "10002",
            "o",
            "0000",
            "0000",
            "0111",
            "10002",
            "=",
            "12010",
            "\u25cf",
            "If",
            "we",
            "take",
            "a",
            "negative",
            "number",
            "and",
            "add",
            "ones",
            ":",
            "o",
            "1000",
            "01112",
            "=",
            "-",
            "0111",
            "10002",
            "+",
            "12",
            "=",
            "-",
            "0111",
            "10012",
            "=",
            "-12110",
            "o",
            "1111",
            "1111",
            "1000",
            "01112",
            "=",
            "-",
            "0000",
            "0000",
            "0111",
            "10002+12",
            "=",
            "-",
            "0000",
            "0000",
            "0111",
            "10012",
            "=",
            "-",
            "12110",
            "25"
        ],
        "labels": [
            "O",
            "O",
            "O",
            "O",
            "O",
            "O",
            "O",
            "O",
            "O",
            "O",
            "O",
            "O",
            "O",
            "O",
            "O",
            "O",
            "O",
            "O",
            "O",
            "O",
            "O",
            "O",
            "O",
            "O",
            "O",
            "O",
            "O",
            "O",
            "O",
            "O",
            "O",
            "O",
            "O",
            "O",
            "O",
            "O",
            "O",
            "O",
            "O",
            "O",
            "O",
            "O",
            "O",
            "O",
            "O",
            "O",
            "O",
            "O",
            "O",
            "O",
            "O",
            "O",
            "O",
            "O",
            "O",
            "O",
            "O",
            "O",
            "O",
            "O",
            "O",
            "O",
            "O",
            "O",
            "O",
            "O",
            "O",
            "O",
            "O",
            "O",
            "O",
            "O"
        ]
    },
    {
        "words": [
            "A",
            "return",
            "to",
            "E",
            "X",
            "P",
            "A",
            "N",
            "D",
            "V",
            "A",
            "L",
            "U",
            "E",
            "\u25cf",
            "if",
            "you",
            "load",
            "a",
            "byte\u2026",
            "31",
            "0",
            "10010000",
            "00000000",
            "00000000",
            "00000000",
            "00000000",
            "If",
            "the",
            "byte",
            "is",
            "signed\u2026",
            "what",
            "should",
            "it",
            "become",
            "?",
            "31",
            "0",
            "11111111",
            "11111111",
            "11111111",
            "10010000",
            "lb",
            "does",
            "sign",
            "extension",
            ".",
            "If",
            "the",
            "byte",
            "is",
            "unsigned\u2026",
            "what",
            "should",
            "it",
            "become",
            "?",
            "31",
            "0",
            "00000000",
            "00000000",
            "00000000",
            "10010000",
            "lbu",
            "does",
            "zero",
            "extension",
            ".",
            "26"
        ],
        "labels": [
            "O",
            "O",
            "O",
            "O",
            "O",
            "O",
            "O",
            "O",
            "O",
            "O",
            "O",
            "O",
            "O",
            "O",
            "O",
            "O",
            "O",
            "O",
            "O",
            "O",
            "O",
            "O",
            "O",
            "O",
            "O",
            "O",
            "O",
            "O",
            "O",
            "O",
            "O",
            "O",
            "O",
            "O",
            "O",
            "O",
            "O",
            "O",
            "O",
            "O",
            "O",
            "O",
            "O",
            "O",
            "O",
            "O",
            "O",
            "O",
            "O",
            "O",
            "O",
            "O",
            "O",
            "O",
            "O",
            "O",
            "O",
            "O",
            "O",
            "O",
            "O",
            "O",
            "O",
            "O",
            "O",
            "O",
            "O",
            "O",
            "O",
            "O"
        ]
    },
    {
        "words": [
            "Overflow",
            "27"
        ],
        "labels": [
            "O",
            "O"
        ]
    },
    {
        "words": [
            "Overflow",
            "\u25cf",
            "In",
            "computers",
            ",",
            "numbers",
            "are",
            "finite",
            ".",
            "\u25cf",
            "Let",
            "'s",
            "say",
            "our",
            "4-digit",
            "display",
            "was",
            "counting",
            "up",
            ":",
            "9997",
            ",",
            "9998",
            ",",
            "9999\u2026",
            "\u25cf",
            "What",
            "comes",
            "``",
            "next",
            "''",
            "?",
            "o",
            "What",
            "does",
            "this",
            "``",
            "0000",
            "''",
            "really",
            "mean",
            "?",
            "o",
            "It",
            "wrapped",
            "around",
            ".",
            "\u25cf",
            "This",
            "is",
            "overflow",
            ":",
            "the",
            "number",
            "you",
            "are",
            "trying",
            "to",
            "represent",
            "is",
            "too",
            "big",
            "to",
            "be",
            "represented",
            ".",
            "\u25cf",
            "Essentially",
            ",",
            "all",
            "arithmetic",
            "on",
            "the",
            "computer",
            "is",
            "modular",
            "arithmetic",
            "!",
            "o",
            "This",
            "causes",
            "a",
            "lot",
            "of",
            "software",
            "bugs",
            ".",
            "o",
            "https",
            ":",
            "//en.wikipedia.org/wiki/Pac-Man",
            "#",
            "Level_256",
            "28"
        ],
        "labels": [
            "O",
            "O",
            "O",
            "O",
            "O",
            "O",
            "O",
            "O",
            "O",
            "O",
            "O",
            "O",
            "O",
            "O",
            "O",
            "O",
            "O",
            "O",
            "O",
            "O",
            "O",
            "O",
            "O",
            "O",
            "O",
            "O",
            "O",
            "O",
            "O",
            "O",
            "O",
            "O",
            "O",
            "O",
            "O",
            "O",
            "O",
            "O",
            "O",
            "O",
            "O",
            "O",
            "O",
            "O",
            "O",
            "O",
            "O",
            "O",
            "O",
            "O",
            "O",
            "O",
            "O",
            "O",
            "O",
            "O",
            "O",
            "O",
            "O",
            "O",
            "O",
            "O",
            "O",
            "O",
            "O",
            "O",
            "O",
            "O",
            "O",
            "O",
            "O",
            "O",
            "O",
            "O",
            "O",
            "O",
            "O",
            "O",
            "O",
            "O",
            "O",
            "O",
            "O",
            "O",
            "O",
            "O",
            "O",
            "O",
            "O",
            "O",
            "O",
            "O",
            "O",
            "O"
        ]
    },
    {
        "words": [
            "Number",
            "carrousel",
            "\u25cf",
            "Computers",
            "perform",
            "modulus",
            "arithmetic",
            "o",
            "Meaning",
            ":",
            "it",
            "goes",
            "around",
            "!",
            "o",
            "E.g",
            ".",
            "in",
            "a",
            "4-bit",
            "computer",
            "15",
            "0",
            "1",
            "14",
            "1111",
            "0000",
            "0001",
            "2",
            "1110",
            "0010",
            "13",
            "1101",
            "0011",
            "3",
            "12",
            "1100",
            "0100",
            "4",
            "1011",
            "0101",
            "11",
            "1010",
            "0110",
            "5",
            "1001",
            "10",
            "0111",
            "6",
            "9",
            "1000",
            "0110",
            "8",
            "7",
            "+0111",
            "what",
            "is",
            "6",
            "+",
            "7",
            "?",
            "1101",
            "29"
        ],
        "labels": [
            "O",
            "O",
            "O",
            "O",
            "O",
            "O",
            "O",
            "O",
            "O",
            "O",
            "O",
            "O",
            "O",
            "O",
            "O",
            "O",
            "O",
            "O",
            "O",
            "O",
            "O",
            "O",
            "O",
            "O",
            "O",
            "O",
            "O",
            "O",
            "O",
            "O",
            "O",
            "O",
            "O",
            "O",
            "O",
            "O",
            "O",
            "O",
            "O",
            "O",
            "O",
            "O",
            "O",
            "O",
            "O",
            "O",
            "O",
            "O",
            "O",
            "O",
            "O",
            "O",
            "O",
            "O",
            "O",
            "O",
            "O",
            "O",
            "O",
            "O",
            "O",
            "O",
            "O"
        ]
    },
    {
        "words": [
            "Unsigned",
            "overflowing",
            "15",
            "0",
            "1",
            "14",
            "1111",
            "0000",
            "0001",
            "2",
            "Uhhhhh",
            "1110",
            "0010",
            "13",
            "1101",
            "0011",
            "3",
            "12",
            "1100",
            "0100",
            "4",
            "1011",
            "0101",
            "11",
            "1010",
            "0110",
            "5",
            "10",
            "1001",
            "9",
            "1000",
            "0111",
            "6",
            "1110",
            "If",
            "the",
            "result",
            "is",
            "smaller",
            "8",
            "7",
            "than",
            "either",
            "addend",
            ",",
            "+0111",
            "there",
            "is",
            "an",
            "overflow",
            "what",
            "is",
            "14",
            "+",
            "7",
            "?",
            "10101",
            "30"
        ],
        "labels": [
            "O",
            "O",
            "O",
            "O",
            "O",
            "O",
            "O",
            "O",
            "O",
            "O",
            "O",
            "O",
            "O",
            "O",
            "O",
            "O",
            "O",
            "O",
            "O",
            "O",
            "O",
            "O",
            "O",
            "O",
            "O",
            "O",
            "O",
            "O",
            "O",
            "O",
            "O",
            "O",
            "O",
            "O",
            "O",
            "O",
            "O",
            "O",
            "O",
            "O",
            "O",
            "O",
            "O",
            "O",
            "O",
            "O",
            "O",
            "O",
            "O",
            "O",
            "O",
            "O",
            "O",
            "O",
            "O",
            "O",
            "O",
            "O"
        ]
    },
    {
        "words": [
            "Signed",
            "overflowing",
            "\u25cf",
            "It",
            "may",
            "also",
            "happen",
            "with",
            "signed",
            "numbers",
            "what",
            "is",
            "-6",
            "-",
            "7",
            "?",
            "1",
            "0",
            "0",
            "0",
            "This",
            "is",
            "OK",
            "!",
            "-1",
            "0",
            "1",
            "1010",
            "-2",
            "1111",
            "0000",
            "0001",
            "2",
            "-3",
            "1101",
            "1110",
            "0010",
            "0011",
            "3",
            "+1001",
            "-4",
            "1100",
            "0100",
            "4",
            "0011",
            "1011",
            "0101",
            "-5",
            "1010",
            "0110",
            "5",
            "what",
            "is",
            "6",
            "+",
            "7",
            "?",
            "1001",
            "-6",
            "1000",
            "0111",
            "6",
            "0",
            "1",
            "1",
            "0",
            "The",
            "sign",
            "of",
            "-7",
            "-8",
            "7",
            "0110",
            "overflow",
            "is",
            "the",
            "opposite",
            "sign",
            "If",
            "the",
            "result",
            "of",
            "adding",
            "two",
            "numbers",
            "with",
            "the",
            "+0111",
            "same",
            "sign",
            "results",
            "in",
            "the",
            "opposite",
            "sign",
            ",",
            "there",
            "is",
            "overflow",
            "1101",
            "31"
        ],
        "labels": [
            "O",
            "O",
            "O",
            "O",
            "O",
            "O",
            "O",
            "O",
            "O",
            "O",
            "O",
            "O",
            "O",
            "O",
            "O",
            "O",
            "O",
            "O",
            "O",
            "O",
            "O",
            "O",
            "O",
            "O",
            "O",
            "O",
            "O",
            "O",
            "O",
            "O",
            "O",
            "O",
            "O",
            "O",
            "O",
            "O",
            "O",
            "O",
            "O",
            "O",
            "O",
            "O",
            "O",
            "O",
            "O",
            "O",
            "O",
            "O",
            "O",
            "O",
            "O",
            "O",
            "O",
            "O",
            "O",
            "O",
            "O",
            "O",
            "O",
            "O",
            "O",
            "O",
            "O",
            "O",
            "O",
            "O",
            "O",
            "O",
            "O",
            "O",
            "O",
            "O",
            "O",
            "O",
            "O",
            "O",
            "O",
            "O",
            "O",
            "O",
            "O",
            "O",
            "O",
            "O",
            "O",
            "O",
            "O",
            "O",
            "O",
            "O",
            "O",
            "O",
            "O",
            "O",
            "O",
            "O",
            "O",
            "O",
            "O",
            "O",
            "O"
        ]
    },
    {
        "words": [
            "Signed",
            "overflowing",
            "What",
            "about",
            "this",
            "?",
            "-1",
            "0",
            "1",
            "-2",
            "1111",
            "0000",
            "0001",
            "2",
            "How",
            "can",
            "we",
            "detect",
            "1110",
            "0010",
            "if",
            "operations",
            "with",
            "-3",
            "1101",
            "0011",
            "3",
            "different",
            "signs",
            "overflow",
            "?",
            "-4",
            "1100",
            "0100",
            "4",
            "1011",
            "0101",
            "-5",
            "1010",
            "0110",
            "5",
            "1001",
            "-6",
            "1000",
            "0111",
            "6",
            "This",
            "is",
            "impossible",
            ":",
            "-7",
            "-8",
            "7",
            "Max",
            "positive",
            "=",
            "7",
            "-1+7=6",
            "!",
            "32"
        ],
        "labels": [
            "O",
            "O",
            "O",
            "O",
            "O",
            "O",
            "O",
            "O",
            "O",
            "O",
            "O",
            "O",
            "O",
            "O",
            "O",
            "O",
            "O",
            "O",
            "O",
            "O",
            "O",
            "O",
            "O",
            "O",
            "O",
            "O",
            "O",
            "O",
            "O",
            "O",
            "O",
            "O",
            "O",
            "O",
            "O",
            "O",
            "O",
            "O",
            "O",
            "O",
            "O",
            "O",
            "O",
            "O",
            "O",
            "O",
            "O",
            "O",
            "O",
            "O",
            "O",
            "O",
            "O",
            "O",
            "O",
            "O",
            "O",
            "O",
            "O",
            "O"
        ]
    },
    {
        "words": [
            "How",
            "many",
            "bits",
            "?",
            "\u25cf",
            "if",
            "you",
            "add",
            "two",
            "2-digit",
            "decimal",
            "numbers",
            ",",
            "what",
            "'s",
            "the",
            "99",
            "9999",
            "largest",
            "number",
            "you",
            "can",
            "get",
            "?",
            "\u25cf",
            "what",
            "about",
            "two",
            "4-digit",
            "decimal",
            "numbers",
            "?",
            "+99",
            "+9999",
            "\u25cf",
            "what",
            "about",
            "two",
            "4-bit",
            "numbers",
            "?",
            "198",
            "19998",
            "\u25cf",
            "what",
            "'s",
            "the",
            "pattern",
            "of",
            "the",
            "number",
            "of",
            "digits",
            "?",
            "o",
            "if",
            "you",
            "add",
            "two",
            "n-digit",
            "numbers",
            "in",
            "any",
            "base\u2026",
            "1111",
            "o",
            "the",
            "result",
            "will",
            "have",
            "at",
            "most",
            "n",
            "+",
            "1",
            "digits",
            "\u25cf",
            "that",
            "means",
            "if",
            "we",
            "add",
            "two",
            "32-bit",
            "numbers\u2026",
            "+1111",
            "o",
            "\u2026we",
            "might",
            "get",
            "a",
            "33-bit",
            "result",
            "!",
            "11110",
            "o",
            "if",
            "we",
            "have",
            "more",
            "bits",
            "than",
            "we",
            "can",
            "store",
            "in",
            "our",
            "number",
            ",",
            "that",
            "'s",
            "overflow",
            ".",
            "Q",
            ":",
            "How",
            "many",
            "bits",
            "do",
            "you",
            "need",
            "to",
            "represent",
            "-16",
            "in",
            "1s",
            "\u2019",
            "complement",
            "?",
            "Q",
            ":",
            "How",
            "many",
            "bits",
            "do",
            "you",
            "need",
            "to",
            "represent",
            "-16",
            "in",
            "2",
            "\u2019",
            "s",
            "complement",
            "?",
            "33"
        ],
        "labels": [
            "O",
            "O",
            "O",
            "O",
            "O",
            "O",
            "O",
            "O",
            "O",
            "O",
            "O",
            "O",
            "O",
            "O",
            "O",
            "O",
            "O",
            "O",
            "O",
            "O",
            "O",
            "O",
            "O",
            "O",
            "O",
            "O",
            "O",
            "O",
            "O",
            "O",
            "O",
            "O",
            "O",
            "O",
            "O",
            "O",
            "O",
            "O",
            "O",
            "O",
            "O",
            "O",
            "O",
            "O",
            "O",
            "O",
            "O",
            "O",
            "O",
            "O",
            "O",
            "O",
            "O",
            "O",
            "O",
            "O",
            "O",
            "O",
            "O",
            "O",
            "O",
            "O",
            "O",
            "O",
            "O",
            "O",
            "O",
            "O",
            "O",
            "O",
            "O",
            "O",
            "O",
            "O",
            "O",
            "O",
            "O",
            "O",
            "O",
            "O",
            "O",
            "O",
            "O",
            "O",
            "O",
            "O",
            "O",
            "O",
            "O",
            "O",
            "O",
            "O",
            "O",
            "O",
            "O",
            "O",
            "O",
            "O",
            "O",
            "O",
            "O",
            "O",
            "O",
            "O",
            "O",
            "O",
            "O",
            "O",
            "O",
            "O",
            "O",
            "O",
            "O",
            "O",
            "O",
            "O",
            "O",
            "O",
            "O",
            "O",
            "O",
            "O",
            "O",
            "O",
            "O",
            "O",
            "O",
            "O",
            "O",
            "O",
            "O",
            "O",
            "O",
            "O",
            "O",
            "O",
            "O",
            "O",
            "O",
            "O",
            "O",
            "O",
            "O",
            "O",
            "O",
            "O",
            "O"
        ]
    },
    {
        "words": [
            "Handling",
            "overflow",
            "\u25cf",
            "we",
            "could",
            "ignore",
            "it",
            "o",
            "in",
            "MIPS",
            ":",
            "addu",
            ",",
            "subu",
            "o",
            "this",
            "is",
            "usually",
            "a",
            "bad",
            "idea",
            "\u25aa",
            "your",
            "program",
            "is",
            "broken",
            "o",
            "it",
            "'s",
            "also",
            "the",
            "default",
            "in",
            "most",
            "languages",
            ",",
            "thanks",
            "C",
            "\u25cf",
            "we",
            "could",
            "fall",
            "on",
            "the",
            "floor",
            "-",
            "i.e",
            ".",
            "crash",
            "o",
            "in",
            "MIPS",
            "add",
            ",",
            "sub",
            "o",
            "can",
            "be",
            "handled",
            "and",
            "recovered",
            "from",
            "o",
            "but",
            "more",
            "complex",
            "\u25cf",
            "we",
            "could",
            "store",
            "that",
            "33rd",
            "bit",
            "somewhere",
            "else",
            "34"
        ],
        "labels": [
            "O",
            "O",
            "O",
            "O",
            "O",
            "O",
            "O",
            "O",
            "O",
            "O",
            "O",
            "O",
            "O",
            "O",
            "O",
            "O",
            "O",
            "O",
            "O",
            "O",
            "O",
            "O",
            "O",
            "O",
            "O",
            "O",
            "O",
            "O",
            "O",
            "O",
            "O",
            "O",
            "O",
            "O",
            "O",
            "O",
            "O",
            "O",
            "O",
            "O",
            "O",
            "O",
            "O",
            "O",
            "O",
            "O",
            "O",
            "O",
            "O",
            "O",
            "O",
            "O",
            "O",
            "O",
            "O",
            "O",
            "O",
            "O",
            "O",
            "O",
            "O",
            "O",
            "O",
            "O",
            "O",
            "O",
            "O",
            "O",
            "O",
            "O",
            "O",
            "O",
            "O",
            "O",
            "O",
            "O"
        ]
    },
    {
        "words": [
            "Maybe",
            "the",
            "bit",
            "bucket",
            "is",
            "a",
            "real",
            "place\u2026",
            "\u25cf",
            "many",
            "other",
            "architectures",
            "do",
            "this",
            "o",
            "MIPS",
            "does",
            "not",
            ".",
            "\u25cf",
            "they",
            "have",
            "a",
            "``",
            "carry",
            "bit",
            "''",
            "register",
            "o",
            "this",
            "can",
            "be",
            "checked",
            "by",
            "the",
            "program",
            "after",
            "an",
            "add/sub",
            "\u25cf",
            "this",
            "is",
            "very",
            "useful",
            "for",
            "arbitrary",
            "precision",
            "arithmetic",
            "o",
            "if",
            "you",
            "want",
            "to",
            "add",
            "2048-bit",
            "numbers",
            ",",
            "chain",
            "many",
            "32-bit",
            "additions",
            "0",
            "1",
            "1",
            "1",
            "0",
            "0",
            "0",
            "0",
            "0",
            "1",
            "1",
            "1",
            "1",
            "0",
            "0",
            "0",
            "0",
            "0010",
            "1001",
            "0010",
            "1001",
            "+0001",
            "1100",
            "+0001",
            "+1100",
            "0100",
            "0101",
            "0100",
            "0101",
            "add8bit",
            "add4bit",
            "add4bit",
            "35"
        ],
        "labels": [
            "O",
            "O",
            "O",
            "O",
            "O",
            "O",
            "O",
            "O",
            "O",
            "O",
            "O",
            "O",
            "O",
            "O",
            "O",
            "O",
            "O",
            "O",
            "O",
            "O",
            "O",
            "O",
            "O",
            "O",
            "O",
            "O",
            "O",
            "O",
            "O",
            "O",
            "O",
            "O",
            "O",
            "O",
            "O",
            "O",
            "O",
            "O",
            "O",
            "O",
            "O",
            "O",
            "O",
            "O",
            "O",
            "O",
            "O",
            "O",
            "O",
            "O",
            "O",
            "O",
            "O",
            "O",
            "O",
            "O",
            "O",
            "O",
            "O",
            "O",
            "O",
            "O",
            "O",
            "O",
            "O",
            "O",
            "O",
            "O",
            "O",
            "O",
            "O",
            "O",
            "O",
            "O",
            "O",
            "O",
            "O",
            "O",
            "O",
            "O",
            "O",
            "O",
            "O",
            "O",
            "O",
            "O",
            "O",
            "O",
            "O",
            "O",
            "O",
            "O",
            "O",
            "O"
        ]
    },
    {
        "words": [
            "More",
            "Bonkers",
            "public",
            "class",
            "Main",
            "{",
            "public",
            "static",
            "void",
            "main",
            "(",
            "String",
            "[",
            "]",
            "args",
            ")",
            "{",
            "int",
            "w",
            "=",
            "Integer.MAX_VALUE",
            ";",
            "if",
            "(",
            "w",
            "+",
            "1",
            ">",
            "w",
            ")",
            "{",
            "System.out.println",
            "(",
            "``",
            "This",
            "does",
            "not",
            "happen.\\n",
            "''",
            ")",
            ";",
            "}",
            "int",
            "z",
            "=",
            "w",
            "+",
            "1",
            ";",
            "if",
            "(",
            "z",
            ">",
            "w",
            ")",
            "{",
            "System.out.println",
            "(",
            "``",
            "This",
            "does",
            "not",
            "happen.\\n",
            "''",
            ")",
            ";",
            "}",
            "System.out.println",
            "(",
            "``",
            "The",
            "end.\\n",
            "''",
            ")",
            ";",
            "}",
            "}",
            "CS/COE",
            "0449",
            "\u2013",
            "Spring",
            "2019/2020",
            "36"
        ],
        "labels": [
            "O",
            "O",
            "O",
            "O",
            "O",
            "O",
            "O",
            "O",
            "O",
            "O",
            "O",
            "O",
            "O",
            "O",
            "O",
            "O",
            "O",
            "O",
            "O",
            "O",
            "O",
            "O",
            "O",
            "O",
            "O",
            "O",
            "O",
            "O",
            "O",
            "O",
            "O",
            "O",
            "O",
            "O",
            "O",
            "O",
            "O",
            "O",
            "O",
            "O",
            "O",
            "O",
            "O",
            "O",
            "O",
            "O",
            "O",
            "O",
            "O",
            "O",
            "O",
            "O",
            "O",
            "O",
            "O",
            "O",
            "O",
            "O",
            "O",
            "O",
            "O",
            "O",
            "O",
            "O",
            "O",
            "O",
            "O",
            "O",
            "O",
            "O",
            "O",
            "O",
            "O",
            "O",
            "O",
            "O",
            "O",
            "O",
            "O",
            "O",
            "O",
            "O",
            "O"
        ]
    },
    {
        "words": [
            "I",
            "have",
            "a",
            "book",
            "37"
        ],
        "labels": [
            "O",
            "O",
            "O",
            "O",
            "O"
        ]
    },
    {
        "words": [
            "What",
            "\u2019",
            "s",
            "the",
            "first",
            "page",
            "?",
            "Hilarious",
            ",",
            "right",
            "?",
            "38"
        ],
        "labels": [
            "O",
            "O",
            "O",
            "O",
            "O",
            "O",
            "O",
            "O",
            "O",
            "O",
            "O",
            "O"
        ]
    },
    {
        "words": [
            "Then\u2026",
            "What",
            "follows",
            ",",
            "chapter",
            "1",
            "?",
            "(",
            "it",
            "\u2019",
            "s",
            "not",
            "!",
            ")",
            "What",
            "number",
            "page",
            "number",
            "does",
            "it",
            "start",
            "at",
            "?",
            "(",
            "it",
            "\u2019",
            "s",
            "not",
            "\u201c",
            "2",
            "\u201d",
            "!",
            ")",
            "39"
        ],
        "labels": [
            "O",
            "O",
            "O",
            "O",
            "O",
            "O",
            "O",
            "O",
            "O",
            "O",
            "O",
            "O",
            "O",
            "O",
            "O",
            "O",
            "O",
            "O",
            "O",
            "O",
            "O",
            "O",
            "O",
            "O",
            "O",
            "O",
            "O",
            "O",
            "O",
            "O",
            "O",
            "O",
            "O",
            "O"
        ]
    },
    {
        "words": [
            "Is",
            "it",
            "zero",
            "?",
            "Where",
            "does",
            "it",
            "end",
            "?",
            "(",
            "nope",
            "!",
            ")",
            "40"
        ],
        "labels": [
            "O",
            "O",
            "O",
            "O",
            "O",
            "O",
            "O",
            "O",
            "O",
            "O",
            "O",
            "O",
            "O",
            "O"
        ]
    },
    {
        "words": [
            "Yikes\u2026",
            ".",
            "What",
            "can",
            "possible",
            "come",
            "after",
            "zero",
            "?",
            "(",
            "How",
            "much",
            "is",
            "0-1",
            "?",
            ")",
            "41"
        ],
        "labels": [
            "O",
            "O",
            "O",
            "O",
            "O",
            "O",
            "O",
            "O",
            "O",
            "O",
            "O",
            "O",
            "O",
            "O",
            "O",
            "O",
            "O"
        ]
    }
]