[
    {
        "words": [
            "#",
            "A",
            "CS",
            "0447",
            "Introduction",
            "to",
            "Computer",
            "Programming",
            "Fractions",
            "and",
            "Floating",
            "Point",
            "Lu\u00eds",
            "Oliveira",
            "Original",
            "slides",
            "by",
            ":",
            "Jarrett",
            "Billingsley",
            "Modified",
            "with",
            "bits",
            "from",
            ":",
            "Bruce",
            "Childers",
            ",",
            "David",
            "Wilkinson",
            "Fall",
            "2020"
        ],
        "labels": [
            "O",
            "O",
            "O",
            "O",
            "O",
            "O",
            "O",
            "O",
            "O",
            "O",
            "O",
            "O",
            "O",
            "O",
            "O",
            "O",
            "O",
            "O",
            "O",
            "O",
            "O",
            "O",
            "O",
            "O",
            "O",
            "O",
            "O",
            "O",
            "O",
            "O",
            "O",
            "O"
        ]
    },
    {
        "words": [
            "Announcements",
            "\u25cf",
            "Don",
            "\u2019",
            "t",
            "forget",
            "the",
            "points",
            "for",
            "discussing",
            "your",
            "project",
            "solution",
            "with",
            "your",
            "TA",
            "are",
            "expiring",
            "2"
        ],
        "labels": [
            "O",
            "O",
            "O",
            "O",
            "O",
            "O",
            "O",
            "O",
            "O",
            "O",
            "O",
            "O",
            "O",
            "O",
            "O",
            "O",
            "O",
            "O",
            "O"
        ]
    },
    {
        "words": [
            "Fractional",
            "Binary",
            "3"
        ],
        "labels": [
            "O",
            "O",
            "O"
        ]
    },
    {
        "words": [
            "Fractional",
            "numbers",
            "\u25cf",
            "Up",
            "to",
            "this",
            "point",
            "we",
            "have",
            "been",
            "working",
            "with",
            "integer",
            "numbers",
            ".",
            "2019",
            "o",
            "Unsigned",
            "and",
            "signed",
            "!",
            "\u25cf",
            "However",
            ",",
            "Real",
            "world",
            "numbers",
            "are\u2026",
            "Real",
            "numbers",
            ".",
            "Like",
            "so",
            ":",
            "2",
            "0",
            "1",
            "9.320",
            "\u25cf",
            "That",
            "create",
            "new",
            "challenges",
            "!",
            "o",
            "Let",
            "\u2019",
            "s",
            "start",
            "by",
            "taking",
            "a",
            "look",
            "at",
            "them",
            ".",
            "4"
        ],
        "labels": [
            "O",
            "O",
            "O",
            "O",
            "O",
            "O",
            "O",
            "O",
            "O",
            "O",
            "O",
            "O",
            "O",
            "O",
            "O",
            "O",
            "O",
            "O",
            "O",
            "O",
            "O",
            "O",
            "O",
            "O",
            "O",
            "O",
            "O",
            "O",
            "O",
            "O",
            "O",
            "O",
            "O",
            "O",
            "O",
            "O",
            "O",
            "O",
            "O",
            "O",
            "O",
            "O",
            "O",
            "O",
            "O",
            "O",
            "O",
            "O",
            "O",
            "O",
            "O",
            "O",
            "O",
            "O",
            "O",
            "O",
            "O"
        ]
    },
    {
        "words": [
            "Just",
            "a",
            "fraction",
            "of",
            "a",
            "number",
            "\u25cf",
            "The",
            "numbers",
            "we",
            "use",
            "are",
            "written",
            "positionally",
            ":",
            "the",
            "position",
            "of",
            "a",
            "digit",
            "within",
            "the",
            "number",
            "has",
            "a",
            "meaning",
            ".",
            "\u25cf",
            "What",
            "about",
            "when",
            "the",
            "numbers",
            "go",
            "over",
            "the",
            "decimal",
            "point",
            "?",
            "2",
            "0",
            "1",
            "9",
            ".",
            "3",
            "2",
            "0",
            "?",
            "1000s",
            "100s",
            "10s",
            "1s",
            "10ths",
            "100ths",
            "1000ths",
            "103",
            "102",
            "101",
            "100",
            "10-1",
            "10-2",
            "10-3",
            "5"
        ],
        "labels": [
            "O",
            "O",
            "O",
            "O",
            "O",
            "O",
            "O",
            "O",
            "O",
            "O",
            "O",
            "O",
            "O",
            "O",
            "O",
            "O",
            "O",
            "O",
            "O",
            "O",
            "O",
            "O",
            "O",
            "O",
            "O",
            "O",
            "O",
            "O",
            "O",
            "O",
            "O",
            "O",
            "O",
            "O",
            "O",
            "O",
            "O",
            "O",
            "O",
            "O",
            "O",
            "O",
            "O",
            "O",
            "O",
            "O",
            "O",
            "O",
            "O",
            "O",
            "O",
            "O",
            "O",
            "O",
            "O",
            "O",
            "O",
            "O",
            "O",
            "O",
            "O",
            "O",
            "O"
        ]
    },
    {
        "words": [
            "A",
            "fraction",
            "of",
            "a",
            "bit",
            "?",
            "\u25cf",
            "Binary",
            "is",
            "the",
            "same",
            "!",
            "\u25cf",
            "Just",
            "replace",
            "10s",
            "with",
            "2s",
            ".",
            "0",
            "1",
            "1",
            "0",
            ".1",
            "1",
            "0",
            "1",
            "23",
            "22",
            "21",
            "20",
            "2-1",
            "2-2",
            "2-3",
            "2-4",
            "8s",
            "4s",
            "2s",
            "1s",
            "2ths",
            "?",
            "4ths",
            "8ths",
            "16ths",
            "6"
        ],
        "labels": [
            "O",
            "O",
            "O",
            "O",
            "O",
            "O",
            "O",
            "O",
            "O",
            "O",
            "O",
            "O",
            "O",
            "O",
            "O",
            "O",
            "O",
            "O",
            "O",
            "O",
            "O",
            "O",
            "O",
            "O",
            "O",
            "O",
            "O",
            "O",
            "O",
            "O",
            "O",
            "O",
            "O",
            "O",
            "O",
            "O",
            "O",
            "O",
            "O",
            "O",
            "O",
            "O",
            "O",
            "O",
            "O"
        ]
    },
    {
        "words": [
            "To",
            "convert",
            "into",
            "decimal",
            ",",
            "just",
            "add",
            "stuff",
            "0",
            "1",
            "1",
            "0",
            ".1",
            "1",
            "0",
            "1=",
            "23",
            "22",
            "21",
            "20",
            "2-1",
            "2-2",
            "2-3",
            "2-4",
            "0\u00d78+",
            "1\u00d74+",
            "1\u00d72+",
            "0\u00d71+",
            "1",
            "\u00d7",
            ".5",
            "+",
            "=",
            "6.812510",
            "1",
            "\u00d7",
            ".25",
            "+",
            "0",
            "\u00d7",
            ".125",
            "+",
            "1",
            "\u00d7",
            ".0625",
            "7"
        ],
        "labels": [
            "O",
            "O",
            "O",
            "O",
            "O",
            "O",
            "O",
            "O",
            "O",
            "O",
            "O",
            "O",
            "O",
            "O",
            "O",
            "O",
            "O",
            "O",
            "O",
            "O",
            "O",
            "O",
            "O",
            "O",
            "O",
            "O",
            "O",
            "O",
            "O",
            "O",
            "O",
            "O",
            "O",
            "O",
            "O",
            "O",
            "O",
            "O",
            "O",
            "O",
            "O",
            "O",
            "O",
            "O",
            "O",
            "O"
        ]
    },
    {
        "words": [
            "From",
            "decimal",
            "to",
            "binary",
            "?",
            "Tricky",
            "?",
            "0.812510",
            "6.8125",
            "10",
            "x",
            "2",
            "6\u00f7210",
            "=",
            "3R0",
            "1.6250",
            "MSB",
            "0.625010",
            "3\u00f7210",
            "=",
            "1R1",
            "x",
            "2",
            "1.2500",
            "0.250010",
            "1",
            "1",
            "0",
            ".",
            "1101",
            "x",
            "2",
            "0.5000",
            "0.500010",
            "x",
            "2",
            "1.0000",
            "LSB",
            "8"
        ],
        "labels": [
            "O",
            "O",
            "O",
            "O",
            "O",
            "O",
            "O",
            "O",
            "O",
            "O",
            "O",
            "O",
            "O",
            "O",
            "O",
            "O",
            "O",
            "O",
            "O",
            "O",
            "O",
            "O",
            "O",
            "O",
            "O",
            "O",
            "O",
            "O",
            "O",
            "O",
            "O",
            "O",
            "O",
            "O",
            "O",
            "O",
            "O",
            "O",
            "O"
        ]
    },
    {
        "words": [
            "So",
            ",",
            "it",
            "\u2019",
            "s",
            "easy",
            "right",
            "?",
            "Well\u2026",
            "What",
            "about",
            ":",
            "0.1",
            "10",
            "0.110",
            "x",
            "2",
            "0.2",
            "0.210",
            "x2",
            "0.4",
            "0.410",
            "0",
            ".",
            "0001",
            "x",
            "2",
            "0.8",
            "0.810",
            "x",
            "2",
            "1.6",
            "9"
        ],
        "labels": [
            "O",
            "O",
            "O",
            "O",
            "O",
            "O",
            "O",
            "O",
            "O",
            "O",
            "O",
            "O",
            "O",
            "O",
            "O",
            "O",
            "O",
            "O",
            "O",
            "O",
            "O",
            "O",
            "O",
            "O",
            "O",
            "O",
            "O",
            "O",
            "O",
            "O",
            "O",
            "O",
            "O"
        ]
    },
    {
        "words": [
            "So",
            ",",
            "it",
            "\u2019",
            "s",
            "easy",
            "right",
            "?",
            "Well\u2026\u2026",
            "What",
            "about",
            ":",
            "0.1",
            "10",
            "0.610",
            "0.110",
            "x",
            "2",
            "x",
            "2",
            "0",
            ".",
            "0001",
            "1.2",
            "0.2",
            "0.210",
            "0.210",
            "x2",
            "x2",
            "0.4",
            "0.4",
            "0.410",
            "0.410",
            "x",
            "2",
            "x",
            "2",
            "1001",
            "0.8",
            "0.8",
            "0.810",
            "0.810",
            "x",
            "2",
            "x",
            "2",
            "1.6",
            "1.6",
            "10"
        ],
        "labels": [
            "O",
            "O",
            "O",
            "O",
            "O",
            "O",
            "O",
            "O",
            "O",
            "O",
            "O",
            "O",
            "O",
            "O",
            "O",
            "O",
            "O",
            "O",
            "O",
            "O",
            "O",
            "O",
            "O",
            "O",
            "O",
            "O",
            "O",
            "O",
            "O",
            "O",
            "O",
            "O",
            "O",
            "O",
            "O",
            "O",
            "O",
            "O",
            "O",
            "O",
            "O",
            "O",
            "O",
            "O",
            "O",
            "O",
            "O",
            "O",
            "O"
        ]
    },
    {
        "words": [
            "So",
            ",",
            "it",
            "\u2019",
            "s",
            "easy",
            "right",
            "?",
            "Well\u2026\u2026\u2026",
            "What",
            "about",
            ":",
            "0.1",
            "10",
            "0.610",
            "0.610",
            "0.110",
            "x",
            "2",
            "x",
            "2",
            "x",
            "2",
            "0",
            ".",
            "0001",
            "1.2",
            "1.2",
            "0.2",
            "0.210",
            "0.210",
            "0.210",
            "1001",
            "x2",
            "x2",
            "x2",
            "0.4",
            "0.4",
            "0.4",
            "0.410",
            "0.410",
            "0.410",
            "x",
            "2",
            "x",
            "2",
            "x",
            "2",
            "10",
            "0",
            "1",
            "0.8",
            "0.8",
            "0.8",
            "...",
            "0.810",
            "0.810",
            "0.810",
            "x",
            "2",
            "x",
            "2",
            "x",
            "2",
            "1.6",
            "1.6",
            "1.6",
            "11"
        ],
        "labels": [
            "O",
            "O",
            "O",
            "O",
            "O",
            "O",
            "O",
            "O",
            "O",
            "O",
            "O",
            "O",
            "O",
            "O",
            "O",
            "O",
            "O",
            "O",
            "O",
            "O",
            "O",
            "O",
            "O",
            "O",
            "O",
            "O",
            "O",
            "O",
            "O",
            "O",
            "O",
            "O",
            "O",
            "O",
            "O",
            "O",
            "O",
            "O",
            "O",
            "O",
            "O",
            "O",
            "O",
            "O",
            "O",
            "O",
            "O",
            "O",
            "O",
            "O",
            "O",
            "O",
            "O",
            "O",
            "O",
            "O",
            "O",
            "O",
            "O",
            "O",
            "O",
            "O",
            "O",
            "O",
            "O",
            "O",
            "O",
            "O"
        ]
    },
    {
        "words": [
            "How",
            "much",
            "is",
            "it",
            "worth",
            "?",
            "\u2022Well",
            ",",
            "it",
            "depends",
            "on",
            "where",
            "you",
            "stop",
            "!",
            "0.0001",
            "2",
            "=",
            "0.0625",
            "0.00011001",
            "2",
            "=",
            "0.0976\u2026",
            "0.000110011001",
            "2",
            "=",
            "0.0998\u2026",
            "12"
        ],
        "labels": [
            "O",
            "O",
            "O",
            "O",
            "O",
            "O",
            "O",
            "O",
            "O",
            "O",
            "O",
            "O",
            "O",
            "O",
            "O",
            "O",
            "O",
            "O",
            "O",
            "O",
            "O",
            "O",
            "O",
            "O",
            "O",
            "O",
            "O",
            "O"
        ]
    },
    {
        "words": [
            "Limited",
            "space",
            "!",
            "\u25cf",
            "How",
            "much",
            "should",
            "we",
            "store",
            "?",
            "o",
            "We",
            "have",
            "32-bit",
            "registers",
            ",",
            "so",
            "32-bits",
            "?",
            "\u25aa",
            "Let",
            "\u2019",
            "s",
            "say",
            "we",
            "do",
            "!",
            "\u25cf",
            "How",
            "many",
            "bits",
            "are",
            "used",
            "to",
            "store",
            "the",
            "integer",
            "part",
            "?",
            "\u25cf",
            "How",
            "many",
            "bits",
            "are",
            "used",
            "to",
            "store",
            "the",
            "fractional",
            "part",
            "?",
            "\u25cf",
            "What",
            "are",
            "the",
            "tradeoffs",
            "?",
            "13"
        ],
        "labels": [
            "O",
            "O",
            "O",
            "O",
            "O",
            "O",
            "O",
            "O",
            "O",
            "O",
            "O",
            "O",
            "O",
            "O",
            "O",
            "O",
            "O",
            "O",
            "O",
            "O",
            "O",
            "O",
            "O",
            "O",
            "O",
            "O",
            "O",
            "O",
            "O",
            "O",
            "O",
            "O",
            "O",
            "O",
            "O",
            "O",
            "O",
            "O",
            "O",
            "O",
            "O",
            "O",
            "O",
            "O",
            "O",
            "O",
            "O",
            "O",
            "O",
            "O",
            "O",
            "O",
            "O",
            "O",
            "O",
            "O",
            "O",
            "O"
        ]
    },
    {
        "words": [
            "A",
            "rising",
            "tide",
            "\u25cf",
            "Maybe",
            "half-and-half",
            "?",
            "16.16",
            "number",
            "looks",
            "like",
            "this",
            ":",
            "0011",
            "0000",
            "0101",
            "1010.1000",
            "0000",
            "1111",
            "1111",
            "binary",
            "point",
            "the",
            "largest",
            "(",
            "signed",
            ")",
            "value",
            "we",
            "the",
            "smallest",
            "fraction",
            "we",
            "can",
            "can",
            "represent",
            "is",
            "+32767.999",
            "represent",
            "is",
            "1/65536",
            "What",
            "if",
            "we",
            "place",
            "the",
            "binary",
            "point",
            "to",
            "the",
            "left\u2026",
            "0011.0000",
            "0101",
            "1010",
            "1000",
            "0000",
            "1111",
            "1111",
            "\u2026we",
            "can",
            "get",
            "much",
            "higher",
            "accuracy",
            "near",
            "0\u2026",
            "\u2026but",
            "if",
            "we",
            "place",
            "the",
            "binary",
            "point",
            "to",
            "the",
            "right\u2026",
            "0011",
            "0000",
            "0101",
            "1010",
            "1000",
            "0000.1111",
            "1111",
            "\u2026then",
            "we",
            "trade",
            "off",
            "accuracy",
            "for",
            "range",
            "further",
            "away",
            "from",
            "0",
            ".",
            "14"
        ],
        "labels": [
            "O",
            "O",
            "O",
            "O",
            "O",
            "O",
            "O",
            "O",
            "O",
            "O",
            "O",
            "O",
            "O",
            "O",
            "O",
            "O",
            "O",
            "O",
            "O",
            "O",
            "O",
            "O",
            "O",
            "O",
            "O",
            "O",
            "O",
            "O",
            "O",
            "O",
            "O",
            "O",
            "O",
            "O",
            "O",
            "O",
            "O",
            "O",
            "O",
            "O",
            "O",
            "O",
            "O",
            "O",
            "O",
            "O",
            "O",
            "O",
            "O",
            "O",
            "O",
            "O",
            "O",
            "O",
            "O",
            "O",
            "O",
            "O",
            "O",
            "O",
            "O",
            "O",
            "O",
            "O",
            "O",
            "O",
            "O",
            "O",
            "O",
            "O",
            "O",
            "O",
            "O",
            "O",
            "O",
            "O",
            "O",
            "O",
            "O",
            "O",
            "O",
            "O",
            "O",
            "O",
            "O",
            "O",
            "O",
            "O",
            "O",
            "O",
            "O",
            "O",
            "O",
            "O",
            "O",
            "O"
        ]
    },
    {
        "words": [
            "Mind",
            "the",
            "point",
            "\u25cf",
            "In",
            "this",
            "representation",
            "we",
            "assume",
            "that",
            "the",
            "lowest",
            "n",
            "digits",
            "are",
            "the",
            "decimal",
            "places",
            ".",
            "$",
            "12.34",
            "1234",
            "this",
            "is",
            "called",
            "fixed-point",
            "+",
            "$",
            "10.81",
            "+1081",
            "representation",
            "$",
            "23.15",
            "2315",
            "And",
            "it",
            "\u2019",
            "s",
            "a",
            "bitfield",
            ":",
            "D",
            "15"
        ],
        "labels": [
            "O",
            "O",
            "O",
            "O",
            "O",
            "O",
            "O",
            "O",
            "O",
            "O",
            "O",
            "O",
            "O",
            "O",
            "O",
            "O",
            "O",
            "O",
            "O",
            "O",
            "O",
            "O",
            "O",
            "O",
            "O",
            "O",
            "O",
            "O",
            "O",
            "O",
            "O",
            "O",
            "O",
            "O",
            "O",
            "O",
            "O",
            "O",
            "O",
            "O",
            "O",
            "O",
            "O"
        ]
    },
    {
        "words": [
            "Move",
            "the",
            "point",
            "\u25cf",
            "What",
            "if",
            "we",
            "could",
            "float",
            "the",
            "point",
            "around",
            "?",
            "o",
            "Enter",
            "scientific",
            "notation",
            ":",
            "The",
            "number",
            "-0.0039",
            "can",
            "be",
            "represented",
            ":",
            "-0.39",
            "\u00d7",
            "10-2",
            "-3.9",
            "\u00d7",
            "10-3",
            "\u25cf",
            "These",
            "are",
            "both",
            "representing",
            "the",
            "same",
            "number",
            ",",
            "but",
            "we",
            "need",
            "to",
            "move",
            "the",
            "decimal",
            "point",
            "according",
            "to",
            "the",
            "power",
            "of",
            "ten",
            "represented",
            ".",
            "\u25cf",
            "The",
            "bottom",
            "example",
            "is",
            "in",
            "normalized",
            "scientific",
            "notation",
            ".",
            "o",
            "There",
            "is",
            "only",
            "one",
            "non-zero",
            "digit",
            "to",
            "the",
            "left",
            "of",
            "the",
            "point",
            "\u25cf",
            "Because",
            "the",
            "decimal",
            "point",
            "can",
            "be",
            "moved",
            ",",
            "we",
            "call",
            "this",
            "representation",
            "Floating",
            "point",
            "16"
        ],
        "labels": [
            "O",
            "O",
            "O",
            "O",
            "O",
            "O",
            "O",
            "O",
            "O",
            "O",
            "O",
            "O",
            "O",
            "O",
            "O",
            "O",
            "O",
            "O",
            "O",
            "O",
            "O",
            "O",
            "O",
            "O",
            "O",
            "O",
            "O",
            "O",
            "O",
            "O",
            "O",
            "O",
            "O",
            "O",
            "O",
            "O",
            "O",
            "O",
            "O",
            "O",
            "O",
            "O",
            "O",
            "O",
            "O",
            "O",
            "O",
            "O",
            "O",
            "O",
            "O",
            "O",
            "O",
            "O",
            "O",
            "O",
            "O",
            "O",
            "O",
            "O",
            "O",
            "O",
            "O",
            "O",
            "O",
            "O",
            "O",
            "O",
            "O",
            "O",
            "O",
            "O",
            "O",
            "O",
            "O",
            "O",
            "O",
            "O",
            "O",
            "O",
            "O",
            "O",
            "O",
            "O",
            "O",
            "O",
            "O",
            "O",
            "O",
            "O",
            "O",
            "O",
            "O",
            "O",
            "O"
        ]
    },
    {
        "words": [
            "Floating-point",
            "number",
            "representation",
            "17"
        ],
        "labels": [
            "O",
            "O",
            "O",
            "O"
        ]
    },
    {
        "words": [
            "This",
            "could",
            "be",
            "a",
            "whole",
            "unit",
            "itself",
            "...",
            "\u25cf",
            "floating-point",
            "arithmetic",
            "is",
            "COMPLEX",
            "STUFF",
            "\u25cf",
            "However",
            "...",
            "o",
            "it",
            "'s",
            "good",
            "to",
            "have",
            "an",
            "understanding",
            "of",
            "why",
            "limitations",
            "exist",
            "o",
            "it",
            "'s",
            "good",
            "to",
            "have",
            "an",
            "appreciation",
            "of",
            "how",
            "complex",
            "this",
            "is",
            "...",
            "and",
            "how",
            "much",
            "better",
            "things",
            "are",
            "now",
            "than",
            "they",
            "were",
            "in",
            "the",
            "1970s",
            "and",
            "1980s",
            "o",
            "It",
            "\u2019",
            "s",
            "good",
            "to",
            "know",
            "things",
            "do",
            "not",
            "behave",
            "as",
            "expected",
            "when",
            "using",
            "float",
            "and",
            "double",
            "!",
            "18"
        ],
        "labels": [
            "O",
            "O",
            "O",
            "O",
            "O",
            "O",
            "O",
            "O",
            "O",
            "O",
            "O",
            "O",
            "O",
            "O",
            "O",
            "O",
            "O",
            "O",
            "O",
            "O",
            "O",
            "O",
            "O",
            "O",
            "O",
            "O",
            "O",
            "O",
            "O",
            "O",
            "O",
            "O",
            "O",
            "O",
            "O",
            "O",
            "O",
            "O",
            "O",
            "O",
            "O",
            "O",
            "O",
            "O",
            "O",
            "O",
            "O",
            "O",
            "O",
            "O",
            "O",
            "O",
            "O",
            "O",
            "O",
            "O",
            "O",
            "O",
            "O",
            "O",
            "O",
            "O",
            "O",
            "O",
            "O",
            "O",
            "O",
            "O",
            "O",
            "O",
            "O",
            "O",
            "O",
            "O",
            "O",
            "O",
            "O",
            "O"
        ]
    },
    {
        "words": [
            "Binary",
            "numbers",
            "using",
            "IEEE",
            "754",
            "\u25cf",
            "est",
            "'d",
            "1985",
            ",",
            "updated",
            "as",
            "recently",
            "as",
            "2008",
            "\u25cf",
            "standard",
            "for",
            "floating-point",
            "representation",
            "and",
            "arithmetic",
            "that",
            "virtually",
            "every",
            "CPU",
            "now",
            "uses",
            "\u25cf",
            "floating-point",
            "representation",
            "is",
            "based",
            "around",
            "scientific",
            "notation",
            "1348",
            "=",
            "+1.348",
            "\u00d7",
            "10+3",
            "-0.0039",
            "=",
            "-3.9",
            "\u00d7",
            "10-3",
            "-1440000",
            "=",
            "-1.44",
            "\u00d7",
            "10+6",
            "sign",
            "significand",
            "exponent",
            "19"
        ],
        "labels": [
            "O",
            "O",
            "O",
            "O",
            "O",
            "O",
            "O",
            "O",
            "O",
            "O",
            "O",
            "O",
            "O",
            "O",
            "O",
            "O",
            "O",
            "O",
            "O",
            "O",
            "O",
            "O",
            "O",
            "O",
            "O",
            "O",
            "O",
            "O",
            "O",
            "O",
            "O",
            "O",
            "O",
            "O",
            "O",
            "O",
            "O",
            "O",
            "O",
            "O",
            "O",
            "O",
            "O",
            "O",
            "O",
            "O",
            "O",
            "O",
            "O",
            "O",
            "O",
            "O",
            "O",
            "O",
            "O"
        ]
    },
    {
        "words": [
            "Binary",
            "Scientific",
            "Notation",
            "\u25cf",
            "scientific",
            "notation",
            "works",
            "equally",
            "well",
            "in",
            "any",
            "other",
            "base",
            "!",
            "o",
            "(",
            "below",
            "uses",
            "base-10",
            "exponents",
            "for",
            "clarity",
            ")",
            "+1001",
            "0101",
            "=",
            "+1.001",
            "0101",
            "\u00d7",
            "2+7",
            "-0.001",
            "010",
            "=",
            "-1.010",
            "\u00d7",
            "2-3",
            "-1001",
            "0000",
            "0000",
            "0000",
            "=",
            "-1.001",
            "\u00d7",
            "2+15",
            "what",
            "do",
            "you",
            "notice",
            "about",
            "the",
            "digit",
            "before",
            "the",
            "binary",
            "point",
            "using",
            "normalized",
            "representation",
            "?",
            "(",
            "-1",
            ")",
            "s",
            "x",
            "1.f",
            "\u00d7",
            "2exp",
            "s",
            "\u2013",
            "sign",
            "f",
            "\u2013",
            "fraction",
            "1.f",
            "\u2013",
            "significand",
            "exp",
            "\u2013",
            "exponent",
            "20"
        ],
        "labels": [
            "O",
            "O",
            "O",
            "O",
            "O",
            "O",
            "O",
            "O",
            "O",
            "O",
            "O",
            "O",
            "O",
            "O",
            "O",
            "O",
            "O",
            "O",
            "O",
            "O",
            "O",
            "O",
            "O",
            "O",
            "O",
            "O",
            "O",
            "O",
            "O",
            "O",
            "O",
            "O",
            "O",
            "O",
            "O",
            "O",
            "O",
            "O",
            "O",
            "O",
            "O",
            "O",
            "O",
            "O",
            "O",
            "O",
            "O",
            "O",
            "O",
            "O",
            "O",
            "O",
            "O",
            "O",
            "O",
            "O",
            "O",
            "O",
            "O",
            "O",
            "O",
            "O",
            "O",
            "O",
            "O",
            "O",
            "O",
            "O",
            "O",
            "O",
            "O",
            "O",
            "O",
            "O",
            "O",
            "O",
            "O",
            "O",
            "O",
            "O"
        ]
    },
    {
        "words": [
            "IEEE",
            "754",
            "Single-precision",
            "\u25cf",
            "Known",
            "as",
            "float",
            "in",
            "C/C++/Java",
            "etc.",
            ",",
            "32-bit",
            "float",
            "format",
            "\u25cf",
            "1",
            "bit",
            "for",
            "sign",
            ",",
            "8",
            "bits",
            "for",
            "the",
            "exponent",
            ",",
            "23",
            "bits",
            "for",
            "the",
            "fraction",
            "\u25cf",
            "Tradeoff",
            ":",
            "o",
            "More",
            "accuracy",
            "\u2794",
            "More",
            "fraction",
            "bits",
            "o",
            "More",
            "range",
            "\u2794",
            "More",
            "exponent",
            "bits",
            "\u25cf",
            "Every",
            "design",
            "has",
            "tradeoffs",
            "\u00af\\_",
            "(",
            "\u30c4",
            ")",
            "_/\u00af",
            "illustration",
            "from",
            "user",
            "Stannered",
            "on",
            "Wikimedia",
            "Commons",
            "21"
        ],
        "labels": [
            "O",
            "O",
            "O",
            "O",
            "O",
            "O",
            "O",
            "O",
            "O",
            "O",
            "O",
            "O",
            "O",
            "O",
            "O",
            "O",
            "O",
            "O",
            "O",
            "O",
            "O",
            "O",
            "O",
            "O",
            "O",
            "O",
            "O",
            "O",
            "O",
            "O",
            "O",
            "O",
            "O",
            "O",
            "O",
            "O",
            "O",
            "O",
            "O",
            "O",
            "O",
            "O",
            "O",
            "O",
            "O",
            "O",
            "O",
            "O",
            "O",
            "O",
            "O",
            "O",
            "O",
            "O",
            "O",
            "O",
            "O",
            "O",
            "O",
            "O",
            "O",
            "O",
            "O",
            "O",
            "O",
            "O"
        ]
    },
    {
        "words": [
            "IEEE",
            "754",
            "Single-precision",
            "\u25cf",
            "Known",
            "as",
            "float",
            "in",
            "C/C++/Java",
            "etc.",
            ",",
            "32-bit",
            "float",
            "format",
            "\u25cf",
            "1",
            "bit",
            "for",
            "sign",
            ",",
            "8",
            "bits",
            "for",
            "the",
            "exponent",
            ",",
            "23",
            "bits",
            "for",
            "the",
            "fraction",
            "\u25cf",
            "The",
            "fraction",
            "field",
            "only",
            "stores",
            "the",
            "digits",
            "after",
            "the",
            "binary",
            "point",
            "\u25cf",
            "The",
            "1",
            "before",
            "the",
            "binary",
            "point",
            "is",
            "implicit",
            "!",
            "o",
            "This",
            "is",
            "called",
            "normalized",
            "representation",
            "o",
            "In",
            "effect",
            "this",
            "gives",
            "us",
            "a",
            "24-bit",
            "significand",
            "\u25cf",
            "The",
            "significand",
            "of",
            "floating-point",
            "numbers",
            "is",
            "in",
            "sign-magnitude",
            "!",
            "o",
            "Do",
            "you",
            "remember",
            "the",
            "downside",
            "(",
            "s",
            ")",
            "?",
            "illustration",
            "from",
            "user",
            "Stannered",
            "on",
            "Wikimedia",
            "Commons",
            "22"
        ],
        "labels": [
            "O",
            "O",
            "O",
            "O",
            "O",
            "O",
            "O",
            "O",
            "O",
            "O",
            "O",
            "O",
            "O",
            "O",
            "O",
            "O",
            "O",
            "O",
            "O",
            "O",
            "O",
            "O",
            "O",
            "O",
            "O",
            "O",
            "O",
            "O",
            "O",
            "O",
            "O",
            "O",
            "O",
            "O",
            "O",
            "O",
            "O",
            "O",
            "O",
            "O",
            "O",
            "O",
            "O",
            "O",
            "O",
            "O",
            "O",
            "O",
            "O",
            "O",
            "O",
            "O",
            "O",
            "O",
            "O",
            "O",
            "O",
            "O",
            "O",
            "O",
            "O",
            "O",
            "O",
            "O",
            "O",
            "O",
            "O",
            "O",
            "O",
            "O",
            "O",
            "O",
            "O",
            "O",
            "O",
            "O",
            "O",
            "O",
            "O",
            "O",
            "O",
            "O",
            "O",
            "O",
            "O",
            "O",
            "O",
            "O",
            "O",
            "O",
            "O",
            "O",
            "O",
            "O",
            "O",
            "O"
        ]
    },
    {
        "words": [
            "The",
            "exponent",
            "field",
            "\u25cf",
            "the",
            "exponent",
            "field",
            "is",
            "8",
            "bits",
            ",",
            "and",
            "can",
            "hold",
            "positive",
            "or",
            "negative",
            "exponents",
            ",",
            "but",
            "...",
            "it",
            "does",
            "n't",
            "use",
            "S-M",
            ",",
            "1",
            "'s",
            ",",
            "or",
            "2",
            "'s",
            "complement",
            ".",
            "\u25cf",
            "it",
            "uses",
            "something",
            "called",
            "biased",
            "notation",
            ".",
            "o",
            "biased",
            "representation",
            "=",
            "exponent",
            "+",
            "bias",
            "constant",
            "o",
            "single-precision",
            "floats",
            "use",
            "a",
            "bias",
            "constant",
            "of",
            "127",
            "-127",
            "+",
            "127",
            "=",
            ">",
            "0",
            "exp",
            "+",
            "127",
            "=",
            ">",
            "Biased",
            "-10",
            "+",
            "127",
            "=",
            ">",
            "117",
            "34",
            "+",
            "127",
            "=",
            ">",
            "161",
            "\u25cf",
            "the",
            "exponent",
            "can",
            "range",
            "from",
            "-126",
            "to",
            "+127",
            "(",
            "1",
            "to",
            "254",
            "biased",
            ")",
            "o",
            "0",
            "and",
            "255",
            "are",
            "reserved",
            "!",
            "\u25cf",
            "why",
            "'d",
            "they",
            "do",
            "this",
            "?",
            "o",
            "You",
            "can",
            "sort",
            "floats",
            "with",
            "integer",
            "comparisons",
            "!",
            "23"
        ],
        "labels": [
            "O",
            "O",
            "O",
            "O",
            "O",
            "O",
            "O",
            "O",
            "O",
            "O",
            "O",
            "O",
            "O",
            "O",
            "O",
            "O",
            "O",
            "O",
            "O",
            "O",
            "O",
            "O",
            "O",
            "O",
            "O",
            "O",
            "O",
            "O",
            "O",
            "O",
            "O",
            "O",
            "O",
            "O",
            "O",
            "O",
            "O",
            "O",
            "O",
            "O",
            "O",
            "O",
            "O",
            "O",
            "O",
            "O",
            "O",
            "O",
            "O",
            "O",
            "O",
            "O",
            "O",
            "O",
            "O",
            "O",
            "O",
            "O",
            "O",
            "O",
            "O",
            "O",
            "O",
            "O",
            "O",
            "O",
            "O",
            "O",
            "O",
            "O",
            "O",
            "O",
            "O",
            "O",
            "O",
            "O",
            "O",
            "O",
            "O",
            "O",
            "O",
            "O",
            "O",
            "O",
            "O",
            "O",
            "O",
            "O",
            "O",
            "O",
            "O",
            "O",
            "O",
            "O",
            "O",
            "O",
            "O",
            "O",
            "O",
            "O",
            "O",
            "O",
            "O",
            "O",
            "O",
            "O",
            "O",
            "O",
            "O",
            "O",
            "O",
            "O",
            "O",
            "O",
            "O",
            "O",
            "O",
            "O",
            "O",
            "O",
            "O",
            "O",
            "O"
        ]
    },
    {
        "words": [
            "Binary",
            "Scientific",
            "Notation",
            "(",
            "revisited",
            ")",
            "\u25cf",
            "Our",
            "previous",
            "numbers",
            "are",
            "actually",
            "bias",
            "=",
            "127",
            "+1.001",
            "0101",
            "\u00d7",
            "2+7",
            "sign",
            "=",
            "0",
            "(",
            "positive",
            "number",
            "!",
            ")",
            "Biased",
            "exponent",
            "=",
            "exp",
            "+",
            "127",
            "=",
            "7",
            "+",
            "127",
            "=",
            "134",
            "=",
            "10000110",
            "fraction",
            "=",
            "0010101",
            "(",
            "ignore",
            "the",
            "\u201c",
            "1",
            ".",
            "\u201d",
            ")",
            "s",
            "E",
            "f",
            "0",
            "10000110",
            "00101010000000000\u2026000",
            "(",
            "-1",
            ")",
            "0",
            "x",
            "1.001",
            "0101",
            "\u00d7",
            "2134-127",
            "24"
        ],
        "labels": [
            "O",
            "O",
            "O",
            "O",
            "O",
            "O",
            "O",
            "O",
            "O",
            "O",
            "O",
            "O",
            "O",
            "O",
            "O",
            "O",
            "O",
            "O",
            "O",
            "O",
            "O",
            "O",
            "O",
            "O",
            "O",
            "O",
            "O",
            "O",
            "O",
            "O",
            "O",
            "O",
            "O",
            "O",
            "O",
            "O",
            "O",
            "O",
            "O",
            "O",
            "O",
            "O",
            "O",
            "O",
            "O",
            "O",
            "O",
            "O",
            "O",
            "O",
            "O",
            "O",
            "O",
            "O",
            "O",
            "O",
            "O",
            "O",
            "O",
            "O",
            "O",
            "O",
            "O",
            "O",
            "O",
            "O",
            "O",
            "O"
        ]
    },
    {
        "words": [
            "Binary",
            "Scientific",
            "Notation",
            "(",
            "revisited",
            ")",
            "\u25cf",
            "Our",
            "previous",
            "numbers",
            "are",
            "actually",
            "bias",
            "=",
            "127",
            "-1.010",
            "\u00d7",
            "2-3",
            "=",
            "sign",
            "=",
            "1",
            "(",
            "negative",
            "number",
            "!",
            ")",
            "Biased",
            "exponent",
            "=",
            "exp",
            "+",
            "127",
            "=",
            "-3",
            "+",
            "127",
            "=",
            "124",
            "=",
            "01111100",
            "fraction",
            "=",
            "010",
            "(",
            "ignore",
            "the",
            "\u201c",
            "1",
            ".",
            "\u201d",
            ")",
            "s",
            "E",
            "f",
            "1",
            "01111100",
            "01000000000000000\u2026000",
            "(",
            "-1",
            ")",
            "1",
            "x",
            "1.010",
            "\u00d7",
            "2124-127",
            "25"
        ],
        "labels": [
            "O",
            "O",
            "O",
            "O",
            "O",
            "O",
            "O",
            "O",
            "O",
            "O",
            "O",
            "O",
            "O",
            "O",
            "O",
            "O",
            "O",
            "O",
            "O",
            "O",
            "O",
            "O",
            "O",
            "O",
            "O",
            "O",
            "O",
            "O",
            "O",
            "O",
            "O",
            "O",
            "O",
            "O",
            "O",
            "O",
            "O",
            "O",
            "O",
            "O",
            "O",
            "O",
            "O",
            "O",
            "O",
            "O",
            "O",
            "O",
            "O",
            "O",
            "O",
            "O",
            "O",
            "O",
            "O",
            "O",
            "O",
            "O",
            "O",
            "O",
            "O",
            "O",
            "O",
            "O",
            "O",
            "O",
            "O"
        ]
    },
    {
        "words": [
            "Binary",
            "Scientific",
            "Notation",
            "(",
            "revisited",
            ")",
            "\u25cf",
            "Our",
            "previous",
            "numbers",
            "are",
            "actually",
            "bias",
            "=",
            "127",
            "-1.001",
            "\u00d7",
            "2+15=",
            "sign",
            "=",
            "?",
            "Biased",
            "exponent",
            "=",
            "?",
            "fraction",
            "=",
            "?",
            "s",
            "E",
            "f",
            "?",
            "?",
            "?",
            "26"
        ],
        "labels": [
            "O",
            "O",
            "O",
            "O",
            "O",
            "O",
            "O",
            "O",
            "O",
            "O",
            "O",
            "O",
            "O",
            "O",
            "O",
            "O",
            "O",
            "O",
            "O",
            "O",
            "O",
            "O",
            "O",
            "O",
            "O",
            "O",
            "O",
            "O",
            "O",
            "O",
            "O",
            "O",
            "O",
            "O",
            "O"
        ]
    },
    {
        "words": [
            "Check",
            "it",
            "on",
            "C++",
            "(",
            "there",
            "are",
            "online",
            "tools",
            "for",
            "this",
            "!",
            ")",
            "#",
            "include",
            "<",
            "iostream",
            ">",
            "#",
            "include",
            "<",
            "bitset",
            ">",
            "int",
            "main",
            "(",
            ")",
            "{",
            "//",
            "This",
            "is",
            "the",
            "number",
            "from",
            "the",
            "previous",
            "slide",
            "float",
            "x",
            "{",
            "-0b1001000000000000",
            "}",
            ";",
            "//",
            "C++",
            "does",
            "not",
            "shift",
            "floats",
            ":",
            "(",
            "//",
            "This",
            "is",
            "C++-whispering",
            ":",
            "it",
            "allows",
            "me",
            "to",
            "shift",
            "the",
            "bits",
            ":",
            ")",
            "int",
            "num",
            "{",
            "*",
            "(",
            "int",
            "*",
            ")",
            "&",
            "x",
            "}",
            ";",
            "//",
            "Extract",
            "the",
            "fields",
            "!",
            "std",
            ":",
            ":bitset",
            "<",
            "1",
            ">",
            "sign",
            "=",
            "(",
            "num",
            ">",
            ">",
            "31",
            ")",
            "&",
            "0x1",
            ";",
            "std",
            ":",
            ":bitset",
            "<",
            "8",
            ">",
            "biased_exp",
            "=",
            "(",
            "num",
            ">",
            ">",
            "23",
            ")",
            "&",
            "0xFF",
            ";",
            "std",
            ":",
            ":bitset",
            "<",
            "23",
            ">",
            "frac",
            "=",
            "(",
            "num",
            ">",
            ">",
            "0",
            ")",
            "&",
            "0x7FFFFF",
            ";",
            "//",
            "Now",
            "let",
            "\u2019",
            "s",
            "print",
            "std",
            ":",
            ":cout",
            "<",
            "<",
            "``",
            "sign",
            ":",
            "``",
            "<",
            "<",
            "sign",
            "<",
            "<",
            "std",
            ":",
            ":endl",
            ";",
            "std",
            ":",
            ":cout",
            "<",
            "<",
            "``",
            "biased",
            "exponent",
            ":",
            "``",
            "<",
            "<",
            "biased_exp",
            "<",
            "<",
            "std",
            ":",
            ":endl",
            ";",
            "std",
            ":",
            ":cout",
            "<",
            "<",
            "``",
            "frac",
            ":",
            "``",
            "<",
            "<",
            "frac",
            "<",
            "<",
            "std",
            ":",
            ":endl",
            ";",
            "return",
            "0",
            ";",
            "}",
            "Try",
            "it",
            "in",
            ":",
            "https",
            ":",
            "//repl.it/languages/cpp",
            "27"
        ],
        "labels": [
            "O",
            "O",
            "O",
            "O",
            "O",
            "O",
            "O",
            "O",
            "O",
            "O",
            "O",
            "O",
            "O",
            "O",
            "O",
            "O",
            "O",
            "O",
            "O",
            "O",
            "O",
            "O",
            "O",
            "O",
            "O",
            "O",
            "O",
            "O",
            "O",
            "O",
            "O",
            "O",
            "O",
            "O",
            "O",
            "O",
            "O",
            "O",
            "O",
            "O",
            "O",
            "O",
            "O",
            "O",
            "O",
            "O",
            "O",
            "O",
            "O",
            "O",
            "O",
            "O",
            "O",
            "O",
            "O",
            "O",
            "O",
            "O",
            "O",
            "O",
            "O",
            "O",
            "O",
            "O",
            "O",
            "O",
            "O",
            "O",
            "O",
            "O",
            "O",
            "O",
            "O",
            "O",
            "O",
            "O",
            "O",
            "O",
            "O",
            "O",
            "O",
            "O",
            "O",
            "O",
            "O",
            "O",
            "O",
            "O",
            "O",
            "O",
            "O",
            "O",
            "O",
            "O",
            "O",
            "O",
            "O",
            "O",
            "O",
            "O",
            "O",
            "O",
            "O",
            "O",
            "O",
            "O",
            "O",
            "O",
            "O",
            "O",
            "O",
            "O",
            "O",
            "O",
            "O",
            "O",
            "O",
            "O",
            "O",
            "O",
            "O",
            "O",
            "O",
            "O",
            "O",
            "O",
            "O",
            "O",
            "O",
            "O",
            "O",
            "O",
            "O",
            "O",
            "O",
            "O",
            "O",
            "O",
            "O",
            "O",
            "O",
            "O",
            "O",
            "O",
            "O",
            "O",
            "O",
            "O",
            "O",
            "O",
            "O",
            "O",
            "O",
            "O",
            "O",
            "O",
            "O",
            "O",
            "O",
            "O",
            "O",
            "O",
            "O",
            "O",
            "O",
            "O",
            "O",
            "O",
            "O",
            "O",
            "O",
            "O",
            "O",
            "O",
            "O",
            "O",
            "O",
            "O",
            "O",
            "O",
            "O",
            "O",
            "O",
            "O",
            "O",
            "O",
            "O",
            "O",
            "O",
            "O",
            "O",
            "O",
            "O",
            "O",
            "O",
            "O",
            "O",
            "O",
            "O",
            "O",
            "O",
            "O",
            "O",
            "O",
            "O",
            "O"
        ]
    },
    {
        "words": [
            "Encoding",
            "a",
            "number",
            "as",
            "a",
            "float",
            "0.5937510",
            "You",
            "have",
            "an",
            "number",
            ",",
            "like",
            "-12.5937510",
            "x",
            "2",
            "MSB",
            "1",
            ".",
            "Convert",
            "it",
            "to",
            "binary",
            ".",
            "1.18750",
            "Integer",
            "part",
            ":",
            "11002",
            "0.1875010",
            "Fractional",
            "part",
            ":",
            "0.100112",
            "x",
            "2",
            "2",
            ".",
            "Write",
            "it",
            "in",
            "scientific",
            "notation",
            ":",
            "0.37500",
            "1100.100112",
            "x",
            "20",
            "3",
            ".",
            "Normalize",
            "it",
            ":",
            "0.3750010",
            "x",
            "2",
            "1.100100112",
            "x",
            "23",
            "0.75000",
            "0.7500010",
            "x",
            "2",
            "1.50000",
            "0.5000010",
            "x",
            "2",
            "LSB",
            "1.00000",
            "28"
        ],
        "labels": [
            "O",
            "O",
            "O",
            "O",
            "O",
            "O",
            "O",
            "O",
            "O",
            "O",
            "O",
            "O",
            "O",
            "O",
            "O",
            "O",
            "O",
            "O",
            "O",
            "O",
            "O",
            "O",
            "O",
            "O",
            "O",
            "O",
            "O",
            "O",
            "O",
            "O",
            "O",
            "O",
            "O",
            "O",
            "O",
            "O",
            "O",
            "O",
            "O",
            "O",
            "O",
            "O",
            "O",
            "O",
            "O",
            "O",
            "O",
            "O",
            "O",
            "O",
            "O",
            "O",
            "O",
            "O",
            "O",
            "O",
            "O",
            "O",
            "O",
            "O",
            "O",
            "O",
            "O",
            "O",
            "O",
            "O",
            "O",
            "O",
            "O",
            "O"
        ]
    },
    {
        "words": [
            "Encoding",
            "a",
            "number",
            "as",
            "a",
            "float",
            "You",
            "have",
            "an",
            "number",
            ",",
            "like",
            "-12.5937510",
            "1",
            ".",
            "Convert",
            "it",
            "to",
            "binary",
            ".",
            "Integer",
            "part",
            ":",
            "11002",
            "Fractional",
            "part",
            ":",
            "0.100112",
            "2",
            ".",
            "Write",
            "it",
            "in",
            "scientific",
            "notation",
            ":",
            "1100.100112",
            "x",
            "20",
            "3",
            ".",
            "Normalize",
            "it",
            ":",
            "1.100100112",
            "x",
            "23",
            "4",
            ".",
            "Calculate",
            "biased",
            "exponent",
            "+3",
            "+",
            "127",
            "=",
            "13010",
            "=",
            "100000102",
            "0xC1498000",
            "s",
            "exponent",
            "fraction",
            "1",
            "10000010",
            "10010011000000000\u2026000",
            "29"
        ],
        "labels": [
            "O",
            "O",
            "O",
            "O",
            "O",
            "O",
            "O",
            "O",
            "O",
            "O",
            "O",
            "O",
            "O",
            "O",
            "O",
            "O",
            "O",
            "O",
            "O",
            "O",
            "O",
            "O",
            "O",
            "O",
            "O",
            "O",
            "O",
            "O",
            "O",
            "O",
            "O",
            "O",
            "O",
            "O",
            "O",
            "O",
            "O",
            "O",
            "O",
            "O",
            "O",
            "O",
            "O",
            "O",
            "O",
            "O",
            "O",
            "O",
            "O",
            "O",
            "O",
            "O",
            "O",
            "O",
            "O",
            "O",
            "O",
            "O",
            "O",
            "O",
            "O",
            "O",
            "O",
            "O",
            "O",
            "O",
            "O"
        ]
    },
    {
        "words": [
            "Adding",
            "floating",
            "point",
            "numbers",
            "1.11",
            "\u00d7",
            "20",
            "+",
            "1.00",
            "\u00d7",
            "2-2",
            "\u25cf",
            "Step",
            "1",
            "\u2013",
            "Make",
            "both",
            "exponents",
            "the",
            "same",
            "1.11",
            "\u00d7",
            "20",
            "+",
            "0.01",
            "\u00d7",
            "20",
            "\u25cf",
            "Step",
            "2",
            "\u2013",
            "Add",
            "the",
            "significands",
            "1.11",
            "\u00d7",
            "20",
            "+",
            "0.01",
            "\u00d7",
            "20",
            "=",
            "10.00",
            "\u00d7",
            "20",
            "\u25cf",
            "Step",
            "3",
            "\u2013",
            "Normalize",
            "the",
            "result",
            "10.00",
            "\u00d7",
            "20",
            "=",
            "1.000",
            "\u00d7",
            "21",
            "30"
        ],
        "labels": [
            "O",
            "O",
            "O",
            "O",
            "O",
            "O",
            "O",
            "O",
            "O",
            "O",
            "O",
            "O",
            "O",
            "O",
            "O",
            "O",
            "O",
            "O",
            "O",
            "O",
            "O",
            "O",
            "O",
            "O",
            "O",
            "O",
            "O",
            "O",
            "O",
            "O",
            "O",
            "O",
            "O",
            "O",
            "O",
            "O",
            "O",
            "O",
            "O",
            "O",
            "O",
            "O",
            "O",
            "O",
            "O",
            "O",
            "O",
            "O",
            "O",
            "O",
            "O",
            "O",
            "O",
            "O",
            "O",
            "O",
            "O",
            "O",
            "O",
            "O"
        ]
    },
    {
        "words": [
            "Multiply",
            "floating",
            "point",
            "numbers",
            "1.11",
            "\u00d7",
            "20",
            "x",
            "1.01",
            "\u00d7",
            "2-2",
            "\u25cf",
            "Step",
            "1",
            "\u2013",
            "Add",
            "the",
            "exponents",
            "0",
            "+",
            "(",
            "-2",
            ")",
            "=",
            "[",
            "0+127",
            "]",
            "+",
            "[",
            "-2+127",
            "]",
            "=",
            "[",
            "127",
            "]",
            "+",
            "[",
            "125",
            "]",
            "\u2013",
            "127",
            "=",
            "[",
            "125",
            "]",
            "=",
            "-2",
            "\u25cf",
            "Step",
            "2",
            "\u2013",
            "Multiply",
            "the",
            "significands",
            "1.11",
            "x",
            "1.01",
            "=",
            "10.0011",
            "\u25cf",
            "Step",
            "3",
            "\u2013",
            "Normalize",
            "the",
            "result",
            "10.0011",
            "\u00d7",
            "2-2",
            "=",
            "1.00011",
            "\u00d7",
            "2-1",
            "31"
        ],
        "labels": [
            "O",
            "O",
            "O",
            "O",
            "O",
            "O",
            "O",
            "O",
            "O",
            "O",
            "O",
            "O",
            "O",
            "O",
            "O",
            "O",
            "O",
            "O",
            "O",
            "O",
            "O",
            "O",
            "O",
            "O",
            "O",
            "O",
            "O",
            "O",
            "O",
            "O",
            "O",
            "O",
            "O",
            "O",
            "O",
            "O",
            "O",
            "O",
            "O",
            "O",
            "O",
            "O",
            "O",
            "O",
            "O",
            "O",
            "O",
            "O",
            "O",
            "O",
            "O",
            "O",
            "O",
            "O",
            "O",
            "O",
            "O",
            "O",
            "O",
            "O",
            "O",
            "O",
            "O",
            "O",
            "O",
            "O",
            "O",
            "O",
            "O",
            "O",
            "O",
            "O",
            "O",
            "O"
        ]
    },
    {
        "words": [
            "Divide",
            "floating",
            "point",
            "numbers",
            "1.001",
            "\u00d7",
            "20",
            "/",
            "1.1",
            "\u00d7",
            "2-2",
            "\u25cf",
            "Step",
            "1",
            "\u2013",
            "Subtract",
            "the",
            "exponents",
            "0",
            "-",
            "(",
            "-2",
            ")",
            "=",
            "[",
            "0+127",
            "]",
            "-",
            "[",
            "-2+127",
            "]",
            "=",
            "[",
            "127",
            "]",
            "-",
            "[",
            "125",
            "]",
            "+",
            "127",
            "=",
            "[",
            "129",
            "]",
            "=",
            "2",
            "\u25cf",
            "Step",
            "2",
            "\u2013",
            "Divide",
            "the",
            "significands",
            "1.001",
            "/",
            "1.1",
            "=",
            "0.11",
            "\u25cf",
            "Step",
            "3",
            "\u2013",
            "Normalize",
            "the",
            "result",
            "0.11",
            "\u00d7",
            "22",
            "=",
            "1.1",
            "\u00d7",
            "21",
            "32"
        ],
        "labels": [
            "O",
            "O",
            "O",
            "O",
            "O",
            "O",
            "O",
            "O",
            "O",
            "O",
            "O",
            "O",
            "O",
            "O",
            "O",
            "O",
            "O",
            "O",
            "O",
            "O",
            "O",
            "O",
            "O",
            "O",
            "O",
            "O",
            "O",
            "O",
            "O",
            "O",
            "O",
            "O",
            "O",
            "O",
            "O",
            "O",
            "O",
            "O",
            "O",
            "O",
            "O",
            "O",
            "O",
            "O",
            "O",
            "O",
            "O",
            "O",
            "O",
            "O",
            "O",
            "O",
            "O",
            "O",
            "O",
            "O",
            "O",
            "O",
            "O",
            "O",
            "O",
            "O",
            "O",
            "O",
            "O",
            "O",
            "O",
            "O",
            "O",
            "O",
            "O",
            "O",
            "O",
            "O"
        ]
    },
    {
        "words": [
            "Other",
            "formats",
            "\u25cf",
            "the",
            "most",
            "common",
            "other",
            "format",
            "is",
            "double-precision",
            "(",
            "C/C++/Java",
            "double",
            ")",
            ",",
            "which",
            "uses",
            "an",
            "11-bit",
            "exponent",
            "and",
            "52-bit",
            "fraction",
            "\u25cf",
            "GPUs",
            "have",
            "driven",
            "the",
            "creation",
            "of",
            "a",
            "half-precision",
            "16-bit",
            "floating-",
            "point",
            "format",
            ".",
            "it",
            "'s",
            "adorable",
            "1023",
            "bias",
            "15",
            "bias",
            "both",
            "illustrations",
            "from",
            "user",
            "Codekaizen",
            "on",
            "Wikimedia",
            "Commons",
            "33"
        ],
        "labels": [
            "O",
            "O",
            "O",
            "O",
            "O",
            "O",
            "O",
            "O",
            "O",
            "O",
            "O",
            "O",
            "O",
            "O",
            "O",
            "O",
            "O",
            "O",
            "O",
            "O",
            "O",
            "O",
            "O",
            "O",
            "O",
            "O",
            "O",
            "O",
            "O",
            "O",
            "O",
            "O",
            "O",
            "O",
            "O",
            "O",
            "O",
            "O",
            "O",
            "O",
            "O",
            "O",
            "O",
            "O",
            "O",
            "O",
            "O",
            "O",
            "O",
            "O",
            "O",
            "O",
            "O"
        ]
    },
    {
        "words": [
            "Special",
            "cases",
            "\u25cf",
            "IEEE",
            "754",
            "can",
            "represent",
            "data",
            "outside",
            "of",
            "the",
            "norm",
            ".",
            "o",
            "Zero",
            "!",
            "How",
            "do",
            "you",
            "do",
            "that",
            "with",
            "normalized",
            "numbers",
            "?",
            "o",
            "+/-",
            "Infinity",
            "o",
            "NaN",
            "(",
            "Not",
            "a",
            "number",
            ")",
            ".",
            "E.g",
            ".",
            "when",
            "you",
            "divide",
            "zero",
            "by",
            "zero",
            ".",
            "o",
            "Other",
            "denormalized",
            "number",
            ":",
            "Squeeze",
            "the",
            "most",
            "out",
            "of",
            "our",
            "bits",
            "!",
            "\u25aa",
            "E.g",
            ".",
            ":",
            "0.00000000000000000000001",
            "x",
            "2-127",
            "Single",
            "precision",
            "Double",
            "precision",
            "Meaning",
            "Exponent",
            "Fraction",
            "Exponent",
            "Fraction",
            "0",
            "0",
            "0",
            "0",
            "0",
            "0",
            "!",
            "=0",
            "0",
            "!",
            "=0",
            "Number",
            "is",
            "denormalized",
            "255",
            "0",
            "2047",
            "0",
            "Infinity",
            "(",
            "sign-bit",
            "defines",
            "+",
            "or",
            "-",
            ")",
            "255",
            "!",
            "=0",
            "2047",
            "!",
            "=0",
            "NaN",
            "(",
            "Not",
            "a",
            "Number",
            ")",
            "34"
        ],
        "labels": [
            "O",
            "O",
            "O",
            "O",
            "O",
            "O",
            "O",
            "O",
            "O",
            "O",
            "O",
            "O",
            "O",
            "O",
            "O",
            "O",
            "O",
            "O",
            "O",
            "O",
            "O",
            "O",
            "O",
            "O",
            "O",
            "O",
            "O",
            "O",
            "O",
            "O",
            "O",
            "O",
            "O",
            "O",
            "O",
            "O",
            "O",
            "O",
            "O",
            "O",
            "O",
            "O",
            "O",
            "O",
            "O",
            "O",
            "O",
            "O",
            "O",
            "O",
            "O",
            "O",
            "O",
            "O",
            "O",
            "O",
            "O",
            "O",
            "O",
            "O",
            "O",
            "O",
            "O",
            "O",
            "O",
            "O",
            "O",
            "O",
            "O",
            "O",
            "O",
            "O",
            "O",
            "O",
            "O",
            "O",
            "O",
            "O",
            "O",
            "O",
            "O",
            "O",
            "O",
            "O",
            "O",
            "O",
            "O",
            "O",
            "O",
            "O",
            "O",
            "O",
            "O",
            "O",
            "O",
            "O",
            "O",
            "O",
            "O",
            "O",
            "O",
            "O",
            "O",
            "O",
            "O",
            "O",
            "O",
            "O",
            "O",
            "O",
            "O",
            "O",
            "O"
        ]
    },
    {
        "words": [
            "Check",
            "out",
            "this",
            "cool",
            "thing",
            "in",
            "MARS",
            "\u25cf",
            "go",
            "to",
            "Tools",
            ">",
            "Floating",
            "Point",
            "Representation",
            "\u25cf",
            "Try",
            "it",
            "out",
            "!",
            "35"
        ],
        "labels": [
            "O",
            "O",
            "O",
            "O",
            "O",
            "O",
            "O",
            "O",
            "O",
            "O",
            "O",
            "O",
            "O",
            "O",
            "O",
            "O",
            "O",
            "O",
            "O",
            "O",
            "O"
        ]
    }
]