[
    {
        "words": [
            "#",
            "B",
            "CS",
            "0447",
            "Introduction",
            "to",
            "Computer",
            "Programming",
            "Multiplication",
            "and",
            "Division",
            "Lu\u00eds",
            "Oliveira",
            "Original",
            "slides",
            "by",
            ":",
            "Jarrett",
            "Billingsley",
            "Modified",
            "with",
            "bits",
            "from",
            ":",
            "Bruce",
            "Childers",
            ",",
            "David",
            "Wilkinson",
            "Fall",
            "2020"
        ],
        "labels": [
            "O",
            "O",
            "O",
            "O",
            "O",
            "O",
            "O",
            "O",
            "O",
            "O",
            "O",
            "O",
            "O",
            "O",
            "O",
            "O",
            "O",
            "O",
            "O",
            "O",
            "O",
            "O",
            "O",
            "O",
            "O",
            "O",
            "O",
            "O",
            "O",
            "O",
            "O"
        ]
    },
    {
        "words": [
            "Class",
            "announcements",
            "2"
        ],
        "labels": [
            "O",
            "O",
            "O"
        ]
    },
    {
        "words": [
            "Multiplication",
            "by",
            "repeated",
            "addition",
            "\u25cf",
            "in",
            "A",
            "\u00d7",
            "B",
            ",",
            "the",
            "product",
            "(",
            "answer",
            ")",
            "is",
            "\u201c",
            "B",
            "copies",
            "of",
            "A",
            ",",
            "added",
            "together",
            "''",
            "3",
            "\u00d7",
            "6",
            "=",
            "18",
            "1",
            "2",
            "3",
            "4",
            "5",
            "6",
            "7",
            "8",
            "9",
            "10",
            "11",
            "12",
            "13",
            "14",
            "15",
            "16",
            "17",
            "18",
            "how",
            "many",
            "additions",
            "would",
            "it",
            "take",
            "to",
            "calculate",
            "2",
            "x",
            "500,000,000",
            "?",
            "3"
        ],
        "labels": [
            "O",
            "O",
            "O",
            "O",
            "O",
            "O",
            "O",
            "O",
            "O",
            "O",
            "O",
            "O",
            "O",
            "O",
            "O",
            "O",
            "O",
            "O",
            "O",
            "O",
            "O",
            "O",
            "O",
            "O",
            "O",
            "O",
            "O",
            "O",
            "O",
            "O",
            "O",
            "O",
            "O",
            "O",
            "O",
            "O",
            "O",
            "O",
            "O",
            "O",
            "O",
            "O",
            "O",
            "O",
            "O",
            "O",
            "O",
            "O",
            "O",
            "O",
            "O",
            "O",
            "O",
            "O",
            "O",
            "O",
            "O",
            "O",
            "O",
            "O",
            "O"
        ]
    },
    {
        "words": [
            "Back",
            "to",
            "grade",
            "school",
            "\u25cf",
            "remember",
            "your",
            "multiplication",
            "tables",
            "?",
            "\u25cf",
            "binary",
            "is",
            "so",
            "much",
            "easier",
            "\u25cf",
            "if",
            "we",
            "list",
            "0",
            "too",
            ",",
            "the",
            "product",
            "logic",
            "looks",
            "awfully",
            "familiar\u2026",
            "A",
            "B",
            "P",
            "\u2715",
            "1",
            "2",
            "3",
            "4",
            "5",
            "6",
            "7",
            "8",
            "9",
            "1",
            "1",
            "2",
            "3",
            "4",
            "5",
            "6",
            "7",
            "8",
            "9",
            "\u2715",
            "1",
            "2",
            "2",
            "4",
            "6",
            "8",
            "10",
            "12",
            "14",
            "16",
            "18",
            "3",
            "3",
            "6",
            "9",
            "12",
            "15",
            "18",
            "21",
            "24",
            "27",
            "1",
            "1",
            "0",
            "0",
            "0",
            "4",
            "4",
            "8",
            "12",
            "16",
            "20",
            "24",
            "28",
            "32",
            "36",
            "5",
            "5",
            "10",
            "15",
            "20",
            "25",
            "30",
            "35",
            "40",
            "45",
            "0",
            "1",
            "0",
            "6",
            "6",
            "12",
            "18",
            "24",
            "30",
            "36",
            "42",
            "48",
            "54",
            "7",
            "7",
            "14",
            "21",
            "28",
            "35",
            "42",
            "49",
            "56",
            "63",
            "1",
            "0",
            "0",
            "8",
            "8",
            "16",
            "24",
            "32",
            "40",
            "48",
            "56",
            "64",
            "72",
            "9",
            "9",
            "18",
            "27",
            "36",
            "45",
            "54",
            "63",
            "72",
            "81",
            "1",
            "1",
            "1",
            "4"
        ],
        "labels": [
            "O",
            "O",
            "O",
            "O",
            "O",
            "O",
            "O",
            "O",
            "O",
            "O",
            "O",
            "O",
            "O",
            "O",
            "O",
            "O",
            "O",
            "O",
            "O",
            "O",
            "O",
            "O",
            "O",
            "O",
            "O",
            "O",
            "O",
            "O",
            "O",
            "O",
            "O",
            "O",
            "O",
            "O",
            "O",
            "O",
            "O",
            "O",
            "O",
            "O",
            "O",
            "O",
            "O",
            "O",
            "O",
            "O",
            "O",
            "O",
            "O",
            "O",
            "O",
            "O",
            "O",
            "O",
            "O",
            "O",
            "O",
            "O",
            "O",
            "O",
            "O",
            "O",
            "O",
            "O",
            "O",
            "O",
            "O",
            "O",
            "O",
            "O",
            "O",
            "O",
            "O",
            "O",
            "O",
            "O",
            "O",
            "O",
            "O",
            "O",
            "O",
            "O",
            "O",
            "O",
            "O",
            "O",
            "O",
            "O",
            "O",
            "O",
            "O",
            "O",
            "O",
            "O",
            "O",
            "O",
            "O",
            "O",
            "O",
            "O",
            "O",
            "O",
            "O",
            "O",
            "O",
            "O",
            "O",
            "O",
            "O",
            "O",
            "O",
            "O",
            "O",
            "O",
            "O",
            "O",
            "O",
            "O",
            "O",
            "O",
            "O",
            "O",
            "O",
            "O",
            "O",
            "O",
            "O",
            "O",
            "O",
            "O",
            "O",
            "O",
            "O",
            "O",
            "O",
            "O",
            "O",
            "O",
            "O",
            "O",
            "O",
            "O",
            "O",
            "O",
            "O",
            "O",
            "O",
            "O",
            "O"
        ]
    },
    {
        "words": [
            "Just",
            "like",
            "you",
            "remember",
            "\u25cf",
            "you",
            "know",
            "how",
            "to",
            "multiply",
            ",",
            "riiiight",
            "?",
            "0101",
            "=",
            "5",
            "Multiplicand",
            "\u00d7",
            "0110",
            "=",
            "\u00d7",
            "6",
            "Multiplier",
            "these",
            "are",
            "partial",
            "0000",
            "30",
            "products",
            ".",
            "how",
            "01010",
            "wait",
            ",",
            "what",
            "operation",
            "many",
            "additions",
            "are",
            "we",
            "doing",
            "?",
            "010100",
            "are",
            "we",
            "doing",
            "here",
            "...",
            "?",
            "0000___",
            "000",
            "0011110",
            "5"
        ],
        "labels": [
            "O",
            "O",
            "O",
            "O",
            "O",
            "O",
            "O",
            "O",
            "O",
            "O",
            "O",
            "O",
            "O",
            "O",
            "O",
            "O",
            "O",
            "O",
            "O",
            "O",
            "O",
            "O",
            "O",
            "O",
            "O",
            "O",
            "O",
            "O",
            "O",
            "O",
            "O",
            "O",
            "O",
            "O",
            "O",
            "O",
            "O",
            "O",
            "O",
            "O",
            "O",
            "O",
            "O",
            "O",
            "O",
            "O",
            "O",
            "O",
            "O",
            "O",
            "O",
            "O",
            "O"
        ]
    },
    {
        "words": [
            "Wait",
            ",",
            "why",
            "does",
            "this",
            "work",
            "?",
            "\u25cf",
            "what",
            "are",
            "we",
            "actually",
            "doing",
            "with",
            "this",
            "technique",
            "?",
            "\u25cf",
            "remember",
            "how",
            "positional",
            "numbers",
            "are",
            "really",
            "polynomials",
            "?",
            "FOIL\u2026",
            "78\u00d754",
            "=",
            "70\u00d750",
            "+",
            "70\u00d74",
            "+",
            "8\u00d750",
            "+",
            "8\u00d74",
            "we",
            "'re",
            "eliminating",
            "many",
            "addition",
            "steps",
            "by",
            "grouping",
            "them",
            "together",
            ".",
            "=",
            "78\u00d750",
            "+",
            "78\u00d74",
            "we",
            "group",
            "them",
            "together",
            "by",
            "powers",
            "of",
            "the",
            "base",
            ".",
            "6"
        ],
        "labels": [
            "O",
            "O",
            "O",
            "O",
            "O",
            "O",
            "O",
            "O",
            "O",
            "O",
            "O",
            "O",
            "O",
            "O",
            "O",
            "O",
            "O",
            "O",
            "O",
            "O",
            "O",
            "O",
            "O",
            "O",
            "O",
            "O",
            "O",
            "O",
            "O",
            "O",
            "O",
            "O",
            "O",
            "O",
            "O",
            "O",
            "O",
            "O",
            "O",
            "O",
            "O",
            "O",
            "O",
            "O",
            "O",
            "O",
            "O",
            "O",
            "O",
            "O",
            "O",
            "O",
            "O",
            "O",
            "O",
            "O",
            "O",
            "O",
            "O",
            "O",
            "O",
            "O"
        ]
    },
    {
        "words": [
            "How",
            "many",
            "bits",
            "?",
            "\u25cf",
            "when",
            "we",
            "added",
            "two",
            "n-digit/bit",
            "numbers",
            ",",
            "how",
            "99",
            "many",
            "digits/bits",
            "was",
            "the",
            "sum",
            "?",
            "\u25cf",
            "how",
            "about",
            "for",
            "multiplication",
            "?",
            "\u00d7",
            "99",
            "\u25cf",
            "when",
            "you",
            "multiply",
            "two",
            "n-digit/bit",
            "numbers",
            ",",
            "the",
            "product",
            "will",
            "be",
            "at",
            "most",
            "2n",
            "digits/bits",
            "9801",
            "9999",
            "\u25cf",
            "so",
            "if",
            "we",
            "multiply",
            "two",
            "32-bit",
            "numbers\u2026",
            "\u00d7",
            "9999",
            "o",
            "we",
            "could",
            "get",
            "a",
            "64-bit",
            "result",
            "!",
            "AAAA",
            "!",
            "o",
            "if",
            "we",
            "just",
            "ignored",
            "those",
            "extra",
            "32",
            "bits",
            ",",
            "or",
            "99980001",
            "crashed",
            ",",
            "we",
            "'d",
            "be",
            "losing",
            "a",
            "lot",
            "of",
            "info",
            ".",
            "o",
            "so",
            "we",
            "have",
            "to",
            "store",
            "it",
            ".",
            "1111",
            "\u00d7",
            "1111",
            "11100001",
            "7"
        ],
        "labels": [
            "O",
            "O",
            "O",
            "O",
            "O",
            "O",
            "O",
            "O",
            "O",
            "O",
            "O",
            "O",
            "O",
            "O",
            "O",
            "O",
            "O",
            "O",
            "O",
            "O",
            "O",
            "O",
            "O",
            "O",
            "O",
            "O",
            "O",
            "O",
            "O",
            "O",
            "O",
            "O",
            "O",
            "O",
            "O",
            "O",
            "O",
            "O",
            "O",
            "O",
            "O",
            "O",
            "O",
            "O",
            "O",
            "O",
            "O",
            "O",
            "O",
            "O",
            "O",
            "O",
            "O",
            "O",
            "O",
            "O",
            "O",
            "O",
            "O",
            "O",
            "O",
            "O",
            "O",
            "O",
            "O",
            "O",
            "O",
            "O",
            "O",
            "O",
            "O",
            "O",
            "O",
            "O",
            "O",
            "O",
            "O",
            "O",
            "O",
            "O",
            "O",
            "O",
            "O",
            "O",
            "O",
            "O",
            "O",
            "O",
            "O",
            "O",
            "O",
            "O",
            "O",
            "O",
            "O",
            "O",
            "O",
            "O",
            "O",
            "O",
            "O",
            "O"
        ]
    },
    {
        "words": [
            "How",
            "(",
            "and",
            "why",
            ")",
            "MIPS",
            "does",
            "it",
            "\u25cf",
            "MIPS",
            "has",
            "two",
            "more",
            "32-bit",
            "registers",
            ",",
            "HI",
            "and",
            "LO",
            ".",
            "if",
            "you",
            "do",
            "this",
            ":",
            "mult",
            "t0",
            ",",
            "a0",
            "\u25cf",
            "then",
            "HI",
            "=",
            "upper",
            "32",
            "bits",
            "of",
            "the",
            "product",
            "and",
            "LO",
            "=",
            "lower",
            "32",
            "bits",
            "\u25cf",
            "to",
            "actually",
            "get",
            "the",
            "product",
            ",",
            "we",
            "use",
            "these",
            ":",
            "mfhi",
            "t0",
            "#",
            "move",
            "From",
            "HI",
            "(",
            "t0",
            "=",
            "HI",
            ")",
            "mflo",
            "t1",
            "#",
            "move",
            "From",
            "LO",
            "(",
            "t1",
            "=",
            "LO",
            ")",
            "\u25cf",
            "the",
            "mul",
            "pseudo-op",
            "does",
            "a",
            "mult",
            "followed",
            "by",
            "an",
            "mflo",
            "\u25cf",
            "MIPS",
            "does",
            "this",
            "for",
            "2",
            "reasons",
            ":",
            "o",
            "multiplication",
            "can",
            "take",
            "longer",
            "than",
            "addition",
            "o",
            "we",
            "'d",
            "otherwise",
            "have",
            "to",
            "change",
            "two",
            "different",
            "registers",
            "at",
            "once",
            "\u25cf",
            "if",
            "you",
            "wanted",
            "to",
            "check",
            "for",
            "32-bit",
            "multiplication",
            "overflow",
            ",",
            "how",
            "could",
            "you",
            "do",
            "it",
            "?",
            "8"
        ],
        "labels": [
            "O",
            "O",
            "O",
            "O",
            "O",
            "O",
            "O",
            "O",
            "O",
            "O",
            "O",
            "O",
            "O",
            "O",
            "O",
            "O",
            "O",
            "O",
            "O",
            "O",
            "O",
            "O",
            "O",
            "O",
            "O",
            "O",
            "O",
            "O",
            "O",
            "O",
            "O",
            "O",
            "O",
            "O",
            "O",
            "O",
            "O",
            "O",
            "O",
            "O",
            "O",
            "O",
            "O",
            "O",
            "O",
            "O",
            "O",
            "O",
            "O",
            "O",
            "O",
            "O",
            "O",
            "O",
            "O",
            "O",
            "O",
            "O",
            "O",
            "O",
            "O",
            "O",
            "O",
            "O",
            "O",
            "O",
            "O",
            "O",
            "O",
            "O",
            "O",
            "O",
            "O",
            "O",
            "O",
            "O",
            "O",
            "O",
            "O",
            "O",
            "O",
            "O",
            "O",
            "O",
            "O",
            "O",
            "O",
            "O",
            "O",
            "O",
            "O",
            "O",
            "O",
            "O",
            "O",
            "O",
            "O",
            "O",
            "O",
            "O",
            "O",
            "O",
            "O",
            "O",
            "O",
            "O",
            "O",
            "O",
            "O",
            "O",
            "O",
            "O",
            "O",
            "O",
            "O",
            "O",
            "O",
            "O",
            "O",
            "O",
            "O",
            "O",
            "O",
            "O",
            "O",
            "O",
            "O",
            "O",
            "O",
            "O",
            "O",
            "O",
            "O",
            "O"
        ]
    },
    {
        "words": [
            "Signed",
            "multiplication",
            "9"
        ],
        "labels": [
            "O",
            "O",
            "O"
        ]
    },
    {
        "words": [
            "Grade",
            "school",
            "(",
            "but",
            "like",
            ",",
            "6th",
            ",",
            "instead",
            "of",
            "3rd",
            ")",
            "\u25cf",
            "if",
            "you",
            "multiply",
            "two",
            "signed",
            "numbers",
            ",",
            "what",
            "'s",
            "the",
            "rule",
            "?",
            "Product",
            "Sign",
            "A",
            "B",
            "P",
            "A",
            "B",
            "S",
            "if",
            "the",
            "signs",
            "of",
            "the",
            "3",
            "5",
            "15",
            "+",
            "+",
            "+",
            "operands",
            "differ",
            ",",
            "the",
            "output",
            "is",
            "negative",
            ".",
            "3",
            "-5",
            "-15",
            "+",
            "-",
            "-",
            "-3",
            "5",
            "-15",
            "-",
            "+",
            "-",
            "-3",
            "-5",
            "15",
            "-",
            "-",
            "+",
            "10"
        ],
        "labels": [
            "O",
            "O",
            "O",
            "O",
            "O",
            "O",
            "O",
            "O",
            "O",
            "O",
            "O",
            "O",
            "O",
            "O",
            "O",
            "O",
            "O",
            "O",
            "O",
            "O",
            "O",
            "O",
            "O",
            "O",
            "O",
            "O",
            "O",
            "O",
            "O",
            "O",
            "O",
            "O",
            "O",
            "O",
            "O",
            "O",
            "O",
            "O",
            "O",
            "O",
            "O",
            "O",
            "O",
            "O",
            "O",
            "O",
            "O",
            "O",
            "O",
            "O",
            "O",
            "O",
            "O",
            "O",
            "O",
            "O",
            "O",
            "O",
            "O",
            "O",
            "O",
            "O",
            "O",
            "O",
            "O",
            "O",
            "O",
            "O",
            "O",
            "O",
            "O"
        ]
    },
    {
        "words": [
            "Do",
            "n't",
            "repeat",
            "yourself",
            "\u25cf",
            "we",
            "already",
            "have",
            "an",
            "algorithm",
            "to",
            "multiply",
            "unsigned",
            "numbers",
            "\u25cf",
            "multiplying",
            "signed",
            "numbers",
            "is",
            "exactly",
            "the",
            "same",
            "(",
            "except",
            "for",
            "the",
            "signs",
            ")",
            "\u25cf",
            "so",
            "why",
            "not",
            "use",
            "what",
            "we",
            "already",
            "made",
            "?",
            "long",
            "prod",
            "=",
            "unsigned_mult",
            "(",
            "abs",
            "(",
            "A",
            ")",
            ",",
            "abs",
            "(",
            "B",
            ")",
            ")",
            ";",
            "if",
            "(",
            "sgn",
            "(",
            "A",
            ")",
            "==",
            "sgn",
            "(",
            "B",
            ")",
            ")",
            "return",
            "prod",
            ";",
            "else",
            "return",
            "\u2013prod",
            ";",
            "11"
        ],
        "labels": [
            "O",
            "O",
            "O",
            "O",
            "O",
            "O",
            "O",
            "O",
            "O",
            "O",
            "O",
            "O",
            "O",
            "O",
            "O",
            "O",
            "O",
            "O",
            "O",
            "O",
            "O",
            "O",
            "O",
            "O",
            "O",
            "O",
            "O",
            "O",
            "O",
            "O",
            "O",
            "O",
            "O",
            "O",
            "O",
            "O",
            "O",
            "O",
            "O",
            "O",
            "O",
            "O",
            "O",
            "O",
            "O",
            "O",
            "O",
            "O",
            "O",
            "O",
            "O",
            "O",
            "O",
            "O",
            "O",
            "O",
            "O",
            "O",
            "O",
            "O",
            "O",
            "O",
            "O",
            "O",
            "O",
            "O",
            "O",
            "O",
            "O",
            "O",
            "O",
            "O",
            "O",
            "O"
        ]
    },
    {
        "words": [
            "Division",
            "Like",
            "multiplication",
            ",",
            "except\u2026",
            "not",
            "really",
            "12"
        ],
        "labels": [
            "O",
            "O",
            "O",
            "O",
            "O",
            "O",
            "O",
            "O"
        ]
    },
    {
        "words": [
            "If",
            "multiplication",
            "is",
            "repeated",
            "addition\u2026",
            "\u25cf",
            "\u2026is",
            "division",
            "repeated",
            "subtraction",
            "?",
            "o",
            "yes",
            ".",
            "it",
            "is",
            ".",
            "\u25cf",
            "in",
            "A",
            "\u00f7",
            "B",
            ",",
            "the",
            "quotient",
            "(",
            "answer",
            ")",
            "is",
            "``",
            "how",
            "many",
            "times",
            "can",
            "you",
            "subtract",
            "B",
            "from",
            "A",
            "until",
            "you",
            "ca",
            "n't",
            "anymore",
            "?",
            "''",
            "20",
            "\u00f7",
            "3",
            "=",
            "6",
            "R",
            "2",
            "1",
            "2",
            "3",
            "what",
            "about",
            "these",
            "lil",
            "guys",
            "?",
            "4",
            "5",
            "6",
            "how",
            "many",
            "subtractions",
            "would",
            "it",
            "take",
            "to",
            "calculate",
            "1,000,000,000",
            "\u00f7",
            "2",
            "?",
            "13"
        ],
        "labels": [
            "O",
            "O",
            "O",
            "O",
            "O",
            "O",
            "O",
            "O",
            "O",
            "O",
            "O",
            "O",
            "O",
            "O",
            "O",
            "O",
            "O",
            "O",
            "O",
            "O",
            "O",
            "O",
            "O",
            "O",
            "O",
            "O",
            "O",
            "O",
            "O",
            "O",
            "O",
            "O",
            "O",
            "O",
            "O",
            "O",
            "O",
            "O",
            "O",
            "O",
            "O",
            "O",
            "O",
            "O",
            "O",
            "O",
            "O",
            "O",
            "O",
            "O",
            "O",
            "O",
            "O",
            "O",
            "O",
            "O",
            "O",
            "O",
            "O",
            "O",
            "O",
            "O",
            "O",
            "O",
            "O",
            "O",
            "O",
            "O",
            "O",
            "O",
            "O",
            "O",
            "O",
            "O",
            "O",
            "O",
            "O",
            "O"
        ]
    },
    {
        "words": [
            "That",
            "'s",
            "not",
            "what",
            "you",
            "learned",
            "in",
            "school",
            ",",
            "was",
            "it",
            "\u25cf",
            "You",
            "learned",
            "something",
            "a",
            "tiiiiiny",
            "bit",
            "more",
            "complicated",
            "005",
            "4",
            "R51",
            "77",
            "4209",
            "-",
            "3",
            "8",
            "5",
            "=77\u00d75",
            "359",
            "-",
            "3",
            "0",
            "8=77\u00d74",
            "51",
            "Finally",
            "!",
            "!",
            "14"
        ],
        "labels": [
            "O",
            "O",
            "O",
            "O",
            "O",
            "O",
            "O",
            "O",
            "O",
            "O",
            "O",
            "O",
            "O",
            "O",
            "O",
            "O",
            "O",
            "O",
            "O",
            "O",
            "O",
            "O",
            "O",
            "O",
            "O",
            "O",
            "O",
            "O",
            "O",
            "O",
            "O",
            "O",
            "O",
            "O",
            "O",
            "O",
            "O",
            "O",
            "O",
            "O"
        ]
    },
    {
        "words": [
            "What",
            "'s",
            "going",
            "on",
            "?",
            "\u25cf",
            "division",
            "is",
            "multiplication",
            "backwards",
            ".",
            "it",
            "'s",
            "like",
            "ctrl+z",
            ".",
            "77",
            "we",
            "'re",
            "finding",
            "the",
            "partial",
            "products",
            "that",
            "add",
            "up",
            "to",
            "a",
            "total",
            "product",
            "\u00d754",
            "division",
            "goes",
            "left-to-right",
            "because",
            "we",
            "find",
            "the",
            "partial",
            "products",
            "from",
            "biggest",
            "to",
            "smallest",
            "308",
            "and",
            "to",
            "make",
            "it",
            "even",
            "more",
            "interesting",
            ",",
            "3850",
            "there",
            "might",
            "be",
            "a",
            "remainder",
            "4158",
            "and",
            "then",
            "there",
            "'s",
            "division",
            "by",
            "0",
            ".",
            "+R51",
            "multiplication",
            "is",
            "multiplying",
            "polynomials",
            ".",
            "division",
            "is",
            "factoring",
            "polynomials",
            ".",
            "4209",
            "15"
        ],
        "labels": [
            "O",
            "O",
            "O",
            "O",
            "O",
            "O",
            "O",
            "O",
            "O",
            "O",
            "O",
            "O",
            "O",
            "O",
            "O",
            "O",
            "O",
            "O",
            "O",
            "O",
            "O",
            "O",
            "O",
            "O",
            "O",
            "O",
            "O",
            "O",
            "O",
            "O",
            "O",
            "O",
            "O",
            "O",
            "O",
            "O",
            "O",
            "O",
            "O",
            "O",
            "O",
            "O",
            "O",
            "O",
            "O",
            "O",
            "O",
            "O",
            "O",
            "O",
            "O",
            "O",
            "O",
            "O",
            "O",
            "O",
            "O",
            "O",
            "O",
            "O",
            "O",
            "O",
            "O",
            "O",
            "O",
            "O",
            "O",
            "O",
            "O",
            "O",
            "O",
            "O",
            "O",
            "O",
            "O",
            "O",
            "O",
            "O",
            "O",
            "O",
            "O"
        ]
    },
    {
        "words": [
            "Another",
            "way",
            "of",
            "looking",
            "at",
            "it",
            "(",
            "animated",
            ")",
            "\u25cf",
            "let",
            "'s",
            "say",
            "we",
            "want",
            "to",
            "do\u2026",
            "(",
            "calculating",
            "random",
            "number",
            ")",
            "\u2026",
            "696\u00f74",
            "first",
            "we",
            "ask",
            "how",
            "many",
            "400s",
            "fit",
            "1",
            "40",
            "40",
            "40",
            "4",
            "4",
            "then",
            "how",
            "many",
            "40s",
            "7",
            "40",
            "4",
            "then",
            "how",
            "many",
            "4s",
            "4",
            "40",
            "so",
            "we",
            "'re",
            "saving",
            "time",
            "400",
            "4",
            "by",
            "doing",
            "groups",
            "of",
            "subtractions",
            "from",
            "40",
            "biggest",
            "to",
            "smallest",
            "40",
            "16"
        ],
        "labels": [
            "O",
            "O",
            "O",
            "O",
            "O",
            "O",
            "O",
            "O",
            "O",
            "O",
            "O",
            "O",
            "O",
            "O",
            "O",
            "O",
            "O",
            "O",
            "O",
            "O",
            "O",
            "O",
            "O",
            "O",
            "O",
            "O",
            "O",
            "O",
            "O",
            "O",
            "O",
            "O",
            "O",
            "O",
            "O",
            "O",
            "O",
            "O",
            "O",
            "O",
            "O",
            "O",
            "O",
            "O",
            "O",
            "O",
            "O",
            "O",
            "O",
            "O",
            "O",
            "O",
            "O",
            "O",
            "O",
            "O",
            "O",
            "O",
            "O",
            "O",
            "O",
            "O",
            "O",
            "O",
            "O",
            "O",
            "O",
            "O",
            "O"
        ]
    },
    {
        "words": [
            "Thanks",
            ",",
            "tiny",
            "multiplication",
            "table",
            ".",
            "Thable",
            ".",
            "\u25cf",
            "at",
            "least",
            "multiplication",
            "in",
            "binary",
            "is",
            "easy",
            ",",
            "which",
            "simplifies",
            "division",
            "0",
            "0",
            "0",
            "0",
            "1",
            "1",
            "0R",
            "1",
            "1100",
            "1001001",
            "-1100",
            "1100",
            "in",
            "binary",
            ",",
            "each",
            "step",
            "becomes",
            "a",
            "yes-no",
            "choice",
            ":",
            "does",
            "the",
            "divisor",
            "fit",
            "-",
            "1",
            "1",
            "0",
            "0",
            "into",
            "the",
            "remainder",
            "?",
            "01",
            "17"
        ],
        "labels": [
            "O",
            "O",
            "O",
            "O",
            "O",
            "O",
            "O",
            "O",
            "O",
            "O",
            "O",
            "O",
            "O",
            "O",
            "O",
            "O",
            "O",
            "O",
            "O",
            "O",
            "O",
            "O",
            "O",
            "O",
            "O",
            "O",
            "O",
            "O",
            "O",
            "O",
            "O",
            "O",
            "O",
            "O",
            "O",
            "O",
            "O",
            "O",
            "O",
            "O",
            "O",
            "O",
            "O",
            "O",
            "O",
            "O",
            "O",
            "O",
            "O",
            "O",
            "O",
            "O",
            "O",
            "O",
            "O",
            "O",
            "O"
        ]
    },
    {
        "words": [
            "Divisor",
            "?",
            "Dividend",
            "?",
            "Remainder",
            "?",
            "the",
            "divisor",
            "the",
            "dividend",
            "is",
            "divides",
            "the",
            "the",
            "number",
            "that",
            "is",
            "dividend",
            "1100",
            "1001001",
            "being",
            "divided",
            "the",
            "remainder",
            "is",
            "the",
            "-1100",
            "number",
            "we",
            "'re",
            "trying",
            "to",
            "fit",
            "the",
            "divisor",
            "into",
            "1",
            "1",
            "0",
            "0",
            "1",
            "this",
            "is",
            "the",
            "new",
            "remainder",
            ".",
            "but",
            "really",
            ",",
            "when",
            "we",
            "it",
            "starts",
            "off",
            "as",
            "the",
            "subtract",
            "something",
            ",",
            "we",
            "dividend\u2026",
            "are",
            "making",
            "the",
            "remainder",
            "smaller",
            ".",
            "18"
        ],
        "labels": [
            "O",
            "O",
            "O",
            "O",
            "O",
            "O",
            "O",
            "O",
            "O",
            "O",
            "O",
            "O",
            "O",
            "O",
            "O",
            "O",
            "O",
            "O",
            "O",
            "O",
            "O",
            "O",
            "O",
            "O",
            "O",
            "O",
            "O",
            "O",
            "O",
            "O",
            "O",
            "O",
            "O",
            "O",
            "O",
            "O",
            "O",
            "O",
            "O",
            "O",
            "O",
            "O",
            "O",
            "O",
            "O",
            "O",
            "O",
            "O",
            "O",
            "O",
            "O",
            "O",
            "O",
            "O",
            "O",
            "O",
            "O",
            "O",
            "O",
            "O",
            "O",
            "O",
            "O",
            "O",
            "O",
            "O",
            "O",
            "O",
            "O"
        ]
    },
    {
        "words": [
            "Finding",
            "partial",
            "products",
            ",",
            "biggest",
            "to",
            "smallest",
            "(",
            "animated",
            ")",
            "essentially",
            "we",
            "'re",
            "starting",
            "with",
            "the",
            "divisor",
            "shifted",
            "all",
            "the",
            "way",
            "left",
            ",",
            "and",
            "sliding",
            "it",
            "right",
            "0",
            "0",
            "0",
            "0",
            "1",
            "1",
            "0R",
            "1",
            "1100",
            "100",
            "11001",
            "1100000000",
            "so",
            "let",
            "'s",
            "ALGORITHM-IZE",
            "IT",
            "19"
        ],
        "labels": [
            "O",
            "O",
            "O",
            "O",
            "O",
            "O",
            "O",
            "O",
            "O",
            "O",
            "O",
            "O",
            "O",
            "O",
            "O",
            "O",
            "O",
            "O",
            "O",
            "O",
            "O",
            "O",
            "O",
            "O",
            "O",
            "O",
            "O",
            "O",
            "O",
            "O",
            "O",
            "O",
            "O",
            "O",
            "O",
            "O",
            "O",
            "O",
            "O",
            "O",
            "O",
            "O",
            "O",
            "O",
            "O"
        ]
    },
    {
        "words": [
            "A",
            "few",
            "more",
            "odds",
            "and",
            "ends",
            "20"
        ],
        "labels": [
            "O",
            "O",
            "O",
            "O",
            "O",
            "O",
            "O"
        ]
    },
    {
        "words": [
            "Divide-and-conquer\u2026",
            "in",
            "parallel",
            "\u25cf",
            "an",
            "n\u00d7n",
            "digit",
            "multiplication",
            "can",
            "be",
            "broken",
            "into",
            "n",
            ",",
            "n\u00d71",
            "digit",
            "ones",
            "\u25cf",
            "the",
            "partial",
            "products",
            "can",
            "be",
            "summed",
            "in",
            "any",
            "order",
            "(",
            "thanks",
            ",",
            "commutativity",
            ")",
            "1011\u00d70101",
            "=",
            "all",
            "operations",
            "in",
            "the",
            "same",
            "column",
            "can",
            "be",
            "done",
            "in",
            "parallel",
            ".",
            "1011\u00d71",
            "+",
            "now",
            "our",
            "multiplication",
            "takes",
            "+",
            "1011\u00d70",
            "only",
            "3",
            "steps",
            "instead",
            "of",
            "4",
            ".",
            "+",
            "+1011\u00d7100",
            "but",
            "this",
            "is",
            "a",
            "O",
            "(",
            "log",
            "(",
            "n",
            ")",
            ")",
            "+",
            "algorithm",
            "!",
            "so",
            "for",
            "32",
            "bits\u2026",
            "+",
            "1011\u00d70",
            "it",
            "takes",
            "6",
            "steps",
            "instead",
            "of",
            "32",
            "!",
            "21"
        ],
        "labels": [
            "O",
            "O",
            "O",
            "O",
            "O",
            "O",
            "O",
            "O",
            "O",
            "O",
            "O",
            "O",
            "O",
            "O",
            "O",
            "O",
            "O",
            "O",
            "O",
            "O",
            "O",
            "O",
            "O",
            "O",
            "O",
            "O",
            "O",
            "O",
            "O",
            "O",
            "O",
            "O",
            "O",
            "O",
            "O",
            "O",
            "O",
            "O",
            "O",
            "O",
            "O",
            "O",
            "O",
            "O",
            "O",
            "O",
            "O",
            "O",
            "O",
            "O",
            "O",
            "O",
            "O",
            "O",
            "O",
            "O",
            "O",
            "O",
            "O",
            "O",
            "O",
            "O",
            "O",
            "O",
            "O",
            "O",
            "O",
            "O",
            "O",
            "O",
            "O",
            "O",
            "O",
            "O",
            "O",
            "O",
            "O",
            "O",
            "O",
            "O",
            "O",
            "O",
            "O",
            "O",
            "O",
            "O",
            "O",
            "O",
            "O",
            "O",
            "O",
            "O"
        ]
    },
    {
        "words": [
            "But",
            "division\u2026",
            "\u25cf",
            "if",
            "we",
            "try",
            "to",
            "do",
            "something",
            "similar",
            ",",
            "well\u2026",
            "what",
            "'s",
            "the",
            "difference",
            "between",
            "1011\u00f7101",
            "=",
            "addition",
            "and",
            "subtraction",
            "?",
            "subtraction",
            "is",
            "not",
            "commutative",
            ".",
            "1011\u00f7101000",
            "=",
            "0",
            "you",
            "can",
            "do",
            "the",
            "steps",
            "in",
            "any",
            "order\u2026",
            "but",
            "you",
            "ca",
            "n't",
            "do",
            "1011\u00f710100",
            "=",
            "0",
            "them",
            "at",
            "the",
            "same",
            "time",
            ".",
            "1011\u00f71010",
            "=",
            "1",
            "R",
            "1",
            "1011\u00f7101",
            "=",
            "1",
            "R",
            "110",
            "?",
            "?",
            "we",
            "can",
            "not",
            "know",
            "the",
            "answer",
            "to",
            "this",
            "step\u2026",
            "\u2026until",
            "we",
            "know",
            "the",
            "answer",
            "to",
            "the",
            "previous",
            "one",
            ".",
            "22"
        ],
        "labels": [
            "O",
            "O",
            "O",
            "O",
            "O",
            "O",
            "O",
            "O",
            "O",
            "O",
            "O",
            "O",
            "O",
            "O",
            "O",
            "O",
            "O",
            "O",
            "O",
            "O",
            "O",
            "O",
            "O",
            "O",
            "O",
            "O",
            "O",
            "O",
            "O",
            "O",
            "O",
            "O",
            "O",
            "O",
            "O",
            "O",
            "O",
            "O",
            "O",
            "O",
            "O",
            "O",
            "O",
            "O",
            "O",
            "O",
            "O",
            "O",
            "O",
            "O",
            "O",
            "O",
            "O",
            "O",
            "O",
            "O",
            "O",
            "O",
            "O",
            "O",
            "O",
            "O",
            "O",
            "O",
            "O",
            "O",
            "O",
            "O",
            "O",
            "O",
            "O",
            "O",
            "O",
            "O",
            "O",
            "O",
            "O",
            "O",
            "O",
            "O",
            "O",
            "O",
            "O",
            "O",
            "O"
        ]
    },
    {
        "words": [
            "Division",
            "is",
            "fundamentally",
            "slower",
            "\u25cf",
            "each",
            "step",
            "depends",
            "on",
            "the",
            "previous",
            "one",
            ".",
            "\u25cf",
            "we",
            "can",
            "not",
            "split",
            "it",
            "up",
            "into",
            "subproblems",
            "like",
            "with",
            "multiplication",
            ".",
            "\u25cf",
            "the",
            "only",
            "way",
            "to",
            "make",
            "division",
            "faster",
            "is",
            "to",
            "guess",
            ".",
            "o",
            "SRT",
            "Division",
            "is",
            "a",
            "way",
            "of",
            "predicting",
            "quotient",
            "bits",
            "based",
            "on",
            "the",
            "next",
            "few",
            "bits",
            "of",
            "the",
            "dividend",
            "and",
            "divisor",
            "o",
            "but",
            "it",
            "can",
            "make",
            "mistakes",
            "and",
            "they",
            "have",
            "to",
            "be",
            "corrected",
            "o",
            "the",
            "original",
            "Pentium",
            "CPU",
            "in",
            "1994",
            "messed",
            "this",
            "up",
            "\u25aa",
            "and",
            "Intel",
            "pretended",
            "everything",
            "was",
            "OK",
            "\u25aa",
            "and",
            "people",
            "got",
            "mad",
            "\u25aa",
            "and",
            "they",
            "had",
            "to",
            "recall",
            "millions",
            "of",
            "them",
            "\u25aa",
            "and",
            "Intel",
            "lost",
            "half",
            "a",
            "billion",
            "dollars",
            "\u2013",
            "lol",
            "23"
        ],
        "labels": [
            "O",
            "O",
            "O",
            "O",
            "O",
            "O",
            "O",
            "O",
            "O",
            "O",
            "O",
            "O",
            "O",
            "O",
            "O",
            "O",
            "O",
            "O",
            "O",
            "O",
            "O",
            "O",
            "O",
            "O",
            "O",
            "O",
            "O",
            "O",
            "O",
            "O",
            "O",
            "O",
            "O",
            "O",
            "O",
            "O",
            "O",
            "O",
            "O",
            "O",
            "O",
            "O",
            "O",
            "O",
            "O",
            "O",
            "O",
            "O",
            "O",
            "O",
            "O",
            "O",
            "O",
            "O",
            "O",
            "O",
            "O",
            "O",
            "O",
            "O",
            "O",
            "O",
            "O",
            "O",
            "O",
            "O",
            "O",
            "O",
            "O",
            "O",
            "O",
            "O",
            "O",
            "O",
            "O",
            "O",
            "O",
            "O",
            "O",
            "O",
            "O",
            "O",
            "O",
            "O",
            "O",
            "O",
            "O",
            "O",
            "O",
            "O",
            "O",
            "O",
            "O",
            "O",
            "O",
            "O",
            "O",
            "O",
            "O",
            "O",
            "O",
            "O",
            "O",
            "O",
            "O",
            "O",
            "O",
            "O",
            "O",
            "O",
            "O",
            "O",
            "O"
        ]
    },
    {
        "words": [
            "Doing",
            "modulo",
            "with",
            "AND",
            "\u25cf",
            "in",
            "decimal",
            ",",
            "dividing",
            "by",
            "powers",
            "of",
            "10",
            "is",
            "trivial",
            ".",
            "53884",
            "\u00f7",
            "1000",
            "=",
            "53",
            "R",
            "884",
            "\u25cf",
            "in",
            "binary",
            ",",
            "we",
            "can",
            "divide",
            "by",
            "powers",
            "of",
            "2",
            "easily",
            "with",
            "shifting",
            "\u25cf",
            "and",
            "we",
            "can",
            "get",
            "the",
            "remainder",
            "by",
            "masking",
            "!",
            "10010110",
            "\u00f7",
            "1000",
            "=",
            "10010",
            "R",
            "110",
            "10010110",
            ">",
            ">",
            "11",
            "=",
            "10010",
            "10010110",
            "&",
            "0111",
            "=",
            "110",
            "more",
            "generally",
            ":",
            "a",
            "AND",
            "(",
            "2n-1",
            ")",
            "=",
            "a",
            "%",
            "2n",
            "more",
            "generally",
            ":",
            "a",
            "AND",
            "(",
            "(",
            "1",
            "<",
            "<",
            "n",
            ")",
            "-1",
            ")",
            "=",
            "a",
            "%",
            "2n",
            "24"
        ],
        "labels": [
            "O",
            "O",
            "O",
            "O",
            "O",
            "O",
            "O",
            "O",
            "O",
            "O",
            "O",
            "O",
            "O",
            "O",
            "O",
            "O",
            "O",
            "O",
            "O",
            "O",
            "O",
            "O",
            "O",
            "O",
            "O",
            "O",
            "O",
            "O",
            "O",
            "O",
            "O",
            "O",
            "O",
            "O",
            "O",
            "O",
            "O",
            "O",
            "O",
            "O",
            "O",
            "O",
            "O",
            "O",
            "O",
            "O",
            "O",
            "O",
            "O",
            "O",
            "O",
            "O",
            "O",
            "O",
            "O",
            "O",
            "O",
            "O",
            "O",
            "O",
            "O",
            "O",
            "O",
            "O",
            "O",
            "O",
            "O",
            "O",
            "O",
            "O",
            "O",
            "O",
            "O",
            "O",
            "O",
            "O",
            "O",
            "O",
            "O",
            "O",
            "O",
            "O",
            "O",
            "O",
            "O",
            "O",
            "O",
            "O",
            "O",
            "O",
            "O",
            "O",
            "O",
            "O",
            "O",
            "O"
        ]
    },
    {
        "words": [
            "Signed",
            "division",
            "25"
        ],
        "labels": [
            "O",
            "O",
            "O"
        ]
    },
    {
        "words": [
            "All",
            "roads",
            "lead",
            "to",
            "Rome\u2026",
            "er",
            ",",
            "the",
            "Dividend",
            "\u25cf",
            "how",
            "did",
            "we",
            "extend",
            "our",
            "multiplication",
            "algorithm",
            "to",
            "signed",
            "numbers",
            "?",
            "\u25cf",
            "but",
            "how",
            "exactly",
            "do",
            "the",
            "rules",
            "work",
            "when",
            "you",
            "have",
            "two",
            "results",
            "?",
            "the",
            "four",
            "values",
            "are",
            "related",
            "as",
            ":",
            "Dividend",
            "=",
            "(",
            "Divisor",
            "\u00d7",
            "Quotient",
            ")",
            "+",
            "Remainder",
            "If",
            "you",
            "do\u2026",
            "Java",
            "says\u2026",
            "Python",
            "says\u2026",
            "7",
            "/",
            "2",
            "3",
            "R",
            "1",
            "3",
            "R",
            "1",
            "mathematicians",
            "would",
            "expect",
            "the",
            "remainder",
            "7",
            "/",
            "-2",
            "-3",
            "R",
            "1",
            "-4",
            "R",
            "-1",
            "to",
            "always",
            "be",
            "positive",
            ",",
            "-7",
            "/",
            "2",
            "-3",
            "R",
            "-1",
            "-4",
            "R",
            "1",
            "so",
            "the",
            "last",
            "row",
            "would",
            "be",
            "4",
            "R",
            "1",
            "!",
            "-7",
            "/",
            "-2",
            "3",
            "R",
            "-1",
            "3",
            "R",
            "-1",
            "check",
            "out",
            "https",
            ":",
            "//en.wikipedia.org/wiki/Modulo_operation",
            "for",
            "this",
            "travesty",
            "In",
            "Java",
            "-7/2",
            "=",
            "-",
            "(",
            "7/2",
            ")",
            "In",
            "Python",
            "-7/2",
            "\u2260",
            "-",
            "(",
            "7/2",
            ")",
            "26"
        ],
        "labels": [
            "O",
            "O",
            "O",
            "O",
            "O",
            "O",
            "O",
            "O",
            "O",
            "O",
            "O",
            "O",
            "O",
            "O",
            "O",
            "O",
            "O",
            "O",
            "O",
            "O",
            "O",
            "O",
            "O",
            "O",
            "O",
            "O",
            "O",
            "O",
            "O",
            "O",
            "O",
            "O",
            "O",
            "O",
            "O",
            "O",
            "O",
            "O",
            "O",
            "O",
            "O",
            "O",
            "O",
            "O",
            "O",
            "O",
            "O",
            "O",
            "O",
            "O",
            "O",
            "O",
            "O",
            "O",
            "O",
            "O",
            "O",
            "O",
            "O",
            "O",
            "O",
            "O",
            "O",
            "O",
            "O",
            "O",
            "O",
            "O",
            "O",
            "O",
            "O",
            "O",
            "O",
            "O",
            "O",
            "O",
            "O",
            "O",
            "O",
            "O",
            "O",
            "O",
            "O",
            "O",
            "O",
            "O",
            "O",
            "O",
            "O",
            "O",
            "O",
            "O",
            "O",
            "O",
            "O",
            "O",
            "O",
            "O",
            "O",
            "O",
            "O",
            "O",
            "O",
            "O",
            "O",
            "O",
            "O",
            "O",
            "O",
            "O",
            "O",
            "O",
            "O",
            "O",
            "O",
            "O",
            "O",
            "O",
            "O",
            "O",
            "O",
            "O",
            "O",
            "O",
            "O",
            "O",
            "O",
            "O",
            "O",
            "O",
            "O",
            "O",
            "O",
            "O",
            "O",
            "O",
            "O",
            "O",
            "O"
        ]
    },
    {
        "words": [
            "Whaaaaaaaaaaaaaaaat",
            "\u25cf",
            "no",
            ",",
            "really",
            ",",
            "it",
            "'s",
            "not",
            "well-defined",
            ".",
            "there",
            "'s",
            "no",
            "``",
            "right",
            "''",
            "answer",
            ".",
            "\u25cf",
            "watch",
            "out",
            "for",
            "this",
            ".",
            "o",
            "I",
            "think",
            "I",
            "ran",
            "into",
            "it",
            "once",
            "because",
            "I",
            "was",
            "doing",
            "maths",
            "with",
            "angles",
            "in",
            "the",
            "range",
            "[",
            "-pi",
            ",",
            "pi",
            ")",
            "o",
            "most",
            "of",
            "the",
            "time",
            ",",
            "when",
            "you",
            "'re",
            "dealing",
            "with",
            "modulo",
            ",",
            "you",
            "'re",
            "dealing",
            "with",
            "positive",
            "values",
            "o",
            "Most",
            "languages",
            "I",
            "had",
            "used",
            "did",
            "(",
            "-7",
            "/",
            "2",
            ")",
            "as",
            "-",
            "(",
            "7",
            "/",
            "2",
            ")",
            "\u25aa",
            "this",
            "is",
            "``",
            "truncated",
            "division",
            "''",
            "(",
            "rounds",
            "towards",
            "0",
            ")",
            "o",
            "but",
            "Python",
            "is",
            "gaining",
            "popularity",
            "and",
            "can",
            "sometimes",
            "be",
            "confusing",
            "\u25aa",
            "it",
            "uses",
            "``",
            "flooring",
            "division",
            "''",
            "(",
            "rounds",
            "towards",
            "-\u221e",
            ")",
            "\u25cf",
            "so",
            "which",
            "does",
            "arithmetic",
            "right",
            "shift",
            "do",
            "?",
            "o",
            "it",
            "does",
            "flooring",
            "division",
            ".",
            "27"
        ],
        "labels": [
            "O",
            "O",
            "O",
            "O",
            "O",
            "O",
            "O",
            "O",
            "O",
            "O",
            "O",
            "O",
            "O",
            "O",
            "O",
            "O",
            "O",
            "O",
            "O",
            "O",
            "O",
            "O",
            "O",
            "O",
            "O",
            "O",
            "O",
            "O",
            "O",
            "O",
            "O",
            "O",
            "O",
            "O",
            "O",
            "O",
            "O",
            "O",
            "O",
            "O",
            "O",
            "O",
            "O",
            "O",
            "O",
            "O",
            "O",
            "O",
            "O",
            "O",
            "O",
            "O",
            "O",
            "O",
            "O",
            "O",
            "O",
            "O",
            "O",
            "O",
            "O",
            "O",
            "O",
            "O",
            "O",
            "O",
            "O",
            "O",
            "O",
            "O",
            "O",
            "O",
            "O",
            "O",
            "O",
            "O",
            "O",
            "O",
            "O",
            "O",
            "O",
            "O",
            "O",
            "O",
            "O",
            "O",
            "O",
            "O",
            "O",
            "O",
            "O",
            "O",
            "O",
            "O",
            "O",
            "O",
            "O",
            "O",
            "O",
            "O",
            "O",
            "O",
            "O",
            "O",
            "O",
            "O",
            "O",
            "O",
            "O",
            "O",
            "O",
            "O",
            "O",
            "O",
            "O",
            "O",
            "O",
            "O",
            "O",
            "O",
            "O",
            "O",
            "O",
            "O",
            "O",
            "O",
            "O",
            "O",
            "O",
            "O",
            "O",
            "O",
            "O",
            "O",
            "O",
            "O",
            "O"
        ]
    }
]