[
    {
        "words": [
            "#",
            "C",
            "CS",
            "0447",
            "Introduction",
            "to",
            "Computer",
            "Programming",
            "Logic",
            "Basics",
            "Lu\u00eds",
            "Oliveira",
            "Original",
            "slides",
            "by",
            ":",
            "Jarrett",
            "Billingsley",
            "Modified",
            "with",
            "bits",
            "from",
            ":",
            "Bruce",
            "Childers",
            ",",
            "David",
            "Wilkinson",
            "Fall",
            "2020"
        ],
        "labels": [
            "O",
            "O",
            "O",
            "O",
            "O",
            "O",
            "O",
            "O",
            "O",
            "O",
            "O",
            "O",
            "O",
            "O",
            "O",
            "O",
            "O",
            "O",
            "O",
            "O",
            "O",
            "O",
            "O",
            "O",
            "O",
            "O",
            "O",
            "O",
            "O",
            "O"
        ]
    },
    {
        "words": [
            "What",
            "'s",
            "electricity",
            "?",
            "(",
            "EE-ish",
            "section",
            ")",
            "2"
        ],
        "labels": [
            "O",
            "O",
            "O",
            "O",
            "O",
            "O",
            "O",
            "O",
            "O"
        ]
    },
    {
        "words": [
            "In",
            "your",
            "orbit",
            "here",
            "'s",
            "a",
            "proton",
            ".",
            "it",
            "has",
            "here",
            "'s",
            "an",
            "electron",
            ".",
            "it",
            "has",
            "a",
            "positive",
            "charge",
            "a",
            "negative",
            "charge",
            "e-",
            "it",
            "kinda",
            "goes",
            "p",
            "+",
            "around",
            "the",
            "proton",
            "in",
            "an",
            "orbit",
            "*",
            "protons",
            "sit",
            "still",
            "while",
            "electrons",
            "can",
            "move",
            "around",
            "*",
            "it",
            "actually",
            "doesn",
            "\u2019",
            "t\u2026",
            "it",
            "\u2019",
            "s",
            "way",
            "more",
            "complex",
            "than",
            "that",
            "!",
            "Waves",
            ",",
            "teleportation",
            "and",
            "other",
            "black",
            "magic",
            "!",
            "3"
        ],
        "labels": [
            "O",
            "O",
            "O",
            "O",
            "O",
            "O",
            "O",
            "O",
            "O",
            "O",
            "O",
            "O",
            "O",
            "O",
            "O",
            "O",
            "O",
            "O",
            "O",
            "O",
            "O",
            "O",
            "O",
            "O",
            "O",
            "O",
            "O",
            "O",
            "O",
            "O",
            "O",
            "O",
            "O",
            "O",
            "O",
            "O",
            "O",
            "O",
            "O",
            "O",
            "O",
            "O",
            "O",
            "O",
            "O",
            "O",
            "O",
            "O",
            "O",
            "O",
            "O",
            "O",
            "O",
            "O",
            "O",
            "O",
            "O",
            "O",
            "O",
            "O",
            "O",
            "O",
            "O",
            "O",
            "O",
            "O",
            "O",
            "O"
        ]
    },
    {
        "words": [
            "Opposites",
            "attract\u2026",
            "two",
            "of",
            "the",
            "same",
            "p+",
            "e-",
            "charge",
            "repel",
            "opposite",
            "charges",
            "here",
            "'s",
            "electricity",
            ".",
            "attract",
            "here",
            "it",
            "is",
            "p+",
            "but",
            "protons",
            "are",
            "kinda",
            "stuck",
            ",",
            "so\u2026",
            "e-",
            "4"
        ],
        "labels": [
            "O",
            "O",
            "O",
            "O",
            "O",
            "O",
            "O",
            "O",
            "O",
            "O",
            "O",
            "O",
            "O",
            "O",
            "O",
            "O",
            "O",
            "O",
            "O",
            "O",
            "O",
            "O",
            "O",
            "O",
            "O",
            "O",
            "O",
            "O",
            "O",
            "O"
        ]
    },
    {
        "words": [
            "Lots",
            "of",
            "fish",
            "electrons",
            "in",
            "the",
            "sea",
            "here",
            "'s",
            "a",
            "solid",
            "piece",
            "of",
            "metal",
            "the",
            "atoms",
            "are",
            "in",
            "a",
            "fixed",
            "structure",
            "but",
            "some",
            "of",
            "the",
            "electrons",
            "are",
            "free",
            "to",
            "move",
            "around",
            "right",
            "now",
            ",",
            "the",
            "charges",
            "are",
            "balanced",
            ":",
            "same",
            "number",
            "of",
            "positive",
            "and",
            "negative",
            "let",
            "'s",
            "knock",
            "it",
            "out",
            "of",
            "whack",
            "5"
        ],
        "labels": [
            "O",
            "O",
            "O",
            "O",
            "O",
            "O",
            "O",
            "O",
            "O",
            "O",
            "O",
            "O",
            "O",
            "O",
            "O",
            "O",
            "O",
            "O",
            "O",
            "O",
            "O",
            "O",
            "O",
            "O",
            "O",
            "O",
            "O",
            "O",
            "O",
            "O",
            "O",
            "O",
            "O",
            "O",
            "O",
            "O",
            "O",
            "O",
            "O",
            "O",
            "O",
            "O",
            "O",
            "O",
            "O",
            "O",
            "O",
            "O",
            "O",
            "O",
            "O",
            "O",
            "O"
        ]
    },
    {
        "words": [
            "Two",
            "moles",
            "is",
            "company",
            ",",
            "three",
            "'s",
            "a",
            "crowd",
            "let",
            "'s",
            "shove",
            "more",
            "electrons",
            "in",
            "packing",
            "more",
            "electrons",
            "in",
            "leads",
            "to",
            "two",
            "things",
            ":",
            "1.",
            "this",
            "metal",
            "is",
            "now",
            "negatively",
            "charged",
            "2.",
            "the",
            "electrons",
            "are",
            "now",
            "closer",
            "together",
            "meaning",
            "they",
            "'re",
            "less",
            "happy",
            "noo",
            "aaa",
            "6"
        ],
        "labels": [
            "O",
            "O",
            "O",
            "O",
            "O",
            "O",
            "O",
            "O",
            "O",
            "O",
            "O",
            "O",
            "O",
            "O",
            "O",
            "O",
            "O",
            "O",
            "O",
            "O",
            "O",
            "O",
            "O",
            "O",
            "O",
            "O",
            "O",
            "O",
            "O",
            "O",
            "O",
            "O",
            "O",
            "O",
            "O",
            "O",
            "O",
            "O",
            "O",
            "O",
            "O",
            "O",
            "O",
            "O",
            "O",
            "O"
        ]
    },
    {
        "words": [
            "Carousel",
            "of",
            "unhappiness",
            "if",
            "we",
            "shove",
            "some",
            "down",
            "a",
            "wire",
            "wire",
            "we",
            "'d",
            "like",
            "to",
            "get",
            "off",
            "and",
            "then",
            "give",
            "them",
            "a",
            "(",
            "difficult",
            ")",
            "way",
            "out",
            "mister",
            "bones",
            "wild",
            "ride",
            "and",
            "then",
            "have",
            "something",
            "which",
            "will",
            "squeeze",
            "them",
            "back",
            "together",
            "again",
            "well",
            "now",
            "you",
            "have",
            "electricity",
            "7"
        ],
        "labels": [
            "O",
            "O",
            "O",
            "O",
            "O",
            "O",
            "O",
            "O",
            "O",
            "O",
            "O",
            "O",
            "O",
            "O",
            "O",
            "O",
            "O",
            "O",
            "O",
            "O",
            "O",
            "O",
            "O",
            "O",
            "O",
            "O",
            "O",
            "O",
            "O",
            "O",
            "O",
            "O",
            "O",
            "O",
            "O",
            "O",
            "O",
            "O",
            "O",
            "O",
            "O",
            "O",
            "O",
            "O",
            "O",
            "O",
            "O",
            "O"
        ]
    },
    {
        "words": [
            "Watch",
            "em",
            "go",
            "voltage",
            "measures",
            "current",
            "measures",
            "how",
            "electron",
            "unhappiness",
            "many",
            "electrons",
            "per",
            "second",
            "are",
            "moving",
            "past",
            "a",
            "point",
            "low",
            "low",
            "high",
            "and",
            "that",
            "'s",
            "electricity",
            "high",
            "8"
        ],
        "labels": [
            "O",
            "O",
            "O",
            "O",
            "O",
            "O",
            "O",
            "O",
            "O",
            "O",
            "O",
            "O",
            "O",
            "O",
            "O",
            "O",
            "O",
            "O",
            "O",
            "O",
            "O",
            "O",
            "O",
            "O",
            "O",
            "O",
            "O",
            "O"
        ]
    },
    {
        "words": [
            "Logic",
            "Basics",
            "9"
        ],
        "labels": [
            "O",
            "O",
            "O"
        ]
    },
    {
        "words": [
            "Valves",
            "(",
            "or",
            "tubes",
            ")",
            "\u2013",
            "more",
            "fun",
            "?",
            "\u25cf",
            "Why",
            "is",
            "a",
            "vacuum",
            "tube",
            "called",
            "like",
            "that",
            "?",
            "\u25cf",
            "They",
            "are",
            "also",
            "called",
            "thermionic",
            "valves",
            "(",
            "or",
            "simply",
            "valves",
            ")",
            "https",
            ":",
            "//en.wikipedia.org/wiki/Vacuum_tube",
            "10"
        ],
        "labels": [
            "O",
            "O",
            "O",
            "O",
            "O",
            "O",
            "O",
            "O",
            "O",
            "O",
            "O",
            "O",
            "O",
            "O",
            "O",
            "O",
            "O",
            "O",
            "O",
            "O",
            "O",
            "O",
            "O",
            "O",
            "O",
            "O",
            "O",
            "O",
            "O",
            "O",
            "O",
            "O",
            "O",
            "O",
            "O"
        ]
    },
    {
        "words": [
            "Transistors",
            "common",
            "\u25cf",
            "a",
            "transistor",
            "is",
            "like",
            "a",
            "little",
            "valve",
            "output",
            "There",
            "are",
            "multiple",
            "input",
            "types",
            "of",
            "transistors",
            "input",
            "output",
            "output",
            "common",
            "common",
            "input",
            "MOSFET",
            "BJT",
            "Can",
            "be",
            "used",
            "many",
            "different",
            "ways",
            "!",
            "11"
        ],
        "labels": [
            "O",
            "O",
            "O",
            "O",
            "O",
            "O",
            "O",
            "O",
            "O",
            "O",
            "O",
            "O",
            "O",
            "O",
            "O",
            "O",
            "O",
            "O",
            "O",
            "O",
            "O",
            "O",
            "O",
            "O",
            "O",
            "O",
            "O",
            "O",
            "O",
            "O",
            "O",
            "O",
            "O",
            "O"
        ]
    },
    {
        "words": [
            "Transistors",
            "\u25cf",
            "The",
            "ones",
            "we",
            "\u2019",
            "ll",
            "focus",
            "on",
            "MOSFET",
            "transistors",
            "o",
            "Metal-Oxide",
            "Semiconductor",
            "Field-Effect",
            "Transistor",
            "The",
            "positive",
            "o",
            "Commonly",
            "used",
            "just",
            "as",
            "switches",
            "(",
            "digital",
            "electronics",
            ")",
            "terminal",
            "(",
            "e.g",
            ".",
            "9V",
            ")",
            "9V",
            "D",
            "D",
            "G",
            "G",
            "S",
            "S",
            "The",
            "negative/ground",
            "0V",
            "terminal",
            "(",
            "0V",
            ")",
            "12"
        ],
        "labels": [
            "O",
            "O",
            "O",
            "O",
            "O",
            "O",
            "O",
            "O",
            "O",
            "O",
            "O",
            "O",
            "O",
            "O",
            "O",
            "O",
            "O",
            "O",
            "O",
            "O",
            "O",
            "O",
            "O",
            "O",
            "O",
            "O",
            "O",
            "O",
            "O",
            "O",
            "O",
            "O",
            "O",
            "O",
            "O",
            "O",
            "O",
            "O",
            "O",
            "O",
            "O",
            "O",
            "O",
            "O",
            "O",
            "O",
            "O",
            "O",
            "O"
        ]
    },
    {
        "words": [
            "Transistors",
            "\u25cf",
            "Used",
            "as",
            "an",
            "electrically",
            "controlled",
            "switch",
            "o",
            "The",
            "input",
            "is",
            "connected",
            "to",
            "G",
            "(",
            "Gate",
            ")",
            "\u25aa",
            "controls",
            "the",
            "switch",
            "state",
            "o",
            "The",
            "output",
            "is",
            "D",
            "(",
            "drain",
            ")",
            "is",
            "connected",
            "to",
            "S",
            "(",
            "source",
            ")",
            "\u25cf",
            "The",
            "voltages",
            "represent",
            "bits",
            "!",
            "(",
            "maybe",
            "9V",
            "=",
            "1",
            ",",
            "0V",
            "=",
            "0",
            ")",
            "D",
            "Input",
            "G",
            "Output",
            "S",
            "13"
        ],
        "labels": [
            "O",
            "O",
            "O",
            "O",
            "O",
            "O",
            "O",
            "O",
            "O",
            "O",
            "O",
            "O",
            "O",
            "O",
            "O",
            "O",
            "O",
            "O",
            "O",
            "O",
            "O",
            "O",
            "O",
            "O",
            "O",
            "O",
            "O",
            "O",
            "O",
            "O",
            "O",
            "O",
            "O",
            "O",
            "O",
            "O",
            "O",
            "O",
            "O",
            "O",
            "O",
            "O",
            "O",
            "O",
            "O",
            "O",
            "O",
            "O",
            "O",
            "O",
            "O",
            "O",
            "O",
            "O",
            "O",
            "O",
            "O",
            "O",
            "O",
            "O"
        ]
    },
    {
        "words": [
            "Transistors",
            "\u25cf",
            "MOSFETs",
            "come",
            "in",
            "two",
            "varieties",
            ":",
            "ON",
            "OFF",
            "ON",
            "OFF",
            "D",
            "S",
            "G",
            "G=1",
            "G=0",
            "G",
            "G=0",
            "G=1",
            "This",
            "means",
            "S",
            "inverted",
            "D",
            "\u201c",
            "N",
            "\u201d",
            "Type",
            "\u201c",
            "P",
            "\u201d",
            "Type",
            "Work",
            "when",
            "connected",
            "to",
            "0",
            "Work",
            "when",
            "connected",
            "to",
            "1",
            "14"
        ],
        "labels": [
            "O",
            "O",
            "O",
            "O",
            "O",
            "O",
            "O",
            "O",
            "O",
            "O",
            "O",
            "O",
            "O",
            "O",
            "O",
            "O",
            "O",
            "O",
            "O",
            "O",
            "O",
            "O",
            "O",
            "O",
            "O",
            "O",
            "O",
            "O",
            "O",
            "O",
            "O",
            "O",
            "O",
            "O",
            "O",
            "O",
            "O",
            "O",
            "O",
            "O",
            "O",
            "O",
            "O",
            "O"
        ]
    },
    {
        "words": [
            "Transistors",
            "\u2013",
            "Overly",
            "simplified",
            "The",
            "current",
            "must",
            "flow",
            "!",
            "!",
            "S",
            "D",
            "01G",
            "0",
            "1G",
            "D",
            "S",
            "\u201c",
            "N",
            "\u201d",
            "Type",
            "\u201c",
            "P",
            "\u201d",
            "Type",
            "15"
        ],
        "labels": [
            "O",
            "O",
            "O",
            "O",
            "O",
            "O",
            "O",
            "O",
            "O",
            "O",
            "O",
            "O",
            "O",
            "O",
            "O",
            "O",
            "O",
            "O",
            "O",
            "O",
            "O",
            "O",
            "O",
            "O",
            "O",
            "O"
        ]
    },
    {
        "words": [
            "Transistors",
            "Now",
            "just",
            "put",
            "3",
            "billion",
            "of",
            "them",
            "together",
            "!",
            "who",
            "said",
            "EE",
            "was",
            "hard",
            "?",
            "16"
        ],
        "labels": [
            "O",
            "O",
            "O",
            "O",
            "O",
            "O",
            "O",
            "O",
            "O",
            "O",
            "O",
            "O",
            "O",
            "O",
            "O",
            "O",
            "O"
        ]
    },
    {
        "words": [
            "Gates",
            "\u25cf",
            "We",
            "can",
            "combine",
            "transistors",
            "in",
            "interesting",
            "ways",
            "to",
            "make",
            "gates",
            "\u25cf",
            "A",
            "gate",
            "implements",
            "one",
            "of",
            "the",
            "basic",
            "boolean",
            "logic",
            "functions",
            "\u25cf",
            "Let",
            "'s",
            "start",
            "with",
            "the",
            "simplest",
            ":",
            "the",
            "NOT",
            "gate",
            "A",
            "is",
            "the",
            "input",
            "Q",
            "is",
            "the",
            "output",
            "A",
            "Q",
            "this",
            "little",
            "bubble",
            "means",
            "``",
            "invert",
            "''",
            "17"
        ],
        "labels": [
            "O",
            "O",
            "O",
            "O",
            "O",
            "O",
            "O",
            "O",
            "O",
            "O",
            "O",
            "O",
            "O",
            "O",
            "O",
            "O",
            "O",
            "O",
            "O",
            "O",
            "O",
            "O",
            "O",
            "O",
            "O",
            "O",
            "O",
            "O",
            "O",
            "O",
            "O",
            "O",
            "O",
            "O",
            "O",
            "O",
            "O",
            "O",
            "O",
            "O",
            "O",
            "O",
            "O",
            "O",
            "O",
            "O",
            "O",
            "O",
            "O",
            "O",
            "O",
            "O"
        ]
    },
    {
        "words": [
            "Time",
            "to",
            "bundle",
            "up",
            "\u25cf",
            "if",
            "we",
            "want",
            "to",
            ",",
            "say",
            ",",
            "NOT",
            "a",
            "32-bit",
            "value",
            ",",
            "we",
            "can",
            "draw",
            "it",
            "like",
            ":",
            "32",
            "32",
            "\u25cf",
            "it",
            "'s",
            "a",
            "lot",
            "nicer",
            "than",
            "drawing",
            "32",
            "wires",
            "with",
            "32",
            "NOT",
            "gates",
            "\u25cf",
            "Logisim",
            "calls",
            "these",
            "wire",
            "bundles",
            "o",
            "it",
            "does",
            "n't",
            "draw",
            "the",
            "slashes",
            "and",
            "numbers",
            "though\u2026",
            "18"
        ],
        "labels": [
            "O",
            "O",
            "O",
            "O",
            "O",
            "O",
            "O",
            "O",
            "O",
            "O",
            "O",
            "O",
            "O",
            "O",
            "O",
            "O",
            "O",
            "O",
            "O",
            "O",
            "O",
            "O",
            "O",
            "O",
            "O",
            "O",
            "O",
            "O",
            "O",
            "O",
            "O",
            "O",
            "O",
            "O",
            "O",
            "O",
            "O",
            "O",
            "O",
            "O",
            "O",
            "O",
            "O",
            "O",
            "O",
            "O",
            "O",
            "O",
            "O",
            "O",
            "O",
            "O",
            "O",
            "O",
            "O",
            "O"
        ]
    },
    {
        "words": [
            "NOT",
            "with",
            "MOSFETs",
            "A=0",
            "A=1",
            "A",
            "Q",
            "\u201c",
            "P",
            "\u201d",
            "Type",
            "A",
            "Q",
            "1",
            "0",
            "A",
            "Q",
            "0",
            "1",
            "1",
            "0",
            "\u201c",
            "N",
            "\u201d",
            "Type",
            "19"
        ],
        "labels": [
            "O",
            "O",
            "O",
            "O",
            "O",
            "O",
            "O",
            "O",
            "O",
            "O",
            "O",
            "O",
            "O",
            "O",
            "O",
            "O",
            "O",
            "O",
            "O",
            "O",
            "O",
            "O",
            "O",
            "O",
            "O",
            "O"
        ]
    },
    {
        "words": [
            "NAND",
            "with",
            "MOSFETs",
            "A",
            "Q",
            "B",
            "A",
            "B",
            "Q",
            "A",
            "B",
            "Q",
            "A",
            "0",
            "0",
            "1",
            "0",
            "1",
            "1",
            "1",
            "0",
            "1",
            "B",
            "1",
            "1",
            "0",
            "20"
        ],
        "labels": [
            "O",
            "O",
            "O",
            "O",
            "O",
            "O",
            "O",
            "O",
            "O",
            "O",
            "O",
            "O",
            "O",
            "O",
            "O",
            "O",
            "O",
            "O",
            "O",
            "O",
            "O",
            "O",
            "O",
            "O",
            "O",
            "O",
            "O"
        ]
    },
    {
        "words": [
            "AND",
            "with",
            "MOSFETs",
            "A",
            "Q",
            "B",
            "A",
            "B",
            "Q",
            "A",
            "B",
            "Q",
            "A",
            "0",
            "0",
            "0",
            "0",
            "1",
            "0",
            "1",
            "0",
            "0",
            "B",
            "1",
            "1",
            "1",
            "21"
        ],
        "labels": [
            "O",
            "O",
            "O",
            "O",
            "O",
            "O",
            "O",
            "O",
            "O",
            "O",
            "O",
            "O",
            "O",
            "O",
            "O",
            "O",
            "O",
            "O",
            "O",
            "O",
            "O",
            "O",
            "O",
            "O",
            "O",
            "O",
            "O"
        ]
    },
    {
        "words": [
            "NOR",
            "with",
            "MOSFETs",
            "A",
            "Q",
            "B",
            "A",
            "B",
            "A",
            "B",
            "Q",
            "Q",
            "0",
            "0",
            "1",
            "0",
            "1",
            "0",
            "A",
            "B",
            "1",
            "0",
            "0",
            "1",
            "1",
            "0",
            "22"
        ],
        "labels": [
            "O",
            "O",
            "O",
            "O",
            "O",
            "O",
            "O",
            "O",
            "O",
            "O",
            "O",
            "O",
            "O",
            "O",
            "O",
            "O",
            "O",
            "O",
            "O",
            "O",
            "O",
            "O",
            "O",
            "O",
            "O",
            "O",
            "O"
        ]
    },
    {
        "words": [
            "OR",
            "with",
            "MOSFETs",
            "A",
            "Q",
            "B",
            "A",
            "B",
            "A",
            "B",
            "Q",
            "Q",
            "0",
            "0",
            "0",
            "0",
            "1",
            "1",
            "A",
            "B",
            "1",
            "0",
            "1",
            "1",
            "1",
            "1",
            "23"
        ],
        "labels": [
            "O",
            "O",
            "O",
            "O",
            "O",
            "O",
            "O",
            "O",
            "O",
            "O",
            "O",
            "O",
            "O",
            "O",
            "O",
            "O",
            "O",
            "O",
            "O",
            "O",
            "O",
            "O",
            "O",
            "O",
            "O",
            "O",
            "O"
        ]
    },
    {
        "words": [
            "AND",
            ",",
            "OR",
            ",",
            "and\u2026",
            "XOR",
            "?",
            "\u25cf",
            "we",
            "know",
            "about",
            "AND",
            "and",
            "OR",
            ",",
            "but",
            "what",
            "'s",
            "XOR",
            "?",
            "A",
            "A",
            "A",
            "Q",
            "Q",
            "Q",
            "B",
            "B",
            "B",
            "AND",
            "gate",
            "OR",
            "gate",
            "XOR",
            "gate",
            "A",
            "B",
            "Q",
            "A",
            "B",
            "Q",
            "A",
            "B",
            "Q",
            "0",
            "0",
            "0",
            "0",
            "0",
            "0",
            "0",
            "0",
            "0",
            "eXclusive",
            "OR",
            "means",
            "``",
            "one",
            "or",
            "0",
            "1",
            "0",
            "0",
            "1",
            "1",
            "0",
            "1",
            "1",
            "the",
            "other",
            ",",
            "but",
            "1",
            "0",
            "0",
            "1",
            "0",
            "1",
            "1",
            "0",
            "1",
            "NOT",
            "BOTH",
            ".",
            "''",
            "1",
            "1",
            "1",
            "1",
            "1",
            "1",
            "1",
            "1",
            "0",
            "AB",
            "A+B",
            "A\u2295B",
            "24"
        ],
        "labels": [
            "O",
            "O",
            "O",
            "O",
            "O",
            "O",
            "O",
            "O",
            "O",
            "O",
            "O",
            "O",
            "O",
            "O",
            "O",
            "O",
            "O",
            "O",
            "O",
            "O",
            "O",
            "O",
            "O",
            "O",
            "O",
            "O",
            "O",
            "O",
            "O",
            "O",
            "O",
            "O",
            "O",
            "O",
            "O",
            "O",
            "O",
            "O",
            "O",
            "O",
            "O",
            "O",
            "O",
            "O",
            "O",
            "O",
            "O",
            "O",
            "O",
            "O",
            "O",
            "O",
            "O",
            "O",
            "O",
            "O",
            "O",
            "O",
            "O",
            "O",
            "O",
            "O",
            "O",
            "O",
            "O",
            "O",
            "O",
            "O",
            "O",
            "O",
            "O",
            "O",
            "O",
            "O",
            "O",
            "O",
            "O",
            "O",
            "O",
            "O",
            "O",
            "O",
            "O",
            "O",
            "O",
            "O",
            "O",
            "O",
            "O",
            "O",
            "O",
            "O",
            "O",
            "O",
            "O",
            "O",
            "O",
            "O"
        ]
    },
    {
        "words": [
            "AND",
            "(",
            "multiple",
            "inputs",
            ")",
            "\u25cf",
            "If",
            "you",
            "have",
            "more",
            "than",
            "2",
            "inputs\u2026",
            "A",
            "B",
            "C",
            "Q",
            "you",
            "can",
            "just",
            "concatenate",
            ":",
            "0",
            "0",
            "0",
            "0",
            "1",
            "0",
            "0",
            "0",
            "A",
            "Q",
            "\u2019",
            "Q",
            "\u2019",
            "0",
            "1",
            "0",
            "0",
            "B",
            "Q",
            "C",
            "1",
            "1",
            "0",
            "0",
            "AND",
            "gate",
            "AND",
            "gate",
            "0",
            "0",
            "1",
            "0",
            "1",
            "0",
            "1",
            "0",
            "0",
            "1",
            "1",
            "0",
            "1",
            "1",
            "1",
            "1",
            "25"
        ],
        "labels": [
            "O",
            "O",
            "O",
            "O",
            "O",
            "O",
            "O",
            "O",
            "O",
            "O",
            "O",
            "O",
            "O",
            "O",
            "O",
            "O",
            "O",
            "O",
            "O",
            "O",
            "O",
            "O",
            "O",
            "O",
            "O",
            "O",
            "O",
            "O",
            "O",
            "O",
            "O",
            "O",
            "O",
            "O",
            "O",
            "O",
            "O",
            "O",
            "O",
            "O",
            "O",
            "O",
            "O",
            "O",
            "O",
            "O",
            "O",
            "O",
            "O",
            "O",
            "O",
            "O",
            "O",
            "O",
            "O",
            "O",
            "O",
            "O",
            "O",
            "O",
            "O",
            "O",
            "O",
            "O",
            "O",
            "O",
            "O"
        ]
    },
    {
        "words": [
            "AND",
            "and/or",
            "OR",
            "\u25cf",
            "Combining",
            "logic",
            "is",
            "just",
            "a",
            "matter",
            "of",
            "combining",
            "logic",
            "gates",
            ":",
            "A",
            "B",
            "C",
            "Q",
            "0",
            "0",
            "0",
            "0",
            "\u25cf",
            "Look",
            "at",
            "the",
            "truth",
            "entries",
            "on",
            "the",
            "truth-table",
            "o",
            "when",
            "Q",
            "is",
            "\u201c",
            "1",
            "\u201d",
            "1",
            "0",
            "0",
            "0",
            "\u25cf",
            "AND",
            "each",
            "entry",
            "variable",
            "\u25cf",
            "Then",
            ",",
            "OR",
            "each",
            "entry",
            ":",
            "0",
            "1",
            "0",
            "1",
            "ABC",
            "+",
            "ABC",
            "1",
            "1",
            "0",
            "0",
            "\u25cf",
            "In",
            "English",
            ":",
            "0",
            "0",
            "1",
            "0",
            "It",
            "\u2019",
            "s",
            "truth",
            "when",
            "\u201c",
            "A",
            "is",
            "false",
            "\u201d",
            "and",
            "\u201c",
            "B",
            "is",
            "true",
            "\u201d",
            "and",
            "\u201c",
            "C",
            "is",
            "false",
            "\u201d",
            "1",
            "0",
            "1",
            "0",
            "OR",
            "0",
            "1",
            "1",
            "1",
            "\u201c",
            "A",
            "is",
            "false",
            "\u201d",
            "and",
            "\u201c",
            "B",
            "is",
            "true",
            "\u201d",
            "and",
            "\u201c",
            "C",
            "is",
            "true",
            "\u201d",
            "1",
            "1",
            "1",
            "0",
            "26"
        ],
        "labels": [
            "O",
            "O",
            "O",
            "O",
            "O",
            "O",
            "O",
            "O",
            "O",
            "O",
            "O",
            "O",
            "O",
            "O",
            "O",
            "O",
            "O",
            "O",
            "O",
            "O",
            "O",
            "O",
            "O",
            "O",
            "O",
            "O",
            "O",
            "O",
            "O",
            "O",
            "O",
            "O",
            "O",
            "O",
            "O",
            "O",
            "O",
            "O",
            "O",
            "O",
            "O",
            "O",
            "O",
            "O",
            "O",
            "O",
            "O",
            "O",
            "O",
            "O",
            "O",
            "O",
            "O",
            "O",
            "O",
            "O",
            "O",
            "O",
            "O",
            "O",
            "O",
            "O",
            "O",
            "O",
            "O",
            "O",
            "O",
            "O",
            "O",
            "O",
            "O",
            "O",
            "O",
            "O",
            "O",
            "O",
            "O",
            "O",
            "O",
            "O",
            "O",
            "O",
            "O",
            "O",
            "O",
            "O",
            "O",
            "O",
            "O",
            "O",
            "O",
            "O",
            "O",
            "O",
            "O",
            "O",
            "O",
            "O",
            "O",
            "O",
            "O",
            "O",
            "O",
            "O",
            "O",
            "O",
            "O",
            "O",
            "O",
            "O",
            "O",
            "O",
            "O",
            "O",
            "O",
            "O",
            "O",
            "O",
            "O",
            "O",
            "O",
            "O",
            "O",
            "O",
            "O",
            "O",
            "O"
        ]
    },
    {
        "words": [
            "AND",
            "and/or",
            "OR",
            "ABC",
            "+",
            "ABC",
            "A",
            "B",
            "C",
            "Q",
            "0",
            "0",
            "0",
            "0",
            "A",
            "1",
            "0",
            "0",
            "0",
            "0",
            "1",
            "0",
            "1",
            "Q",
            "1",
            "1",
            "0",
            "0",
            "B",
            "0",
            "0",
            "1",
            "0",
            "1",
            "0",
            "1",
            "0",
            "C",
            "0",
            "1",
            "1",
            "1",
            "1",
            "1",
            "1",
            "0",
            "27"
        ],
        "labels": [
            "O",
            "O",
            "O",
            "O",
            "O",
            "O",
            "O",
            "O",
            "O",
            "O",
            "O",
            "O",
            "O",
            "O",
            "O",
            "O",
            "O",
            "O",
            "O",
            "O",
            "O",
            "O",
            "O",
            "O",
            "O",
            "O",
            "O",
            "O",
            "O",
            "O",
            "O",
            "O",
            "O",
            "O",
            "O",
            "O",
            "O",
            "O",
            "O",
            "O",
            "O",
            "O",
            "O",
            "O",
            "O",
            "O",
            "O"
        ]
    },
    {
        "words": [
            "If",
            "you",
            "give",
            "an",
            "electrical",
            "engineer",
            "a",
            "NAND",
            "gate\u2026",
            "\u25cf",
            "if",
            "you",
            "stick",
            "a",
            "NOT",
            "gate",
            "after",
            "an",
            "AND",
            "gate",
            ",",
            "you",
            "get",
            "a",
            "NAND",
            "gate",
            "\u25cf",
            "this",
            "kind",
            "of",
            "gate",
            "has",
            "a",
            "cool",
            "property",
            ":",
            "it",
            "'s",
            "universal",
            "o",
            "in",
            "other",
            "words",
            ",",
            "you",
            "can",
            "build",
            "an",
            "entire",
            "computer",
            "with",
            "NANDs",
            "\u25cf",
            "but",
            "this",
            "is",
            "n't",
            "how",
            "real",
            "circuits",
            "are",
            "designed",
            ",",
            "at",
            "least",
            "anymore",
            "\u25cf",
            "digital",
            "logic",
            "courses",
            "use",
            "them",
            "cause",
            "NAND",
            "gate",
            "chips",
            "are",
            "cheap",
            "\u25cf",
            "but",
            "in",
            "Logisim",
            ",",
            "we",
            "have",
            "infinite",
            "gates",
            "for",
            "free",
            ":",
            "D",
            "\u25cf",
            "use",
            "the",
            "kind",
            "of",
            "gate",
            "you",
            "need",
            "for",
            "the",
            "situation",
            "at",
            "hand",
            "28"
        ],
        "labels": [
            "O",
            "O",
            "O",
            "O",
            "O",
            "O",
            "O",
            "O",
            "O",
            "O",
            "O",
            "O",
            "O",
            "O",
            "O",
            "O",
            "O",
            "O",
            "O",
            "O",
            "O",
            "O",
            "O",
            "O",
            "O",
            "O",
            "O",
            "O",
            "O",
            "O",
            "O",
            "O",
            "O",
            "O",
            "O",
            "O",
            "O",
            "O",
            "O",
            "O",
            "O",
            "O",
            "O",
            "O",
            "O",
            "O",
            "O",
            "O",
            "O",
            "O",
            "O",
            "O",
            "O",
            "O",
            "O",
            "O",
            "O",
            "O",
            "O",
            "O",
            "O",
            "O",
            "O",
            "O",
            "O",
            "O",
            "O",
            "O",
            "O",
            "O",
            "O",
            "O",
            "O",
            "O",
            "O",
            "O",
            "O",
            "O",
            "O",
            "O",
            "O",
            "O",
            "O",
            "O",
            "O",
            "O",
            "O",
            "O",
            "O",
            "O",
            "O",
            "O",
            "O",
            "O",
            "O",
            "O",
            "O",
            "O",
            "O",
            "O",
            "O",
            "O",
            "O",
            "O",
            "O"
        ]
    }
]