[
    {
        "words": [
            "#",
            "D",
            "CS",
            "0447",
            "Introduction",
            "to",
            "Computer",
            "Programming",
            "Adding",
            "circuits",
            "and",
            "Plexers",
            "Lu\u00eds",
            "Oliveira",
            "Original",
            "slides",
            "by",
            ":",
            "Jarrett",
            "Billingsley",
            "Modified",
            "with",
            "bits",
            "from",
            ":",
            "Bruce",
            "Childers",
            ",",
            "David",
            "Wilkinson",
            "Fall",
            "2020"
        ],
        "labels": [
            "O",
            "O",
            "O",
            "O",
            "O",
            "O",
            "O",
            "O",
            "O",
            "O",
            "O",
            "O",
            "O",
            "O",
            "O",
            "O",
            "O",
            "O",
            "O",
            "O",
            "O",
            "O",
            "O",
            "O",
            "O",
            "O",
            "O",
            "O",
            "O",
            "O",
            "O",
            "O"
        ]
    },
    {
        "words": [
            "Class",
            "announcements",
            "\u25cf",
            "none",
            "2"
        ],
        "labels": [
            "O",
            "O",
            "O",
            "O",
            "O"
        ]
    },
    {
        "words": [
            "Can",
            "I",
            "add",
            "with",
            "transistors",
            "?",
            "3"
        ],
        "labels": [
            "O",
            "O",
            "O",
            "O",
            "O",
            "O",
            "O"
        ]
    },
    {
        "words": [
            "Solving",
            "a",
            "problem",
            "\u25cf",
            "Let",
            "\u2019",
            "s",
            "say",
            "we",
            "want",
            "to",
            "create",
            "a",
            "circuit",
            "to",
            "add",
            "two",
            "bits",
            ".",
            "o",
            "How",
            "do",
            "we",
            "do",
            "that",
            "?",
            "\u25cf",
            "In",
            "3",
            "very",
            "simple",
            "steps",
            ":",
            "o",
            "Create",
            "a",
            "truth",
            "table",
            "that",
            "accurately",
            "represents",
            "the",
            "problem",
            "o",
            "Interpret",
            "the",
            "truth",
            "table",
            "into",
            "a",
            "logic",
            "function",
            "o",
            "Translate",
            "the",
            "function",
            "into",
            "a",
            "circuit",
            "4"
        ],
        "labels": [
            "O",
            "O",
            "O",
            "O",
            "O",
            "O",
            "O",
            "O",
            "O",
            "O",
            "O",
            "O",
            "O",
            "O",
            "O",
            "O",
            "O",
            "O",
            "O",
            "O",
            "O",
            "O",
            "O",
            "O",
            "O",
            "O",
            "O",
            "O",
            "O",
            "O",
            "O",
            "O",
            "O",
            "O",
            "O",
            "O",
            "O",
            "O",
            "O",
            "O",
            "O",
            "O",
            "O",
            "O",
            "O",
            "O",
            "O",
            "O",
            "O",
            "O",
            "O",
            "O",
            "O",
            "O",
            "O",
            "O",
            "O",
            "O",
            "O",
            "O"
        ]
    },
    {
        "words": [
            "The",
            "Tables",
            "of",
            "Truth",
            "\u25cf",
            "let",
            "'s",
            "try",
            "to",
            "come",
            "up",
            "with",
            "a",
            "truth",
            "table",
            "for",
            "adding",
            "two",
            "bits",
            "\u25cf",
            "each",
            "column",
            "will",
            "hold",
            "1",
            "bit",
            "let",
            "'s",
            "name",
            "the",
            "outputs",
            "C",
            "and",
            "S",
            ",",
            "let",
            "'s",
            "name",
            "the",
            "inputs",
            "A",
            "and",
            "B",
            "A",
            "B",
            "C",
            "S",
            "for",
            "Carry",
            "and",
            "Sum",
            "now",
            "let",
            "'s",
            "fill",
            "in",
            "the",
            "0",
            "0",
            "0",
            "0",
            "output",
            "values",
            "for",
            "the",
            "input",
            "values",
            ",",
            "0",
            "1",
            "0",
            "1",
            "hey",
            ",",
            "this",
            "C",
            "column",
            "we",
            "count",
            "up",
            "in",
            "looks",
            "familiar\u2026",
            "so",
            "binary",
            "1",
            "0",
            "0",
            "1",
            "does",
            "the",
            "S",
            "column",
            "great",
            "!",
            "But",
            "1",
            "1",
            "1",
            "0",
            "this",
            "is",
            "wrong",
            ".",
            "5"
        ],
        "labels": [
            "O",
            "O",
            "O",
            "O",
            "O",
            "O",
            "O",
            "O",
            "O",
            "O",
            "O",
            "O",
            "O",
            "O",
            "O",
            "O",
            "O",
            "O",
            "O",
            "O",
            "O",
            "O",
            "O",
            "O",
            "O",
            "O",
            "O",
            "O",
            "O",
            "O",
            "O",
            "O",
            "O",
            "O",
            "O",
            "O",
            "O",
            "O",
            "O",
            "O",
            "O",
            "O",
            "O",
            "O",
            "O",
            "O",
            "O",
            "O",
            "O",
            "O",
            "O",
            "O",
            "O",
            "O",
            "O",
            "O",
            "O",
            "O",
            "O",
            "O",
            "O",
            "O",
            "O",
            "O",
            "O",
            "O",
            "O",
            "O",
            "O",
            "O",
            "O",
            "O",
            "O",
            "O",
            "O",
            "O",
            "O",
            "O",
            "O",
            "O",
            "O",
            "O",
            "O",
            "O",
            "O",
            "O",
            "O",
            "O",
            "O",
            "O",
            "O",
            "O",
            "O",
            "O",
            "O",
            "O",
            "O",
            "O",
            "O",
            "O",
            "O",
            "O",
            "O",
            "O",
            "O"
        ]
    },
    {
        "words": [
            "Half-truth",
            "tables",
            "\u25cf",
            "what",
            "we",
            "just",
            "made",
            "was",
            "a",
            "half-adder",
            "Ci",
            "A",
            "B",
            "Co",
            "S",
            "\u25cf",
            "it",
            "has",
            "a",
            "carry",
            "output",
            "but",
            "not",
            "a",
            "carry",
            "input",
            "o",
            "(",
            "which",
            "might",
            "be",
            "useful",
            "for",
            "the",
            "lowest",
            "bit",
            ")",
            "0",
            "0",
            "0",
            "0",
            "0",
            "\u25cf",
            "to",
            "make",
            "a",
            "full",
            "adder",
            ",",
            "we",
            "need",
            "3",
            "input",
            "bits",
            "0",
            "0",
            "1",
            "0",
            "1",
            "Co",
            "C",
            "i",
            "0",
            "1",
            "0",
            "0",
            "1",
            "00111",
            "110",
            "0",
            "1",
            "1",
            "1",
            "0",
            "1011",
            "A",
            "0010",
            "1",
            "0",
            "0",
            "0",
            "1",
            "+0010",
            "B",
            "1111",
            "1",
            "0",
            "1",
            "1",
            "0",
            "1110",
            "0001",
            "S",
            "1",
            "1",
            "0",
            "1",
            "0",
            "1",
            "1",
            "1",
            "1",
            "1",
            "6"
        ],
        "labels": [
            "O",
            "O",
            "O",
            "O",
            "O",
            "O",
            "O",
            "O",
            "O",
            "O",
            "O",
            "O",
            "O",
            "O",
            "O",
            "O",
            "O",
            "O",
            "O",
            "O",
            "O",
            "O",
            "O",
            "O",
            "O",
            "O",
            "O",
            "O",
            "O",
            "O",
            "O",
            "O",
            "O",
            "O",
            "O",
            "O",
            "O",
            "O",
            "O",
            "O",
            "O",
            "O",
            "O",
            "O",
            "O",
            "O",
            "O",
            "O",
            "O",
            "O",
            "O",
            "O",
            "O",
            "O",
            "O",
            "O",
            "O",
            "O",
            "O",
            "O",
            "O",
            "O",
            "O",
            "O",
            "O",
            "O",
            "O",
            "O",
            "O",
            "O",
            "O",
            "O",
            "O",
            "O",
            "O",
            "O",
            "O",
            "O",
            "O",
            "O",
            "O",
            "O",
            "O",
            "O",
            "O",
            "O",
            "O",
            "O",
            "O",
            "O",
            "O",
            "O",
            "O",
            "O",
            "O",
            "O",
            "O",
            "O",
            "O",
            "O",
            "O",
            "O",
            "O",
            "O"
        ]
    },
    {
        "words": [
            "The",
            "logic",
            "of",
            "it",
            "all",
            "\u25cf",
            "it",
            "looks",
            "a",
            "little",
            "messy",
            ",",
            "but",
            "it",
            "kinda",
            "makes",
            "Ci",
            "A",
            "B",
            "Co",
            "S",
            "sense",
            "if",
            "you",
            "think",
            "of",
            "it",
            "like",
            "this",
            ":",
            "o",
            "it",
            "counts",
            "how",
            "many",
            "input",
            "bits",
            "are",
            "``",
            "1",
            "''",
            "0",
            "0",
            "0",
            "0",
            "0",
            "o",
            "Co",
            "and",
            "S",
            "are",
            "a",
            "2-bit",
            "number",
            "!",
            "\u25cf",
            "if",
            "we",
            "look",
            "at",
            "the",
            "outputs",
            "in",
            "isolation",
            ":",
            "0",
            "0",
            "1",
            "0",
            "1",
            "o",
            "S",
            "is",
            "1",
            "if",
            "we",
            "have",
            "an",
            "odd",
            "number",
            "of",
            "``",
            "1s",
            "''",
            "0",
            "1",
            "0",
            "0",
            "1",
            "o",
            "Co",
            "is",
            "1",
            "if",
            "we",
            "have",
            "2",
            "or",
            "3",
            "``",
            "1s",
            "''",
            "\u25cf",
            "it",
            "'s",
            "a",
            "little",
            "weird",
            ",",
            "but",
            "we",
            "can",
            "build",
            "this",
            "out",
            "of",
            "0",
            "1",
            "1",
            "1",
            "0",
            "AND",
            ",",
            "OR",
            ",",
            "and",
            "XOR",
            "gates",
            "1",
            "0",
            "0",
            "0",
            "1",
            "1",
            "0",
            "1",
            "1",
            "0",
            "1",
            "1",
            "0",
            "1",
            "0",
            "1",
            "1",
            "1",
            "1",
            "1",
            "7"
        ],
        "labels": [
            "O",
            "O",
            "O",
            "O",
            "O",
            "O",
            "O",
            "O",
            "O",
            "O",
            "O",
            "O",
            "O",
            "O",
            "O",
            "O",
            "O",
            "O",
            "O",
            "O",
            "O",
            "O",
            "O",
            "O",
            "O",
            "O",
            "O",
            "O",
            "O",
            "O",
            "O",
            "O",
            "O",
            "O",
            "O",
            "O",
            "O",
            "O",
            "O",
            "O",
            "O",
            "O",
            "O",
            "O",
            "O",
            "O",
            "O",
            "O",
            "O",
            "O",
            "O",
            "O",
            "O",
            "O",
            "O",
            "O",
            "O",
            "O",
            "O",
            "O",
            "O",
            "O",
            "O",
            "O",
            "O",
            "O",
            "O",
            "O",
            "O",
            "O",
            "O",
            "O",
            "O",
            "O",
            "O",
            "O",
            "O",
            "O",
            "O",
            "O",
            "O",
            "O",
            "O",
            "O",
            "O",
            "O",
            "O",
            "O",
            "O",
            "O",
            "O",
            "O",
            "O",
            "O",
            "O",
            "O",
            "O",
            "O",
            "O",
            "O",
            "O",
            "O",
            "O",
            "O",
            "O",
            "O",
            "O",
            "O",
            "O",
            "O",
            "O",
            "O",
            "O",
            "O",
            "O",
            "O",
            "O",
            "O",
            "O",
            "O",
            "O",
            "O",
            "O",
            "O",
            "O",
            "O",
            "O",
            "O",
            "O",
            "O",
            "O",
            "O",
            "O",
            "O",
            "O",
            "O",
            "O",
            "O",
            "O",
            "O",
            "O",
            "O",
            "O",
            "O",
            "O",
            "O",
            "O",
            "O",
            "O"
        ]
    },
    {
        "words": [
            "Let",
            "\u2019",
            "s",
            "build",
            "the",
            "adder",
            "Co",
            "circuit",
            "A",
            "B",
            "Ci",
            "Co",
            "S",
            "\ud835\udc02\ud835\udc28\ud835\udc2e\ud835\udc2d",
            "=",
            "\ud835\udc00",
            "\u0d25",
            "\ud835\udc01\ud835\udc02\ud835\udc22\ud835\udc27",
            "+",
            "\ud835\udc00\ud835\udc69",
            "\u0d25",
            "\ud835\udc02\ud835\udc22\ud835\udc27",
            "+",
            "\ud835\udc00\ud835\udc01\ud835\udc02\ud835\udc22\ud835\udc27",
            "+",
            "\ud835\udc00\ud835\udc01\ud835\udc02\ud835\udc22\ud835\udc27",
            "0",
            "0",
            "0",
            "0",
            "0",
            "0",
            "0",
            "1",
            "0",
            "1",
            "0",
            "1",
            "0",
            "0",
            "1",
            "0",
            "1",
            "1",
            "1",
            "0",
            "\ud835\udc00\u0d25",
            "\ud835\udc01\ud835\udc02\ud835\udc22\ud835\udc27",
            "1",
            "0",
            "0",
            "0",
            "1",
            "1",
            "0",
            "1",
            "1",
            "0",
            "\ud835\udc00\ud835\udc69\u0d25",
            "\ud835\udc02\ud835\udc22\ud835\udc27",
            "1",
            "1",
            "0",
            "1",
            "0",
            "\ud835\udc00\ud835\udc01\ud835\udc02\ud835\udc22\ud835\udc27",
            "1",
            "1",
            "1",
            "1",
            "1",
            "\ud835\udc00\ud835\udc01\ud835\udc02\ud835\udc22\ud835\udc27",
            "8"
        ],
        "labels": [
            "O",
            "O",
            "O",
            "O",
            "O",
            "O",
            "O",
            "O",
            "O",
            "O",
            "O",
            "O",
            "O",
            "O",
            "O",
            "O",
            "O",
            "O",
            "O",
            "O",
            "O",
            "O",
            "O",
            "O",
            "O",
            "O",
            "O",
            "O",
            "O",
            "O",
            "O",
            "O",
            "O",
            "O",
            "O",
            "O",
            "O",
            "O",
            "O",
            "O",
            "O",
            "O",
            "O",
            "O",
            "O",
            "O",
            "O",
            "O",
            "O",
            "O",
            "O",
            "O",
            "O",
            "O",
            "O",
            "O",
            "O",
            "O",
            "O",
            "O",
            "O",
            "O",
            "O",
            "O",
            "O",
            "O",
            "O",
            "O",
            "O",
            "O",
            "O",
            "O",
            "O"
        ]
    },
    {
        "words": [
            "Sweeping",
            "that",
            "under",
            "the",
            "rug\u2026",
            "\u25cf",
            "in",
            "programming",
            ",",
            "we",
            "use",
            "functions",
            "to",
            "be",
            "able",
            "to",
            "reuse",
            "code",
            "\u25cf",
            "in",
            "hardware",
            ",",
            "we",
            "can",
            "group",
            "gates",
            "into",
            "a",
            "component",
            "\u25cf",
            "here",
            "'s",
            "the",
            "symbol",
            "for",
            "a",
            "one-bit",
            "full",
            "adder",
            "Co",
            "the",
            "outputs",
            "are",
            "like",
            "return",
            "values",
            "A",
            "B",
            "+",
            "S",
            "now",
            "we",
            "do",
            "n't",
            "have",
            "to",
            "care",
            "how",
            "the",
            "inputs",
            "are",
            "Ci",
            "it",
            "adds",
            ",",
            "just",
            "that",
            "it",
            "does",
            "like",
            "arguments",
            "9"
        ],
        "labels": [
            "O",
            "O",
            "O",
            "O",
            "O",
            "O",
            "O",
            "O",
            "O",
            "O",
            "O",
            "O",
            "O",
            "O",
            "O",
            "O",
            "O",
            "O",
            "O",
            "O",
            "O",
            "O",
            "O",
            "O",
            "O",
            "O",
            "O",
            "O",
            "O",
            "O",
            "O",
            "O",
            "O",
            "O",
            "O",
            "O",
            "O",
            "O",
            "O",
            "O",
            "O",
            "O",
            "O",
            "O",
            "O",
            "O",
            "O",
            "O",
            "O",
            "O",
            "O",
            "O",
            "O",
            "O",
            "O",
            "O",
            "O",
            "O",
            "O",
            "O",
            "O",
            "O",
            "O",
            "O",
            "O",
            "O",
            "O",
            "O",
            "O",
            "O",
            "O",
            "O"
        ]
    },
    {
        "words": [
            "Adding",
            "longer",
            "numbers",
            "10"
        ],
        "labels": [
            "O",
            "O",
            "O",
            "O"
        ]
    },
    {
        "words": [
            "Where",
            "do",
            "the",
            "carries",
            "go",
            "?",
            "\u25cf",
            "when",
            "you",
            "add",
            "one",
            "place",
            ",",
            "you",
            "might",
            "get",
            "a",
            "carry",
            "out",
            "\u25cf",
            "that",
            "becomes",
            "the",
            "carry",
            "in",
            "for",
            "the",
            "next",
            "higher",
            "place",
            "Bit",
            "Bucket",
            "..",
            "?",
            "1",
            "0",
            "1",
            "1",
            "0",
            "0",
            "1",
            "0",
            "+0",
            "0",
            "1",
            "0",
            "1",
            "1",
            "1",
            "1",
            "11"
        ],
        "labels": [
            "O",
            "O",
            "O",
            "O",
            "O",
            "O",
            "O",
            "O",
            "O",
            "O",
            "O",
            "O",
            "O",
            "O",
            "O",
            "O",
            "O",
            "O",
            "O",
            "O",
            "O",
            "O",
            "O",
            "O",
            "O",
            "O",
            "O",
            "O",
            "O",
            "O",
            "O",
            "O",
            "O",
            "O",
            "O",
            "O",
            "O",
            "O",
            "O",
            "O",
            "O",
            "O",
            "O",
            "O",
            "O",
            "O",
            "O",
            "O",
            "O",
            "O",
            "O"
        ]
    },
    {
        "words": [
            "Ripple",
            "Carry",
            "Adder",
            "\u25cf",
            "if",
            "we",
            "want",
            "to",
            "add",
            "two",
            "three-bit",
            "numbers",
            ",",
            "we",
            "'ll",
            "+",
            "need",
            "three",
            "one-bit",
            "adders",
            "A2",
            "S2",
            "\u25cf",
            "we",
            "chain",
            "the",
            "carries",
            "from",
            "each",
            "place",
            "to",
            "the",
            "next",
            "B2",
            "higher",
            "place",
            ",",
            "like",
            "we",
            "do",
            "on",
            "paper",
            "\u25cf",
            "we",
            "have",
            "to",
            "split",
            "the",
            "numbers",
            "up",
            "like",
            "so",
            ":",
            "+",
            "A1",
            "S1",
            "A2",
            "A1",
            "A",
            "0",
            "B1",
            "+",
            "B2",
            "B1",
            "B0",
            "+",
            "A0",
            "S0",
            "B0",
            "S2",
            "S1",
            "S0",
            "12"
        ],
        "labels": [
            "O",
            "O",
            "O",
            "O",
            "O",
            "O",
            "O",
            "O",
            "O",
            "O",
            "O",
            "O",
            "O",
            "O",
            "O",
            "O",
            "O",
            "O",
            "O",
            "O",
            "O",
            "O",
            "O",
            "O",
            "O",
            "O",
            "O",
            "O",
            "O",
            "O",
            "O",
            "O",
            "O",
            "O",
            "O",
            "O",
            "O",
            "O",
            "O",
            "O",
            "O",
            "O",
            "O",
            "O",
            "O",
            "O",
            "O",
            "O",
            "O",
            "O",
            "O",
            "O",
            "O",
            "O",
            "O",
            "O",
            "O",
            "O",
            "O",
            "O",
            "O",
            "O",
            "O",
            "O",
            "O",
            "O",
            "O",
            "O",
            "O",
            "O",
            "O",
            "O",
            "O"
        ]
    },
    {
        "words": [
            "Flip",
            "side",
            "\u25cf",
            "We",
            "could",
            "come",
            "up",
            "with",
            "a",
            "separate",
            "subtraction",
            "circuit",
            ",",
            "but\u2026",
            "\u25cf",
            "Since",
            "algebra",
            "tells",
            "us",
            "that",
            "x",
            "-",
            "y",
            "=",
            "x",
            "+",
            "(",
            "-y",
            ")",
            "o",
            "Negation",
            "meaning",
            "flip",
            "the",
            "bits",
            "and",
            "add",
            "1",
            "+",
            "\u25cf",
            "Flipping",
            "the",
            "bits",
            "uses",
            "NOT",
            "gates",
            "A1",
            "S1",
            "\u25cf",
            "How",
            "do",
            "we",
            "add",
            "1",
            "without",
            "any",
            "extra",
            "circuitry",
            "?",
            "~B1",
            "o",
            "we",
            "use",
            "a",
            "full",
            "adder",
            "for",
            "the",
            "LSB",
            ",",
            "and",
            "when",
            "we",
            "'re",
            "subtracting",
            ",",
            "set",
            "the",
            "``",
            "carry",
            "in",
            "''",
            "to",
            "1",
            "+",
            "A0",
            "S0",
            "~B0",
            "1",
            "13"
        ],
        "labels": [
            "O",
            "O",
            "O",
            "O",
            "O",
            "O",
            "O",
            "O",
            "O",
            "O",
            "O",
            "O",
            "O",
            "O",
            "O",
            "O",
            "O",
            "O",
            "O",
            "O",
            "O",
            "O",
            "O",
            "O",
            "O",
            "O",
            "O",
            "O",
            "O",
            "O",
            "O",
            "O",
            "O",
            "O",
            "O",
            "O",
            "O",
            "O",
            "O",
            "O",
            "O",
            "O",
            "O",
            "O",
            "O",
            "O",
            "O",
            "O",
            "O",
            "O",
            "O",
            "O",
            "O",
            "O",
            "O",
            "O",
            "O",
            "O",
            "O",
            "O",
            "O",
            "O",
            "O",
            "O",
            "O",
            "O",
            "O",
            "O",
            "O",
            "O",
            "O",
            "O",
            "O",
            "O",
            "O",
            "O",
            "O",
            "O",
            "O",
            "O",
            "O",
            "O",
            "O",
            "O",
            "O",
            "O",
            "O",
            "O",
            "O",
            "O"
        ]
    },
    {
        "words": [
            "What",
            "makes",
            "a",
            "good",
            "word",
            "size",
            "?",
            "\u25cf",
            "can",
            "you",
            "think",
            "of",
            "an",
            "example",
            "of\u2026",
            "o",
            "100",
            "of",
            "something",
            "?",
            "o",
            "a",
            "million",
            "of",
            "something",
            "?",
            "One",
            "thousand",
            "million",
            "?",
            "o",
            "One",
            "billion",
            "?",
            "more",
            "?",
            "\u25cf",
            "28",
            "=",
            "256",
            ",",
            "216",
            "\u2245",
            "65,000",
            ",",
            "232",
            "\u2245",
            "4000",
            "million",
            ",",
            "264",
            "\u2245",
            "lots-of-a-lot",
            "\u25cf",
            "for",
            "a",
            "given",
            "word",
            "size",
            ",",
            "all",
            "the",
            "circuitry",
            "has",
            "to",
            "be",
            "built",
            "to",
            "support",
            "it",
            "o",
            "64",
            "1-bit",
            "adders",
            "o",
            "128",
            "wires",
            "going",
            "in",
            "o",
            "64",
            "wires",
            "coming",
            "out",
            "14"
        ],
        "labels": [
            "O",
            "O",
            "O",
            "O",
            "O",
            "O",
            "O",
            "O",
            "O",
            "O",
            "O",
            "O",
            "O",
            "O",
            "O",
            "O",
            "O",
            "O",
            "O",
            "O",
            "O",
            "O",
            "O",
            "O",
            "O",
            "O",
            "O",
            "O",
            "O",
            "O",
            "O",
            "O",
            "O",
            "O",
            "O",
            "O",
            "O",
            "O",
            "O",
            "O",
            "O",
            "O",
            "O",
            "O",
            "O",
            "O",
            "O",
            "O",
            "O",
            "O",
            "O",
            "O",
            "O",
            "O",
            "O",
            "O",
            "O",
            "O",
            "O",
            "O",
            "O",
            "O",
            "O",
            "O",
            "O",
            "O",
            "O",
            "O",
            "O",
            "O",
            "O",
            "O",
            "O",
            "O",
            "O",
            "O",
            "O",
            "O",
            "O",
            "O",
            "O",
            "O",
            "O",
            "O",
            "O"
        ]
    },
    {
        "words": [
            "Gate",
            "Delay",
            "\u25cf",
            "electrical",
            "signals",
            "ca",
            "n't",
            "move",
            "infinitely",
            "fast",
            "\u25cf",
            "transistors",
            "ca",
            "n't",
            "turn",
            "on",
            "and",
            "off",
            "infinitely",
            "fast",
            "\u25cf",
            "since",
            "each",
            "digit",
            "must",
            "wait",
            "for",
            "the",
            "next",
            "smaller",
            "digit",
            "to",
            "compute",
            "its",
            "carry\u2026",
            "o",
            "ripple",
            "carry",
            "is",
            "linear",
            "in",
            "the",
            "number",
            "of",
            "digits",
            "\u25cf",
            "this",
            "is",
            "a",
            "diagram",
            "of",
            "how",
            "the",
            "outputs",
            "of",
            "a",
            "16-bit",
            "ripple",
            "carry",
            "adder",
            "change",
            "over",
            "time",
            "o",
            "it",
            "'s",
            "measured",
            "in",
            "picoseconds",
            "!",
            "so",
            "~100ps",
            "total",
            "\u25cf",
            "but",
            "if",
            "we",
            "went",
            "to",
            "32",
            "bits",
            ",",
            "it",
            "'d",
            "take",
            "200ps",
            "o",
            "and",
            "64",
            "bits",
            ",",
            "400ps",
            "...",
            "\u25cf",
            "there",
            "are",
            "more",
            "efficient",
            "ways",
            "of",
            "adding",
            "(",
            "courtesy",
            "of",
            "Kate",
            "Temkin",
            ")",
            "15"
        ],
        "labels": [
            "O",
            "O",
            "O",
            "O",
            "O",
            "O",
            "O",
            "O",
            "O",
            "O",
            "O",
            "O",
            "O",
            "O",
            "O",
            "O",
            "O",
            "O",
            "O",
            "O",
            "O",
            "O",
            "O",
            "O",
            "O",
            "O",
            "O",
            "O",
            "O",
            "O",
            "O",
            "O",
            "O",
            "O",
            "O",
            "O",
            "O",
            "O",
            "O",
            "O",
            "O",
            "O",
            "O",
            "O",
            "O",
            "O",
            "O",
            "O",
            "O",
            "O",
            "O",
            "O",
            "O",
            "O",
            "O",
            "O",
            "O",
            "O",
            "O",
            "O",
            "O",
            "O",
            "O",
            "O",
            "O",
            "O",
            "O",
            "O",
            "O",
            "O",
            "O",
            "O",
            "O",
            "O",
            "O",
            "O",
            "O",
            "O",
            "O",
            "O",
            "O",
            "O",
            "O",
            "O",
            "O",
            "O",
            "O",
            "O",
            "O",
            "O",
            "O",
            "O",
            "O",
            "O",
            "O",
            "O",
            "O",
            "O",
            "O",
            "O",
            "O",
            "O",
            "O",
            "O",
            "O",
            "O",
            "O",
            "O"
        ]
    },
    {
        "words": [
            "What",
            "about",
            "overflow",
            "?",
            "\u25cf",
            "For",
            "unsigned",
            "addition",
            ",",
            "it",
            "'s",
            "easy",
            "OVF",
            "o",
            "For",
            "an",
            "n-bit",
            "adder",
            ":",
            "\u25aa",
            "just",
            "look",
            "at",
            "the",
            "Co",
            "of",
            "the",
            "MSB",
            "+",
            "\u25aa",
            "if",
            "it",
            "'s",
            "1",
            ",",
            "it",
            "'s",
            "an",
            "overflow",
            ".",
            "A2",
            "S2",
            "o",
            "what",
            "about",
            "subtraction",
            "?",
            "B2",
            "+",
            "\u25cf",
            "For",
            "signed",
            ",",
            "is",
            "a",
            "bit",
            "strange",
            "A1",
            "o",
            "Compare",
            "the",
            "last",
            "2",
            "carry",
            "bits",
            "S1",
            "o",
            "If",
            "they",
            "are",
            "different",
            "B1",
            "\u25aa",
            "Then",
            "there",
            "is",
            "overflow",
            "+",
            "A0",
            "S0",
            "B0",
            "16"
        ],
        "labels": [
            "O",
            "O",
            "O",
            "O",
            "O",
            "O",
            "O",
            "O",
            "O",
            "O",
            "O",
            "O",
            "O",
            "O",
            "O",
            "O",
            "O",
            "O",
            "O",
            "O",
            "O",
            "O",
            "O",
            "O",
            "O",
            "O",
            "O",
            "O",
            "O",
            "O",
            "O",
            "O",
            "O",
            "O",
            "O",
            "O",
            "O",
            "O",
            "O",
            "O",
            "O",
            "O",
            "O",
            "O",
            "O",
            "O",
            "O",
            "O",
            "O",
            "O",
            "O",
            "O",
            "O",
            "O",
            "O",
            "O",
            "O",
            "O",
            "O",
            "O",
            "O",
            "O",
            "O",
            "O",
            "O",
            "O",
            "O",
            "O",
            "O",
            "O",
            "O",
            "O",
            "O",
            "O",
            "O",
            "O",
            "O",
            "O",
            "O",
            "O",
            "O",
            "O"
        ]
    },
    {
        "words": [
            "But",
            "why",
            "?",
            "\u25cf",
            "When",
            "does",
            "signed",
            "addition",
            "overflow",
            "?",
            "The",
            "last",
            "bit",
            ":",
            "o",
            "If",
            ":",
            "Ci",
            "A",
            "B",
            "Co",
            "S",
            "\u25aa",
            "Both",
            "addends",
            "have",
            "the",
            "same",
            "sign",
            "\u25aa",
            "The",
            "result",
            "has",
            "a",
            "different",
            "sign",
            "0",
            "0",
            "0",
            "0",
            "0",
            "\u25cf",
            "How",
            "can",
            "we",
            "detect",
            "that",
            "?",
            "o",
            "Looking",
            "at",
            "the",
            "last",
            "bit",
            "!",
            "0",
            "0",
            "1",
            "0",
            "1",
            "\u25cf",
            "Where",
            "is",
            "the",
            "overflow",
            "?",
            "0",
            "1",
            "0",
            "0",
            "1",
            "0",
            "1",
            "1",
            "1",
            "0",
            "There",
            "is",
            "overflow",
            "in",
            "signed",
            "addition",
            "if",
            ":",
            "1",
            "0",
            "0",
            "0",
            "1",
            "On",
            "the",
            "last",
            "bit",
            ",",
            "the",
            "carry-in",
            "and",
            "carry-",
            "out",
            "have",
            "different",
            "bit",
            "values",
            ".",
            "1",
            "0",
            "1",
            "1",
            "0",
            "1",
            "1",
            "0",
            "1",
            "0",
            "1",
            "1",
            "1",
            "1",
            "1",
            "17"
        ],
        "labels": [
            "O",
            "O",
            "O",
            "O",
            "O",
            "O",
            "O",
            "O",
            "O",
            "O",
            "O",
            "O",
            "O",
            "O",
            "O",
            "O",
            "O",
            "O",
            "O",
            "O",
            "O",
            "O",
            "O",
            "O",
            "O",
            "O",
            "O",
            "O",
            "O",
            "O",
            "O",
            "O",
            "O",
            "O",
            "O",
            "O",
            "O",
            "O",
            "O",
            "O",
            "O",
            "O",
            "O",
            "O",
            "O",
            "O",
            "O",
            "O",
            "O",
            "O",
            "O",
            "O",
            "O",
            "O",
            "O",
            "O",
            "O",
            "O",
            "O",
            "O",
            "O",
            "O",
            "O",
            "O",
            "O",
            "O",
            "O",
            "O",
            "O",
            "O",
            "O",
            "O",
            "O",
            "O",
            "O",
            "O",
            "O",
            "O",
            "O",
            "O",
            "O",
            "O",
            "O",
            "O",
            "O",
            "O",
            "O",
            "O",
            "O",
            "O",
            "O",
            "O",
            "O",
            "O",
            "O",
            "O",
            "O",
            "O",
            "O",
            "O",
            "O",
            "O",
            "O",
            "O",
            "O",
            "O",
            "O",
            "O",
            "O",
            "O",
            "O",
            "O",
            "O",
            "O",
            "O",
            "O",
            "O",
            "O",
            "O",
            "O"
        ]
    },
    {
        "words": [
            "Muxes",
            "and",
            "demuxes",
            ",",
            "encoders",
            "and",
            "decoders",
            "18"
        ],
        "labels": [
            "O",
            "O",
            "O",
            "O",
            "O",
            "O",
            "O",
            "O"
        ]
    },
    {
        "words": [
            "Hardware",
            "that",
            "makes",
            "decisions",
            "\u25cf",
            "a",
            "multiplexer",
            "(",
            "mux",
            ")",
            "outputs",
            "one",
            "of",
            "its",
            "inputs",
            "based",
            "on",
            "a",
            "select",
            ".",
            "A",
            "A",
            "A",
            "Q",
            "Q",
            "Q",
            "B",
            "B",
            "B",
            "S",
            "S=0",
            "S=1",
            "This",
            "is",
            "the",
            "select",
            "input",
            ".",
            "19"
        ],
        "labels": [
            "O",
            "O",
            "O",
            "O",
            "O",
            "O",
            "O",
            "O",
            "O",
            "O",
            "O",
            "O",
            "O",
            "O",
            "O",
            "O",
            "O",
            "O",
            "O",
            "O",
            "O",
            "O",
            "O",
            "O",
            "O",
            "O",
            "O",
            "O",
            "O",
            "O",
            "O",
            "O",
            "O",
            "O",
            "O",
            "O",
            "O",
            "O",
            "O"
        ]
    },
    {
        "words": [
            "Multiplexer",
            "truth",
            "table",
            "\u25cf",
            "let",
            "'s",
            "make",
            "a",
            "truth",
            "table",
            "for",
            "a",
            "two-input",
            "1-bit",
            "multiplexer",
            ".",
            "S",
            "A",
            "B",
            "Q",
            "0",
            "0",
            "0",
            "0",
            "A",
            "A",
            "0",
            "0",
            "1",
            "0",
            "Q",
            "Q",
            "0",
            "1",
            "0",
            "1",
            "B",
            "B",
            "0",
            "1",
            "1",
            "1",
            "1",
            "0",
            "0",
            "0",
            "S=0",
            "S=1",
            "1",
            "0",
            "1",
            "1",
            "1",
            "1",
            "0",
            "0",
            "1",
            "1",
            "1",
            "1",
            "20"
        ],
        "labels": [
            "O",
            "O",
            "O",
            "O",
            "O",
            "O",
            "O",
            "O",
            "O",
            "O",
            "O",
            "O",
            "O",
            "O",
            "O",
            "O",
            "O",
            "O",
            "O",
            "O",
            "O",
            "O",
            "O",
            "O",
            "O",
            "O",
            "O",
            "O",
            "O",
            "O",
            "O",
            "O",
            "O",
            "O",
            "O",
            "O",
            "O",
            "O",
            "O",
            "O",
            "O",
            "O",
            "O",
            "O",
            "O",
            "O",
            "O",
            "O",
            "O",
            "O",
            "O",
            "O",
            "O",
            "O",
            "O",
            "O",
            "O",
            "O",
            "O",
            "O",
            "O"
        ]
    },
    {
        "words": [
            "Doing",
            "everything",
            "and",
            "throwing",
            "most",
            "of",
            "it",
            "away",
            "\u25cf",
            "I",
            "want",
            "a",
            "circuit",
            "that",
            "does",
            "this",
            ":",
            "if",
            "(",
            "select",
            "==",
            "1",
            ")",
            "output",
            "=",
            "A",
            "\u2013",
            "B",
            "else",
            "output",
            "=",
            "A",
            "+",
            "B",
            "\u25cf",
            "let",
            "'s",
            "see",
            "what",
            "that",
            "looks",
            "like",
            "\u25cf",
            "a",
            "mux",
            "is",
            "like",
            "a",
            "hardware",
            "if-else",
            "statement",
            "\u25cf",
            "but",
            "unlike",
            "in",
            "software\u2026",
            "o",
            "the",
            "``",
            "condition",
            "''",
            "comes",
            "at",
            "the",
            "``",
            "end",
            "''",
            "(",
            "the",
            "output",
            ")",
            "o",
            "instead",
            "of",
            "doing",
            "one",
            "or",
            "the",
            "other",
            ",",
            "we",
            "do",
            "both",
            ",",
            "choose",
            "the",
            "one",
            "that",
            "we",
            "care",
            "about",
            ",",
            "and",
            "ignore",
            "the",
            "rest",
            "!",
            "21"
        ],
        "labels": [
            "O",
            "O",
            "O",
            "O",
            "O",
            "O",
            "O",
            "O",
            "O",
            "O",
            "O",
            "O",
            "O",
            "O",
            "O",
            "O",
            "O",
            "O",
            "O",
            "O",
            "O",
            "O",
            "O",
            "O",
            "O",
            "O",
            "O",
            "O",
            "O",
            "O",
            "O",
            "O",
            "O",
            "O",
            "O",
            "O",
            "O",
            "O",
            "O",
            "O",
            "O",
            "O",
            "O",
            "O",
            "O",
            "O",
            "O",
            "O",
            "O",
            "O",
            "O",
            "O",
            "O",
            "O",
            "O",
            "O",
            "O",
            "O",
            "O",
            "O",
            "O",
            "O",
            "O",
            "O",
            "O",
            "O",
            "O",
            "O",
            "O",
            "O",
            "O",
            "O",
            "O",
            "O",
            "O",
            "O",
            "O",
            "O",
            "O",
            "O",
            "O",
            "O",
            "O",
            "O",
            "O",
            "O",
            "O",
            "O",
            "O",
            "O",
            "O",
            "O",
            "O",
            "O",
            "O",
            "O",
            "O",
            "O"
        ]
    },
    {
        "words": [
            "Amusing",
            "muxes",
            "\u25cf",
            "Let",
            "\u2019",
            "s",
            "go",
            "to",
            "Logisim",
            "!",
            "22"
        ],
        "labels": [
            "O",
            "O",
            "O",
            "O",
            "O",
            "O",
            "O",
            "O",
            "O",
            "O",
            "O"
        ]
    },
    {
        "words": [
            "What",
            "'s",
            "that",
            "enable",
            "input",
            "?",
            "\u25cf",
            "if",
            "you",
            "do",
            "n't",
            "understand",
            "tristate",
            "buses",
            "or",
            "high",
            "impedance",
            "states",
            ",",
            "do",
            "not",
            "turn",
            "on",
            "the",
            "enable",
            "input",
            ".",
            "\u25cf",
            "if",
            "you",
            "ever",
            "see",
            "blue",
            "wires",
            ",",
            "you",
            "are",
            "in",
            "weird",
            ",",
            "confusing",
            "territory",
            ".",
            "\u25cf",
            "if",
            "you",
            "know",
            "this",
            "stuff",
            ",",
            "fine",
            ",",
            "but",
            "otherwise\u2026",
            "23"
        ],
        "labels": [
            "O",
            "O",
            "O",
            "O",
            "O",
            "O",
            "O",
            "O",
            "O",
            "O",
            "O",
            "O",
            "O",
            "O",
            "O",
            "O",
            "O",
            "O",
            "O",
            "O",
            "O",
            "O",
            "O",
            "O",
            "O",
            "O",
            "O",
            "O",
            "O",
            "O",
            "O",
            "O",
            "O",
            "O",
            "O",
            "O",
            "O",
            "O",
            "O",
            "O",
            "O",
            "O",
            "O",
            "O",
            "O",
            "O",
            "O",
            "O",
            "O",
            "O",
            "O",
            "O",
            "O",
            "O",
            "O"
        ]
    },
    {
        "words": [
            "Demultipliexers",
            "\u25cf",
            "a",
            "demux",
            "does",
            "the",
            "opposite",
            ":",
            "it",
            "sends",
            "its",
            "input",
            "to",
            "one",
            "of",
            "its",
            "outputs",
            "\u25cf",
            "the",
            "rest",
            "of",
            "the",
            "outputs",
            "are",
            "0s",
            "In",
            "In",
            "In",
            "S",
            "S=0",
            "S=1",
            "24"
        ],
        "labels": [
            "O",
            "O",
            "O",
            "O",
            "O",
            "O",
            "O",
            "O",
            "O",
            "O",
            "O",
            "O",
            "O",
            "O",
            "O",
            "O",
            "O",
            "O",
            "O",
            "O",
            "O",
            "O",
            "O",
            "O",
            "O",
            "O",
            "O",
            "O",
            "O",
            "O",
            "O",
            "O"
        ]
    },
    {
        "words": [
            "Looking",
            "in",
            "a",
            "mirror",
            "\u25cf",
            "it",
            "can",
            "be",
            "confusing",
            "if",
            "all",
            "you",
            "see",
            "is",
            "this",
            ":",
            "which",
            "is",
            "which",
            "?",
            "?",
            "?",
            "Logisim",
            "distinguishes",
            "these",
            "with",
            "names",
            "I",
            "\u2019",
            "ll",
            "do",
            "it",
            "with",
            "arrows",
            "25"
        ],
        "labels": [
            "O",
            "O",
            "O",
            "O",
            "O",
            "O",
            "O",
            "O",
            "O",
            "O",
            "O",
            "O",
            "O",
            "O",
            "O",
            "O",
            "O",
            "O",
            "O",
            "O",
            "O",
            "O",
            "O",
            "O",
            "O",
            "O",
            "O",
            "O",
            "O",
            "O",
            "O",
            "O",
            "O",
            "O",
            "O"
        ]
    },
    {
        "words": [
            "Encoders",
            "\u25cf",
            "They",
            "encode",
            "2n",
            "inputs",
            "into",
            "n",
            "outputs",
            ".",
            "Specifically\u2026",
            "\u25cf",
            "you",
            "give",
            "it",
            "several",
            "1-bit",
            "inputs",
            ",",
            "and",
            "it",
            "tells",
            "you",
            "which",
            "one",
            "is",
            "1",
            ".",
            "1",
            "0",
            "0",
            "0",
            "I0",
            "I1",
            "I2",
            "I3",
            "Out",
            "0",
            "1",
            "0",
            "0",
            "1",
            "1",
            "0",
            "1",
            "1",
            "0",
            "0",
            "0",
            "00",
            "Enc",
            "Enc",
            "0",
            "2",
            "1",
            "0",
            "0",
            "2",
            "1",
            "0",
            "0",
            "1",
            "0",
            "0",
            "01",
            "0",
            "3",
            "0",
            "3",
            "0",
            "0",
            "1",
            "0",
            "10",
            "0",
            "0",
            "0",
            "0",
            "0",
            "0",
            "0",
            "1",
            "11",
            "0",
            "1",
            "0",
            "0",
            "0",
            "1",
            "0",
            "1",
            "Enc",
            "Enc",
            "1",
            "2",
            "1",
            "1",
            "0",
            "2",
            "1",
            "1",
            "0",
            "3",
            "1",
            "3",
            "26"
        ],
        "labels": [
            "O",
            "O",
            "O",
            "O",
            "O",
            "O",
            "O",
            "O",
            "O",
            "O",
            "O",
            "O",
            "O",
            "O",
            "O",
            "O",
            "O",
            "O",
            "O",
            "O",
            "O",
            "O",
            "O",
            "O",
            "O",
            "O",
            "O",
            "O",
            "O",
            "O",
            "O",
            "O",
            "O",
            "O",
            "O",
            "O",
            "O",
            "O",
            "O",
            "O",
            "O",
            "O",
            "O",
            "O",
            "O",
            "O",
            "O",
            "O",
            "O",
            "O",
            "O",
            "O",
            "O",
            "O",
            "O",
            "O",
            "O",
            "O",
            "O",
            "O",
            "O",
            "O",
            "O",
            "O",
            "O",
            "O",
            "O",
            "O",
            "O",
            "O",
            "O",
            "O",
            "O",
            "O",
            "O",
            "O",
            "O",
            "O",
            "O",
            "O",
            "O",
            "O",
            "O",
            "O",
            "O",
            "O",
            "O",
            "O",
            "O",
            "O",
            "O",
            "O",
            "O",
            "O",
            "O",
            "O",
            "O",
            "O",
            "O",
            "O",
            "O",
            "O",
            "O",
            "O",
            "O",
            "O"
        ]
    },
    {
        "words": [
            "Encoder",
            "issues",
            "\u25cf",
            "That",
            "table",
            "seems",
            "VERY",
            "incomplete",
            "!",
            "!",
            "!",
            "o",
            "What",
            "about",
            "the",
            "other",
            "entries",
            "?",
            "?",
            "?",
            "I0",
            "I1",
            "I2",
            "I3",
            "Out",
            "Valid",
            "The",
            "output",
            "is",
            "not",
            "valid",
            "!",
            "0",
            "0",
            "0",
            "0",
            "?",
            "?",
            "0",
            "0",
            "0",
            "0",
            "1",
            "1",
            "0",
            "?",
            "?",
            "0",
            "0",
            "1",
            "0",
            "?",
            "?",
            "?",
            "1",
            "1",
            "1",
            "0",
            "?",
            "?",
            "0",
            "Enc",
            "0",
            "2",
            "1",
            "?",
            "?",
            "?",
            "1",
            "1",
            "1",
            "1",
            "?",
            "?",
            "0",
            "0",
            "3",
            "valid",
            "0",
            "\u2026",
            "\u2026",
            "\u2026",
            "\u2026",
            "\u2026",
            "\u2026",
            "27"
        ],
        "labels": [
            "O",
            "O",
            "O",
            "O",
            "O",
            "O",
            "O",
            "O",
            "O",
            "O",
            "O",
            "O",
            "O",
            "O",
            "O",
            "O",
            "O",
            "O",
            "O",
            "O",
            "O",
            "O",
            "O",
            "O",
            "O",
            "O",
            "O",
            "O",
            "O",
            "O",
            "O",
            "O",
            "O",
            "O",
            "O",
            "O",
            "O",
            "O",
            "O",
            "O",
            "O",
            "O",
            "O",
            "O",
            "O",
            "O",
            "O",
            "O",
            "O",
            "O",
            "O",
            "O",
            "O",
            "O",
            "O",
            "O",
            "O",
            "O",
            "O",
            "O",
            "O",
            "O",
            "O",
            "O",
            "O",
            "O",
            "O",
            "O",
            "O",
            "O",
            "O",
            "O",
            "O",
            "O",
            "O",
            "O",
            "O",
            "O",
            "O",
            "O",
            "O",
            "O",
            "O",
            "O",
            "O",
            "O"
        ]
    },
    {
        "words": [
            "Enter",
            ":",
            "Priority",
            "Encoders",
            "\u25cf",
            "In",
            "a",
            "priority",
            "encoder",
            "\u2026",
            "you",
            "give",
            "it",
            "several",
            "1-bit",
            "inputs",
            ",",
            "and",
            "it",
            "tells",
            "you",
            "the",
            "highest",
            "input",
            "with",
            "a",
            "1",
            ".",
            "1",
            "0",
            "1",
            "0",
            "I0",
            "I1",
            "I2",
            "I3",
            "Out",
            "0",
            "1",
            "0",
            "0",
            "1",
            "1",
            "0",
            "1",
            "1",
            "0",
            "0",
            "0",
            "00",
            "Pri",
            "Pri",
            "0",
            "2",
            "1",
            "0",
            "0",
            "2",
            "1",
            "0",
            "X",
            "1",
            "0",
            "0",
            "01",
            "0",
            "3",
            "0",
            "3",
            "X",
            "X",
            "1",
            "0",
            "10",
            "1",
            "0",
            "1",
            "0",
            "X",
            "X",
            "X",
            "1",
            "11",
            "0",
            "1",
            "0",
            "0",
            "0",
            "1",
            "0",
            "1",
            "Pri",
            "Pri",
            "1",
            "2",
            "1",
            "1",
            "0",
            "2",
            "1",
            "1",
            "What",
            "are",
            "0",
            "3",
            "1",
            "3",
            "these",
            "?",
            "28"
        ],
        "labels": [
            "O",
            "O",
            "O",
            "O",
            "O",
            "O",
            "O",
            "O",
            "O",
            "O",
            "O",
            "O",
            "O",
            "O",
            "O",
            "O",
            "O",
            "O",
            "O",
            "O",
            "O",
            "O",
            "O",
            "O",
            "O",
            "O",
            "O",
            "O",
            "O",
            "O",
            "O",
            "O",
            "O",
            "O",
            "O",
            "O",
            "O",
            "O",
            "O",
            "O",
            "O",
            "O",
            "O",
            "O",
            "O",
            "O",
            "O",
            "O",
            "O",
            "O",
            "O",
            "O",
            "O",
            "O",
            "O",
            "O",
            "O",
            "O",
            "O",
            "O",
            "O",
            "O",
            "O",
            "O",
            "O",
            "O",
            "O",
            "O",
            "O",
            "O",
            "O",
            "O",
            "O",
            "O",
            "O",
            "O",
            "O",
            "O",
            "O",
            "O",
            "O",
            "O",
            "O",
            "O",
            "O",
            "O",
            "O",
            "O",
            "O",
            "O",
            "O",
            "O",
            "O",
            "O",
            "O",
            "O",
            "O",
            "O",
            "O",
            "O",
            "O",
            "O",
            "O",
            "O",
            "O",
            "O",
            "O",
            "O",
            "O",
            "O"
        ]
    },
    {
        "words": [
            "idc",
            "\u25cf",
            "we",
            "do",
            "n't",
            "even",
            "care",
            "about",
            "the",
            "that",
            "input",
            "\u25cf",
            "we",
            "can",
            "put",
            "X",
            "in",
            "the",
            "inputs",
            "we",
            "do",
            "n't",
            "care",
            "about",
            "\u25cf",
            "we",
            "call",
            "these",
            "do",
            "n't",
            "cares",
            "o",
            "yep",
            ",",
            "really",
            "\u25cf",
            "what",
            "these",
            "mean",
            "is",
            ":",
            "o",
            "when",
            "we",
            "make",
            "this",
            "into",
            "a",
            "boolean",
            "function",
            ",",
            "we",
            "can",
            "ignore",
            "those",
            "inputs",
            "\u25aa",
            "we",
            "wo",
            "n't",
            "even",
            "need",
            "to",
            "write",
            "em",
            "I0",
            "I1",
            "I2",
            "I3",
            "Out",
            "1",
            "0",
            "0",
            "0",
            "00",
            "X",
            "1",
            "0",
            "0",
            "01",
            "X",
            "X",
            "1",
            "0",
            "10",
            "X",
            "X",
            "X",
            "1",
            "11",
            "29"
        ],
        "labels": [
            "O",
            "O",
            "O",
            "O",
            "O",
            "O",
            "O",
            "O",
            "O",
            "O",
            "O",
            "O",
            "O",
            "O",
            "O",
            "O",
            "O",
            "O",
            "O",
            "O",
            "O",
            "O",
            "O",
            "O",
            "O",
            "O",
            "O",
            "O",
            "O",
            "O",
            "O",
            "O",
            "O",
            "O",
            "O",
            "O",
            "O",
            "O",
            "O",
            "O",
            "O",
            "O",
            "O",
            "O",
            "O",
            "O",
            "O",
            "O",
            "O",
            "O",
            "O",
            "O",
            "O",
            "O",
            "O",
            "O",
            "O",
            "O",
            "O",
            "O",
            "O",
            "O",
            "O",
            "O",
            "O",
            "O",
            "O",
            "O",
            "O",
            "O",
            "O",
            "O",
            "O",
            "O",
            "O",
            "O",
            "O",
            "O",
            "O",
            "O",
            "O",
            "O",
            "O",
            "O",
            "O",
            "O",
            "O",
            "O",
            "O",
            "O",
            "O"
        ]
    },
    {
        "words": [
            "Still\u2026",
            "\u25cf",
            "All",
            "zeros",
            "is",
            "still",
            "an",
            "invalid",
            "input",
            ":",
            "(",
            "if",
            "none",
            "of",
            "the",
            "inputs",
            "is",
            "1",
            ",",
            "then",
            "logisim",
            "gives",
            "you",
            "X\u2026",
            "These",
            "are",
            "not",
            "don",
            "\u2019",
            "t",
            "cares",
            ":",
            "\u2019",
            ")",
            "0",
            "0",
            "0",
            "X",
            "0",
            "1",
            "Pri",
            "1",
            "X",
            "0",
            "2",
            "valid",
            "0",
            "0",
            "3",
            "30"
        ],
        "labels": [
            "O",
            "O",
            "O",
            "O",
            "O",
            "O",
            "O",
            "O",
            "O",
            "O",
            "O",
            "O",
            "O",
            "O",
            "O",
            "O",
            "O",
            "O",
            "O",
            "O",
            "O",
            "O",
            "O",
            "O",
            "O",
            "O",
            "O",
            "O",
            "O",
            "O",
            "O",
            "O",
            "O",
            "O",
            "O",
            "O",
            "O",
            "O",
            "O",
            "O",
            "O",
            "O",
            "O",
            "O",
            "O",
            "O",
            "O",
            "O",
            "O",
            "O"
        ]
    },
    {
        "words": [
            "Decoders",
            "\u25cf",
            "a",
            "decoder",
            "is",
            "like",
            "a",
            "1-bit",
            "demux",
            "whose",
            "input",
            "is",
            "always",
            "1",
            "\u25cf",
            "It",
            "does",
            "pretty",
            "much",
            "the",
            "opposite",
            "of",
            "an",
            "encoder",
            "\u263a",
            "1",
            "S",
            "S",
            "exactly",
            "one",
            "output",
            "is",
            "1",
            ",",
            "and",
            "the",
            "rest",
            "are",
            "0s",
            "31"
        ],
        "labels": [
            "O",
            "O",
            "O",
            "O",
            "O",
            "O",
            "O",
            "O",
            "O",
            "O",
            "O",
            "O",
            "O",
            "O",
            "O",
            "O",
            "O",
            "O",
            "O",
            "O",
            "O",
            "O",
            "O",
            "O",
            "O",
            "O",
            "O",
            "O",
            "O",
            "O",
            "O",
            "O",
            "O",
            "O",
            "O",
            "O",
            "O",
            "O",
            "O",
            "O"
        ]
    },
    {
        "words": [
            "Uses",
            "for",
            "encoders",
            ",",
            "decoders",
            "and",
            "demuxes",
            "\u25cf",
            "uhhhhhhhhhhh",
            "o",
            "Ummmmmmmmm\u2026",
            "for",
            "now",
            "\u2026",
            "\u25aa",
            "unless",
            "you",
            "'re",
            "using",
            "tristate",
            "(",
            "blue",
            ")",
            "wires",
            ",",
            "they",
            "'re",
            "not",
            "too",
            "useful\u2026",
            "\u25cf",
            "most",
            "of",
            "the",
            "time",
            ",",
            "you",
            "do",
            "n't",
            "have",
            "to",
            "``",
            "direct",
            "''",
            "a",
            "signal",
            "to",
            "a",
            "location",
            "o",
            "instead",
            ",",
            "you",
            "hook",
            "up",
            "the",
            "inputs",
            "to",
            "everything",
            "that",
            "needs",
            "them",
            "\u25cf",
            "we",
            "'ll",
            "use",
            "them",
            "more",
            "when",
            "we",
            "get",
            "to",
            "sequential",
            "logic",
            "32"
        ],
        "labels": [
            "O",
            "O",
            "O",
            "O",
            "O",
            "O",
            "O",
            "O",
            "O",
            "O",
            "O",
            "O",
            "O",
            "O",
            "O",
            "O",
            "O",
            "O",
            "O",
            "O",
            "O",
            "O",
            "O",
            "O",
            "O",
            "O",
            "O",
            "O",
            "O",
            "O",
            "O",
            "O",
            "O",
            "O",
            "O",
            "O",
            "O",
            "O",
            "O",
            "O",
            "O",
            "O",
            "O",
            "O",
            "O",
            "O",
            "O",
            "O",
            "O",
            "O",
            "O",
            "O",
            "O",
            "O",
            "O",
            "O",
            "O",
            "O",
            "O",
            "O",
            "O",
            "O",
            "O",
            "O",
            "O",
            "O",
            "O",
            "O",
            "O",
            "O",
            "O",
            "O",
            "O",
            "O",
            "O"
        ]
    },
    {
        "words": [
            "Combinational",
            "vs",
            "Sequential",
            "\u25cf",
            "combinational",
            "logic",
            ":",
            "the",
            "outputs",
            "of",
            "a",
            "circuit",
            "depend",
            "entirely",
            "on",
            "their",
            "current",
            "inputs",
            "o",
            "AND",
            ",",
            "OR",
            ",",
            "NOT",
            ",",
            "XOR",
            "gates",
            "o",
            "adders",
            "o",
            "muxes",
            ",",
            "demuxes",
            ",",
            "encoders",
            ",",
            "and",
            "decoders",
            "\u25cf",
            "sequential",
            "logic",
            "is",
            "coming",
            "up",
            "soon",
            "o",
            "the",
            "outputs",
            "can",
            "depend",
            "on",
            "the",
            "current",
            "and",
            "previous",
            "inputs",
            "o",
            "it",
            "remembers",
            "\u25cf",
            "logic",
            "minimization",
            "techniques",
            "only",
            "work",
            "on",
            "combinational",
            "logic",
            "!",
            "o",
            "\u2026or",
            "combinational",
            "pieces",
            "of",
            "a",
            "larger",
            "sequential",
            "circuit",
            "33"
        ],
        "labels": [
            "O",
            "O",
            "O",
            "O",
            "O",
            "O",
            "O",
            "O",
            "O",
            "O",
            "O",
            "O",
            "O",
            "O",
            "O",
            "O",
            "O",
            "O",
            "O",
            "O",
            "O",
            "O",
            "O",
            "O",
            "O",
            "O",
            "O",
            "O",
            "O",
            "O",
            "O",
            "O",
            "O",
            "O",
            "O",
            "O",
            "O",
            "O",
            "O",
            "O",
            "O",
            "O",
            "O",
            "O",
            "O",
            "O",
            "O",
            "O",
            "O",
            "O",
            "O",
            "O",
            "O",
            "O",
            "O",
            "O",
            "O",
            "O",
            "O",
            "O",
            "O",
            "O",
            "O",
            "O",
            "O",
            "O",
            "O",
            "O",
            "O",
            "O",
            "O",
            "O",
            "O",
            "O",
            "O",
            "O",
            "O",
            "O",
            "O"
        ]
    }
]