[
    {
        "words": [
            "#",
            "10",
            "The",
            "Register",
            "File",
            "CS",
            "0447",
            "and",
            "Building",
            "an",
            "Introduction",
            "to",
            "Computer",
            "Programming",
            "ALU",
            "Lu\u00eds",
            "Oliveira",
            "Original",
            "slides",
            "by",
            ":",
            "Jarrett",
            "Billingsley",
            "Modified",
            "with",
            "bits",
            "from",
            ":",
            "Bruce",
            "1",
            "Childers",
            ",",
            "David",
            "Wilkinson",
            "Fall",
            "2020"
        ],
        "labels": [
            "O",
            "O",
            "O",
            "O",
            "O",
            "O",
            "O",
            "O",
            "O",
            "O",
            "O",
            "O",
            "O",
            "O",
            "O",
            "O",
            "O",
            "O",
            "O",
            "O",
            "O",
            "O",
            "O",
            "O",
            "O",
            "O",
            "O",
            "O",
            "O",
            "O",
            "O",
            "O",
            "O",
            "O",
            "O",
            "O"
        ]
    },
    {
        "words": [
            "The",
            "Register",
            "File",
            "Abstracting",
            "out",
            "the",
            "flip-flops",
            ".",
            "2"
        ],
        "labels": [
            "O",
            "O",
            "O",
            "O",
            "O",
            "O",
            "O",
            "O",
            "O"
        ]
    },
    {
        "words": [
            "Remember",
            "this",
            "?",
            "Unresolved",
            "questions",
            ":",
            "\u25cf",
            "What",
            "'s",
            "the",
            "control",
            "?",
            "Program",
            "\u25cf",
            "What",
            "'s",
            "the",
            "datapath",
            "?",
            "\u25cf",
            "How",
            "does",
            "it",
            "know",
            "what",
            "instruction",
            "3",
            "5",
            "8",
            "A",
            "B",
            "instruction",
            "to",
            "get",
            "next",
            "?",
            "\u25cf",
            "How",
            "does",
            "it",
            "know",
            "what",
            "C",
            "Registers",
            "registers",
            "to",
            "access",
            "?",
            "Control",
            "Memory",
            "\u25cf",
            "How",
            "does",
            "it",
            "know",
            "to",
            "add",
            ",",
            "+",
            "subtract",
            ",",
            "etc",
            ".",
            "?",
            "Datapath",
            "Processor",
            "3"
        ],
        "labels": [
            "O",
            "O",
            "O",
            "O",
            "O",
            "O",
            "O",
            "O",
            "O",
            "O",
            "O",
            "O",
            "O",
            "O",
            "O",
            "O",
            "O",
            "O",
            "O",
            "O",
            "O",
            "O",
            "O",
            "O",
            "O",
            "O",
            "O",
            "O",
            "O",
            "O",
            "O",
            "O",
            "O",
            "O",
            "O",
            "O",
            "O",
            "O",
            "O",
            "O",
            "O",
            "O",
            "O",
            "O",
            "O",
            "O",
            "O",
            "O",
            "O",
            "O",
            "O",
            "O",
            "O",
            "O",
            "O",
            "O",
            "O",
            "O",
            "O",
            "O",
            "O",
            "O",
            "O",
            "O",
            "O",
            "O",
            "O"
        ]
    },
    {
        "words": [
            "Zooming",
            "in",
            "\u25cf",
            "There",
            "are",
            "a",
            "few",
            "major",
            "parts",
            "of",
            "any",
            "CPU",
            ":",
            "...",
            "oh",
            "yeah",
            ",",
            "memory",
            "too",
            "if",
            "(",
            "add",
            ")",
            "the",
            "control",
            "tells",
            "do",
            "this",
            "everything",
            "else",
            "what",
            "else",
            "if",
            "...",
            "to",
            "do",
            ",",
            "and",
            "when",
            "Control",
            "t0",
            "fp",
            "s4",
            "+",
            "-\u00f7",
            "\u00d7",
            "control",
            "signals",
            "!",
            "sp",
            "at",
            "\u2295\u222b",
            "\u2603",
            "&",
            "eax",
            "?",
            "Registers",
            "values",
            "move",
            "Datapath",
            "between",
            "them",
            "registers",
            "hold",
            "the",
            "the",
            "datapath",
            "computes",
            "values",
            "being",
            "computed",
            "new",
            "values",
            "4"
        ],
        "labels": [
            "O",
            "O",
            "O",
            "O",
            "O",
            "O",
            "O",
            "O",
            "O",
            "O",
            "O",
            "O",
            "O",
            "O",
            "O",
            "O",
            "O",
            "O",
            "O",
            "O",
            "O",
            "O",
            "O",
            "O",
            "O",
            "O",
            "O",
            "O",
            "O",
            "O",
            "O",
            "O",
            "O",
            "O",
            "O",
            "O",
            "O",
            "O",
            "O",
            "O",
            "O",
            "O",
            "O",
            "O",
            "O",
            "O",
            "O",
            "O",
            "O",
            "O",
            "O",
            "O",
            "O",
            "O",
            "O",
            "O",
            "O",
            "O",
            "O",
            "O",
            "O",
            "O",
            "O",
            "O",
            "O",
            "O",
            "O",
            "O",
            "O",
            "O",
            "O",
            "O",
            "O",
            "O"
        ]
    },
    {
        "words": [
            "A",
            "bit",
            "less",
            "abstract",
            "\u25cf",
            "The",
            "registers",
            "are",
            "grouped",
            "together",
            "into",
            "the",
            "register",
            "file",
            "\u25cf",
            "The",
            "ALU",
            "(",
            "arithmetic",
            "and",
            "logic",
            "unit",
            ")",
            "is",
            "the",
            "main",
            "part",
            "of",
            "the",
            "datapath",
            "\u25cf",
            "The",
            "control",
            "is",
            "doing",
            "its",
            "thing",
            ",",
            "somehow\u2026",
            "?",
            "(",
            "we",
            "\u2019",
            "ll",
            "see",
            ")",
            "Control",
            "Register",
            "File",
            "ALU",
            "we",
            "can",
            "get",
            "the",
            "values",
            "of",
            "two",
            "registers",
            "at",
            "once",
            "5"
        ],
        "labels": [
            "O",
            "O",
            "O",
            "O",
            "O",
            "O",
            "O",
            "O",
            "O",
            "O",
            "O",
            "O",
            "O",
            "O",
            "O",
            "O",
            "O",
            "O",
            "O",
            "O",
            "O",
            "O",
            "O",
            "O",
            "O",
            "O",
            "O",
            "O",
            "O",
            "O",
            "O",
            "O",
            "O",
            "O",
            "O",
            "O",
            "O",
            "O",
            "O",
            "O",
            "O",
            "O",
            "O",
            "O",
            "O",
            "O",
            "O",
            "O",
            "O",
            "O",
            "O",
            "O",
            "O",
            "O",
            "O",
            "O",
            "O",
            "O",
            "O",
            "O",
            "O"
        ]
    },
    {
        "words": [
            "It",
            "does",
            "n't",
            "have",
            "to",
            "be",
            "this",
            "way",
            "CISC",
            "CPUs",
            "usually",
            "have",
            "small",
            "RISC",
            "CPUs",
            "usually",
            "have",
            "32",
            "*",
            "mostly-",
            "sets",
            "of",
            "registers",
            ",",
            "and",
            "many",
            "have",
            "interchangeable",
            "registers",
            ":",
            "MIPS",
            ",",
            "special",
            "purposes",
            "or",
            "behaviors",
            "RISC",
            ",",
            "SPARC",
            ",",
            "ARMv8",
            ",",
            "RISC-V\u2026",
            "8086",
            "z80",
            "6502",
            "PDP8",
            "r0",
            "r1",
            "r2",
            "r3",
            "r4",
            "r5",
            "r6",
            "r7",
            "ax",
            "a",
            "f",
            "A",
            "AC",
            "r8",
            "r9",
            "r10",
            "r11",
            "r12",
            "r13",
            "r14",
            "r15",
            "32/64",
            "bx",
            "b",
            "c",
            "X",
            "r16",
            "r17",
            "r18",
            "r19",
            "r20",
            "r21",
            "r22",
            "r23",
            "bits",
            "cx",
            "d",
            "e",
            "Y",
            "12",
            "bits",
            "r24",
            "r25",
            "r26",
            "r27",
            "r28",
            "r29",
            "r30",
            "r31",
            "dx",
            "h",
            "l",
            "si",
            "ix",
            "8",
            "bits",
            "why",
            "is",
            "this",
            "?",
            "well",
            ",",
            "what",
            "do",
            "you",
            "di",
            "iy",
            "remember",
            "about",
            "the",
            "differences",
            "sp",
            "sp",
            "between",
            "RISC",
            "and",
            "CISC",
            "?",
            "bp",
            "16",
            "bits",
            "*",
            "or",
            "32",
            "at",
            "a",
            "time",
            "6"
        ],
        "labels": [
            "O",
            "O",
            "O",
            "O",
            "O",
            "O",
            "O",
            "O",
            "O",
            "O",
            "O",
            "O",
            "O",
            "O",
            "O",
            "O",
            "O",
            "O",
            "O",
            "O",
            "O",
            "O",
            "O",
            "O",
            "O",
            "O",
            "O",
            "O",
            "O",
            "O",
            "O",
            "O",
            "O",
            "O",
            "O",
            "O",
            "O",
            "O",
            "O",
            "O",
            "O",
            "O",
            "O",
            "O",
            "O",
            "O",
            "O",
            "O",
            "O",
            "O",
            "O",
            "O",
            "O",
            "O",
            "O",
            "O",
            "O",
            "O",
            "O",
            "O",
            "O",
            "O",
            "O",
            "O",
            "O",
            "O",
            "O",
            "O",
            "O",
            "O",
            "O",
            "O",
            "O",
            "O",
            "O",
            "O",
            "O",
            "O",
            "O",
            "O",
            "O",
            "O",
            "O",
            "O",
            "O",
            "O",
            "O",
            "O",
            "O",
            "O",
            "O",
            "O",
            "O",
            "O",
            "O",
            "O",
            "O",
            "O",
            "O",
            "O",
            "O",
            "O",
            "O",
            "O",
            "O",
            "O",
            "O",
            "O",
            "O",
            "O",
            "O",
            "O",
            "O",
            "O",
            "O",
            "O",
            "O",
            "O",
            "O",
            "O",
            "O",
            "O",
            "O",
            "O",
            "O",
            "O",
            "O",
            "O",
            "O",
            "O",
            "O",
            "O",
            "O",
            "O",
            "O"
        ]
    },
    {
        "words": [
            "Tug-of-war",
            "\u25cf",
            "Register",
            "file",
            "design",
            "is",
            "constrained",
            "by",
            "many",
            "competing",
            "factors",
            "compilers",
            "love",
            "lots",
            "of",
            "ISA",
            "says",
            "instructions",
            "identical",
            "registers",
            "!",
            "\u2026but",
            "there",
            "are",
            "diminishing",
            "returns",
            ".",
            "have",
            "2",
            "operands",
            "and",
            "1",
            "destination",
            "fast",
            "L1",
            "cache",
            "?",
            "not",
            "as",
            "\u2026except",
            "for",
            "this",
            "one",
            "many",
            "regs",
            "needed",
            "instruction",
            "that",
            "has",
            "D",
            "D",
            "QQ",
            "Q",
            "2",
            "destinations",
            ".",
            "D",
            "multi-issue",
            "CPU",
            ":",
            "need",
            "to",
            "read",
            "4",
            "regs",
            "and",
            "write",
            "2",
            "humans",
            "like",
            "intuitive",
            "assembly",
            "language",
            "!",
            "more",
            "registers",
            "means",
            "with",
            "lots",
            "of",
            "registers",
            ",",
            "more",
            "silicon\u2026",
            "function",
            "calls",
            "are",
            "faster",
            "!",
            "\u2026but",
            "context",
            "switches",
            "are",
            "slower",
            ".",
            "7"
        ],
        "labels": [
            "O",
            "O",
            "O",
            "O",
            "O",
            "O",
            "O",
            "O",
            "O",
            "O",
            "O",
            "O",
            "O",
            "O",
            "O",
            "O",
            "O",
            "O",
            "O",
            "O",
            "O",
            "O",
            "O",
            "O",
            "O",
            "O",
            "O",
            "O",
            "O",
            "O",
            "O",
            "O",
            "O",
            "O",
            "O",
            "O",
            "O",
            "O",
            "O",
            "O",
            "O",
            "O",
            "O",
            "O",
            "O",
            "O",
            "O",
            "O",
            "O",
            "O",
            "O",
            "O",
            "O",
            "O",
            "O",
            "O",
            "O",
            "O",
            "O",
            "O",
            "O",
            "O",
            "O",
            "O",
            "O",
            "O",
            "O",
            "O",
            "O",
            "O",
            "O",
            "O",
            "O",
            "O",
            "O",
            "O",
            "O",
            "O",
            "O",
            "O",
            "O",
            "O",
            "O",
            "O",
            "O",
            "O",
            "O",
            "O",
            "O",
            "O",
            "O",
            "O",
            "O",
            "O",
            "O",
            "O"
        ]
    },
    {
        "words": [
            "A",
            "word",
            "of",
            "advice",
            "\u25cf",
            "You",
            "will",
            "see",
            "many",
            "imperfect",
            "designs",
            "in",
            "your",
            "life",
            "\u25cf",
            "But",
            "in",
            "problem-solving",
            ",",
            "perfection",
            "is",
            "n't",
            "always",
            "the",
            "goal",
            "o",
            "everyone",
            "has",
            "to",
            "work",
            "within",
            "the",
            "constraints",
            "they",
            "'re",
            "given",
            "\u25cf",
            "and",
            "if",
            "everyone",
            "does",
            "something",
            "the",
            "same",
            "way\u2026",
            "o",
            "there",
            "are",
            "probably",
            "problems/constraints",
            "you",
            "do",
            "n't",
            "know",
            "about",
            "o",
            "do",
            "n't",
            "waste",
            "your",
            "time",
            "reinventing",
            "the",
            "wheel",
            ".",
            "\u25aa",
            "find",
            "out",
            "why",
            "it",
            "'s",
            "done",
            "that",
            "way",
            "first",
            ".",
            "\u25cf",
            "When",
            "it",
            "comes",
            "to",
            "register",
            "files",
            ",",
            "32",
            "registers",
            "is",
            "just",
            "a",
            "nice",
            "number",
            "o",
            "not",
            "too",
            "many",
            ",",
            "not",
            "too",
            "few",
            ",",
            "a",
            "nice",
            "middle-ground",
            "\u25cf",
            "also",
            "do",
            "n't",
            "be",
            "a",
            "judgmental",
            "ass",
            "about",
            "someone",
            "else",
            "'s",
            "design",
            "because",
            "one",
            ",",
            "it",
            "'s",
            "shitty",
            ",",
            "and",
            "two",
            ",",
            "they",
            "know",
            "more",
            "about",
            "why",
            "it",
            "was",
            "designed",
            "that",
            "way",
            ",",
            "so",
            "you",
            "'re",
            "just",
            "being",
            "presumptuous",
            "8"
        ],
        "labels": [
            "O",
            "O",
            "O",
            "O",
            "O",
            "O",
            "O",
            "O",
            "O",
            "O",
            "O",
            "O",
            "O",
            "O",
            "O",
            "O",
            "O",
            "O",
            "O",
            "O",
            "O",
            "O",
            "O",
            "O",
            "O",
            "O",
            "O",
            "O",
            "O",
            "O",
            "O",
            "O",
            "O",
            "O",
            "O",
            "O",
            "O",
            "O",
            "O",
            "O",
            "O",
            "O",
            "O",
            "O",
            "O",
            "O",
            "O",
            "O",
            "O",
            "O",
            "O",
            "O",
            "O",
            "O",
            "O",
            "O",
            "O",
            "O",
            "O",
            "O",
            "O",
            "O",
            "O",
            "O",
            "O",
            "O",
            "O",
            "O",
            "O",
            "O",
            "O",
            "O",
            "O",
            "O",
            "O",
            "O",
            "O",
            "O",
            "O",
            "O",
            "O",
            "O",
            "O",
            "O",
            "O",
            "O",
            "O",
            "O",
            "O",
            "O",
            "O",
            "O",
            "O",
            "O",
            "O",
            "O",
            "O",
            "O",
            "O",
            "O",
            "O",
            "O",
            "O",
            "O",
            "O",
            "O",
            "O",
            "O",
            "O",
            "O",
            "O",
            "O",
            "O",
            "O",
            "O",
            "O",
            "O",
            "O",
            "O",
            "O",
            "O",
            "O",
            "O",
            "O",
            "O",
            "O",
            "O",
            "O",
            "O",
            "O",
            "O",
            "O",
            "O",
            "O",
            "O",
            "O",
            "O",
            "O",
            "O",
            "O",
            "O",
            "O",
            "O",
            "O"
        ]
    },
    {
        "words": [
            "Soooo",
            "registers\u2026",
            "How",
            "do",
            "we",
            "create",
            "a",
            "register",
            "?",
            "\u25cf",
            "If",
            "we",
            "create",
            "a",
            "32-bit",
            "register",
            "out",
            "of",
            "D",
            "Flip-Flops",
            ":",
            "D",
            "Q",
            "D",
            "Q",
            "D",
            "Q",
            "D",
            "Q",
            "D",
            "Flip-Flop",
            "D",
            "Flip-Flop",
            "D",
            "Flip-Flop",
            "D",
            "Flip-Flop",
            "3rd",
            "bit",
            "2nd",
            "bit",
            "1st",
            "bit",
            "0th",
            "bit",
            "We",
            "abstract",
            "32",
            "32",
            "D",
            "Q",
            "away",
            "to",
            "this",
            ":",
            "Register",
            "Thankfully",
            ",",
            "so",
            "does",
            "Logisim",
            "!",
            "9"
        ],
        "labels": [
            "O",
            "O",
            "O",
            "O",
            "O",
            "O",
            "O",
            "O",
            "O",
            "O",
            "O",
            "O",
            "O",
            "O",
            "O",
            "O",
            "O",
            "O",
            "O",
            "O",
            "O",
            "O",
            "O",
            "O",
            "O",
            "O",
            "O",
            "O",
            "O",
            "O",
            "O",
            "O",
            "O",
            "O",
            "O",
            "O",
            "O",
            "O",
            "O",
            "O",
            "O",
            "O",
            "O",
            "O",
            "O",
            "O",
            "O",
            "O",
            "O",
            "O",
            "O",
            "O",
            "O",
            "O",
            "O",
            "O",
            "O",
            "O",
            "O",
            "O",
            "O",
            "O",
            "O"
        ]
    },
    {
        "words": [
            "Combined",
            "into\u2026",
            "\u25cf",
            "Then",
            ",",
            "we",
            "can",
            "combine",
            "many",
            "of",
            "those",
            "together",
            ":",
            "Register",
            "File",
            "32",
            "32",
            "D",
            "Q",
            "Register",
            "32",
            "32",
            "D",
            "Q",
            "Register",
            "\u2026",
            "32",
            "32",
            "D",
            "Q",
            "Register",
            "10"
        ],
        "labels": [
            "O",
            "O",
            "O",
            "O",
            "O",
            "O",
            "O",
            "O",
            "O",
            "O",
            "O",
            "O",
            "O",
            "O",
            "O",
            "O",
            "O",
            "O",
            "O",
            "O",
            "O",
            "O",
            "O",
            "O",
            "O",
            "O",
            "O",
            "O",
            "O",
            "O",
            "O",
            "O"
        ]
    },
    {
        "words": [
            "The",
            "MIPS",
            "register",
            "file",
            "\u25cf",
            "In",
            "the",
            "instruction",
            "add",
            "t0",
            ",",
            "t1",
            ",",
            "t2",
            ",",
            "how",
            "many",
            "registers",
            "are",
            "read",
            "?",
            "o",
            "how",
            "many",
            "are",
            "written",
            "?",
            "o",
            "how",
            "many",
            "different",
            "registers",
            "are",
            "accessed",
            "?",
            "there",
            "are",
            "two",
            "output",
            "there",
            "'s",
            "one",
            "input",
            "or",
            "Register",
            "or",
            "read",
            "ports",
            "write",
            "port",
            "it",
            "needs",
            "a",
            "clock",
            "signal",
            ".",
            "File",
            "each",
            "port",
            "can",
            "read",
            "a",
            "what",
            "other",
            "control",
            "WE",
            "rd",
            "rs",
            "rt",
            "different",
            "register",
            "signals",
            "does",
            "it",
            "need",
            "?",
            "how",
            "about",
            "a",
            "and",
            "inputs",
            "to",
            "select",
            "write",
            "enable",
            "?",
            "the",
            "registers",
            "?",
            "11"
        ],
        "labels": [
            "O",
            "O",
            "O",
            "O",
            "O",
            "O",
            "O",
            "O",
            "O",
            "O",
            "O",
            "O",
            "O",
            "O",
            "O",
            "O",
            "O",
            "O",
            "O",
            "O",
            "O",
            "O",
            "O",
            "O",
            "O",
            "O",
            "O",
            "O",
            "O",
            "O",
            "O",
            "O",
            "O",
            "O",
            "O",
            "O",
            "O",
            "O",
            "O",
            "O",
            "O",
            "O",
            "O",
            "O",
            "O",
            "O",
            "O",
            "O",
            "O",
            "O",
            "O",
            "O",
            "O",
            "O",
            "O",
            "O",
            "O",
            "O",
            "O",
            "O",
            "O",
            "O",
            "O",
            "O",
            "O",
            "O",
            "O",
            "O",
            "O",
            "O",
            "O",
            "O",
            "O",
            "O",
            "O",
            "O",
            "O",
            "O",
            "O",
            "O",
            "O",
            "O",
            "O",
            "O",
            "O",
            "O",
            "O",
            "O",
            "O",
            "O"
        ]
    },
    {
        "words": [
            "Reading",
            "from",
            "one",
            "register",
            "\u25cf",
            "You",
            "have",
            "two",
            "registers",
            ",",
            "and",
            "you",
            "want",
            "to",
            "choose",
            "one",
            "to",
            "read",
            "what",
            "kind",
            "of",
            "component",
            "chooses",
            "?",
            "D",
            "Q",
            "A",
            "WE",
            "83",
            "29",
            "83",
            "D",
            "Q",
            "reading",
            "from",
            "a",
            "register",
            "is",
            "technically",
            "combinational",
            "B",
            "29",
            "WE",
            "0",
            "1",
            "a",
            "read",
            "port",
            "is",
            "made",
            "of",
            "a",
            "select",
            "signal",
            ",",
            "a",
            "MUX",
            ",",
            "and",
            "a",
            "data",
            "output",
            "12"
        ],
        "labels": [
            "O",
            "O",
            "O",
            "O",
            "O",
            "O",
            "O",
            "O",
            "O",
            "O",
            "O",
            "O",
            "O",
            "O",
            "O",
            "O",
            "O",
            "O",
            "O",
            "O",
            "O",
            "O",
            "O",
            "O",
            "O",
            "O",
            "O",
            "O",
            "O",
            "O",
            "O",
            "O",
            "O",
            "O",
            "O",
            "O",
            "O",
            "O",
            "O",
            "O",
            "O",
            "O",
            "O",
            "O",
            "O",
            "O",
            "O",
            "O",
            "O",
            "O",
            "O",
            "O",
            "O",
            "O",
            "O",
            "O",
            "O",
            "O",
            "O",
            "O",
            "O",
            "O",
            "O"
        ]
    },
    {
        "words": [
            "Writing",
            "\u25cf",
            "For",
            "the",
            "write",
            "port",
            ",",
            "we",
            "only",
            "want",
            "to",
            "write",
            "to",
            "one",
            "register",
            "at",
            "a",
            "time",
            "\u25cf",
            "We",
            "'ll",
            "have",
            "a",
            "select",
            "signal",
            "again\u2026",
            "when",
            "should",
            "we",
            "write",
            "to",
            "A",
            "?",
            "D",
            "Q",
            "Do",
            "we",
            "ALWAYS",
            "write",
            "to",
            "a",
            "select",
            "=",
            "0",
            "register",
            "?",
            "WE",
            "83",
            "A",
            "How",
            "about",
            "in",
            "WE",
            "=",
            "1",
            "beq",
            "A",
            ",",
            "3",
            ",",
            "top",
            "?",
            "when",
            "should",
            "we",
            "write",
            "to",
            "B",
            "?",
            "D",
            "Q",
            "select",
            "=",
            "1",
            "WE",
            "29",
            "B",
            "WE",
            "=",
            "1",
            "13"
        ],
        "labels": [
            "O",
            "O",
            "O",
            "O",
            "O",
            "O",
            "O",
            "O",
            "O",
            "O",
            "O",
            "O",
            "O",
            "O",
            "O",
            "O",
            "O",
            "O",
            "O",
            "O",
            "O",
            "O",
            "O",
            "O",
            "O",
            "O",
            "O",
            "O",
            "O",
            "O",
            "O",
            "O",
            "O",
            "O",
            "O",
            "O",
            "O",
            "O",
            "O",
            "O",
            "O",
            "O",
            "O",
            "O",
            "O",
            "O",
            "O",
            "O",
            "O",
            "O",
            "O",
            "O",
            "O",
            "O",
            "O",
            "O",
            "O",
            "O",
            "O",
            "O",
            "O",
            "O",
            "O",
            "O",
            "O",
            "O",
            "O",
            "O",
            "O",
            "O",
            "O",
            "O",
            "O",
            "O",
            "O",
            "O",
            "O",
            "O",
            "O",
            "O",
            "O"
        ]
    },
    {
        "words": [
            "Close",
            "the",
            "door",
            "\u25cf",
            "when",
            "a",
            "register",
            "'s",
            "write",
            "enable",
            "is",
            "0",
            ",",
            "what",
            "happens",
            "to",
            "the",
            "data",
            "?",
            "\u25cf",
            "so",
            "we",
            "can",
            "hook",
            "up",
            "the",
            "data",
            "input",
            "to",
            "all",
            "registers",
            "at",
            "once",
            ".",
            "Data",
            "D",
            "Q",
            "WE",
            "83",
            "A",
            "only",
            "the",
            "register",
            "with",
            "WE=1",
            "will",
            "store",
            "the",
            "data",
            "D",
            "Q",
            "WE",
            "29",
            "B",
            "14"
        ],
        "labels": [
            "O",
            "O",
            "O",
            "O",
            "O",
            "O",
            "O",
            "O",
            "O",
            "O",
            "O",
            "O",
            "O",
            "O",
            "O",
            "O",
            "O",
            "O",
            "O",
            "O",
            "O",
            "O",
            "O",
            "O",
            "O",
            "O",
            "O",
            "O",
            "O",
            "O",
            "O",
            "O",
            "O",
            "O",
            "O",
            "O",
            "O",
            "O",
            "O",
            "O",
            "O",
            "O",
            "O",
            "O",
            "O",
            "O",
            "O",
            "O",
            "O",
            "O",
            "O",
            "O",
            "O",
            "O",
            "O"
        ]
    },
    {
        "words": [
            "Chekhov",
            "'s",
            "Gun",
            "\u25cf",
            "there",
            "'s",
            "a",
            "component",
            "we",
            "have",
            "n't",
            "seen",
            "in",
            "a",
            "while",
            "which",
            "only",
            "sends",
            "an",
            "input",
            "value",
            "to",
            "one",
            "of",
            "its",
            "outputs",
            "(",
            "demux",
            ")",
            "D",
            "Q",
            "WE",
            "0",
            "WE",
            "83",
            "A",
            "WE",
            "D",
            "Q",
            "1",
            "0",
            "WE",
            "0",
            "29",
            "B",
            "WE",
            "a",
            "write",
            "port",
            "is",
            "made",
            "of",
            "a",
            "select",
            "signal",
            ",",
            "a",
            "data",
            "input",
            ",",
            "a",
            "write",
            "enable",
            ",",
            "and",
            "some",
            "kinda",
            "logic",
            "to",
            "send",
            "the",
            "write",
            "enable",
            "to",
            "one",
            "register",
            "15"
        ],
        "labels": [
            "O",
            "O",
            "O",
            "O",
            "O",
            "O",
            "O",
            "O",
            "O",
            "O",
            "O",
            "O",
            "O",
            "O",
            "O",
            "O",
            "O",
            "O",
            "O",
            "O",
            "O",
            "O",
            "O",
            "O",
            "O",
            "O",
            "O",
            "O",
            "O",
            "O",
            "O",
            "O",
            "O",
            "O",
            "O",
            "O",
            "O",
            "O",
            "O",
            "O",
            "O",
            "O",
            "O",
            "O",
            "O",
            "O",
            "O",
            "O",
            "O",
            "O",
            "O",
            "O",
            "O",
            "O",
            "O",
            "O",
            "O",
            "O",
            "O",
            "O",
            "O",
            "O",
            "O",
            "O",
            "O",
            "O",
            "O",
            "O",
            "O",
            "O",
            "O",
            "O",
            "O",
            "O",
            "O",
            "O",
            "O"
        ]
    },
    {
        "words": [
            "The",
            "Register",
            "File",
            "\u25cf",
            "And",
            "then",
            ",",
            "we",
            "can",
            "abstract",
            "our",
            "subcircuit",
            "to",
            "the",
            "following",
            ":",
            "o",
            "This",
            "presumes",
            "we",
            "have",
            "32",
            "registers",
            "which",
            "are",
            "32-bits",
            "in",
            "size",
            "o",
            "(",
            "like",
            "MIPS",
            "!",
            ")",
            "WriteEnable",
            "32",
            "32",
            "WriteData",
            "ReadData1",
            "5",
            "Register1",
            "32",
            "Register",
            "File",
            "ReadData2",
            "5",
            "Register2",
            "5",
            "16"
        ],
        "labels": [
            "O",
            "O",
            "O",
            "O",
            "O",
            "O",
            "O",
            "O",
            "O",
            "O",
            "O",
            "O",
            "O",
            "O",
            "O",
            "O",
            "O",
            "O",
            "O",
            "O",
            "O",
            "O",
            "O",
            "O",
            "O",
            "O",
            "O",
            "O",
            "O",
            "O",
            "O",
            "O",
            "O",
            "O",
            "O",
            "O",
            "O",
            "O",
            "O",
            "O",
            "O",
            "O",
            "O",
            "O",
            "O",
            "O",
            "O",
            "O",
            "O"
        ]
    },
    {
        "words": [
            "Diving",
            "in",
            "\u25cf",
            "We",
            "have",
            "a",
            "complete",
            "register",
            "file",
            "!",
            "\u25cf",
            "Now\u2026",
            "let",
            "\u2019",
            "s",
            "look",
            "more",
            "closely",
            "at",
            "building",
            "an",
            "ALU",
            ".",
            "Control",
            "Register",
            "File",
            "ALU",
            "17"
        ],
        "labels": [
            "O",
            "O",
            "O",
            "O",
            "O",
            "O",
            "O",
            "O",
            "O",
            "O",
            "O",
            "O",
            "O",
            "O",
            "O",
            "O",
            "O",
            "O",
            "O",
            "O",
            "O",
            "O",
            "O",
            "O",
            "O",
            "O",
            "O",
            "O"
        ]
    },
    {
        "words": [
            "Building",
            "Out",
            "a",
            "Basic",
            "ALU",
            "Doing",
            "the",
            "stuff",
            ".",
            "18"
        ],
        "labels": [
            "O",
            "O",
            "O",
            "O",
            "O",
            "O",
            "O",
            "O",
            "O",
            "O"
        ]
    },
    {
        "words": [
            "Starting",
            "small",
            ",",
            "the",
            "one-bit",
            "adder",
            "\u25cf",
            "Who",
            "remembers",
            "how",
            "to",
            "use",
            "an",
            "adder",
            "to",
            "subtract",
            "?",
            "Carry",
            "in",
            "A",
            "B",
            "+",
            "Result",
            "Carry",
            "out",
            "19"
        ],
        "labels": [
            "O",
            "O",
            "O",
            "O",
            "O",
            "O",
            "O",
            "O",
            "O",
            "O",
            "O",
            "O",
            "O",
            "O",
            "O",
            "O",
            "O",
            "O",
            "O",
            "O",
            "O",
            "O",
            "O",
            "O",
            "O",
            "O"
        ]
    },
    {
        "words": [
            "Starting",
            "small",
            ",",
            "the",
            "one-bit",
            "adder",
            "\u25cf",
            "Here",
            "is",
            "a",
            "simple",
            "ALU",
            ".",
            "It",
            "can",
            "Add",
            "A",
            "and",
            "B",
            "together",
            ".",
            "o",
            "There",
            "are",
            "a",
            "few",
            "control",
            "signals",
            "leading",
            "into",
            "it",
            "and",
            "several",
            "outputs",
            ".",
            "o",
            "Consider",
            "how",
            "this",
            "ALU",
            "subcircuit",
            ",",
            "as",
            "it",
            "is",
            ",",
            "can",
            "perform",
            "\u201c",
            "A",
            "\u2013",
            "B",
            "\u201d",
            "A",
            "Binvert",
            "Carry",
            "in",
            "B",
            "0",
            "+",
            "Result",
            "1",
            "Carry",
            "out",
            "This",
            "is",
            "a",
            "MUX",
            "20"
        ],
        "labels": [
            "O",
            "O",
            "O",
            "O",
            "O",
            "O",
            "O",
            "O",
            "O",
            "O",
            "O",
            "O",
            "O",
            "O",
            "O",
            "O",
            "O",
            "O",
            "O",
            "O",
            "O",
            "O",
            "O",
            "O",
            "O",
            "O",
            "O",
            "O",
            "O",
            "O",
            "O",
            "O",
            "O",
            "O",
            "O",
            "O",
            "O",
            "O",
            "O",
            "O",
            "O",
            "O",
            "O",
            "O",
            "O",
            "O",
            "O",
            "O",
            "O",
            "O",
            "O",
            "O",
            "O",
            "O",
            "O",
            "O",
            "O",
            "O",
            "O",
            "O",
            "O",
            "O",
            "O",
            "O",
            "O",
            "O",
            "O",
            "O",
            "O"
        ]
    },
    {
        "words": [
            "A",
            "basic",
            "1-bit",
            "ALU",
            "\u2013",
            "Addition",
            "Binvert",
            "Carry",
            "in",
            "Put",
            "it",
            "in",
            "a",
            "0",
            "0",
            "box",
            "A",
            "Result",
            "B",
            "0",
            "+",
            "1",
            "Carry",
            "out",
            "21"
        ],
        "labels": [
            "O",
            "O",
            "O",
            "O",
            "O",
            "O",
            "O",
            "O",
            "O",
            "O",
            "O",
            "O",
            "O",
            "O",
            "O",
            "O",
            "O",
            "O",
            "O",
            "O",
            "O",
            "O",
            "O",
            "O",
            "O"
        ]
    },
    {
        "words": [
            "A",
            "basic",
            "1-bit",
            "ALU",
            "\u2013",
            "Subtraction",
            "2s",
            "Complement",
            "1-",
            "Invert",
            "Binvert",
            "Carry",
            "in",
            "2-Add",
            "one",
            "1",
            "1",
            "A",
            "Result",
            "B",
            "0",
            "+",
            "1",
            "Carry",
            "out",
            "22"
        ],
        "labels": [
            "O",
            "O",
            "O",
            "O",
            "O",
            "O",
            "O",
            "O",
            "O",
            "O",
            "O",
            "O",
            "O",
            "O",
            "O",
            "O",
            "O",
            "O",
            "O",
            "O",
            "O",
            "O",
            "O",
            "O",
            "O",
            "O"
        ]
    },
    {
        "words": [
            "A",
            "basic",
            "1-bit",
            "ALU",
            "\u2013",
            "Expanding",
            "the",
            "adder",
            "ALU",
            "\u2013",
            "Arithmetic",
            "and",
            "Logic",
            "Unit",
            "Binvert",
            "Carry",
            "in",
            "Operation",
            "\u25cf",
            "This",
            "ALU",
            "can",
            "perform",
            "the",
            "2",
            "arithmetic",
            "operations",
            "add",
            ",",
            "A",
            "and",
            "subtract",
            ".",
            "0",
            "\u25cf",
            "And",
            "the",
            "logic",
            "operations",
            "AND",
            ",",
            "OR",
            ",",
            "and",
            "NOT",
            "\u25cf",
            "Operation",
            "is",
            "selected",
            "by",
            "1",
            "the",
            "signal",
            "Operation",
            ":",
            "Result",
            "B",
            "(",
            "2-bits",
            ")",
            "0",
            "+",
            "2",
            "1",
            "00",
            "\u2013",
            "AND",
            ";",
            "01",
            "\u2013",
            "OR",
            ";",
            "Less",
            "10",
            "\u2013",
            "ADD",
            ";",
            "11",
            "\u2013",
            "SLT",
            "3",
            "Carry",
            "out",
            "23"
        ],
        "labels": [
            "O",
            "O",
            "O",
            "O",
            "O",
            "O",
            "O",
            "O",
            "O",
            "O",
            "O",
            "O",
            "O",
            "O",
            "O",
            "O",
            "O",
            "O",
            "O",
            "O",
            "O",
            "O",
            "O",
            "O",
            "O",
            "O",
            "O",
            "O",
            "O",
            "O",
            "O",
            "O",
            "O",
            "O",
            "O",
            "O",
            "O",
            "O",
            "O",
            "O",
            "O",
            "O",
            "O",
            "O",
            "O",
            "O",
            "O",
            "O",
            "O",
            "O",
            "O",
            "O",
            "O",
            "O",
            "O",
            "O",
            "O",
            "O",
            "O",
            "O",
            "O",
            "O",
            "O",
            "O",
            "O",
            "O",
            "O",
            "O",
            "O",
            "O",
            "O",
            "O",
            "O",
            "O",
            "O",
            "O",
            "O",
            "O",
            "O",
            "O",
            "O",
            "O",
            "O",
            "O"
        ]
    },
    {
        "words": [
            "A",
            "basic",
            "1-bit",
            "ALU",
            "\u2013",
            "Addition",
            "Binvert",
            "Carry",
            "in",
            "Operation",
            "The",
            "other",
            "0",
            "0",
            "2",
            "10",
            "outputs",
            "are",
            "being",
            "A",
            "calculated",
            ".",
            "0",
            "1",
            "Result",
            "B",
            "0",
            "+",
            "2",
            "But",
            "not",
            "1",
            "propagated",
            "Less",
            "3",
            "Carry",
            "out",
            "24"
        ],
        "labels": [
            "O",
            "O",
            "O",
            "O",
            "O",
            "O",
            "O",
            "O",
            "O",
            "O",
            "O",
            "O",
            "O",
            "O",
            "O",
            "O",
            "O",
            "O",
            "O",
            "O",
            "O",
            "O",
            "O",
            "O",
            "O",
            "O",
            "O",
            "O",
            "O",
            "O",
            "O",
            "O",
            "O",
            "O",
            "O",
            "O",
            "O",
            "O"
        ]
    },
    {
        "words": [
            "A",
            "basic",
            "1-bit",
            "ALU",
            "\u2013",
            "Subtraction",
            "Binvert",
            "Carry",
            "in",
            "Operation",
            "1",
            "1",
            "2",
            "10",
            "A",
            "0",
            "1",
            "Result",
            "B",
            "0",
            "+",
            "2",
            "1",
            "Less",
            "3",
            "Carry",
            "out",
            "25"
        ],
        "labels": [
            "O",
            "O",
            "O",
            "O",
            "O",
            "O",
            "O",
            "O",
            "O",
            "O",
            "O",
            "O",
            "O",
            "O",
            "O",
            "O",
            "O",
            "O",
            "O",
            "O",
            "O",
            "O",
            "O",
            "O",
            "O",
            "O",
            "O",
            "O"
        ]
    },
    {
        "words": [
            "A",
            "basic",
            "1-bit",
            "ALU",
            "\u2013",
            "AND",
            "Binvert",
            "Carry",
            "in",
            "Operation",
            "0",
            "X",
            "2",
            "00",
            "A",
            "0",
            "1",
            "Result",
            "B",
            "0",
            "+",
            "2",
            "1",
            "Less",
            "3",
            "Carry",
            "out",
            "26"
        ],
        "labels": [
            "O",
            "O",
            "O",
            "O",
            "O",
            "O",
            "O",
            "O",
            "O",
            "O",
            "O",
            "O",
            "O",
            "O",
            "O",
            "O",
            "O",
            "O",
            "O",
            "O",
            "O",
            "O",
            "O",
            "O",
            "O",
            "O",
            "O",
            "O"
        ]
    },
    {
        "words": [
            "A",
            "basic",
            "1-bit",
            "ALU",
            "\u2013",
            "OR",
            "Binvert",
            "Carry",
            "in",
            "Operation",
            "0",
            "X",
            "2",
            "01",
            "A",
            "0",
            "1",
            "Result",
            "B",
            "0",
            "+",
            "2",
            "1",
            "Less",
            "3",
            "Carry",
            "out",
            "27"
        ],
        "labels": [
            "O",
            "O",
            "O",
            "O",
            "O",
            "O",
            "O",
            "O",
            "O",
            "O",
            "O",
            "O",
            "O",
            "O",
            "O",
            "O",
            "O",
            "O",
            "O",
            "O",
            "O",
            "O",
            "O",
            "O",
            "O",
            "O",
            "O",
            "O"
        ]
    },
    {
        "words": [
            "A",
            "basic",
            "1-bit",
            "ALU",
            "\u2013",
            "NAND",
            "and",
            "NOR",
            "?",
            "Remember",
            "Boolean",
            "algebra",
            "?",
            "\ud835\udc34",
            "+",
            "\ud835\udc35",
            "=",
            "\ud835\udc34.",
            "\ud835\udc35",
            "\ud835\udc34\ud835\udc35",
            "=",
            "\ud835\udc34",
            "+",
            "\ud835\udc35",
            "\ud835\udc34",
            "\ud835\udc35",
            "\ud835\udc34+\ud835\udc35",
            "\ud835\udc34",
            "\ud835\udc35",
            "\ud835\udc34.",
            "\ud835\udc35",
            "\ud835\udc34",
            "\ud835\udc35",
            "\ud835\udc34\ud835\udc35",
            "\ud835\udc34",
            "\ud835\udc35",
            "\ud835\udc34",
            "+",
            "\ud835\udc35",
            "0",
            "0",
            "1",
            "1",
            "1",
            "1",
            "0",
            "0",
            "1",
            "1",
            "1",
            "1",
            "0",
            "1",
            "0",
            "1",
            "0",
            "0",
            "0",
            "1",
            "1",
            "1",
            "0",
            "1",
            "1",
            "0",
            "0",
            "0",
            "1",
            "0",
            "1",
            "0",
            "1",
            "0",
            "1",
            "1",
            "1",
            "1",
            "0",
            "0",
            "0",
            "0",
            "1",
            "1",
            "0",
            "0",
            "0",
            "0",
            "28"
        ],
        "labels": [
            "O",
            "O",
            "O",
            "O",
            "O",
            "O",
            "O",
            "O",
            "O",
            "O",
            "O",
            "O",
            "O",
            "O",
            "O",
            "O",
            "O",
            "O",
            "O",
            "O",
            "O",
            "O",
            "O",
            "O",
            "O",
            "O",
            "O",
            "O",
            "O",
            "O",
            "O",
            "O",
            "O",
            "O",
            "O",
            "O",
            "O",
            "O",
            "O",
            "O",
            "O",
            "O",
            "O",
            "O",
            "O",
            "O",
            "O",
            "O",
            "O",
            "O",
            "O",
            "O",
            "O",
            "O",
            "O",
            "O",
            "O",
            "O",
            "O",
            "O",
            "O",
            "O",
            "O",
            "O",
            "O",
            "O",
            "O",
            "O",
            "O",
            "O",
            "O",
            "O",
            "O",
            "O",
            "O",
            "O",
            "O",
            "O",
            "O",
            "O",
            "O",
            "O",
            "O",
            "O",
            "O",
            "O",
            "O",
            "O"
        ]
    },
    {
        "words": [
            "A",
            "basic",
            "1-bit",
            "ALU",
            "\u2013",
            "NAND",
            "We",
            "need",
            "to",
            "Ainvert",
            "Binvert",
            "Carry",
            "in",
            "Operation",
            "add",
            "another",
            "inverter",
            "and",
            "1",
            "1",
            "X",
            "2",
            "01",
            "mutex",
            "A",
            "0",
            "0",
            "1",
            "1",
            "Result",
            "B",
            "0",
            "+",
            "2",
            "1",
            "Less",
            "3",
            "Carry",
            "out",
            "29"
        ],
        "labels": [
            "O",
            "O",
            "O",
            "O",
            "O",
            "O",
            "O",
            "O",
            "O",
            "O",
            "O",
            "O",
            "O",
            "O",
            "O",
            "O",
            "O",
            "O",
            "O",
            "O",
            "O",
            "O",
            "O",
            "O",
            "O",
            "O",
            "O",
            "O",
            "O",
            "O",
            "O",
            "O",
            "O",
            "O",
            "O",
            "O",
            "O",
            "O",
            "O",
            "O"
        ]
    },
    {
        "words": [
            "A",
            "basic",
            "1-bit",
            "ALU",
            "\u2013",
            "NOR",
            "Ainvert",
            "Binvert",
            "Carry",
            "in",
            "Operation",
            "1",
            "1",
            "X",
            "2",
            "00",
            "A",
            "0",
            "0",
            "1",
            "1",
            "Result",
            "B",
            "0",
            "+",
            "2",
            "1",
            "Less",
            "3",
            "Carry",
            "out",
            "30"
        ],
        "labels": [
            "O",
            "O",
            "O",
            "O",
            "O",
            "O",
            "O",
            "O",
            "O",
            "O",
            "O",
            "O",
            "O",
            "O",
            "O",
            "O",
            "O",
            "O",
            "O",
            "O",
            "O",
            "O",
            "O",
            "O",
            "O",
            "O",
            "O",
            "O",
            "O",
            "O",
            "O",
            "O"
        ]
    },
    {
        "words": [
            "A",
            "basic",
            "1-bit",
            "ALU",
            ",",
            "with",
            "overflow",
            "detection",
            "\u25cf",
            "This",
            "ALU",
            "can",
            "detect",
            "overflow",
            "Ainvert",
            "Carry",
            "in",
            "Binvert",
            "Operation",
            "\u25cf",
            "Also",
            "allows",
            "to",
            "perform",
            "the",
            "SLT",
            "operation",
            "!",
            "2",
            "\u25cf",
            "Remember",
            "the",
            "slt",
            "instruction",
            "?",
            "A",
            "0",
            "0",
            "blt",
            "t0",
            ",",
            "t1",
            ",",
            "label",
            "1",
            "o",
            "It",
            "\u2019",
            "s",
            "equivalent",
            "to",
            "1",
            "slt",
            "at",
            ",",
            "t0",
            ",",
            "t1",
            "Result",
            "+",
            "bnq",
            "at",
            ",",
            "zero",
            ",",
            "label",
            "B",
            "0",
            "2",
            "\u25cf",
            "SLT",
            "\u2013",
            "Set",
            "if",
            "Less",
            "Then",
            "1",
            "o",
            "\u201c",
            "Set",
            "\u201d",
            "=",
            "1",
            "if",
            "a",
            "<",
            "b",
            "Less",
            "3",
            "o",
            "\u201c",
            "Set",
            "\u201d",
            "=",
            "0",
            "if",
            "a",
            ">",
            "=b",
            "Set",
            "Overflow",
            "Carry",
            "out",
            "31"
        ],
        "labels": [
            "O",
            "O",
            "O",
            "O",
            "O",
            "O",
            "O",
            "O",
            "O",
            "O",
            "O",
            "O",
            "O",
            "O",
            "O",
            "O",
            "O",
            "O",
            "O",
            "O",
            "O",
            "O",
            "O",
            "O",
            "O",
            "O",
            "O",
            "O",
            "O",
            "O",
            "O",
            "O",
            "O",
            "O",
            "O",
            "O",
            "O",
            "O",
            "O",
            "O",
            "O",
            "O",
            "O",
            "O",
            "O",
            "O",
            "O",
            "O",
            "O",
            "O",
            "O",
            "O",
            "O",
            "O",
            "O",
            "O",
            "O",
            "O",
            "O",
            "O",
            "O",
            "O",
            "O",
            "O",
            "O",
            "O",
            "O",
            "O",
            "O",
            "O",
            "O",
            "O",
            "O",
            "O",
            "O",
            "O",
            "O",
            "O",
            "O",
            "O",
            "O",
            "O",
            "O",
            "O",
            "O",
            "O",
            "O",
            "O",
            "O",
            "O",
            "O",
            "O",
            "O",
            "O",
            "O",
            "O",
            "O",
            "O",
            "O",
            "O",
            "O",
            "O",
            "O",
            "O"
        ]
    },
    {
        "words": [
            "A",
            "basic",
            "1-bit",
            "ALU",
            ",",
            "with",
            "overflow",
            "detection",
            "\u25cf",
            "This",
            "ALU",
            "can",
            "detect",
            "overflow",
            "Ainvert",
            "Carry",
            "in",
            "Binvert",
            "Operation",
            "\u25cf",
            "Also",
            "allows",
            "to",
            "perform",
            "the",
            "SLT",
            "operation",
            "!",
            "2",
            "\u25cf",
            "Remember",
            "the",
            "slt",
            "instruction",
            "?",
            "A",
            "0",
            "0",
            "blt",
            "t0",
            ",",
            "t1",
            ",",
            "label",
            "1",
            "o",
            "It",
            "\u2019",
            "s",
            "equivalent",
            "to",
            "1",
            "slt",
            "at",
            ",",
            "t0",
            ",",
            "t1",
            "Result",
            "+",
            "bnq",
            "at",
            ",",
            "zero",
            ",",
            "label",
            "B",
            "0",
            "2",
            "\u25cf",
            "SLT",
            "\u2013",
            "Set",
            "if",
            "Less",
            "Then",
            "1",
            "o",
            "\u201c",
            "Set",
            "\u201d",
            "=",
            "1",
            "if",
            "a",
            "<",
            "b",
            "Less",
            "3",
            "o",
            "\u201c",
            "Set",
            "\u201d",
            "=",
            "0",
            "if",
            "a",
            ">",
            "=b",
            "Set",
            "\u25cf",
            "What",
            "is",
            "the",
            "propagation",
            "delay",
            "?",
            "Overflow",
            "Carry",
            "out",
            "Assume",
            ":",
            "Not",
            ":",
            "2ns",
            ",",
            "Mux",
            ":",
            "6ns",
            ",",
            "(",
            "26ns",
            ")",
            "Adder",
            ":",
            "10ns",
            ",",
            "AND/OR/XOR",
            ":",
            "4ns",
            "32"
        ],
        "labels": [
            "O",
            "O",
            "O",
            "O",
            "O",
            "O",
            "O",
            "O",
            "O",
            "O",
            "O",
            "O",
            "O",
            "O",
            "O",
            "O",
            "O",
            "O",
            "O",
            "O",
            "O",
            "O",
            "O",
            "O",
            "O",
            "O",
            "O",
            "O",
            "O",
            "O",
            "O",
            "O",
            "O",
            "O",
            "O",
            "O",
            "O",
            "O",
            "O",
            "O",
            "O",
            "O",
            "O",
            "O",
            "O",
            "O",
            "O",
            "O",
            "O",
            "O",
            "O",
            "O",
            "O",
            "O",
            "O",
            "O",
            "O",
            "O",
            "O",
            "O",
            "O",
            "O",
            "O",
            "O",
            "O",
            "O",
            "O",
            "O",
            "O",
            "O",
            "O",
            "O",
            "O",
            "O",
            "O",
            "O",
            "O",
            "O",
            "O",
            "O",
            "O",
            "O",
            "O",
            "O",
            "O",
            "O",
            "O",
            "O",
            "O",
            "O",
            "O",
            "O",
            "O",
            "O",
            "O",
            "O",
            "O",
            "O",
            "O",
            "O",
            "O",
            "O",
            "O",
            "O",
            "O",
            "O",
            "O",
            "O",
            "O",
            "O",
            "O",
            "O",
            "O",
            "O",
            "O",
            "O",
            "O",
            "O",
            "O",
            "O",
            "O",
            "O",
            "O",
            "O",
            "O",
            "O",
            "O",
            "O",
            "O",
            "O",
            "O"
        ]
    },
    {
        "words": [
            "Building",
            "it",
            "up",
            "!",
            "Carry",
            "in",
            "can",
            "be",
            "\u25cf",
            "Combine",
            "multiple",
            "1-bit",
            "ALUs",
            "Ainvert",
            "Bnegate",
            "1",
            "connected",
            "to",
            "2",
            "Operation",
            "10",
            "0",
            "Binvert",
            "A0",
            "\u25cf",
            "We",
            "can",
            "combine",
            "the",
            "Binvert",
            "and",
            "Carry",
            "in",
            "B0",
            "Result0",
            "ALU",
            "0",
            "1",
            "Carry",
            "in",
            "signals",
            "Less",
            "Carry",
            "out",
            "o",
            "They",
            "are",
            "used",
            "simultaneously",
            "for",
            "subtractions",
            "A1",
            "Carry",
            "in",
            "o",
            "Otherwise",
            ",",
            "we",
            "don",
            "\u2019",
            "t",
            "care",
            "about",
            "B1",
            "ALU",
            "1",
            "Result1",
            "0",
            "the",
            "Carry",
            "in",
            "0",
            "Less",
            "Carry",
            "out",
            "A2",
            "Carry",
            "in",
            "Result2",
            "B2",
            "ALU",
            "2",
            "0",
            "0",
            "Less",
            "Carry",
            "out",
            "A31",
            "Carry",
            "in",
            "Result31",
            "B31",
            "ALU",
            "31",
            "Set",
            "0",
            "0",
            "Overflow",
            "Less",
            "Carry",
            "out",
            "1",
            "33"
        ],
        "labels": [
            "O",
            "O",
            "O",
            "O",
            "O",
            "O",
            "O",
            "O",
            "O",
            "O",
            "O",
            "O",
            "O",
            "O",
            "O",
            "O",
            "O",
            "O",
            "O",
            "O",
            "O",
            "O",
            "O",
            "O",
            "O",
            "O",
            "O",
            "O",
            "O",
            "O",
            "O",
            "O",
            "O",
            "O",
            "O",
            "O",
            "O",
            "O",
            "O",
            "O",
            "O",
            "O",
            "O",
            "O",
            "O",
            "O",
            "O",
            "O",
            "O",
            "O",
            "O",
            "O",
            "O",
            "O",
            "O",
            "O",
            "O",
            "O",
            "O",
            "O",
            "O",
            "O",
            "O",
            "O",
            "O",
            "O",
            "O",
            "O",
            "O",
            "O",
            "O",
            "O",
            "O",
            "O",
            "O",
            "O",
            "O",
            "O",
            "O",
            "O",
            "O",
            "O",
            "O",
            "O",
            "O",
            "O",
            "O",
            "O",
            "O",
            "O",
            "O",
            "O",
            "O",
            "O",
            "O",
            "O",
            "O",
            "O",
            "O",
            "O",
            "O",
            "O",
            "O"
        ]
    },
    {
        "words": [
            "Implementing",
            "SLT",
            "\u25cf",
            "SLT",
            "uses",
            "subtraction",
            "Ainvert",
            "Bnegate",
            "1",
            "2",
            "Operation",
            "11",
            "0",
            "slt",
            "at",
            ",",
            "t0",
            ",",
            "t1",
            "A0",
            "t0",
            "<",
            "t1",
            ":",
            "t0-t1",
            "<",
            "0",
            "Carry",
            "in",
            "B0",
            "Result0",
            "ALU",
            "0",
            "1",
            "o",
            "Set",
            "is",
            "1",
            "Less",
            "Carry",
            "out",
            "\u25cf",
            "Note",
            "how",
            "Set",
            "is",
            "connected",
            "to",
            "A1",
            "Carry",
            "in",
            "ALU0",
            "\u2019",
            "s",
            "Less",
            "input",
            "B1",
            "ALU",
            "1",
            "Result1",
            "0",
            "0",
            "Carry",
            "out",
            "Less",
            "\u25cf",
            "Could",
            "we",
            "use",
            "Result31",
            "instead",
            "?",
            "o",
            "No",
            ",",
            "note",
            "how",
            "the",
            "output",
            "is",
            "0",
            ",",
            "A2",
            "Carry",
            "in",
            "Result2",
            "B2",
            "0",
            "not",
            "1",
            "ALU",
            "2",
            "0",
            "Less",
            "Carry",
            "out",
            "A31",
            "Carry",
            "in",
            "Result31",
            "B31",
            "ALU",
            "31",
            "Set",
            "0",
            "0",
            "Overflow",
            "Less",
            "Carry",
            "out",
            "1",
            "34"
        ],
        "labels": [
            "O",
            "O",
            "O",
            "O",
            "O",
            "O",
            "O",
            "O",
            "O",
            "O",
            "O",
            "O",
            "O",
            "O",
            "O",
            "O",
            "O",
            "O",
            "O",
            "O",
            "O",
            "O",
            "O",
            "O",
            "O",
            "O",
            "O",
            "O",
            "O",
            "O",
            "O",
            "O",
            "O",
            "O",
            "O",
            "O",
            "O",
            "O",
            "O",
            "O",
            "O",
            "O",
            "O",
            "O",
            "O",
            "O",
            "O",
            "O",
            "O",
            "O",
            "O",
            "O",
            "O",
            "O",
            "O",
            "O",
            "O",
            "O",
            "O",
            "O",
            "O",
            "O",
            "O",
            "O",
            "O",
            "O",
            "O",
            "O",
            "O",
            "O",
            "O",
            "O",
            "O",
            "O",
            "O",
            "O",
            "O",
            "O",
            "O",
            "O",
            "O",
            "O",
            "O",
            "O",
            "O",
            "O",
            "O",
            "O",
            "O",
            "O",
            "O",
            "O",
            "O",
            "O",
            "O",
            "O",
            "O",
            "O",
            "O",
            "O",
            "O",
            "O",
            "O",
            "O",
            "O",
            "O",
            "O",
            "O",
            "O",
            "O",
            "O",
            "O"
        ]
    },
    {
        "words": [
            "A",
            "32-bit",
            "ALU",
            "Ainvert",
            "Bnegate",
            "Operation",
            "2",
            "A0",
            "Zero",
            "detection",
            "is",
            "so",
            "B0",
            "Carry",
            "in",
            "Result0",
            "common",
            "that",
            "is",
            "usually",
            "ALU",
            "0",
            "supported",
            "by",
            "ALUs",
            "Less",
            "Carry",
            "out",
            "4",
            "ALU",
            "operation",
            "E.g",
            ".",
            "beq",
            ",",
            "bne",
            "A1",
            "Carry",
            "in",
            "32",
            "B1",
            "Result1",
            "A",
            "32",
            "ALU",
            "1",
            "0",
            "Result",
            "Less",
            "Carry",
            "out",
            "Zero",
            "ALU",
            "Zero",
            "32",
            "Overflow",
            "A2",
            "Carry",
            "in",
            "Result2",
            "B",
            "B2",
            "ALU",
            "2",
            "0",
            "Less",
            "Carry",
            "out",
            "As",
            "we",
            "saw",
            "when",
            "we",
            "A31",
            "Carry",
            "in",
            "talked",
            "about",
            "overflow",
            ".",
            "B31",
            "Result31",
            "It",
            "can",
            "be",
            "detected",
            "in",
            "ALU",
            "31",
            "Set",
            "the",
            "MSB",
            "0",
            "Overflow",
            "Less",
            "Carry",
            "out",
            "35"
        ],
        "labels": [
            "O",
            "O",
            "O",
            "O",
            "O",
            "O",
            "O",
            "O",
            "O",
            "O",
            "O",
            "O",
            "O",
            "O",
            "O",
            "O",
            "O",
            "O",
            "O",
            "O",
            "O",
            "O",
            "O",
            "O",
            "O",
            "O",
            "O",
            "O",
            "O",
            "O",
            "O",
            "O",
            "O",
            "O",
            "O",
            "O",
            "O",
            "O",
            "O",
            "O",
            "O",
            "O",
            "O",
            "O",
            "O",
            "O",
            "O",
            "O",
            "O",
            "O",
            "O",
            "O",
            "O",
            "O",
            "O",
            "O",
            "O",
            "O",
            "O",
            "O",
            "O",
            "O",
            "O",
            "O",
            "O",
            "O",
            "O",
            "O",
            "O",
            "O",
            "O",
            "O",
            "O",
            "O",
            "O",
            "O",
            "O",
            "O",
            "O",
            "O",
            "O",
            "O",
            "O",
            "O",
            "O",
            "O",
            "O",
            "O",
            "O",
            "O",
            "O",
            "O",
            "O",
            "O",
            "O",
            "O",
            "O",
            "O"
        ]
    },
    {
        "words": [
            "A",
            "basic",
            "32-bit",
            "ALU",
            "?",
            "\u25cf",
            "ALUs",
            "are",
            "many",
            "times",
            "in",
            "the",
            "real",
            "world",
            "built",
            "as",
            "multiple",
            "Ainvert",
            "Bnegate",
            "Operation",
            "1-bit",
            "ALUs",
            ".",
            "1",
            "1",
            "2",
            "00",
            "A",
            "o",
            "Called",
            "bit-slicing",
            "0",
            "0",
            "\u25cf",
            "However",
            ",",
            "we",
            "can",
            "happily",
            "live",
            "in",
            "our",
            "ideal",
            "world",
            "for",
            "a",
            "1",
            "bit",
            "longer",
            "!",
            "1",
            "\u25cf",
            "We",
            "can",
            "build",
            "it",
            "much",
            "like",
            "Result",
            "the",
            "1-bit",
            "model",
            ",",
            "but",
            "just",
            "tell",
            "B",
            "Logisim",
            "to",
            "make",
            "the",
            "components",
            "\u2019",
            "\u201c",
            "Data",
            "Size",
            "\u201d",
            "32-bits",
            ".",
            "0",
            "+",
            "2",
            "1",
            "o",
            "i.e.",
            ",",
            "for",
            "your",
            "project",
            ".",
            "\u25cf",
            "Whew",
            "!",
            "<",
            "3",
            "Carry",
            "out",
            "Overflow",
            "36"
        ],
        "labels": [
            "O",
            "O",
            "O",
            "O",
            "O",
            "O",
            "O",
            "O",
            "O",
            "O",
            "O",
            "O",
            "O",
            "O",
            "O",
            "O",
            "O",
            "O",
            "O",
            "O",
            "O",
            "O",
            "O",
            "O",
            "O",
            "O",
            "O",
            "O",
            "O",
            "O",
            "O",
            "O",
            "O",
            "O",
            "O",
            "O",
            "O",
            "O",
            "O",
            "O",
            "O",
            "O",
            "O",
            "O",
            "O",
            "O",
            "O",
            "O",
            "O",
            "O",
            "O",
            "O",
            "O",
            "O",
            "O",
            "O",
            "O",
            "O",
            "O",
            "O",
            "O",
            "O",
            "O",
            "O",
            "O",
            "O",
            "O",
            "O",
            "O",
            "O",
            "O",
            "O",
            "O",
            "O",
            "O",
            "O",
            "O",
            "O",
            "O",
            "O",
            "O",
            "O",
            "O",
            "O",
            "O",
            "O",
            "O",
            "O",
            "O",
            "O",
            "O",
            "O",
            "O",
            "O",
            "O",
            "O",
            "O",
            "O",
            "O"
        ]
    },
    {
        "words": [
            "Zooming",
            "Out",
            "Again",
            "\u25cf",
            "Now",
            ",",
            "how",
            "to",
            "we",
            "wire",
            "up",
            "the",
            "Register",
            "File",
            "with",
            "the",
            "ALU",
            "?",
            "?",
            "o",
            "How",
            "do",
            "we",
            "know",
            "which",
            "registers",
            "to",
            "use",
            "?",
            "o",
            "How",
            "do",
            "we",
            "pull",
            "in",
            "instructions",
            "?",
            "\u25cf",
            "Tune",
            "in",
            "next",
            "time",
            "for\u2026",
            "o",
            "Control",
            "and",
            "Datapath",
            "4",
            "ALU",
            "operation",
            "32",
            "A",
            "32",
            "WriteEnable",
            "Result",
            "32",
            "ALU",
            "Zero",
            "WriteData",
            "32",
            "ReadData1",
            "32",
            "Overflow",
            "5",
            "B",
            "Register1",
            "32",
            "Register",
            "File",
            "ReadData2",
            "5",
            "Register2",
            "5",
            "WriteRegister",
            "37"
        ],
        "labels": [
            "O",
            "O",
            "O",
            "O",
            "O",
            "O",
            "O",
            "O",
            "O",
            "O",
            "O",
            "O",
            "O",
            "O",
            "O",
            "O",
            "O",
            "O",
            "O",
            "O",
            "O",
            "O",
            "O",
            "O",
            "O",
            "O",
            "O",
            "O",
            "O",
            "O",
            "O",
            "O",
            "O",
            "O",
            "O",
            "O",
            "O",
            "O",
            "O",
            "O",
            "O",
            "O",
            "O",
            "O",
            "O",
            "O",
            "O",
            "O",
            "O",
            "O",
            "O",
            "O",
            "O",
            "O",
            "O",
            "O",
            "O",
            "O",
            "O",
            "O",
            "O",
            "O",
            "O",
            "O",
            "O",
            "O",
            "O",
            "O",
            "O",
            "O",
            "O",
            "O",
            "O",
            "O",
            "O"
        ]
    }
]