[
    {
        "words": [
            "#",
            "11",
            "CS",
            "0447",
            "Introduction",
            "to",
            "Computer",
            "Programming",
            "Finite",
            "State",
            "Machines",
            "Lu\u00eds",
            "Oliveira",
            "Original",
            "slides",
            "by",
            ":",
            "David",
            "Wilkinson",
            "Modified",
            "with",
            "bits",
            "from",
            ":",
            "Bruce",
            "Childers",
            ",",
            "and",
            "Jarrett",
            "Billingsley",
            "Fall",
            "2020"
        ],
        "labels": [
            "O",
            "O",
            "O",
            "O",
            "O",
            "O",
            "O",
            "O",
            "O",
            "O",
            "O",
            "O",
            "O",
            "O",
            "O",
            "O",
            "O",
            "O",
            "O",
            "O",
            "O",
            "O",
            "O",
            "O",
            "O",
            "O",
            "O",
            "O",
            "O",
            "O",
            "O",
            "O"
        ]
    },
    {
        "words": [
            "Finite",
            "State",
            "Machines",
            "2"
        ],
        "labels": [
            "O",
            "O",
            "O",
            "O"
        ]
    },
    {
        "words": [
            "What",
            "'s",
            "an",
            "FSM",
            "?",
            "\u25cf",
            "A",
            "Finite",
            "State",
            "Machine",
            "is",
            "a",
            "machine",
            "with",
            "a",
            "finite",
            "number",
            "of",
            "states",
            ".",
            "o",
            ":",
            "\u2019",
            ")",
            "\u25cf",
            "A",
            "Finite",
            "State",
            "Machine",
            "is",
            "a",
            "way",
            "of",
            "thinking",
            "about",
            "a",
            "process",
            "where",
            ":",
            "o",
            "there",
            "is",
            "a",
            "series",
            "of",
            "inputs",
            "o",
            "we",
            "need",
            "to",
            "produce",
            "a",
            "series",
            "of",
            "outputs",
            "o",
            "the",
            "state",
            "stores",
            "some",
            "information",
            "o",
            "the",
            "inputs",
            "can",
            "change",
            "the",
            "state",
            "and",
            "the",
            "outputs",
            "\u25cf",
            "FSMs",
            "come",
            "up",
            "all",
            "the",
            "time",
            "in",
            "programming",
            "and",
            "hardware",
            "design",
            "\u25cf",
            "They",
            "'re",
            "great",
            "for",
            "controlling",
            "simple",
            "multiple-step",
            "procedures",
            "3"
        ],
        "labels": [
            "O",
            "O",
            "O",
            "O",
            "O",
            "O",
            "O",
            "O",
            "O",
            "O",
            "O",
            "O",
            "O",
            "O",
            "O",
            "O",
            "O",
            "O",
            "O",
            "O",
            "O",
            "O",
            "O",
            "O",
            "O",
            "O",
            "O",
            "O",
            "O",
            "O",
            "O",
            "O",
            "O",
            "O",
            "O",
            "O",
            "O",
            "O",
            "O",
            "O",
            "O",
            "O",
            "O",
            "O",
            "O",
            "O",
            "O",
            "O",
            "O",
            "O",
            "O",
            "O",
            "O",
            "O",
            "O",
            "O",
            "O",
            "O",
            "O",
            "O",
            "O",
            "O",
            "O",
            "O",
            "O",
            "O",
            "O",
            "O",
            "O",
            "O",
            "O",
            "O",
            "O",
            "O",
            "O",
            "O",
            "O",
            "O",
            "O",
            "O",
            "O",
            "O",
            "O",
            "O",
            "O",
            "O",
            "O",
            "O",
            "O",
            "O",
            "O",
            "O",
            "O"
        ]
    },
    {
        "words": [
            "A",
            "very",
            "simple",
            "example",
            "\u25cf",
            "what",
            "states",
            "can",
            "a",
            "ceiling",
            "fan",
            "be",
            "in",
            "?",
            "o",
            "high",
            ",",
            "medium",
            ",",
            "low",
            ",",
            "and",
            "off",
            "\u25cf",
            "what",
            "are",
            "the",
            "input",
            "and",
            "output",
            "?",
            "o",
            "the",
            "chain",
            "and",
            "the",
            "motor",
            "\u25cf",
            "when",
            "you",
            "pull",
            "the",
            "chain",
            ",",
            "it",
            "changes",
            "state",
            "pull",
            "pull",
            "pull",
            "off",
            "high",
            "med",
            "low",
            "pull",
            "4"
        ],
        "labels": [
            "O",
            "O",
            "O",
            "O",
            "O",
            "O",
            "O",
            "O",
            "O",
            "O",
            "O",
            "O",
            "O",
            "O",
            "O",
            "O",
            "O",
            "O",
            "O",
            "O",
            "O",
            "O",
            "O",
            "O",
            "O",
            "O",
            "O",
            "O",
            "O",
            "O",
            "O",
            "O",
            "O",
            "O",
            "O",
            "O",
            "O",
            "O",
            "O",
            "O",
            "O",
            "O",
            "O",
            "O",
            "O",
            "O",
            "O",
            "O",
            "O",
            "O",
            "O",
            "O",
            "O",
            "O",
            "O",
            "O"
        ]
    },
    {
        "words": [
            "Missing",
            "some",
            "arrows",
            "\u25cf",
            "at",
            "any",
            "point",
            "in",
            "time",
            ",",
            "which",
            "of",
            "2",
            "choices",
            "can",
            "the",
            "input",
            "(",
            "chain",
            ")",
            "be",
            "?",
            "o",
            "pulled",
            "or",
            "not-pulled",
            "\u25cf",
            "when",
            "you",
            "do",
            "n't",
            "pull",
            "the",
            "chain",
            ",",
            "what",
            "happens",
            "?",
            "pull",
            "pull",
            "pull",
            "no",
            "off",
            "no",
            "high",
            "no",
            "med",
            "no",
            "low",
            "pull",
            "pull",
            "pull",
            "pull",
            "pull",
            "this",
            "is",
            "the",
            "state",
            "transition",
            "diagram",
            "5"
        ],
        "labels": [
            "O",
            "O",
            "O",
            "O",
            "O",
            "O",
            "O",
            "O",
            "O",
            "O",
            "O",
            "O",
            "O",
            "O",
            "O",
            "O",
            "O",
            "O",
            "O",
            "O",
            "O",
            "O",
            "O",
            "O",
            "O",
            "O",
            "O",
            "O",
            "O",
            "O",
            "O",
            "O",
            "O",
            "O",
            "O",
            "O",
            "O",
            "O",
            "O",
            "O",
            "O",
            "O",
            "O",
            "O",
            "O",
            "O",
            "O",
            "O",
            "O",
            "O",
            "O",
            "O",
            "O",
            "O",
            "O",
            "O",
            "O",
            "O",
            "O",
            "O",
            "O"
        ]
    },
    {
        "words": [
            "The",
            "state",
            "transition",
            "table",
            "-",
            "Table-a-fyin",
            "\u2019",
            "it",
            "\u25cf",
            "we",
            "can",
            "represent",
            "this",
            "diagram",
            "with",
            "a",
            "truth",
            "table",
            "S",
            "In",
            "Snext",
            "off",
            "no",
            "pull",
            "off",
            "off",
            "pull",
            "high",
            "pull",
            "pull",
            "pull",
            "high",
            "no",
            "pull",
            "high",
            "off",
            "high",
            "med",
            "no",
            "low",
            "pull",
            "no",
            "no",
            "high",
            "med",
            "pull",
            "pull",
            "pull",
            "no",
            "pull",
            "med",
            "no",
            "pull",
            "med",
            "pull",
            "med",
            "pull",
            "low",
            "low",
            "no",
            "pull",
            "low",
            "low",
            "pull",
            "off",
            "6"
        ],
        "labels": [
            "O",
            "O",
            "O",
            "O",
            "O",
            "O",
            "O",
            "O",
            "O",
            "O",
            "O",
            "O",
            "O",
            "O",
            "O",
            "O",
            "O",
            "O",
            "O",
            "O",
            "O",
            "O",
            "O",
            "O",
            "O",
            "O",
            "O",
            "O",
            "O",
            "O",
            "O",
            "O",
            "O",
            "O",
            "O",
            "O",
            "O",
            "O",
            "O",
            "O",
            "O",
            "O",
            "O",
            "O",
            "O",
            "O",
            "O",
            "O",
            "O",
            "O",
            "O",
            "O",
            "O",
            "O",
            "O",
            "O",
            "O",
            "O",
            "O",
            "O",
            "O",
            "O",
            "O",
            "O",
            "O",
            "O"
        ]
    },
    {
        "words": [
            "The",
            "state",
            "transition",
            "table",
            "-",
            "Table-a-fyin",
            "\u2019",
            "it",
            "\u25cf",
            "we",
            "can",
            "represent",
            "this",
            "diagram",
            "with",
            "a",
            "truth",
            "table",
            "S",
            "In",
            "Snext",
            "\u25cf",
            "we",
            "have",
            "4",
            "states",
            ".",
            "how",
            "many",
            "bits",
            "00",
            "no",
            "0pull",
            "off",
            "00",
            "are",
            "needed",
            "to",
            "represent",
            "4",
            "values",
            "?",
            "off",
            "00",
            "off",
            "pull",
            "1",
            "01",
            "high",
            "pull",
            "pull",
            "pull",
            "01",
            "no",
            "0pull",
            "high",
            "high",
            "01",
            "off",
            "high",
            "med",
            "no",
            "low",
            "01",
            "pull",
            "1",
            "10",
            "no",
            "no",
            "high",
            "med",
            "pull",
            "pull",
            "pull",
            "no",
            "pull",
            "10",
            "no",
            "0pull",
            "med",
            "med",
            "10",
            "pull",
            "10",
            "med",
            "pull",
            "1",
            "11",
            "low",
            "for",
            "the",
            "state",
            ",",
            "let",
            "'s",
            "say",
            ":",
            "off",
            "means",
            "00",
            "11",
            "no",
            "0pull",
            "low",
            "low",
            "11",
            "high",
            "means",
            "01",
            "med",
            "means",
            "10",
            "11",
            "low",
            "pull",
            "1",
            "00",
            "off",
            "low",
            "means",
            "11",
            "7"
        ],
        "labels": [
            "O",
            "O",
            "O",
            "O",
            "O",
            "O",
            "O",
            "O",
            "O",
            "O",
            "O",
            "O",
            "O",
            "O",
            "O",
            "O",
            "O",
            "O",
            "O",
            "O",
            "O",
            "O",
            "O",
            "O",
            "O",
            "O",
            "O",
            "O",
            "O",
            "O",
            "O",
            "O",
            "O",
            "O",
            "O",
            "O",
            "O",
            "O",
            "O",
            "O",
            "O",
            "O",
            "O",
            "O",
            "O",
            "O",
            "O",
            "O",
            "O",
            "O",
            "O",
            "O",
            "O",
            "O",
            "O",
            "O",
            "O",
            "O",
            "O",
            "O",
            "O",
            "O",
            "O",
            "O",
            "O",
            "O",
            "O",
            "O",
            "O",
            "O",
            "O",
            "O",
            "O",
            "O",
            "O",
            "O",
            "O",
            "O",
            "O",
            "O",
            "O",
            "O",
            "O",
            "O",
            "O",
            "O",
            "O",
            "O",
            "O",
            "O",
            "O",
            "O",
            "O",
            "O",
            "O",
            "O",
            "O",
            "O",
            "O",
            "O",
            "O",
            "O",
            "O",
            "O",
            "O",
            "O",
            "O",
            "O",
            "O",
            "O",
            "O",
            "O",
            "O",
            "O",
            "O",
            "O",
            "O",
            "O",
            "O",
            "O",
            "O",
            "O"
        ]
    },
    {
        "words": [
            "The",
            "state",
            "transition",
            "table",
            "-",
            "Table-a-fyin",
            "\u2019",
            "it",
            "\u25cf",
            "we",
            "can",
            "represent",
            "this",
            "diagram",
            "with",
            "a",
            "truth",
            "table",
            "S",
            "In",
            "Snext",
            "\u25cf",
            "we",
            "have",
            "4",
            "states",
            ".",
            "how",
            "many",
            "bits",
            "00",
            "no0pull",
            "00",
            "are",
            "needed",
            "to",
            "represent",
            "4",
            "values",
            "?",
            "00",
            "pull",
            "1",
            "01",
            "pull",
            "pull",
            "pull",
            "01",
            "no0pull",
            "01",
            "off",
            "no",
            "high",
            "no",
            "med",
            "no",
            "low",
            "01",
            "pull",
            "1",
            "10",
            "pull",
            "pull",
            "pull",
            "no",
            "10",
            "no0pull",
            "10",
            "pull",
            "pull",
            "10",
            "pull",
            "1",
            "11",
            "for",
            "the",
            "input",
            ",",
            "let",
            "'s",
            "say",
            ":",
            "0",
            "means",
            "not",
            "pulling",
            "11",
            "no0pull",
            "11",
            "1",
            "means",
            "pulling",
            "11",
            "pull",
            "1",
            "00",
            "8"
        ],
        "labels": [
            "O",
            "O",
            "O",
            "O",
            "O",
            "O",
            "O",
            "O",
            "O",
            "O",
            "O",
            "O",
            "O",
            "O",
            "O",
            "O",
            "O",
            "O",
            "O",
            "O",
            "O",
            "O",
            "O",
            "O",
            "O",
            "O",
            "O",
            "O",
            "O",
            "O",
            "O",
            "O",
            "O",
            "O",
            "O",
            "O",
            "O",
            "O",
            "O",
            "O",
            "O",
            "O",
            "O",
            "O",
            "O",
            "O",
            "O",
            "O",
            "O",
            "O",
            "O",
            "O",
            "O",
            "O",
            "O",
            "O",
            "O",
            "O",
            "O",
            "O",
            "O",
            "O",
            "O",
            "O",
            "O",
            "O",
            "O",
            "O",
            "O",
            "O",
            "O",
            "O",
            "O",
            "O",
            "O",
            "O",
            "O",
            "O",
            "O",
            "O",
            "O",
            "O",
            "O",
            "O",
            "O",
            "O",
            "O",
            "O",
            "O",
            "O",
            "O",
            "O",
            "O",
            "O",
            "O",
            "O",
            "O"
        ]
    },
    {
        "words": [
            "The",
            "state",
            "transition",
            "table",
            "-",
            "Table-a-fyin",
            "\u2019",
            "it",
            "\u25cf",
            "we",
            "can",
            "represent",
            "this",
            "diagram",
            "with",
            "a",
            "truth",
            "table",
            "S",
            "In",
            "Snext",
            "\u25cf",
            "we",
            "have",
            "4",
            "states",
            ".",
            "how",
            "many",
            "bits",
            "00",
            "0",
            "00",
            "are",
            "needed",
            "to",
            "represent",
            "4",
            "values",
            "?",
            "00",
            "1",
            "01",
            "1",
            "1",
            "1",
            "01",
            "0",
            "01",
            "off",
            "0",
            "high",
            "0",
            "med",
            "0",
            "low",
            "01",
            "1",
            "10",
            "0",
            "1",
            "10",
            "0",
            "10",
            "10",
            "1",
            "11",
            "for",
            "the",
            "input",
            ",",
            "let",
            "'s",
            "say",
            ":",
            "0",
            "means",
            "not",
            "pulling",
            "11",
            "0",
            "11",
            "1",
            "means",
            "pulling",
            "11",
            "1",
            "00",
            "9"
        ],
        "labels": [
            "O",
            "O",
            "O",
            "O",
            "O",
            "O",
            "O",
            "O",
            "O",
            "O",
            "O",
            "O",
            "O",
            "O",
            "O",
            "O",
            "O",
            "O",
            "O",
            "O",
            "O",
            "O",
            "O",
            "O",
            "O",
            "O",
            "O",
            "O",
            "O",
            "O",
            "O",
            "O",
            "O",
            "O",
            "O",
            "O",
            "O",
            "O",
            "O",
            "O",
            "O",
            "O",
            "O",
            "O",
            "O",
            "O",
            "O",
            "O",
            "O",
            "O",
            "O",
            "O",
            "O",
            "O",
            "O",
            "O",
            "O",
            "O",
            "O",
            "O",
            "O",
            "O",
            "O",
            "O",
            "O",
            "O",
            "O",
            "O",
            "O",
            "O",
            "O",
            "O",
            "O",
            "O",
            "O",
            "O",
            "O",
            "O",
            "O",
            "O",
            "O",
            "O",
            "O",
            "O",
            "O",
            "O",
            "O",
            "O",
            "O"
        ]
    },
    {
        "words": [
            "It",
            "\u2019",
            "s",
            "a",
            "UNIX",
            "system",
            "truth",
            "table",
            ",",
            "I",
            "know",
            "this",
            "!",
            "*",
            "it",
            "\u2019",
            "s",
            "a",
            "Silicon",
            "Graphics",
            "IRIX",
            ",",
            "which",
            "counts\u2026",
            "kinda",
            "Image",
            "from",
            "Jurassic",
            "Park",
            "(",
            "1993",
            ")",
            ",",
            "distributed",
            "by",
            "Universal",
            "Pictures",
            "10"
        ],
        "labels": [
            "O",
            "O",
            "O",
            "O",
            "O",
            "O",
            "O",
            "O",
            "O",
            "O",
            "O",
            "O",
            "O",
            "O",
            "O",
            "O",
            "O",
            "O",
            "O",
            "O",
            "O",
            "O",
            "O",
            "O",
            "O",
            "O",
            "O",
            "O",
            "O",
            "O",
            "O",
            "O",
            "O",
            "O",
            "O",
            "O",
            "O",
            "O"
        ]
    },
    {
        "words": [
            "Truth",
            "tables",
            "with",
            "multiple",
            "output",
            "bits",
            "\u25cf",
            "there",
            "'s",
            "no",
            "tricky",
            "stuff",
            "here",
            "\u2013",
            "each",
            "output",
            "bit",
            "is",
            "its",
            "own",
            "expression",
            "S",
            "In",
            "Snext",
            "S1",
            "S0",
            "In",
            "Snext1",
            "S1",
            "S0",
            "In",
            "Snext0",
            "00",
            "0",
            "00",
            "0",
            "0",
            "0",
            "0",
            "0",
            "0",
            "0",
            "0",
            "00",
            "1",
            "01",
            "0",
            "0",
            "1",
            "0",
            "0",
            "0",
            "1",
            "1",
            "01",
            "0",
            "01",
            "0",
            "1",
            "0",
            "0",
            "0",
            "1",
            "0",
            "1",
            "01",
            "1",
            "10",
            "0",
            "1",
            "1",
            "1",
            "0",
            "1",
            "1",
            "0",
            "10",
            "0",
            "10",
            "1",
            "0",
            "0",
            "1",
            "1",
            "0",
            "0",
            "0",
            "10",
            "1",
            "11",
            "1",
            "0",
            "1",
            "1",
            "1",
            "0",
            "1",
            "1",
            "11",
            "0",
            "11",
            "1",
            "1",
            "0",
            "1",
            "1",
            "1",
            "0",
            "1",
            "11",
            "1",
            "00",
            "1",
            "1",
            "1",
            "0",
            "1",
            "1",
            "1",
            "0",
            "11"
        ],
        "labels": [
            "O",
            "O",
            "O",
            "O",
            "O",
            "O",
            "O",
            "O",
            "O",
            "O",
            "O",
            "O",
            "O",
            "O",
            "O",
            "O",
            "O",
            "O",
            "O",
            "O",
            "O",
            "O",
            "O",
            "O",
            "O",
            "O",
            "O",
            "O",
            "O",
            "O",
            "O",
            "O",
            "O",
            "O",
            "O",
            "O",
            "O",
            "O",
            "O",
            "O",
            "O",
            "O",
            "O",
            "O",
            "O",
            "O",
            "O",
            "O",
            "O",
            "O",
            "O",
            "O",
            "O",
            "O",
            "O",
            "O",
            "O",
            "O",
            "O",
            "O",
            "O",
            "O",
            "O",
            "O",
            "O",
            "O",
            "O",
            "O",
            "O",
            "O",
            "O",
            "O",
            "O",
            "O",
            "O",
            "O",
            "O",
            "O",
            "O",
            "O",
            "O",
            "O",
            "O",
            "O",
            "O",
            "O",
            "O",
            "O",
            "O",
            "O",
            "O",
            "O",
            "O",
            "O",
            "O",
            "O",
            "O",
            "O",
            "O",
            "O",
            "O",
            "O",
            "O",
            "O",
            "O",
            "O",
            "O",
            "O",
            "O",
            "O",
            "O",
            "O",
            "O",
            "O",
            "O",
            "O",
            "O",
            "O",
            "O",
            "O",
            "O"
        ]
    },
    {
        "words": [
            "What",
            "about",
            "the",
            "outputs",
            "\u25cf",
            "our",
            "fan",
            "controller",
            "has",
            "to",
            "control",
            "the",
            "motor",
            "after",
            "all",
            "Assume",
            "this",
            "is",
            "how",
            "you",
            "\u25cf",
            "we",
            "can",
            "make",
            "a",
            "table",
            "showing",
            "the",
            "output",
            "(",
            "s",
            ")",
            "for",
            "each",
            "state",
            "control",
            "the",
            "motor",
            "note",
            "that",
            "the",
            "State",
            "Motor",
            "power",
            "Output",
            "input",
            "is",
            "n't",
            "involved",
            "at",
            "all",
            "off",
            "0",
            "%",
            "00",
            "the",
            "outputs",
            "high",
            "100",
            "%",
            "11",
            "only",
            "have",
            "to",
            "depend",
            "on",
            "the",
            "med",
            "50",
            "%",
            "10",
            "current",
            "state",
            "!",
            "low",
            "25",
            "%",
            "01",
            "12"
        ],
        "labels": [
            "O",
            "O",
            "O",
            "O",
            "O",
            "O",
            "O",
            "O",
            "O",
            "O",
            "O",
            "O",
            "O",
            "O",
            "O",
            "O",
            "O",
            "O",
            "O",
            "O",
            "O",
            "O",
            "O",
            "O",
            "O",
            "O",
            "O",
            "O",
            "O",
            "O",
            "O",
            "O",
            "O",
            "O",
            "O",
            "O",
            "O",
            "O",
            "O",
            "O",
            "O",
            "O",
            "O",
            "O",
            "O",
            "O",
            "O",
            "O",
            "O",
            "O",
            "O",
            "O",
            "O",
            "O",
            "O",
            "O",
            "O",
            "O",
            "O",
            "O",
            "O",
            "O",
            "O",
            "O",
            "O",
            "O",
            "O",
            "O",
            "O",
            "O",
            "O",
            "O",
            "O",
            "O",
            "O",
            "O",
            "O",
            "O",
            "O"
        ]
    },
    {
        "words": [
            "Representing",
            "the",
            "output",
            "\u25cf",
            "We",
            "can",
            "represent",
            "the",
            "output",
            "in",
            "the",
            "state",
            "machine",
            "!",
            "S",
            "Output",
            "1",
            "1",
            "1",
            "00",
            "00",
            "off",
            "high",
            "med",
            "low",
            "0",
            "0",
            "0",
            "01",
            "11",
            "[",
            "00",
            "]",
            "[",
            "11",
            "]",
            "[",
            "10",
            "]",
            "[",
            "01",
            "]",
            "10",
            "10",
            "0",
            "1",
            "11",
            "01",
            "13"
        ],
        "labels": [
            "O",
            "O",
            "O",
            "O",
            "O",
            "O",
            "O",
            "O",
            "O",
            "O",
            "O",
            "O",
            "O",
            "O",
            "O",
            "O",
            "O",
            "O",
            "O",
            "O",
            "O",
            "O",
            "O",
            "O",
            "O",
            "O",
            "O",
            "O",
            "O",
            "O",
            "O",
            "O",
            "O",
            "O",
            "O",
            "O",
            "O",
            "O",
            "O",
            "O",
            "O",
            "O",
            "O",
            "O",
            "O",
            "O",
            "O",
            "O",
            "O"
        ]
    },
    {
        "words": [
            "Making",
            "a",
            "circuit",
            "out",
            "of",
            "it",
            "\u25cf",
            "This",
            "is",
            "a",
            "sequential",
            "circuit",
            "\u2013",
            "the",
            "state",
            "changes",
            "over",
            "time",
            "\u25cf",
            "But",
            "the",
            "state",
            "transition",
            "and",
            "output",
            "tables",
            "are",
            "just",
            "combinational",
            "\u25cf",
            "Here",
            "'s",
            "the",
            "general",
            "organization",
            "of",
            "any",
            "Moore",
            "FSM",
            "circuit",
            ":",
            "state",
            "feeds",
            "back",
            "into",
            "transition",
            "logic",
            "outputs",
            "based",
            "on",
            "state",
            "outputs",
            "inputs",
            "D",
            "Q",
            "transition",
            "output",
            "logic",
            "state",
            "logic",
            "register",
            "14"
        ],
        "labels": [
            "O",
            "O",
            "O",
            "O",
            "O",
            "O",
            "O",
            "O",
            "O",
            "O",
            "O",
            "O",
            "O",
            "O",
            "O",
            "O",
            "O",
            "O",
            "O",
            "O",
            "O",
            "O",
            "O",
            "O",
            "O",
            "O",
            "O",
            "O",
            "O",
            "O",
            "O",
            "O",
            "O",
            "O",
            "O",
            "O",
            "O",
            "O",
            "O",
            "O",
            "O",
            "O",
            "O",
            "O",
            "O",
            "O",
            "O",
            "O",
            "O",
            "O",
            "O",
            "O",
            "O",
            "O",
            "O",
            "O",
            "O",
            "O",
            "O",
            "O",
            "O",
            "O"
        ]
    },
    {
        "words": [
            "How",
            "to",
            "create",
            "a",
            "state",
            "machine",
            "?",
            "\u25cf",
            "Understand",
            "the",
            "problem",
            "\u25cf",
            "Represent",
            "all",
            "possible",
            "states",
            "and",
            "transitions",
            "\u25cf",
            "Encode",
            "the",
            "states",
            "\u25cf",
            "Implement",
            "the",
            "machine",
            "15"
        ],
        "labels": [
            "O",
            "O",
            "O",
            "O",
            "O",
            "O",
            "O",
            "O",
            "O",
            "O",
            "O",
            "O",
            "O",
            "O",
            "O",
            "O",
            "O",
            "O",
            "O",
            "O",
            "O",
            "O",
            "O",
            "O",
            "O",
            "O",
            "O"
        ]
    },
    {
        "words": [
            "Understanding",
            "the",
            "problem",
            "A",
            "problem",
            ":",
            "\u25cf",
            "You",
            "have",
            "an",
            "espresso",
            "machine",
            "o",
            "Each",
            "espresso",
            "costs",
            "15c",
            "<",
            "3",
            "o",
            "The",
            "machine",
            "takes",
            ":",
            "\u25aa",
            "5c",
            "-",
            "(",
            "N",
            ")",
            "ickels",
            "\u25aa",
            "10c",
            "-",
            "(",
            "D",
            ")",
            "imes",
            "o",
            "No",
            "change",
            "is",
            "given",
            "back",
            "!",
            "N",
            "Coin",
            "sensor",
            "D",
            "Espresso",
            "Pour",
            "Coffee",
            "machine",
            "Brewer",
            "Reset",
            "16"
        ],
        "labels": [
            "O",
            "O",
            "O",
            "O",
            "O",
            "O",
            "O",
            "O",
            "O",
            "O",
            "O",
            "O",
            "O",
            "O",
            "O",
            "O",
            "O",
            "O",
            "O",
            "O",
            "O",
            "O",
            "O",
            "O",
            "O",
            "O",
            "O",
            "O",
            "O",
            "O",
            "O",
            "O",
            "O",
            "O",
            "O",
            "O",
            "O",
            "O",
            "O",
            "O",
            "O",
            "O",
            "O",
            "O",
            "O",
            "O",
            "O",
            "O",
            "O",
            "O",
            "O",
            "O",
            "O",
            "O",
            "O",
            "O"
        ]
    },
    {
        "words": [
            "Represent",
            "all",
            "possible",
            "states",
            "and",
            "transitions",
            "Reset",
            "S",
            "D",
            "N",
            "Snext",
            "Output",
            "0c",
            "0",
            "0",
            "0c",
            "0",
            "0c",
            "0c",
            "0",
            "1",
            "5c",
            "0",
            "0c",
            "[",
            "0",
            "]",
            "0c",
            "1",
            "0",
            "10c",
            "0",
            "0c",
            "1",
            "1",
            "X",
            "X",
            "N",
            "0c",
            "5c",
            "0",
            "0",
            "5c",
            "0",
            "5c",
            "[",
            "0",
            "]",
            "D",
            "5c",
            "0",
            "1",
            "10c",
            "0",
            "5c",
            "1",
            "0",
            "15c",
            "0",
            "N",
            "0c",
            "5c",
            "1",
            "1",
            "X",
            "X",
            "10c",
            "D",
            "10c",
            "0",
            "0",
            "10c",
            "0",
            "[",
            "0",
            "]",
            "10c",
            "0",
            "1",
            "15c",
            "0",
            "N",
            "D",
            "10c",
            "1",
            "0",
            "15c",
            "0",
            "15c",
            "10c",
            "1",
            "1",
            "X",
            "X",
            "[",
            "1",
            "]",
            "15c",
            "X",
            "X",
            "15c",
            "1",
            "17"
        ],
        "labels": [
            "O",
            "O",
            "O",
            "O",
            "O",
            "O",
            "O",
            "O",
            "O",
            "O",
            "O",
            "O",
            "O",
            "O",
            "O",
            "O",
            "O",
            "O",
            "O",
            "O",
            "O",
            "O",
            "O",
            "O",
            "O",
            "O",
            "O",
            "O",
            "O",
            "O",
            "O",
            "O",
            "O",
            "O",
            "O",
            "O",
            "O",
            "O",
            "O",
            "O",
            "O",
            "O",
            "O",
            "O",
            "O",
            "O",
            "O",
            "O",
            "O",
            "O",
            "O",
            "O",
            "O",
            "O",
            "O",
            "O",
            "O",
            "O",
            "O",
            "O",
            "O",
            "O",
            "O",
            "O",
            "O",
            "O",
            "O",
            "O",
            "O",
            "O",
            "O",
            "O",
            "O",
            "O",
            "O",
            "O",
            "O",
            "O",
            "O",
            "O",
            "O",
            "O",
            "O",
            "O",
            "O",
            "O",
            "O",
            "O",
            "O",
            "O",
            "O",
            "O",
            "O",
            "O",
            "O",
            "O",
            "O",
            "O",
            "O",
            "O",
            "O",
            "O",
            "O"
        ]
    },
    {
        "words": [
            "Encode",
            "the",
            "states",
            "S",
            "D",
            "N",
            "Snext",
            "Output",
            "00",
            "0c",
            "0",
            "0",
            "00",
            "0c",
            "0",
            "00",
            "0c",
            "0",
            "1",
            "01",
            "5c",
            "0",
            "00",
            "0c",
            "1",
            "0",
            "10c",
            "10",
            "0",
            "00",
            "0c",
            "1",
            "1",
            "X",
            "X",
            "0",
            "S",
            "Encoded",
            "01",
            "5c",
            "0",
            "0",
            "01",
            "5c",
            "0",
            "0c",
            "00",
            "01",
            "5c",
            "0",
            "1",
            "10c",
            "10",
            "0",
            "5c",
            "01",
            "01",
            "5c",
            "1",
            "0",
            "15c",
            "11",
            "0",
            "10c",
            "10",
            "01",
            "5c",
            "1",
            "1",
            "X",
            "X",
            "0",
            "15c",
            "11",
            "10c",
            "10",
            "0",
            "0",
            "10c",
            "10",
            "0",
            "10c",
            "10",
            "0",
            "1",
            "15c",
            "11",
            "0",
            "10c",
            "10",
            "1",
            "0",
            "15c",
            "11",
            "0",
            "10c",
            "10",
            "1",
            "1",
            "X",
            "X",
            "0",
            "15c",
            "11",
            "X",
            "X",
            "15c",
            "11",
            "1",
            "18"
        ],
        "labels": [
            "O",
            "O",
            "O",
            "O",
            "O",
            "O",
            "O",
            "O",
            "O",
            "O",
            "O",
            "O",
            "O",
            "O",
            "O",
            "O",
            "O",
            "O",
            "O",
            "O",
            "O",
            "O",
            "O",
            "O",
            "O",
            "O",
            "O",
            "O",
            "O",
            "O",
            "O",
            "O",
            "O",
            "O",
            "O",
            "O",
            "O",
            "O",
            "O",
            "O",
            "O",
            "O",
            "O",
            "O",
            "O",
            "O",
            "O",
            "O",
            "O",
            "O",
            "O",
            "O",
            "O",
            "O",
            "O",
            "O",
            "O",
            "O",
            "O",
            "O",
            "O",
            "O",
            "O",
            "O",
            "O",
            "O",
            "O",
            "O",
            "O",
            "O",
            "O",
            "O",
            "O",
            "O",
            "O",
            "O",
            "O",
            "O",
            "O",
            "O",
            "O",
            "O",
            "O",
            "O",
            "O",
            "O",
            "O",
            "O",
            "O",
            "O",
            "O",
            "O",
            "O",
            "O",
            "O",
            "O",
            "O",
            "O",
            "O",
            "O",
            "O",
            "O",
            "O",
            "O",
            "O",
            "O",
            "O",
            "O",
            "O",
            "O"
        ]
    },
    {
        "words": [
            "Our",
            "good",
            "old",
            "friend",
            "K-map",
            "-",
            "\ud835\udc7a\ud835\udc8f\ud835\udc86\ud835\udc99\ud835\udc95\ud835\udfce",
            "\ud835\udc7a\ud835\udfcf",
            "\ud835\udc7a\ud835\udfce",
            "Red",
            ":",
            "\ud835\udc03\ud835\udc12\ud835\udfcf",
            "Green",
            ":",
            "\ud835\udc75\ud835\udc7a\ud835\udfce",
            "\ud835\udc6b\ud835\udc75",
            "\ud835\udfce\ud835\udfce",
            "\ud835\udfce\ud835\udfcf",
            "\ud835\udfcf\ud835\udfcf",
            "\ud835\udfcf\ud835\udfce",
            "Blue",
            ":",
            "\ud835\udc75\u0d25",
            "\ud835\udc12\ud835\udfce",
            "Purple",
            ":",
            "\ud835\udc0d\ud835\udc12\ud835\udfcf",
            "\ud835\udfce\ud835\udfce",
            "0",
            "1",
            "1",
            "0",
            "\ud835\udc7a\ud835\udc8f\ud835\udc86\ud835\udc99\ud835\udc95\ud835\udfce",
            "=",
            "\ud835\udc03\ud835\udc12\ud835\udfcf",
            "+",
            "\ud835\udc75\ud835\udc7a\ud835\udfce",
            "\u0d25",
            "\ud835\udc12\ud835\udfce",
            "+",
            "\ud835\udc0d\ud835\udc12\ud835\udfcf",
            "+\ud835\udc75",
            "\ud835\udfce\ud835\udfcf",
            "1",
            "0",
            "1",
            "1",
            "\ud835\udfcf\ud835\udfcf",
            "X",
            "X",
            "X",
            "X",
            "\ud835\udfcf\ud835\udfce",
            "0",
            "1",
            "1",
            "1",
            "19"
        ],
        "labels": [
            "O",
            "O",
            "O",
            "O",
            "O",
            "O",
            "O",
            "O",
            "O",
            "O",
            "O",
            "O",
            "O",
            "O",
            "O",
            "O",
            "O",
            "O",
            "O",
            "O",
            "O",
            "O",
            "O",
            "O",
            "O",
            "O",
            "O",
            "O",
            "O",
            "O",
            "O",
            "O",
            "O",
            "O",
            "O",
            "O",
            "O",
            "O",
            "O",
            "O",
            "O",
            "O",
            "O",
            "O",
            "O",
            "O",
            "O",
            "O",
            "O",
            "O",
            "O",
            "O",
            "O",
            "O",
            "O",
            "O",
            "O",
            "O"
        ]
    },
    {
        "words": [
            "Our",
            "good",
            "old",
            "friend",
            "K-map",
            "-\ud835\udc7a\ud835\udc8f\ud835\udc86\ud835\udc99\ud835\udc95\ud835\udfcf",
            "\ud835\udc7a\ud835\udfcf",
            "\ud835\udc7a\ud835\udfce",
            "Red",
            ":",
            "\ud835\udc12\ud835\udfcf",
            "\ud835\udc6b\ud835\udc75",
            "\ud835\udfce\ud835\udfce",
            "\ud835\udfce\ud835\udfcf",
            "\ud835\udfcf\ud835\udfcf",
            "\ud835\udfcf\ud835\udfce",
            "Green",
            ":",
            "\ud835\udc0d\ud835\udc12\ud835\udfce",
            "Blue",
            ":",
            "\ud835\udc03",
            "\ud835\udfce\ud835\udfce",
            "0",
            "0",
            "1",
            "1",
            "\ud835\udc7a\ud835\udc8f\ud835\udc86\ud835\udc99\ud835\udc95\ud835\udfcf",
            "=",
            "\ud835\udc12\ud835\udfcf",
            "+",
            "\ud835\udc0d\ud835\udc12\ud835\udfce",
            "+",
            "\ud835\udc03",
            "\ud835\udfce\ud835\udfcf",
            "0",
            "1",
            "1",
            "1",
            "\ud835\udfcf\ud835\udfcf",
            "X",
            "X",
            "X",
            "X",
            "\ud835\udfcf\ud835\udfce",
            "1",
            "1",
            "1",
            "1",
            "20"
        ],
        "labels": [
            "O",
            "O",
            "O",
            "O",
            "O",
            "O",
            "O",
            "O",
            "O",
            "O",
            "O",
            "O",
            "O",
            "O",
            "O",
            "O",
            "O",
            "O",
            "O",
            "O",
            "O",
            "O",
            "O",
            "O",
            "O",
            "O",
            "O",
            "O",
            "O",
            "O",
            "O",
            "O",
            "O",
            "O",
            "O",
            "O",
            "O",
            "O",
            "O",
            "O",
            "O",
            "O",
            "O",
            "O",
            "O",
            "O",
            "O",
            "O",
            "O",
            "O"
        ]
    },
    {
        "words": [
            "Our",
            "good",
            "old",
            "friend",
            "K-map",
            "-",
            "Output",
            "\ud835\udc7a\ud835\udfce",
            "\ud835\udc7a\ud835\udfcf",
            "Red",
            ":",
            "\ud835\udc12\ud835\udfce",
            "\ud835\udc12\ud835\udfcf",
            "\ud835\udfce",
            "\ud835\udfcf",
            "Output=",
            "\ud835\udc12\ud835\udfce",
            "\ud835\udc12\ud835\udfcf",
            "\ud835\udfce",
            "0",
            "0",
            "\ud835\udfcf",
            "0",
            "1",
            "21"
        ],
        "labels": [
            "O",
            "O",
            "O",
            "O",
            "O",
            "O",
            "O",
            "O",
            "O",
            "O",
            "O",
            "O",
            "O",
            "O",
            "O",
            "O",
            "O",
            "O",
            "O",
            "O",
            "O",
            "O",
            "O",
            "O",
            "O"
        ]
    },
    {
        "words": [
            "Get",
            "everything",
            "together",
            "22"
        ],
        "labels": [
            "O",
            "O",
            "O",
            "O"
        ]
    }
]