[
    {
        "words": [
            "#",
            "12",
            "CS",
            "0447",
            "Introduction",
            "to",
            "Computer",
            "Programming",
            "Controlling",
            "the",
            "PC",
            "Lu\u00eds",
            "Oliveira",
            "Original",
            "slides",
            "by",
            ":",
            "Jarrett",
            "Billingsley",
            "Modified",
            "with",
            "bits",
            "from",
            ":",
            "Bruce",
            "Childers",
            ",",
            "David",
            "Wilkinson",
            "Fall",
            "2020"
        ],
        "labels": [
            "O",
            "O",
            "O",
            "O",
            "O",
            "O",
            "O",
            "O",
            "O",
            "O",
            "O",
            "O",
            "O",
            "O",
            "O",
            "O",
            "O",
            "O",
            "O",
            "O",
            "O",
            "O",
            "O",
            "O",
            "O",
            "O",
            "O",
            "O",
            "O",
            "O",
            "O"
        ]
    },
    {
        "words": [
            "Class",
            "announcements",
            "\u25cf",
            "If",
            "you",
            "had",
            "a",
            "negative",
            "grade",
            "in",
            "the",
            "project",
            "o",
            "You",
            "should",
            "talk",
            "to",
            "me",
            "2"
        ],
        "labels": [
            "O",
            "O",
            "O",
            "O",
            "O",
            "O",
            "O",
            "O",
            "O",
            "O",
            "O",
            "O",
            "O",
            "O",
            "O",
            "O",
            "O",
            "O",
            "O"
        ]
    },
    {
        "words": [
            "Assemblers",
            "and",
            "Compilers",
            "How",
            "the",
            "machine-code",
            "sausage",
            "is",
            "made",
            "3"
        ],
        "labels": [
            "O",
            "O",
            "O",
            "O",
            "O",
            "O",
            "O",
            "O",
            "O",
            "O"
        ]
    },
    {
        "words": [
            "What",
            "is",
            "machine",
            "code",
            "?",
            "4"
        ],
        "labels": [
            "O",
            "O",
            "O",
            "O",
            "O",
            "O"
        ]
    },
    {
        "words": [
            "Something",
            "denser",
            "\u25cf",
            "text",
            "is",
            "human-oriented",
            "and",
            "informationally\u2026",
            "sparse",
            ".",
            "\u25cf",
            "instead",
            ",",
            "we",
            "encode",
            "each",
            "instruction",
            "as",
            "a",
            "bitfield",
            ".",
            "o",
            "this",
            "encoding",
            "is",
            "specified",
            "by",
            "the",
            "ISA",
            ".",
            "MIPS",
            "has",
            "three",
            "instruction",
            "formats",
            ".",
            "the",
            "opcode",
            "(",
            "and",
            "funct",
            ")",
            "field",
            "identifies",
            "which",
            "instruction",
            "it",
            "is",
            ".",
            "R",
            "31",
            "26",
            "25",
            "21",
            "20",
            "16",
            "15",
            "11",
            "10",
            "6",
            "5",
            "0",
            "add",
            "rd",
            ",",
            "rs",
            ",",
            "rt",
            "opcode",
            "rs",
            "rt",
            "rd",
            "shamt",
            "funct",
            "sll",
            "rd",
            ",",
            "rs",
            ",",
            "shamt",
            "I",
            "31",
            "26",
            "25",
            "21",
            "20",
            "16",
            "15",
            "0",
            "opcode",
            "rs",
            "rt",
            "immediate",
            "beq",
            "rs",
            ",",
            "rt",
            ",",
            "offset",
            "J",
            "31",
            "26",
            "25",
            "0",
            "opcode",
            "target",
            "jal",
            "target",
            "5"
        ],
        "labels": [
            "O",
            "O",
            "O",
            "O",
            "O",
            "O",
            "O",
            "O",
            "O",
            "O",
            "O",
            "O",
            "O",
            "O",
            "O",
            "O",
            "O",
            "O",
            "O",
            "O",
            "O",
            "O",
            "O",
            "O",
            "O",
            "O",
            "O",
            "O",
            "O",
            "O",
            "O",
            "O",
            "O",
            "O",
            "O",
            "O",
            "O",
            "O",
            "O",
            "O",
            "O",
            "O",
            "O",
            "O",
            "O",
            "O",
            "O",
            "O",
            "O",
            "O",
            "O",
            "O",
            "O",
            "O",
            "O",
            "O",
            "O",
            "O",
            "O",
            "O",
            "O",
            "O",
            "O",
            "O",
            "O",
            "O",
            "O",
            "O",
            "O",
            "O",
            "O",
            "O",
            "O",
            "O",
            "O",
            "O",
            "O",
            "O",
            "O",
            "O",
            "O",
            "O",
            "O",
            "O",
            "O",
            "O",
            "O",
            "O",
            "O",
            "O",
            "O",
            "O",
            "O",
            "O",
            "O",
            "O",
            "O",
            "O",
            "O",
            "O",
            "O",
            "O",
            "O",
            "O",
            "O",
            "O",
            "O",
            "O",
            "O"
        ]
    },
    {
        "words": [
            "How",
            "does",
            "it\u2026",
            "do",
            "the",
            "thing",
            "?",
            "\u25cf",
            "well",
            "this",
            "is",
            "mostly",
            "next",
            "lecture",
            ",",
            "but\u2026",
            "the",
            "fields",
            "are",
            "used",
            "as",
            "the",
            "control",
            "ALU",
            "signals",
            "to",
            "the",
            "CPU",
            "'s",
            "Register",
            "File",
            "components",
            ".",
            "WE",
            "rd",
            "rs",
            "rt",
            "add",
            "t0",
            ",",
            "t1",
            ",",
            "t2",
            "1",
            "``",
            "add",
            "''",
            "gets",
            "encoded",
            "as\u2026",
            "31",
            "26",
            "25",
            "21",
            "20",
            "16",
            "15",
            "11",
            "10",
            "6",
            "5",
            "0",
            "000000",
            "01001",
            "01010",
            "01000",
            "00000",
            "100000",
            "6"
        ],
        "labels": [
            "O",
            "O",
            "O",
            "O",
            "O",
            "O",
            "O",
            "O",
            "O",
            "O",
            "O",
            "O",
            "O",
            "O",
            "O",
            "O",
            "O",
            "O",
            "O",
            "O",
            "O",
            "O",
            "O",
            "O",
            "O",
            "O",
            "O",
            "O",
            "O",
            "O",
            "O",
            "O",
            "O",
            "O",
            "O",
            "O",
            "O",
            "O",
            "O",
            "O",
            "O",
            "O",
            "O",
            "O",
            "O",
            "O",
            "O",
            "O",
            "O",
            "O",
            "O",
            "O",
            "O",
            "O",
            "O",
            "O",
            "O",
            "O",
            "O",
            "O",
            "O",
            "O",
            "O",
            "O",
            "O",
            "O",
            "O",
            "O",
            "O"
        ]
    },
    {
        "words": [
            "How",
            "It",
            "'s",
            "Made",
            "7"
        ],
        "labels": [
            "O",
            "O",
            "O",
            "O",
            "O"
        ]
    },
    {
        "words": [
            "So",
            "we",
            "know",
            "the",
            "assembler",
            "Address",
            "Instruction",
            "li",
            "s0",
            ",",
            "0",
            "0x00400000",
            "0x24100000",
            "top",
            ":",
            "0x00400004",
            "0x00102021",
            "move",
            "a0",
            ",",
            "s0",
            "assembler",
            "!",
            "0x00400008",
            "0x0C100008",
            "jal",
            "print_int",
            "0x0040000C",
            "0x22100001",
            "addi",
            "s0",
            ",",
            "s0",
            ",",
            "1",
            "0x00400010",
            "0x2A010005",
            "blt",
            "s0",
            ",",
            "5",
            ",",
            "top",
            "0x00400014",
            "0x1420FFFB",
            "li",
            "v0",
            ",",
            "10",
            "but",
            ",",
            "there",
            "'s",
            "clearly",
            "syscall",
            "0x00400018",
            "0x2402000A",
            "a",
            "little",
            "more",
            "print_int",
            ":",
            "0x0040001C",
            "0x0000000C",
            "going",
            "on",
            "under",
            "li",
            "v0",
            ",",
            "1",
            "the",
            "hood\u2026",
            "0x00400020",
            "0x24020001",
            "syscall",
            "0x00400024",
            "0x0000000C",
            "jr",
            "ra",
            "0x00400028",
            "0x03E00008",
            "8"
        ],
        "labels": [
            "O",
            "O",
            "O",
            "O",
            "O",
            "O",
            "O",
            "O",
            "O",
            "O",
            "O",
            "O",
            "O",
            "O",
            "O",
            "O",
            "O",
            "O",
            "O",
            "O",
            "O",
            "O",
            "O",
            "O",
            "O",
            "O",
            "O",
            "O",
            "O",
            "O",
            "O",
            "O",
            "O",
            "O",
            "O",
            "O",
            "O",
            "O",
            "O",
            "O",
            "O",
            "O",
            "O",
            "O",
            "O",
            "O",
            "O",
            "O",
            "O",
            "O",
            "O",
            "O",
            "O",
            "O",
            "O",
            "O",
            "O",
            "O",
            "O",
            "O",
            "O",
            "O",
            "O",
            "O",
            "O",
            "O",
            "O",
            "O",
            "O",
            "O",
            "O",
            "O",
            "O",
            "O",
            "O",
            "O",
            "O",
            "O",
            "O",
            "O",
            "O",
            "O",
            "O"
        ]
    },
    {
        "words": [
            "How",
            "it",
            "works",
            "\u25cf",
            "An",
            "assembler",
            "is",
            "a",
            "pretty",
            "simple",
            "program",
            "\u25cf",
            "See",
            "an",
            "instruction",
            ",",
            "output",
            "its",
            "encoding",
            "addi",
            "s0",
            ",",
            "s0",
            ",",
            "1",
            "splut",
            "0x22100001",
            "But",
            "what",
            "about",
            "opcode",
            "rs",
            "rt",
            "imm",
            "labels",
            "and",
            "the",
            "8",
            "16",
            "16",
            "1",
            "data",
            "segment",
            "9"
        ],
        "labels": [
            "O",
            "O",
            "O",
            "O",
            "O",
            "O",
            "O",
            "O",
            "O",
            "O",
            "O",
            "O",
            "O",
            "O",
            "O",
            "O",
            "O",
            "O",
            "O",
            "O",
            "O",
            "O",
            "O",
            "O",
            "O",
            "O",
            "O",
            "O",
            "O",
            "O",
            "O",
            "O",
            "O",
            "O",
            "O",
            "O",
            "O",
            "O",
            "O",
            "O",
            "O",
            "O",
            "O",
            "O"
        ]
    },
    {
        "words": [
            "How",
            "it",
            "actually",
            "works",
            "(",
            "animated",
            ")",
            ".data",
            "Labels",
            ".text",
            ".data",
            "x",
            ":",
            ".word",
            "0xDEADBEEF",
            "x",
            ":",
            ".data:0",
            "0",
            ":",
            "24100000",
            "0",
            ":",
            "DEADBEEF",
            "y",
            ":",
            ".word",
            "5",
            "4",
            ":",
            "00102021",
            "y",
            ":",
            ".data:4",
            "4",
            ":",
            "00000005",
            "z",
            ":",
            ".word",
            "0x12345678",
            "z",
            ":",
            ".data:8",
            "8",
            ":",
            "0c000000",
            "0c000008",
            "8",
            ":",
            "12345678",
            ".text",
            "top",
            ":",
            ".text:4",
            "C",
            ":",
            "22100001",
            "li",
            "s0",
            ",",
            "0",
            "print_int",
            ":",
            "10",
            ":",
            "2A010005",
            "top",
            ":",
            ".text:20",
            "14",
            ":",
            "1420FFFB",
            "move",
            "a0",
            ",",
            "s0",
            "18",
            ":",
            "2402000A",
            "jal",
            "print_int",
            "1C",
            ":",
            "0000000C",
            "20",
            ":",
            "24020001",
            "addi",
            "s0",
            ",",
            "s0",
            ",",
            "1",
            "Fixups",
            "24",
            ":",
            "0000000C",
            "blt",
            "s0",
            ",",
            "5",
            ",",
            "top",
            "28",
            ":",
            "03E00008",
            "li",
            "v0",
            ",",
            "10",
            "8",
            ":",
            "print_int",
            "syscall",
            "print_int",
            ":",
            "li",
            "v0",
            ",",
            "1",
            "syscall",
            "jr",
            "ra",
            "then",
            ",",
            "run",
            "through",
            "the",
            "fixups",
            "!",
            "10"
        ],
        "labels": [
            "O",
            "O",
            "O",
            "O",
            "O",
            "O",
            "O",
            "O",
            "O",
            "O",
            "O",
            "O",
            "O",
            "O",
            "O",
            "O",
            "O",
            "O",
            "O",
            "O",
            "O",
            "O",
            "O",
            "O",
            "O",
            "O",
            "O",
            "O",
            "O",
            "O",
            "O",
            "O",
            "O",
            "O",
            "O",
            "O",
            "O",
            "O",
            "O",
            "O",
            "O",
            "O",
            "O",
            "O",
            "O",
            "O",
            "O",
            "O",
            "O",
            "O",
            "O",
            "O",
            "O",
            "O",
            "O",
            "O",
            "O",
            "O",
            "O",
            "O",
            "O",
            "O",
            "O",
            "O",
            "O",
            "O",
            "O",
            "O",
            "O",
            "O",
            "O",
            "O",
            "O",
            "O",
            "O",
            "O",
            "O",
            "O",
            "O",
            "O",
            "O",
            "O",
            "O",
            "O",
            "O",
            "O",
            "O",
            "O",
            "O",
            "O",
            "O",
            "O",
            "O",
            "O",
            "O",
            "O",
            "O",
            "O",
            "O",
            "O",
            "O",
            "O",
            "O",
            "O",
            "O",
            "O",
            "O",
            "O",
            "O",
            "O",
            "O",
            "O",
            "O",
            "O",
            "O",
            "O",
            "O",
            "O",
            "O",
            "O",
            "O",
            "O",
            "O",
            "O",
            "O",
            "O",
            "O",
            "O",
            "O",
            "O",
            "O",
            "O"
        ]
    },
    {
        "words": [
            "Yum",
            "yum",
            "\u25cf",
            "if",
            "a",
            "label",
            "does",
            "n't",
            "exist",
            ",",
            "it",
            "'s",
            "an",
            "error",
            ".",
            "\u25cf",
            "now",
            "we",
            "have",
            "machine",
            "code",
            "!",
            "\u25cf",
            "it",
            "'s",
            "packaged",
            "up",
            "into",
            "a",
            "casing",
            ":",
            "an",
            "object",
            "file",
            "\u25cf",
            "then",
            "the",
            "object",
            "files",
            "are",
            "linked",
            "\u25cf",
            "and",
            "then",
            "you",
            "get",
            "an",
            "executable",
            "program",
            "o",
            "this",
            "is",
            "CS0449",
            "stuff",
            "!",
            "11"
        ],
        "labels": [
            "O",
            "O",
            "O",
            "O",
            "O",
            "O",
            "O",
            "O",
            "O",
            "O",
            "O",
            "O",
            "O",
            "O",
            "O",
            "O",
            "O",
            "O",
            "O",
            "O",
            "O",
            "O",
            "O",
            "O",
            "O",
            "O",
            "O",
            "O",
            "O",
            "O",
            "O",
            "O",
            "O",
            "O",
            "O",
            "O",
            "O",
            "O",
            "O",
            "O",
            "O",
            "O",
            "O",
            "O",
            "O",
            "O",
            "O",
            "O",
            "O",
            "O",
            "O",
            "O",
            "O",
            "O",
            "O",
            "O"
        ]
    },
    {
        "words": [
            "What",
            "about",
            "compilers",
            "?",
            "\u25cf",
            "ahahaha",
            "oh",
            "they",
            "'re",
            "a",
            "lot",
            "more",
            "complicated",
            "AST",
            "(",
            "Abstract",
            "Syntax",
            "Tree",
            ")",
            "int",
            "main",
            "(",
            "int",
            "argc",
            ",",
            "char",
            "*",
            "*",
            "argv",
            ")",
            "{",
            "Function",
            "if",
            "(",
            "argc",
            "<",
            "2",
            ")",
            "ret_type",
            ":",
            "int",
            "name",
            ":",
            "``",
            "main",
            "''",
            "fatal",
            "(",
            "``",
            "gim",
            "me",
            "arguments",
            "''",
            ")",
            ";",
            "args",
            ":",
            "[",
            "{",
            "type",
            ":",
            "int",
            ",",
            "name",
            ":",
            "``",
            "argc",
            "''",
            "}",
            ",",
            "else",
            "{",
            "Tokens",
            "{",
            "type",
            ":",
            "ptr",
            "(",
            "ptr",
            "(",
            "char",
            ")",
            ")",
            ",",
            "name",
            ":",
            "``",
            "argv",
            "''",
            "}",
            "...",
            "]",
            "KEYWORD",
            "(",
            "``",
            "int",
            "''",
            ")",
            ",",
            "}",
            "ID",
            "(",
            "``",
            "main",
            "''",
            ")",
            ",",
            "if",
            "}",
            "LPAREN",
            ",",
            "KEYWORD",
            "(",
            "``",
            "int",
            "''",
            ")",
            ",",
            "...",
            "<",
            "\u2026",
            "argc",
            "2",
            "call",
            "fatal",
            "``",
            "gim",
            "me",
            "arguments",
            "''",
            "12"
        ],
        "labels": [
            "O",
            "O",
            "O",
            "O",
            "O",
            "O",
            "O",
            "O",
            "O",
            "O",
            "O",
            "O",
            "O",
            "O",
            "O",
            "O",
            "O",
            "O",
            "O",
            "O",
            "O",
            "O",
            "O",
            "O",
            "O",
            "O",
            "O",
            "O",
            "O",
            "O",
            "O",
            "O",
            "O",
            "O",
            "O",
            "O",
            "O",
            "O",
            "O",
            "O",
            "O",
            "O",
            "O",
            "O",
            "O",
            "O",
            "O",
            "O",
            "O",
            "O",
            "O",
            "O",
            "O",
            "O",
            "O",
            "O",
            "O",
            "O",
            "O",
            "O",
            "O",
            "O",
            "O",
            "O",
            "O",
            "O",
            "O",
            "O",
            "O",
            "O",
            "O",
            "O",
            "O",
            "O",
            "O",
            "O",
            "O",
            "O",
            "O",
            "O",
            "O",
            "O",
            "O",
            "O",
            "O",
            "O",
            "O",
            "O",
            "O",
            "O",
            "O",
            "O",
            "O",
            "O",
            "O",
            "O",
            "O",
            "O",
            "O",
            "O",
            "O",
            "O",
            "O",
            "O",
            "O",
            "O",
            "O",
            "O",
            "O",
            "O",
            "O",
            "O",
            "O",
            "O",
            "O",
            "O",
            "O",
            "O",
            "O",
            "O",
            "O",
            "O",
            "O",
            "O",
            "O",
            "O",
            "O",
            "O",
            "O",
            "O",
            "O"
        ]
    },
    {
        "words": [
            "It",
            "'s",
            "just",
            "a",
            "grinder",
            ".",
            "\u25cf",
            "all",
            "that",
            "really",
            "matters",
            ":",
            "some",
            "compilers",
            "output",
            "/\\/\\/\\/\\/\\/\\/\\/\\/\\/\\/\\/\\/\\/\\/\\",
            "/\\/\\/\\/\\/\\/\\/\\/\\/\\/\\/\\/\\/\\/\\/\\",
            "assembly",
            "and",
            "rely",
            "on",
            "an",
            "assembler",
            "to",
            "produce",
            "/\\/\\/\\/\\/\\/\\/\\/\\/\\/\\/\\/\\/\\/\\/\\",
            "/\\/\\/\\/\\/\\/\\/\\/\\/\\/\\/\\/\\/\\/\\/\\",
            "/\\/\\/\\/\\/\\/\\/\\/\\/\\/\\/\\/\\/\\/\\/\\",
            "/\\/\\/\\/\\/\\/\\/\\/\\/\\/\\/\\/\\/\\/\\/\\",
            "/\\/\\/\\/\\/\\/\\/\\/\\/\\/\\/\\/\\/\\/\\/\\",
            "/\\/\\/\\/\\/\\/\\/\\/\\/\\/\\/\\/\\/\\/\\/\\",
            "/\\/\\/\\/\\/\\/\\/\\/\\/\\/\\/\\/\\/\\/\\/\\",
            "machine",
            "code",
            "/\\/\\/\\/\\/\\/\\/\\/\\/\\/\\/\\/\\/\\/\\/\\",
            "/\\/\\/\\/\\/\\/\\/\\/\\/\\/\\/\\/\\/\\/\\/\\",
            "hello.c",
            "these",
            "days",
            ",",
            "it",
            "'s",
            "common",
            "for",
            "the",
            "compiler",
            "itself",
            "to",
            "produce",
            "machine",
            "code",
            ",",
            "code",
            "goes",
            "in",
            ",",
            "sausage",
            "object",
            "or",
            "some",
            "kind",
            "of",
            "files",
            "come",
            "out",
            "platform-independent",
            "assembly",
            "code",
            "13"
        ],
        "labels": [
            "O",
            "O",
            "O",
            "O",
            "O",
            "O",
            "O",
            "O",
            "O",
            "O",
            "O",
            "O",
            "O",
            "O",
            "O",
            "O",
            "O",
            "O",
            "O",
            "O",
            "O",
            "O",
            "O",
            "O",
            "O",
            "O",
            "O",
            "O",
            "O",
            "O",
            "O",
            "O",
            "O",
            "O",
            "O",
            "O",
            "O",
            "O",
            "O",
            "O",
            "O",
            "O",
            "O",
            "O",
            "O",
            "O",
            "O",
            "O",
            "O",
            "O",
            "O",
            "O",
            "O",
            "O",
            "O",
            "O",
            "O",
            "O",
            "O",
            "O",
            "O",
            "O",
            "O",
            "O",
            "O",
            "O",
            "O",
            "O",
            "O"
        ]
    },
    {
        "words": [
            "Jumps",
            "and",
            "Branches",
            "14"
        ],
        "labels": [
            "O",
            "O",
            "O",
            "O"
        ]
    },
    {
        "words": [
            "Maybe",
            "you",
            "never",
            "noticed\u2026",
            "\u25cf",
            "the",
            "control",
            "flow",
            "instructions",
            "are",
            "divided",
            "into",
            "two",
            "groups",
            ".",
            "jumps",
            "make",
            "execution",
            "go",
            "branches",
            "make",
            "execution",
            "to",
            "one",
            "specific",
            "place",
            "go",
            "to",
            "one",
            "of",
            "two",
            "places",
            "j",
            "end",
            "bne",
            "s1",
            ",",
            "t0",
            ",",
            "top",
            "but",
            "..",
            "why",
            "?",
            "well",
            ",",
            "notice",
            "the",
            "operands",
            "of",
            "each",
            ".",
            "15"
        ],
        "labels": [
            "O",
            "O",
            "O",
            "O",
            "O",
            "O",
            "O",
            "O",
            "O",
            "O",
            "O",
            "O",
            "O",
            "O",
            "O",
            "O",
            "O",
            "O",
            "O",
            "O",
            "O",
            "O",
            "O",
            "O",
            "O",
            "O",
            "O",
            "O",
            "O",
            "O",
            "O",
            "O",
            "O",
            "O",
            "O",
            "O",
            "O",
            "O",
            "O",
            "O",
            "O",
            "O",
            "O",
            "O",
            "O",
            "O",
            "O",
            "O",
            "O",
            "O",
            "O",
            "O",
            "O"
        ]
    },
    {
        "words": [
            "A",
            "matter",
            "of",
            "practicality",
            "\u25cf",
            "Each",
            "jump",
            "or",
            "branch",
            "has",
            "a",
            "target",
            ":",
            "where",
            "it",
            "goes",
            "to",
            "\u25cf",
            "We",
            "'d",
            "like",
            "to",
            "be",
            "able",
            "to",
            "encode",
            "any",
            "target",
            "address\u2026",
            "\u25cf",
            "But",
            "we",
            "have",
            "a",
            "fixed",
            "number",
            "of",
            "bits",
            "to",
            "encode",
            "our",
            "instructions",
            ".",
            "think",
            "about",
            "the",
            "cases",
            "now",
            "think",
            "about",
            "the",
            "cases",
            "where",
            "jumps",
            "are",
            "used",
            ".",
            "where",
            "branches",
            "are",
            "used",
            ".",
            "how",
            "far",
            "away",
            "is",
            "a",
            "jump",
            "how",
            "far",
            "away",
            "is",
            "a",
            "branch",
            "target",
            "likely",
            "to",
            "be",
            "?",
            "target",
            "likely",
            "to",
            "be",
            "?",
            "16"
        ],
        "labels": [
            "O",
            "O",
            "O",
            "O",
            "O",
            "O",
            "O",
            "O",
            "O",
            "O",
            "O",
            "O",
            "O",
            "O",
            "O",
            "O",
            "O",
            "O",
            "O",
            "O",
            "O",
            "O",
            "O",
            "O",
            "O",
            "O",
            "O",
            "O",
            "O",
            "O",
            "O",
            "O",
            "O",
            "O",
            "O",
            "O",
            "O",
            "O",
            "O",
            "O",
            "O",
            "O",
            "O",
            "O",
            "O",
            "O",
            "O",
            "O",
            "O",
            "O",
            "O",
            "O",
            "O",
            "O",
            "O",
            "O",
            "O",
            "O",
            "O",
            "O",
            "O",
            "O",
            "O",
            "O",
            "O",
            "O",
            "O",
            "O",
            "O",
            "O",
            "O",
            "O",
            "O",
            "O",
            "O",
            "O",
            "O",
            "O",
            "O",
            "O",
            "O",
            "O",
            "O",
            "O",
            "O"
        ]
    },
    {
        "words": [
            "Absolute",
            "versus",
            "Relative",
            "\u25cf",
            "we",
            "say",
            "that",
            "jumps",
            "are",
            "absolute",
            "and",
            "branches",
            "are",
            "relative",
            ".",
            "top",
            ":",
            "jumps",
            "just",
            "set",
            "the",
            "move",
            "a0",
            ",",
            "s0",
            "PC",
            "to",
            "a",
            "new",
            "value",
            ".",
            "jal",
            "print_int",
            "PC",
            "=",
            "0x800400B0",
            "add",
            "s0",
            ",",
            "s0",
            ",",
            "1",
            "blt",
            "s0",
            ",",
            "5",
            ",",
            "top",
            "PC",
            "+=",
            "(",
            "-16",
            ")",
            "...",
            "branches",
            "either",
            "add",
            "an",
            "offset",
            "to",
            "the",
            "PC",
            "or",
            "do",
            "nothing",
            ".",
            "jumps",
            "need",
            "a",
            "long",
            "address",
            ",",
            "but",
            "branches",
            "only",
            "need",
            "a",
            "small",
            "offset",
            ".",
            "so",
            "we",
            "can",
            "fit",
            "them",
            "into",
            "J",
            "and",
            "I",
            "instructions",
            "!",
            "17"
        ],
        "labels": [
            "O",
            "O",
            "O",
            "O",
            "O",
            "O",
            "O",
            "O",
            "O",
            "O",
            "O",
            "O",
            "O",
            "O",
            "O",
            "O",
            "O",
            "O",
            "O",
            "O",
            "O",
            "O",
            "O",
            "O",
            "O",
            "O",
            "O",
            "O",
            "O",
            "O",
            "O",
            "O",
            "O",
            "O",
            "O",
            "O",
            "O",
            "O",
            "O",
            "O",
            "O",
            "O",
            "O",
            "O",
            "O",
            "O",
            "O",
            "O",
            "O",
            "O",
            "O",
            "O",
            "O",
            "O",
            "O",
            "O",
            "O",
            "O",
            "O",
            "O",
            "O",
            "O",
            "O",
            "O",
            "O",
            "O",
            "O",
            "O",
            "O",
            "O",
            "O",
            "O",
            "O",
            "O",
            "O",
            "O",
            "O",
            "O",
            "O",
            "O",
            "O",
            "O",
            "O",
            "O",
            "O",
            "O",
            "O",
            "O",
            "O",
            "O",
            "O",
            "O"
        ]
    },
    {
        "words": [
            "More",
            "bang",
            "for",
            "your",
            "buck",
            "\u25cf",
            "every",
            "MIPS",
            "instruction",
            "is",
            "4",
            "bytes",
            "\u25cf",
            "what",
            "'s",
            "memory",
            "alignment",
            "again",
            "?",
            "Address",
            "in",
            "hex",
            "and",
            "in",
            "binary",
            "0x78000000",
            "0111",
            "1000",
            "0000",
            "0000",
            "0000",
            "0000",
            "0000",
            "0000",
            "0x78000004",
            "0111",
            "1000",
            "0000",
            "0000",
            "0000",
            "0000",
            "0000",
            "0100",
            "0x78000008",
            "0111",
            "1000",
            "0000",
            "0000",
            "0000",
            "0000",
            "0000",
            "1000",
            "0x7800000C",
            "0111",
            "1000",
            "0000",
            "0000",
            "0000",
            "0000",
            "0000",
            "1100",
            "what",
            "do",
            "you",
            "notice",
            "about",
            "these",
            "low",
            "2",
            "bits",
            "?",
            "in",
            "binary",
            ",",
            "multiples",
            "of",
            "4",
            "always",
            "end",
            "in",
            "00",
            "since",
            "every",
            "instruction",
            "'s",
            "address",
            "ends",
            "in",
            "00",
            ",",
            "do",
            "we",
            "need",
            "to",
            "store",
            "it",
            "?",
            "18"
        ],
        "labels": [
            "O",
            "O",
            "O",
            "O",
            "O",
            "O",
            "O",
            "O",
            "O",
            "O",
            "O",
            "O",
            "O",
            "O",
            "O",
            "O",
            "O",
            "O",
            "O",
            "O",
            "O",
            "O",
            "O",
            "O",
            "O",
            "O",
            "O",
            "O",
            "O",
            "O",
            "O",
            "O",
            "O",
            "O",
            "O",
            "O",
            "O",
            "O",
            "O",
            "O",
            "O",
            "O",
            "O",
            "O",
            "O",
            "O",
            "O",
            "O",
            "O",
            "O",
            "O",
            "O",
            "O",
            "O",
            "O",
            "O",
            "O",
            "O",
            "O",
            "O",
            "O",
            "O",
            "O",
            "O",
            "O",
            "O",
            "O",
            "O",
            "O",
            "O",
            "O",
            "O",
            "O",
            "O",
            "O",
            "O",
            "O",
            "O",
            "O",
            "O",
            "O",
            "O",
            "O",
            "O",
            "O",
            "O",
            "O",
            "O",
            "O",
            "O",
            "O",
            "O",
            "O",
            "O",
            "O",
            "O",
            "O",
            "O"
        ]
    },
    {
        "words": [
            "Instruction",
            "Fetching",
            "What",
            "do",
            "we",
            "do",
            "next",
            ",",
            "boss",
            "?",
            "19"
        ],
        "labels": [
            "O",
            "O",
            "O",
            "O",
            "O",
            "O",
            "O",
            "O",
            "O",
            "O",
            "O"
        ]
    },
    {
        "words": [
            "Remember",
            "this",
            "?",
            "\u25cf",
            "what",
            "order",
            "do",
            "these",
            "instructions",
            "run",
            "?",
            "most",
            "instructions",
            "li",
            "s0",
            ",",
            "0",
            "print_int",
            ":",
            "change",
            "the",
            "PC",
            "to",
            "the",
            "top",
            ":",
            "li",
            "v0",
            ",",
            "1",
            "next",
            "address",
            "move",
            "a0",
            ",",
            "s0",
            "syscall",
            "control",
            "flow",
            "jal",
            "print_int",
            "jr",
            "ra",
            "instructions",
            "can",
            "addi",
            "s0",
            ",",
            "s0",
            ",",
            "1",
            "change",
            "the",
            "PC",
            "blt",
            "s0",
            ",",
            "5",
            ",",
            "top",
            "to",
            "a",
            "constant\u2026",
            "li",
            "v0",
            ",",
            "10",
            "syscall",
            "\u2026or",
            "the",
            "value",
            "from",
            "a",
            "register\u2026",
            "\u2026or",
            "one",
            "of",
            "two",
            "choices",
            ",",
            "conditionally",
            "20"
        ],
        "labels": [
            "O",
            "O",
            "O",
            "O",
            "O",
            "O",
            "O",
            "O",
            "O",
            "O",
            "O",
            "O",
            "O",
            "O",
            "O",
            "O",
            "O",
            "O",
            "O",
            "O",
            "O",
            "O",
            "O",
            "O",
            "O",
            "O",
            "O",
            "O",
            "O",
            "O",
            "O",
            "O",
            "O",
            "O",
            "O",
            "O",
            "O",
            "O",
            "O",
            "O",
            "O",
            "O",
            "O",
            "O",
            "O",
            "O",
            "O",
            "O",
            "O",
            "O",
            "O",
            "O",
            "O",
            "O",
            "O",
            "O",
            "O",
            "O",
            "O",
            "O",
            "O",
            "O",
            "O",
            "O",
            "O",
            "O",
            "O",
            "O",
            "O",
            "O",
            "O",
            "O",
            "O",
            "O",
            "O",
            "O",
            "O",
            "O",
            "O",
            "O",
            "O",
            "O"
        ]
    },
    {
        "words": [
            "Forwarrrrrrrrd",
            "MARCH",
            "\u25cf",
            "moving",
            "ahead",
            "by",
            "1",
            "instruction",
            "each",
            "cycle",
            "is",
            "easy",
            "enough",
            "o",
            "This",
            "is",
            "a",
            "FSD",
            ",",
            "the",
            "next",
            "state",
            "is",
            "the",
            "current",
            "state",
            "+",
            "1",
            ":",
            "D",
            "size",
            "of",
            "one",
            "instruction",
            "+",
            "00100004",
            "PC",
            "how",
            "big",
            "are",
            "instructions",
            "in",
            "MIPS",
            "?",
            "21"
        ],
        "labels": [
            "O",
            "O",
            "O",
            "O",
            "O",
            "O",
            "O",
            "O",
            "O",
            "O",
            "O",
            "O",
            "O",
            "O",
            "O",
            "O",
            "O",
            "O",
            "O",
            "O",
            "O",
            "O",
            "O",
            "O",
            "O",
            "O",
            "O",
            "O",
            "O",
            "O",
            "O",
            "O",
            "O",
            "O",
            "O",
            "O",
            "O",
            "O",
            "O",
            "O",
            "O",
            "O",
            "O",
            "O",
            "O"
        ]
    },
    {
        "words": [
            "Arbitrary",
            "locatiooooon",
            "MARCH",
            "\u25cf",
            "jumps",
            "(",
            "j",
            ",",
            "jal",
            ",",
            "jr",
            ")",
            "put",
            "a",
            "constant",
            "value",
            "into",
            "the",
            "PC",
            "o",
            "we",
            "call",
            "this",
            "the",
            "jump",
            "target",
            ".",
            "\u25cf",
            "well",
            "now",
            "we",
            "have",
            "two",
            "choices",
            "of",
            "where",
            "to",
            "go",
            ".",
            "how",
            "do",
            "we",
            "choose",
            "?",
            "4",
            "+",
            "jump",
            "target",
            "00100004",
            "PC",
            "PC",
            "Source",
            "PC",
            "Source",
            "(",
            "PCSrc",
            "for",
            "short",
            ")",
            "is",
            "a",
            "control",
            "signal",
            ".",
            "many",
            "control",
            "signals",
            "are",
            "just",
            "MUX",
            "selectors",
            "22"
        ],
        "labels": [
            "O",
            "O",
            "O",
            "O",
            "O",
            "O",
            "O",
            "O",
            "O",
            "O",
            "O",
            "O",
            "O",
            "O",
            "O",
            "O",
            "O",
            "O",
            "O",
            "O",
            "O",
            "O",
            "O",
            "O",
            "O",
            "O",
            "O",
            "O",
            "O",
            "O",
            "O",
            "O",
            "O",
            "O",
            "O",
            "O",
            "O",
            "O",
            "O",
            "O",
            "O",
            "O",
            "O",
            "O",
            "O",
            "O",
            "O",
            "O",
            "O",
            "O",
            "O",
            "O",
            "O",
            "O",
            "O",
            "O",
            "O",
            "O",
            "O",
            "O",
            "O",
            "O",
            "O",
            "O",
            "O",
            "O",
            "O",
            "O",
            "O",
            "O",
            "O",
            "O"
        ]
    },
    {
        "words": [
            "MIPS",
            "jump",
            "targets",
            "\u25cf",
            "in",
            "MIPS",
            ",",
            "j",
            "and",
            "jal",
            "use",
            "the",
            "J-type",
            "instruction",
            "format",
            ":",
            "31",
            "26",
            "25",
            "0",
            "opcode",
            "target",
            "this",
            "is",
            "26",
            "bits\u2026",
            "00100004",
            "\u2026but",
            "the",
            "PC",
            "is",
            "32",
            "bits",
            ".",
            "WHAT",
            "DO",
            "?",
            "?",
            "23"
        ],
        "labels": [
            "O",
            "O",
            "O",
            "O",
            "O",
            "O",
            "O",
            "O",
            "O",
            "O",
            "O",
            "O",
            "O",
            "O",
            "O",
            "O",
            "O",
            "O",
            "O",
            "O",
            "O",
            "O",
            "O",
            "O",
            "O",
            "O",
            "O",
            "O",
            "O",
            "O",
            "O",
            "O",
            "O",
            "O",
            "O",
            "O",
            "O",
            "O",
            "O"
        ]
    },
    {
        "words": [
            "Do",
            "we",
            "really",
            "need",
            "a",
            "full",
            "32-bit",
            "address",
            "(",
            "no",
            ")",
            "\u25cf",
            "we",
            "do",
            "n't",
            "need",
            "to",
            "store",
            "the",
            "lower",
            "2",
            "bits",
            "because",
            "of",
            "alignment",
            ".",
            "\u25cf",
            "most",
            "programs",
            "are",
            "nowhere",
            "near",
            "big",
            "enough",
            "to",
            "need",
            "32-bit",
            "addrs",
            ".",
            "\u25cf",
            "so",
            "in",
            "MIPS",
            ",",
            "jumps",
            "only",
            "change",
            "the",
            "lower",
            "28",
            "bits",
            "of",
            "the",
            "PC",
            ".",
            "here",
            "'s",
            "a",
            "j",
            ".",
            "31",
            "26",
            "25",
            "0",
            "78000008",
            "790F001C",
            "000010",
            "0x243C007",
            "PC",
            "<",
            "<",
            "2",
            "0x90F001C",
            "put",
            "that",
            "into",
            "the",
            "low",
            "28",
            "bits",
            "of",
            "the",
            "PC",
            "what",
            "does",
            "this",
            "mean",
            "if",
            "the",
            "thing",
            "you",
            "'re",
            "jumping",
            "to",
            "is",
            "too",
            "far",
            "away",
            "?",
            "24"
        ],
        "labels": [
            "O",
            "O",
            "O",
            "O",
            "O",
            "O",
            "O",
            "O",
            "O",
            "O",
            "O",
            "O",
            "O",
            "O",
            "O",
            "O",
            "O",
            "O",
            "O",
            "O",
            "O",
            "O",
            "O",
            "O",
            "O",
            "O",
            "O",
            "O",
            "O",
            "O",
            "O",
            "O",
            "O",
            "O",
            "O",
            "O",
            "O",
            "O",
            "O",
            "O",
            "O",
            "O",
            "O",
            "O",
            "O",
            "O",
            "O",
            "O",
            "O",
            "O",
            "O",
            "O",
            "O",
            "O",
            "O",
            "O",
            "O",
            "O",
            "O",
            "O",
            "O",
            "O",
            "O",
            "O",
            "O",
            "O",
            "O",
            "O",
            "O",
            "O",
            "O",
            "O",
            "O",
            "O",
            "O",
            "O",
            "O",
            "O",
            "O",
            "O",
            "O",
            "O",
            "O",
            "O",
            "O",
            "O",
            "O",
            "O",
            "O",
            "O",
            "O",
            "O",
            "O",
            "O",
            "O",
            "O",
            "O",
            "O",
            "O",
            "O"
        ]
    },
    {
        "words": [
            "Do",
            "we",
            "really",
            "need",
            "a",
            "full",
            "32-bit",
            "address",
            "(",
            "no",
            ")",
            "(",
            "cntd",
            ".",
            ")",
            "\u25cf",
            "If",
            "a",
            "jump",
            "instruction",
            "is",
            "in",
            "address",
            "YXXXXXXX",
            "\u25cf",
            "It",
            "can",
            "reach",
            "from",
            "address",
            ":",
            "31",
            "26",
            "25",
            "0",
            "000010",
            "0x0000000",
            "Y0000000",
            "<",
            "<",
            "2",
            "\u25cf",
            "To",
            "address",
            ":",
            "0x0000000",
            "31",
            "26",
            "25",
            "0",
            "000010",
            "0x3FFFFFF",
            "YFFFFFFC",
            "<",
            "<",
            "2",
            "0xFFFFFFC",
            "25"
        ],
        "labels": [
            "O",
            "O",
            "O",
            "O",
            "O",
            "O",
            "O",
            "O",
            "O",
            "O",
            "O",
            "O",
            "O",
            "O",
            "O",
            "O",
            "O",
            "O",
            "O",
            "O",
            "O",
            "O",
            "O",
            "O",
            "O",
            "O",
            "O",
            "O",
            "O",
            "O",
            "O",
            "O",
            "O",
            "O",
            "O",
            "O",
            "O",
            "O",
            "O",
            "O",
            "O",
            "O",
            "O",
            "O",
            "O",
            "O",
            "O",
            "O",
            "O",
            "O",
            "O",
            "O",
            "O",
            "O",
            "O",
            "O",
            "O",
            "O"
        ]
    },
    {
        "words": [
            "If",
            "jumping",
            "REALLY",
            "far",
            ",",
            "far",
            "away\u2026",
            "\u25cf",
            "What",
            "if",
            "we",
            "want",
            "to",
            "jump",
            "too",
            "far",
            "?",
            "beq",
            "t0",
            ",",
            "zero",
            ",",
            "a_label_far_far_away",
            "j",
            "a_label_far_far_away",
            "\u25cf",
            "There",
            "is",
            "one",
            "instruction",
            "that",
            "can",
            "jump",
            "into",
            "a",
            "32-bit",
            "address",
            "o",
            "What",
            "is",
            "that",
            "?",
            "\u25aa",
            "How",
            "big",
            "is",
            "register",
            "ra",
            "?",
            "jr",
            "ra",
            "26"
        ],
        "labels": [
            "O",
            "O",
            "O",
            "O",
            "O",
            "O",
            "O",
            "O",
            "O",
            "O",
            "O",
            "O",
            "O",
            "O",
            "O",
            "O",
            "O",
            "O",
            "O",
            "O",
            "O",
            "O",
            "O",
            "O",
            "O",
            "O",
            "O",
            "O",
            "O",
            "O",
            "O",
            "O",
            "O",
            "O",
            "O",
            "O",
            "O",
            "O",
            "O",
            "O",
            "O",
            "O",
            "O",
            "O",
            "O",
            "O",
            "O",
            "O",
            "O",
            "O",
            "O",
            "O"
        ]
    },
    {
        "words": [
            "If",
            "jumping",
            "REALLY",
            "far",
            ",",
            "far",
            "away\u2026",
            "j",
            "a_label_far_far_away",
            "la",
            "t0",
            ",",
            "a_label_far_far_away",
            "jr",
            "t0",
            "beq",
            "t0",
            ",",
            "zero",
            ",",
            "a_label_far_far_away",
            "bne",
            "t0",
            ",",
            "zero",
            ",",
            "_skip_jump",
            "la",
            "t0",
            ",",
            "a_label_far_far_away",
            "jr",
            "t0",
            "_skip_jump",
            ":",
            "27"
        ],
        "labels": [
            "O",
            "O",
            "O",
            "O",
            "O",
            "O",
            "O",
            "O",
            "O",
            "O",
            "O",
            "O",
            "O",
            "O",
            "O",
            "O",
            "O",
            "O",
            "O",
            "O",
            "O",
            "O",
            "O",
            "O",
            "O",
            "O",
            "O",
            "O",
            "O",
            "O",
            "O",
            "O",
            "O",
            "O",
            "O",
            "O"
        ]
    },
    {
        "words": [
            "If",
            "jumping",
            "REALLY",
            "far",
            ",",
            "far",
            "away\u2026",
            "jal",
            "a_label_far_far_away",
            "la",
            "t0",
            ",",
            "a_label_far_far_away",
            "jalr",
            "t0",
            "28"
        ],
        "labels": [
            "O",
            "O",
            "O",
            "O",
            "O",
            "O",
            "O",
            "O",
            "O",
            "O",
            "O",
            "O",
            "O",
            "O",
            "O",
            "O"
        ]
    },
    {
        "words": [
            "Relative",
            "branches",
            "\u25cf",
            "think",
            "about",
            "a",
            "number",
            "line",
            ".",
            "you",
            "are",
            "here",
            "0",
            "1",
            "2",
            "3",
            "4",
            "5",
            "6",
            "7",
            "8",
            "9",
            "10",
            "11",
            "12",
            "13",
            "14",
            "15",
            "16",
            "17",
            "if",
            "you",
            "want",
            "to",
            "get",
            "here",
            ",",
            "what",
            "how",
            "about",
            "here",
            "?",
            "do",
            "you",
            "have",
            "to",
            "add",
            "to",
            "10",
            "?",
            "what",
            "'s",
            "the",
            "pattern",
            "?",
            "destination",
            "-",
            "source",
            "29"
        ],
        "labels": [
            "O",
            "O",
            "O",
            "O",
            "O",
            "O",
            "O",
            "O",
            "O",
            "O",
            "O",
            "O",
            "O",
            "O",
            "O",
            "O",
            "O",
            "O",
            "O",
            "O",
            "O",
            "O",
            "O",
            "O",
            "O",
            "O",
            "O",
            "O",
            "O",
            "O",
            "O",
            "O",
            "O",
            "O",
            "O",
            "O",
            "O",
            "O",
            "O",
            "O",
            "O",
            "O",
            "O",
            "O",
            "O",
            "O",
            "O",
            "O",
            "O",
            "O",
            "O",
            "O",
            "O",
            "O",
            "O",
            "O",
            "O",
            "O",
            "O"
        ]
    },
    {
        "words": [
            "MIPS",
            "branch",
            "offsets",
            "\u25cf",
            "In",
            "MIPS",
            "the",
            "PC",
            "points",
            "to",
            "the",
            "next",
            "instruction",
            "to",
            "run",
            ".",
            "\u25cf",
            "let",
            "'s",
            "say",
            "we",
            "'re",
            "running",
            "the",
            "beq",
            "here",
            ".",
            "it",
            "'s",
            "at",
            "address",
            "00\u2026",
            "00",
            ":",
            "beq",
            "a0",
            ",",
            "10",
            ",",
            "else",
            "\u2026but",
            "the",
            "PC",
            "is",
            "here",
            ".",
            "PC",
            "04",
            ":",
            "li",
            "v0",
            ",",
            "0",
            "08",
            ":",
            "b",
            "end",
            "we",
            "want",
            "to",
            "get",
            "to",
            "address",
            "0C",
            ".",
            "else",
            ":",
            "0C",
            ":",
            "li",
            "v0",
            ",",
            "1",
            "how",
            "do",
            "we",
            "get",
            "there",
            "?",
            "end",
            ":",
            "10",
            ":",
            "...",
            "PC",
            "+=",
            "8",
            "the",
            "branch",
            "offset",
            "for",
            "this",
            "beq",
            "is",
            ":",
            "target",
            "\u2013",
            "(",
            "branch",
            "address",
            "+",
            "4",
            ")",
            "=",
            "12",
            "\u2013",
            "(",
            "0",
            "+",
            "4",
            ")",
            "=",
            "8",
            "30"
        ],
        "labels": [
            "O",
            "O",
            "O",
            "O",
            "O",
            "O",
            "O",
            "O",
            "O",
            "O",
            "O",
            "O",
            "O",
            "O",
            "O",
            "O",
            "O",
            "O",
            "O",
            "O",
            "O",
            "O",
            "O",
            "O",
            "O",
            "O",
            "O",
            "O",
            "O",
            "O",
            "O",
            "O",
            "O",
            "O",
            "O",
            "O",
            "O",
            "O",
            "O",
            "O",
            "O",
            "O",
            "O",
            "O",
            "O",
            "O",
            "O",
            "O",
            "O",
            "O",
            "O",
            "O",
            "O",
            "O",
            "O",
            "O",
            "O",
            "O",
            "O",
            "O",
            "O",
            "O",
            "O",
            "O",
            "O",
            "O",
            "O",
            "O",
            "O",
            "O",
            "O",
            "O",
            "O",
            "O",
            "O",
            "O",
            "O",
            "O",
            "O",
            "O",
            "O",
            "O",
            "O",
            "O",
            "O",
            "O",
            "O",
            "O",
            "O",
            "O",
            "O",
            "O",
            "O",
            "O",
            "O",
            "O",
            "O",
            "O",
            "O",
            "O",
            "O",
            "O",
            "O",
            "O",
            "O",
            "O",
            "O",
            "O",
            "O",
            "O",
            "O",
            "O",
            "O",
            "O"
        ]
    },
    {
        "words": [
            "Encoding",
            "it",
            "\u25cf",
            "Since",
            "the",
            "branch",
            "'s",
            "immediate",
            "is",
            "only",
            "16",
            "bits\u2026",
            "31",
            "26",
            "25",
            "21",
            "20",
            "16",
            "15",
            "0",
            "4",
            "4",
            "1",
            "0x0002",
            "0x0008",
            ">",
            ">",
            "2",
            "if",
            "the",
            "branch",
            "offset",
            "is",
            "negative",
            "like",
            "0xFFFFFFE8",
            ",",
            "no",
            "big",
            "deal",
            "\u2013",
            "chop",
            "off",
            "the",
            "top",
            "16",
            "bits",
            ".",
            "0xFFE8",
            "is",
            "still",
            "a",
            "negative",
            "number",
            ".",
            "31"
        ],
        "labels": [
            "O",
            "O",
            "O",
            "O",
            "O",
            "O",
            "O",
            "O",
            "O",
            "O",
            "O",
            "O",
            "O",
            "O",
            "O",
            "O",
            "O",
            "O",
            "O",
            "O",
            "O",
            "O",
            "O",
            "O",
            "O",
            "O",
            "O",
            "O",
            "O",
            "O",
            "O",
            "O",
            "O",
            "O",
            "O",
            "O",
            "O",
            "O",
            "O",
            "O",
            "O",
            "O",
            "O",
            "O",
            "O",
            "O",
            "O",
            "O",
            "O",
            "O",
            "O",
            "O",
            "O",
            "O",
            "O",
            "O"
        ]
    },
    {
        "words": [
            "The",
            "number",
            "stored",
            "is",
            "the",
            "number",
            "of",
            "instructions",
            "\u25cf",
            "To",
            "go",
            "to",
            "else",
            ",",
            "from",
            "the",
            "updated",
            "value",
            "of",
            "PC",
            ":",
            "Jump",
            "2",
            "instructions",
            "down",
            "00",
            ":",
            "beq",
            "a0",
            ",",
            "10",
            ",",
            "else",
            "the",
            "branch",
            "offset",
            "for",
            "this",
            "beq",
            "PC",
            "04",
            ":",
            "li",
            "v0",
            ",",
            "0",
            "is",
            ":",
            "08",
            ":",
            "b",
            "end",
            "target",
            "\u2013",
            "(",
            "branch",
            "address",
            "+",
            "4",
            ")",
            "else",
            ":",
            "0C",
            ":",
            "li",
            "v0",
            ",",
            "1",
            "=",
            "end",
            ":",
            "10",
            ":",
            "...",
            "12",
            "\u2013",
            "(",
            "0",
            "+",
            "4",
            ")",
            "=",
            "8",
            "31",
            "26",
            "25",
            "21",
            "20",
            "16",
            "15",
            "0",
            "4",
            "4",
            "1",
            "0x0002",
            "0x0008",
            ">",
            ">",
            "2",
            "32"
        ],
        "labels": [
            "O",
            "O",
            "O",
            "O",
            "O",
            "O",
            "O",
            "O",
            "O",
            "O",
            "O",
            "O",
            "O",
            "O",
            "O",
            "O",
            "O",
            "O",
            "O",
            "O",
            "O",
            "O",
            "O",
            "O",
            "O",
            "O",
            "O",
            "O",
            "O",
            "O",
            "O",
            "O",
            "O",
            "O",
            "O",
            "O",
            "O",
            "O",
            "O",
            "O",
            "O",
            "O",
            "O",
            "O",
            "O",
            "O",
            "O",
            "O",
            "O",
            "O",
            "O",
            "O",
            "O",
            "O",
            "O",
            "O",
            "O",
            "O",
            "O",
            "O",
            "O",
            "O",
            "O",
            "O",
            "O",
            "O",
            "O",
            "O",
            "O",
            "O",
            "O",
            "O",
            "O",
            "O",
            "O",
            "O",
            "O",
            "O",
            "O",
            "O",
            "O",
            "O",
            "O",
            "O",
            "O",
            "O",
            "O",
            "O",
            "O",
            "O",
            "O",
            "O",
            "O",
            "O",
            "O",
            "O",
            "O",
            "O",
            "O",
            "O"
        ]
    }
]