[
    {
        "words": [
            "#",
            "13",
            "The",
            "Interconnect",
            ",",
            "CS",
            "0447",
            "Control",
            ",",
            "and",
            "Introduction",
            "to",
            "Computer",
            "Programming",
            "Instruction",
            "Decoding",
            "Lu\u00eds",
            "Oliveira",
            "Original",
            "slides",
            "by",
            ":",
            "Jarrett",
            "Billingsley",
            "Modified",
            "with",
            "bits",
            "from",
            ":",
            "Bruce",
            "Childers",
            ",",
            "David",
            "Wilkinson",
            "Fall",
            "2020"
        ],
        "labels": [
            "O",
            "O",
            "O",
            "O",
            "O",
            "O",
            "O",
            "O",
            "O",
            "O",
            "O",
            "O",
            "O",
            "O",
            "O",
            "O",
            "O",
            "O",
            "O",
            "O",
            "O",
            "O",
            "O",
            "O",
            "O",
            "O",
            "O",
            "O",
            "O",
            "O",
            "O",
            "O",
            "O",
            "O",
            "O",
            "O"
        ]
    },
    {
        "words": [
            "Instruction",
            "Execution",
            "2"
        ],
        "labels": [
            "O",
            "O",
            "O"
        ]
    },
    {
        "words": [
            "Phases",
            "of",
            "instruction",
            "execution",
            "F",
            "1",
            ".",
            "Fetch",
            "(",
            "IF",
            "or",
            "F",
            ")",
            "D",
            "X",
            "M",
            "W",
            "o",
            "use",
            "PC",
            "to",
            "get",
            "the",
            "next",
            "instruction",
            "from",
            "memory",
            "2",
            ".",
            "Decode",
            "(",
            "ID",
            "or",
            "D",
            ")",
            "o",
            "look",
            "at",
            "the",
            "fetched",
            "instruction",
            "and",
            "set",
            "control",
            "signals",
            "3",
            ".",
            "Execute",
            "(",
            "EX",
            "or",
            "X",
            ")",
            "o",
            "wait",
            "for",
            "data",
            "to",
            "flow",
            "through",
            "the",
            "datapath",
            "4",
            ".",
            "Memory",
            "Access",
            "(",
            "MEM",
            "or",
            "M",
            ")",
            "o",
            "if",
            "it",
            "'s",
            "a",
            "load",
            "or",
            "store",
            ",",
            "do",
            "that",
            "5",
            ".",
            "Write-back",
            "(",
            "WB",
            "or",
            "W",
            ")",
            "o",
            "if",
            "there",
            "'s",
            "a",
            "destination",
            "register",
            ",",
            "write",
            "the",
            "result",
            "to",
            "it",
            "often",
            "we",
            "can",
            "do",
            "multiple",
            "phases",
            "``",
            "at",
            "the",
            "same",
            "time",
            "''",
            "3"
        ],
        "labels": [
            "O",
            "O",
            "O",
            "O",
            "O",
            "O",
            "O",
            "O",
            "O",
            "O",
            "O",
            "O",
            "O",
            "O",
            "O",
            "O",
            "O",
            "O",
            "O",
            "O",
            "O",
            "O",
            "O",
            "O",
            "O",
            "O",
            "O",
            "O",
            "O",
            "O",
            "O",
            "O",
            "O",
            "O",
            "O",
            "O",
            "O",
            "O",
            "O",
            "O",
            "O",
            "O",
            "O",
            "O",
            "O",
            "O",
            "O",
            "O",
            "O",
            "O",
            "O",
            "O",
            "O",
            "O",
            "O",
            "O",
            "O",
            "O",
            "O",
            "O",
            "O",
            "O",
            "O",
            "O",
            "O",
            "O",
            "O",
            "O",
            "O",
            "O",
            "O",
            "O",
            "O",
            "O",
            "O",
            "O",
            "O",
            "O",
            "O",
            "O",
            "O",
            "O",
            "O",
            "O",
            "O",
            "O",
            "O",
            "O",
            "O",
            "O",
            "O",
            "O",
            "O",
            "O",
            "O",
            "O",
            "O",
            "O",
            "O",
            "O",
            "O",
            "O",
            "O",
            "O",
            "O",
            "O",
            "O",
            "O",
            "O",
            "O",
            "O",
            "O",
            "O",
            "O",
            "O",
            "O"
        ]
    },
    {
        "words": [
            "Which",
            "parts",
            "do",
            "what",
            "PC",
            "Control",
            "Register",
            "Memory",
            "Memory",
            "File",
            "again",
            "ALU",
            "F",
            "D",
            "W",
            "X",
            "M",
            "How",
            "does",
            "lw",
            "work",
            "?",
            "lw",
            "t0",
            ",",
            "12",
            "(",
            "s0",
            ")",
            "4"
        ],
        "labels": [
            "O",
            "O",
            "O",
            "O",
            "O",
            "O",
            "O",
            "O",
            "O",
            "O",
            "O",
            "O",
            "O",
            "O",
            "O",
            "O",
            "O",
            "O",
            "O",
            "O",
            "O",
            "O",
            "O",
            "O",
            "O",
            "O",
            "O",
            "O",
            "O",
            "O"
        ]
    },
    {
        "words": [
            "A",
            "Thing",
            "about",
            "memory",
            "5"
        ],
        "labels": [
            "O",
            "O",
            "O",
            "O",
            "O"
        ]
    },
    {
        "words": [
            "\u2622\ufe0f",
            "Structural",
            "Hazards",
            "\u2622\ufe0f",
            "\u25cf",
            "how",
            "many",
            "RAMs",
            "does",
            "your",
            "computer",
            "have",
            "?",
            "one",
            "or",
            "two",
            "?",
            "\u25cf",
            "if",
            "we",
            "try",
            "to",
            "do",
            "lw",
            "t0",
            ",",
            "(",
            "s0",
            ")",
            "with",
            "one",
            "memory",
            "in",
            "a",
            "single",
            "cycle\u2026",
            "Instruction",
            "Instruction",
            "Address",
            "PC",
            "Control",
            "Memory",
            "Load",
            "word",
            "Loaded",
            "address\u2026",
            "?",
            "word\u2026",
            "?",
            "?",
            "what",
            "about",
            "sw",
            "?",
            "!",
            "?",
            "we",
            "ca",
            "n't",
            "really",
            "do",
            "this\u2026",
            "memory",
            "hardware",
            "ca",
            "n't",
            "read",
            "from",
            "two",
            "addresses",
            "at",
            "the",
            "same",
            "time",
            "6"
        ],
        "labels": [
            "O",
            "O",
            "O",
            "O",
            "O",
            "O",
            "O",
            "O",
            "O",
            "O",
            "O",
            "O",
            "O",
            "O",
            "O",
            "O",
            "O",
            "O",
            "O",
            "O",
            "O",
            "O",
            "O",
            "O",
            "O",
            "O",
            "O",
            "O",
            "O",
            "O",
            "O",
            "O",
            "O",
            "O",
            "O",
            "O",
            "O",
            "O",
            "O",
            "O",
            "O",
            "O",
            "O",
            "O",
            "O",
            "O",
            "O",
            "O",
            "O",
            "O",
            "O",
            "O",
            "O",
            "O",
            "O",
            "O",
            "O",
            "O",
            "O",
            "O",
            "O",
            "O",
            "O",
            "O",
            "O",
            "O",
            "O",
            "O",
            "O",
            "O",
            "O",
            "O",
            "O",
            "O",
            "O"
        ]
    },
    {
        "words": [
            "Von",
            "Neumann",
            "vs",
            "Harvard",
            "\u25cf",
            "one",
            "way",
            "to",
            "solve",
            "this",
            "problem",
            "is",
            "to",
            "have",
            "two",
            "memories",
            "PC",
            "this",
            "is",
            "a",
            "Harvard",
            "Architecture",
            "Control",
            "Register",
            "Instruction",
            "File",
            "Data",
            "Memory",
            "ALU",
            "Memory",
            "a",
            "Von",
            "Neumann",
            "Architecture",
            "has",
            "one",
            "memory",
            "for",
            "both",
            "things",
            "``",
            "Von",
            "Neumann",
            "''",
            "is",
            "2",
            "words",
            "for",
            "1",
            "memory\u2026",
            "``",
            "Harvard",
            "''",
            "is",
            "1",
            "word",
            "for",
            "2",
            "memories\u2026",
            "7"
        ],
        "labels": [
            "O",
            "O",
            "O",
            "O",
            "O",
            "O",
            "O",
            "O",
            "O",
            "O",
            "O",
            "O",
            "O",
            "O",
            "O",
            "O",
            "O",
            "O",
            "O",
            "O",
            "O",
            "O",
            "O",
            "O",
            "O",
            "O",
            "O",
            "O",
            "O",
            "O",
            "O",
            "O",
            "O",
            "O",
            "O",
            "O",
            "O",
            "O",
            "O",
            "O",
            "O",
            "O",
            "O",
            "O",
            "O",
            "O",
            "O",
            "O",
            "O",
            "O",
            "O",
            "O",
            "O",
            "O",
            "O",
            "O",
            "O",
            "O",
            "O",
            "O"
        ]
    },
    {
        "words": [
            "Multi-cycle",
            "\u25cf",
            "a",
            "Von",
            "Neumann",
            "machine",
            "has",
            "one",
            "memory",
            ",",
            "but",
            "uses",
            "multiple",
            "clock",
            "cycles",
            "to",
            "execute",
            "each",
            "instruction",
            "lw",
            "t0",
            ",",
            "(",
            "s0",
            ")",
            "Cycle",
            "1",
            ":",
            "Instruction",
            "Instruction",
            "Address",
            "PC",
            "Control",
            "Memory",
            "Loaded",
            "Cycle",
            "2",
            ":",
            "word",
            "Load",
            "word",
            "address",
            "multi-cycle",
            "machines",
            "are",
            "by",
            "far",
            "the",
            "most",
            "common",
            "today",
            "but",
            "they",
            "'re",
            "more",
            "complex\u2026",
            "8"
        ],
        "labels": [
            "O",
            "O",
            "O",
            "O",
            "O",
            "O",
            "O",
            "O",
            "O",
            "O",
            "O",
            "O",
            "O",
            "O",
            "O",
            "O",
            "O",
            "O",
            "O",
            "O",
            "O",
            "O",
            "O",
            "O",
            "O",
            "O",
            "O",
            "O",
            "O",
            "O",
            "O",
            "O",
            "O",
            "O",
            "O",
            "O",
            "O",
            "O",
            "O",
            "O",
            "O",
            "O",
            "O",
            "O",
            "O",
            "O",
            "O",
            "O",
            "O",
            "O",
            "O",
            "O",
            "O",
            "O",
            "O",
            "O",
            "O"
        ]
    },
    {
        "words": [
            "The",
            "Interconnect",
            "9"
        ],
        "labels": [
            "O",
            "O",
            "O"
        ]
    },
    {
        "words": [
            "Got",
            "ta",
            "keep",
            "em",
            "separated",
            "interconnected",
            "\u25cf",
            "we",
            "'ve",
            "got",
            "pieces",
            "of",
            "a",
            "CPU",
            ",",
            "but",
            "they",
            "do",
            "n't",
            "operate",
            "in",
            "isolation",
            "\u25cf",
            "we",
            "got",
            "ta",
            "hook",
            "em",
            "together",
            ".",
            "but",
            "which",
            "parts",
            "hook",
            "to",
            "which",
            "?",
            "\u25cf",
            "the",
            "instructions",
            "in",
            "the",
            "ISA",
            "tell",
            "you",
            "what",
            "has",
            "to",
            "connect",
            "to",
            "what",
            ".",
            "PC",
            "that",
            "can",
            "branch",
            "Register",
            "and",
            "jump",
            "File",
            "Instruction",
            "Data",
            "ALU",
            "Memory",
            "Memory",
            "10"
        ],
        "labels": [
            "O",
            "O",
            "O",
            "O",
            "O",
            "O",
            "O",
            "O",
            "O",
            "O",
            "O",
            "O",
            "O",
            "O",
            "O",
            "O",
            "O",
            "O",
            "O",
            "O",
            "O",
            "O",
            "O",
            "O",
            "O",
            "O",
            "O",
            "O",
            "O",
            "O",
            "O",
            "O",
            "O",
            "O",
            "O",
            "O",
            "O",
            "O",
            "O",
            "O",
            "O",
            "O",
            "O",
            "O",
            "O",
            "O",
            "O",
            "O",
            "O",
            "O",
            "O",
            "O",
            "O",
            "O",
            "O",
            "O",
            "O",
            "O",
            "O",
            "O",
            "O",
            "O",
            "O",
            "O",
            "O",
            "O"
        ]
    },
    {
        "words": [
            "Slowly",
            "coming",
            "together",
            "\u25cf",
            "if",
            "we",
            "look",
            "at",
            "all",
            "the",
            "different",
            "instructions",
            "we",
            "want",
            "to",
            "support",
            ",",
            "we",
            "'ll",
            "start",
            "to",
            "get",
            "an",
            "idea",
            "of",
            "what",
            "data",
            "goes",
            "where",
            "sub",
            "v0",
            ",",
            "t0",
            ",",
            "t1",
            "sw",
            "s0",
            ",",
            "4",
            "(",
            "t3",
            ")",
            "t0",
            "s0",
            "Data",
            "v0",
            "Register",
            "Register",
            "-",
            "File",
            "t3",
            "Data",
            "File",
            "t1",
            "ALU",
            "Memory",
            "+",
            "Address",
            "ALU",
            "4",
            "jal",
            "move_ball",
            "address",
            "of",
            "PC",
            "how",
            "do",
            "we",
            "make",
            "all",
            "move_ball",
            "ra",
            "Register",
            "these",
            "different",
            "things",
            "+",
            "File",
            "4",
            "ALU",
            "?",
            "happen",
            "with",
            "one",
            "set",
            "of",
            "hardware\u2026",
            "?",
            "11"
        ],
        "labels": [
            "O",
            "O",
            "O",
            "O",
            "O",
            "O",
            "O",
            "O",
            "O",
            "O",
            "O",
            "O",
            "O",
            "O",
            "O",
            "O",
            "O",
            "O",
            "O",
            "O",
            "O",
            "O",
            "O",
            "O",
            "O",
            "O",
            "O",
            "O",
            "O",
            "O",
            "O",
            "O",
            "O",
            "O",
            "O",
            "O",
            "O",
            "O",
            "O",
            "O",
            "O",
            "O",
            "O",
            "O",
            "O",
            "O",
            "O",
            "O",
            "O",
            "O",
            "O",
            "O",
            "O",
            "O",
            "O",
            "O",
            "O",
            "O",
            "O",
            "O",
            "O",
            "O",
            "O",
            "O",
            "O",
            "O",
            "O",
            "O",
            "O",
            "O",
            "O",
            "O",
            "O",
            "O",
            "O",
            "O",
            "O",
            "O",
            "O",
            "O",
            "O",
            "O",
            "O",
            "O",
            "O",
            "O",
            "O",
            "O",
            "O"
        ]
    },
    {
        "words": [
            "PC",
            "to",
            "the",
            "left",
            "of",
            "me",
            ",",
            "ALU",
            "to",
            "the",
            "right",
            ",",
            "here",
            "I",
            "am",
            "\u25cf",
            "the",
            "interconnect",
            "lets",
            "the",
            "CPU",
            "parts",
            "combine",
            "in",
            "many",
            "ways",
            "\u25cf",
            "it",
            "'s",
            "like",
            "the",
            "CPU",
            "'s",
            "``",
            "circulatory",
            "system",
            "''",
            "\u2013",
            "it",
            "moves",
            "data",
            "around",
            "PC",
            "jal",
            "stores",
            "Data",
            "jr",
            "Register",
            "loads",
            "Memory",
            "File",
            "li",
            "(",
            "immediate",
            ")",
            "add",
            ",",
            "sub",
            ",",
            "etc",
            ".",
            "Instruction",
            "Memory",
            "ALU",
            "addi",
            ",",
            "ori",
            "etc",
            ".",
            "it",
            "'s",
            "starting",
            "to",
            "take",
            "shape\u2026",
            "12"
        ],
        "labels": [
            "O",
            "O",
            "O",
            "O",
            "O",
            "O",
            "O",
            "O",
            "O",
            "O",
            "O",
            "O",
            "O",
            "O",
            "O",
            "O",
            "O",
            "O",
            "O",
            "O",
            "O",
            "O",
            "O",
            "O",
            "O",
            "O",
            "O",
            "O",
            "O",
            "O",
            "O",
            "O",
            "O",
            "O",
            "O",
            "O",
            "O",
            "O",
            "O",
            "O",
            "O",
            "O",
            "O",
            "O",
            "O",
            "O",
            "O",
            "O",
            "O",
            "O",
            "O",
            "O",
            "O",
            "O",
            "O",
            "O",
            "O",
            "O",
            "O",
            "O",
            "O",
            "O",
            "O",
            "O",
            "O",
            "O",
            "O",
            "O",
            "O",
            "O",
            "O",
            "O",
            "O",
            "O",
            "O",
            "O"
        ]
    },
    {
        "words": [
            "A",
            "little",
            "technique",
            ":",
            "an",
            "interconnect",
            "matrix",
            "\u25cf",
            "you",
            "can",
            "make",
            "a",
            "table",
            "to",
            "keep",
            "track",
            "of",
            "what",
            "things",
            "connect",
            "to",
            "what",
            ".",
            "Does",
            "the",
            "data",
            "now",
            "consider",
            "all",
            "the",
            "flow",
            "from",
            "\u2026to",
            "here",
            "?",
            "instructions",
            "your",
            "CPU",
            "here\u2026",
            "should",
            "support",
            ",",
            "and",
            "mark",
            "the",
            "cells",
            "accordingly",
            ".",
            "ALU",
            "PC",
            "Regs",
            "IM",
            "DM",
            "ALU",
            "\u221a",
            "lw",
            "sw",
            "j",
            "beq",
            "PC",
            "\u221a",
            "add",
            ",",
            "sub",
            ",",
            "and",
            ",",
            "or",
            "Regs",
            "\u221a",
            "\u221a",
            "\u221a",
            "jr",
            "li",
            "?",
            "jal",
            "any",
            "component",
            "(",
            "column",
            ")",
            "with",
            "IM",
            "\u221a",
            "\u221a",
            "multiple",
            "things",
            "coming",
            "DM",
            "\u221a",
            "into",
            "it",
            "will",
            "need",
            "a",
            "MUX",
            ".",
            "(",
            "huh",
            "?",
            "next",
            "slide",
            ".",
            ")",
            "13"
        ],
        "labels": [
            "O",
            "O",
            "O",
            "O",
            "O",
            "O",
            "O",
            "O",
            "O",
            "O",
            "O",
            "O",
            "O",
            "O",
            "O",
            "O",
            "O",
            "O",
            "O",
            "O",
            "O",
            "O",
            "O",
            "O",
            "O",
            "O",
            "O",
            "O",
            "O",
            "O",
            "O",
            "O",
            "O",
            "O",
            "O",
            "O",
            "O",
            "O",
            "O",
            "O",
            "O",
            "O",
            "O",
            "O",
            "O",
            "O",
            "O",
            "O",
            "O",
            "O",
            "O",
            "O",
            "O",
            "O",
            "O",
            "O",
            "O",
            "O",
            "O",
            "O",
            "O",
            "O",
            "O",
            "O",
            "O",
            "O",
            "O",
            "O",
            "O",
            "O",
            "O",
            "O",
            "O",
            "O",
            "O",
            "O",
            "O",
            "O",
            "O",
            "O",
            "O",
            "O",
            "O",
            "O",
            "O",
            "O",
            "O",
            "O",
            "O",
            "O",
            "O",
            "O",
            "O",
            "O",
            "O",
            "O",
            "O",
            "O",
            "O",
            "O",
            "O",
            "O",
            "O",
            "O",
            "O"
        ]
    },
    {
        "words": [
            "Conjunction",
            "junction",
            "\u25cf",
            "the",
            "interconnect",
            "makes",
            "choices",
            "about",
            "which",
            "things",
            "go",
            "where",
            "only",
            "one",
            "of",
            "these",
            "is",
            "written",
            "ALU",
            "results",
            "to",
            "the",
            "register",
            "file",
            "data",
            "from",
            "memory",
            "so",
            "how",
            "do",
            "we",
            "choooooose",
            "Register",
            "which",
            "thing",
            "to",
            "write",
            "?",
            "File",
            "instruction",
            "immediates",
            "now",
            "we",
            "have",
            "a",
            "select",
            "pin",
            ".",
            "this",
            "is",
            "a",
            "control",
            "signal",
            "!",
            "saved",
            "PC",
            "for",
            "jal",
            "there",
            "will",
            "be",
            "several",
            "MUXes",
            "in",
            "the",
            "2",
            "interconnect",
            ",",
            "and",
            "each",
            "needs",
            "a",
            "control",
            "signal",
            "RegDataSrc",
            "the",
            "book",
            "calls",
            "this",
            "``",
            "MemToReg",
            "\u201c",
            ".",
            "Because",
            "in",
            "its",
            "model",
            "the",
            "value",
            "is",
            "1",
            "when",
            "the",
            "memory",
            "is",
            "read",
            "into",
            "a",
            "register",
            "14"
        ],
        "labels": [
            "O",
            "O",
            "O",
            "O",
            "O",
            "O",
            "O",
            "O",
            "O",
            "O",
            "O",
            "O",
            "O",
            "O",
            "O",
            "O",
            "O",
            "O",
            "O",
            "O",
            "O",
            "O",
            "O",
            "O",
            "O",
            "O",
            "O",
            "O",
            "O",
            "O",
            "O",
            "O",
            "O",
            "O",
            "O",
            "O",
            "O",
            "O",
            "O",
            "O",
            "O",
            "O",
            "O",
            "O",
            "O",
            "O",
            "O",
            "O",
            "O",
            "O",
            "O",
            "O",
            "O",
            "O",
            "O",
            "O",
            "O",
            "O",
            "O",
            "O",
            "O",
            "O",
            "O",
            "O",
            "O",
            "O",
            "O",
            "O",
            "O",
            "O",
            "O",
            "O",
            "O",
            "O",
            "O",
            "O",
            "O",
            "O",
            "O",
            "O",
            "O",
            "O",
            "O",
            "O",
            "O",
            "O",
            "O",
            "O",
            "O",
            "O",
            "O",
            "O",
            "O",
            "O",
            "O",
            "O",
            "O",
            "O",
            "O",
            "O"
        ]
    },
    {
        "words": [
            "Interconnected",
            "(",
            "MIPS",
            ",",
            "not",
            "your",
            "project",
            ")",
            "\u25cf",
            "if",
            "we",
            "want",
            "to",
            "make",
            "a",
            "suuuuper",
            "simple",
            "version",
            "of",
            "MIPS",
            ",",
            "we",
            "can",
            "connect",
            "the",
            "pieces",
            "together",
            "into",
            "a",
            "datapath",
            "like",
            "this",
            "Data",
            "(",
            "this",
            "version",
            "does",
            "n't",
            "RegWrite",
            "MemWrite",
            "Data",
            "support",
            "jal",
            ",",
            "and",
            "\u2026",
            "Memory",
            "but",
            "that",
            "'s",
            "fiiiine",
            ")",
            "rd",
            "Address",
            "rs",
            "rt",
            "Register",
            "how",
            "can",
            "we",
            "use",
            "this",
            "File",
            "to",
            "implement",
            "add",
            "?",
            "ALU",
            "sub",
            "?",
            "addi",
            "?",
            "lw",
            "?",
            "sw",
            "?",
            "li",
            "?",
            "RegDataSrc",
            "ALUOp",
            "but",
            "now",
            "we",
            "need",
            "imm",
            "field",
            "ALUSrc",
            "to",
            ",",
            "uh",
            ",",
            "control",
            "the",
            "control",
            "signals",
            ".",
            "15"
        ],
        "labels": [
            "O",
            "O",
            "O",
            "O",
            "O",
            "O",
            "O",
            "O",
            "O",
            "O",
            "O",
            "O",
            "O",
            "O",
            "O",
            "O",
            "O",
            "O",
            "O",
            "O",
            "O",
            "O",
            "O",
            "O",
            "O",
            "O",
            "O",
            "O",
            "O",
            "O",
            "O",
            "O",
            "O",
            "O",
            "O",
            "O",
            "O",
            "O",
            "O",
            "O",
            "O",
            "O",
            "O",
            "O",
            "O",
            "O",
            "O",
            "O",
            "O",
            "O",
            "O",
            "O",
            "O",
            "O",
            "O",
            "O",
            "O",
            "O",
            "O",
            "O",
            "O",
            "O",
            "O",
            "O",
            "O",
            "O",
            "O",
            "O",
            "O",
            "O",
            "O",
            "O",
            "O",
            "O",
            "O",
            "O",
            "O",
            "O",
            "O",
            "O",
            "O",
            "O",
            "O",
            "O",
            "O",
            "O",
            "O",
            "O",
            "O",
            "O",
            "O",
            "O",
            "O",
            "O",
            "O",
            "O",
            "O"
        ]
    },
    {
        "words": [
            "The",
            "Forgotten",
            "Phase",
            ":",
            "Operand",
            "Fetch",
            "16"
        ],
        "labels": [
            "O",
            "O",
            "O",
            "O",
            "O",
            "O",
            "O"
        ]
    },
    {
        "words": [
            "A",
            "little",
            "extra",
            "step",
            "\u25cf",
            "operand",
            "fetch",
            "is",
            "a",
            "phase",
            "of",
            "instruction",
            "execution",
            "you",
            "might",
            "see",
            "\u25cf",
            "it",
            "fetches",
            "the",
            "values",
            "to",
            "be",
            "operated",
            "on",
            "F",
            "D",
            "X",
            "M",
            "W",
            "it",
            "happens",
            "after",
            "the",
            "instruction",
            "is",
            "decoded",
            ".",
            "where",
            "do",
            "values",
            "have",
            "to",
            "be",
            "for",
            "the",
            "CPU",
            "to",
            "operate",
            "on",
            "them",
            "?",
            "in",
            "the",
            "registers\u2026",
            "?",
            "17"
        ],
        "labels": [
            "O",
            "O",
            "O",
            "O",
            "O",
            "O",
            "O",
            "O",
            "O",
            "O",
            "O",
            "O",
            "O",
            "O",
            "O",
            "O",
            "O",
            "O",
            "O",
            "O",
            "O",
            "O",
            "O",
            "O",
            "O",
            "O",
            "O",
            "O",
            "O",
            "O",
            "O",
            "O",
            "O",
            "O",
            "O",
            "O",
            "O",
            "O",
            "O",
            "O",
            "O",
            "O",
            "O",
            "O",
            "O",
            "O",
            "O",
            "O",
            "O",
            "O",
            "O",
            "O",
            "O",
            "O",
            "O",
            "O",
            "O"
        ]
    },
    {
        "words": [
            "Vestigial",
            "\u25cf",
            "in",
            "MIPS",
            "(",
            "and",
            "your",
            "project",
            ")",
            ",",
            "operand",
            "fetch",
            "is",
            "super",
            "simple",
            ":",
            "this",
            "is",
            "by",
            "design",
            ":",
            "load-store",
            "architectures",
            "have",
            "very",
            "simple",
            "Register",
            "operand",
            "fetch",
            "phases",
            ".",
            "File",
            "ALU",
            "imm",
            "field",
            "why",
            "?",
            "well\u2026",
            "here",
            "it",
            "is",
            "!",
            "18"
        ],
        "labels": [
            "O",
            "O",
            "O",
            "O",
            "O",
            "O",
            "O",
            "O",
            "O",
            "O",
            "O",
            "O",
            "O",
            "O",
            "O",
            "O",
            "O",
            "O",
            "O",
            "O",
            "O",
            "O",
            "O",
            "O",
            "O",
            "O",
            "O",
            "O",
            "O",
            "O",
            "O",
            "O",
            "O",
            "O",
            "O",
            "O",
            "O",
            "O",
            "O",
            "O",
            "O",
            "O",
            "O"
        ]
    },
    {
        "words": [
            "Operand",
            "Fetch",
            "in",
            "x86",
            "\u25cf",
            "as",
            "a",
            "CISC",
            ",",
            "x86",
            "has",
            "some\u2026",
            "crazy",
            "instructions",
            ".",
            "inc",
            "[",
            "eax",
            "+",
            "ecx",
            "*",
            "4",
            "+",
            "12",
            "]",
            "this",
            "is",
            "an",
            "effective",
            "here",
            "'s",
            "what",
            "the",
            "CPU",
            "has",
            "to",
            "address",
            "calculation",
            ".",
            "do",
            "for",
            "this",
            "instruction",
            ":",
            "(",
            "the",
            "brackets",
            "mean",
            "``",
            "access",
            "memory",
            ".",
            "''",
            ")",
            "1.",
            "multiply",
            "ecx",
            "by",
            "4",
            "2.",
            "add",
            "eax",
            "to",
            "that",
            "this",
            "is",
            "operand",
            "fetch",
            ".",
            "3.",
            "add",
            "12",
            "to",
            "that",
            "4.",
            "load",
            "a",
            "word",
            "from",
            "that",
            "address",
            "be",
            "very",
            "glad",
            "you",
            "wo",
            "n't",
            "have",
            "5.",
            "add",
            "1",
            "to",
            "that",
            "value",
            "to",
            "do",
            "this",
            "for",
            "your",
            "project",
            ".",
            "6.",
            "store",
            "that",
            "value",
            "back",
            "into",
            "the",
            "address",
            "19"
        ],
        "labels": [
            "O",
            "O",
            "O",
            "O",
            "O",
            "O",
            "O",
            "O",
            "O",
            "O",
            "O",
            "O",
            "O",
            "O",
            "O",
            "O",
            "O",
            "O",
            "O",
            "O",
            "O",
            "O",
            "O",
            "O",
            "O",
            "O",
            "O",
            "O",
            "O",
            "O",
            "O",
            "O",
            "O",
            "O",
            "O",
            "O",
            "O",
            "O",
            "O",
            "O",
            "O",
            "O",
            "O",
            "O",
            "O",
            "O",
            "O",
            "O",
            "O",
            "O",
            "O",
            "O",
            "O",
            "O",
            "O",
            "O",
            "O",
            "O",
            "O",
            "O",
            "O",
            "O",
            "O",
            "O",
            "O",
            "O",
            "O",
            "O",
            "O",
            "O",
            "O",
            "O",
            "O",
            "O",
            "O",
            "O",
            "O",
            "O",
            "O",
            "O",
            "O",
            "O",
            "O",
            "O",
            "O",
            "O",
            "O",
            "O",
            "O",
            "O",
            "O",
            "O",
            "O",
            "O",
            "O",
            "O",
            "O",
            "O",
            "O",
            "O",
            "O",
            "O",
            "O",
            "O",
            "O",
            "O",
            "O",
            "O",
            "O",
            "O"
        ]
    },
    {
        "words": [
            "The",
            "Control",
            "20"
        ],
        "labels": [
            "O",
            "O",
            "O"
        ]
    },
    {
        "words": [
            "Feeling",
            "nervous",
            "\u25cf",
            "the",
            "control",
            "is",
            "what",
            "sets",
            "the",
            "write",
            "enables",
            "and",
            "selects",
            "to",
            "the",
            "appropriate",
            "values",
            "to",
            "make",
            "each",
            "instruction",
            "happen",
            "\u25cf",
            "it",
            "'s",
            "like",
            "the",
            "CPU",
            "'s",
            "brain",
            "and",
            "nervous",
            "system",
            "c'mon",
            "you",
            "it",
            "does",
            "this",
            "by",
            "reading",
            "lazy",
            "bums",
            "the",
            "instructions",
            ".",
            "awwwww",
            "we",
            "do",
            "n't",
            "wannaaaa",
            "Register",
            "sub",
            "v0",
            ",",
            "t0",
            ",",
            "t1",
            "\ud83d\udc40Control",
            "File",
            "Register",
            "file",
            ",",
            "read",
            "t0",
            "and",
            "t1",
            ",",
            "and",
            "write",
            "to",
            "Data",
            "v0",
            ".",
            "ALU",
            ",",
            "do",
            "subtraction",
            ".",
            "Interconnect",
            ",",
            "Memory",
            "route",
            "the",
            "data",
            "from",
            "the",
            "two",
            "registers",
            "into",
            "ALU",
            "the",
            "ALU",
            "and",
            "from",
            "the",
            "ALU",
            "into",
            "the",
            "register",
            "file",
            ".",
            "Data",
            "memory",
            ",",
            "you",
            "get",
            "to",
            "take",
            "a",
            "break",
            ".",
            "yissssss",
            "21"
        ],
        "labels": [
            "O",
            "O",
            "O",
            "O",
            "O",
            "O",
            "O",
            "O",
            "O",
            "O",
            "O",
            "O",
            "O",
            "O",
            "O",
            "O",
            "O",
            "O",
            "O",
            "O",
            "O",
            "O",
            "O",
            "O",
            "O",
            "O",
            "O",
            "O",
            "O",
            "O",
            "O",
            "O",
            "O",
            "O",
            "O",
            "O",
            "O",
            "O",
            "O",
            "O",
            "O",
            "O",
            "O",
            "O",
            "O",
            "O",
            "O",
            "O",
            "O",
            "O",
            "O",
            "O",
            "O",
            "O",
            "O",
            "O",
            "O",
            "O",
            "O",
            "O",
            "O",
            "O",
            "O",
            "O",
            "O",
            "O",
            "O",
            "O",
            "O",
            "O",
            "O",
            "O",
            "O",
            "O",
            "O",
            "O",
            "O",
            "O",
            "O",
            "O",
            "O",
            "O",
            "O",
            "O",
            "O",
            "O",
            "O",
            "O",
            "O",
            "O",
            "O",
            "O",
            "O",
            "O",
            "O",
            "O",
            "O",
            "O",
            "O",
            "O",
            "O",
            "O",
            "O",
            "O",
            "O",
            "O",
            "O",
            "O",
            "O",
            "O",
            "O",
            "O",
            "O"
        ]
    },
    {
        "words": [
            "Two",
            "kinds",
            "of",
            "control",
            "signals",
            "\u25cf",
            "first",
            "there",
            "are",
            "the",
            "selects",
            "RegWrite",
            "o",
            "these",
            "go",
            "into",
            "the",
            "select",
            "pins",
            "of",
            "5",
            "Register",
            "muxes",
            ",",
            "demuxes",
            ",",
            "or",
            "decoders",
            "rd",
            "o",
            "they",
            "can",
            "be",
            "any",
            "number",
            "of",
            "bits",
            "File",
            "\u25cf",
            "then",
            "there",
            "are",
            "the",
            "write",
            "enables",
            "o",
            "these",
            "tell",
            "registers",
            "and",
            "memory",
            "RegDataSrc",
            "when",
            "to",
            "store",
            "data",
            "o",
            "they",
            "'re",
            "Booleans",
            "-",
            "0",
            "or",
            "1",
            "MemWrite",
            "Data",
            "\u25cf",
            "they",
            "often",
            "come",
            "in",
            "pairs",
            "!",
            "o",
            "like",
            "RegWrite",
            "and",
            "RegDataSrc",
            ".",
            "Memory",
            "o",
            "they",
            "decide",
            "what",
            "to",
            "write",
            "and",
            "when",
            "to",
            "write",
            "it",
            ".",
            "22"
        ],
        "labels": [
            "O",
            "O",
            "O",
            "O",
            "O",
            "O",
            "O",
            "O",
            "O",
            "O",
            "O",
            "O",
            "O",
            "O",
            "O",
            "O",
            "O",
            "O",
            "O",
            "O",
            "O",
            "O",
            "O",
            "O",
            "O",
            "O",
            "O",
            "O",
            "O",
            "O",
            "O",
            "O",
            "O",
            "O",
            "O",
            "O",
            "O",
            "O",
            "O",
            "O",
            "O",
            "O",
            "O",
            "O",
            "O",
            "O",
            "O",
            "O",
            "O",
            "O",
            "O",
            "O",
            "O",
            "O",
            "O",
            "O",
            "O",
            "O",
            "O",
            "O",
            "O",
            "O",
            "O",
            "O",
            "O",
            "O",
            "O",
            "O",
            "O",
            "O",
            "O",
            "O",
            "O",
            "O",
            "O",
            "O",
            "O",
            "O",
            "O",
            "O",
            "O",
            "O",
            "O",
            "O",
            "O",
            "O",
            "O",
            "O",
            "O",
            "O",
            "O",
            "O",
            "O"
        ]
    },
    {
        "words": [
            "Got",
            "ta",
            "write",
            "it",
            "down",
            "\u25cf",
            "write",
            "enables",
            "are",
            "kind",
            "of",
            "the",
            "basis",
            "of",
            "``",
            "things",
            "happening",
            "in",
            "a",
            "CPU",
            "''",
            "\u25cf",
            "almost",
            "every",
            "instruction",
            "writes",
            "something",
            "somewhere",
            "!",
            "add",
            "t0",
            ",",
            "t1",
            ",",
            "t2",
            "sw",
            "s0",
            ",",
            "(",
            "t0",
            ")",
            "writes",
            "to",
            "t0",
            "writes",
            "to",
            "memory",
            "beq",
            "s0",
            ",",
            "10",
            ",",
            "end",
            "jal",
            "func1",
            "might",
            "write",
            "to",
            "the",
            "PC",
            "writes",
            "to",
            "the",
            "PC",
            "and",
            "ra",
            "!",
            "if",
            "an",
            "instruction",
            "does",
            "n't",
            "write",
            "anything",
            ",",
            "it",
            "'s",
            "a",
            "no-op",
            "(",
            "nop",
            ")",
            ".",
            "(",
            "if",
            "an",
            "instruction",
            "does",
            "not",
            "change",
            "anything",
            ",",
            "did",
            "it",
            "ever",
            "happen",
            "?",
            ")",
            "what",
            "changes",
            "when",
            "a",
            "conditional",
            "branch",
            "is",
            "n't",
            "taken",
            "?",
            "23"
        ],
        "labels": [
            "O",
            "O",
            "O",
            "O",
            "O",
            "O",
            "O",
            "O",
            "O",
            "O",
            "O",
            "O",
            "O",
            "O",
            "O",
            "O",
            "O",
            "O",
            "O",
            "O",
            "O",
            "O",
            "O",
            "O",
            "O",
            "O",
            "O",
            "O",
            "O",
            "O",
            "O",
            "O",
            "O",
            "O",
            "O",
            "O",
            "O",
            "O",
            "O",
            "O",
            "O",
            "O",
            "O",
            "O",
            "O",
            "O",
            "O",
            "O",
            "O",
            "O",
            "O",
            "O",
            "O",
            "O",
            "O",
            "O",
            "O",
            "O",
            "O",
            "O",
            "O",
            "O",
            "O",
            "O",
            "O",
            "O",
            "O",
            "O",
            "O",
            "O",
            "O",
            "O",
            "O",
            "O",
            "O",
            "O",
            "O",
            "O",
            "O",
            "O",
            "O",
            "O",
            "O",
            "O",
            "O",
            "O",
            "O",
            "O",
            "O",
            "O",
            "O",
            "O",
            "O",
            "O",
            "O",
            "O",
            "O",
            "O",
            "O",
            "O",
            "O",
            "O",
            "O",
            "O",
            "O",
            "O",
            "O",
            "O",
            "O"
        ]
    },
    {
        "words": [
            "The",
            "control",
            "hardware",
            "\u25cf",
            "we",
            "connected",
            "the",
            "datapath",
            "together",
            ";",
            "now",
            "for",
            "the",
            "control",
            "bits",
            "+",
            "rt",
            "4",
            "rd",
            "PC",
            "rs",
            "PCSrc",
            "immediate",
            "immediate",
            "(",
            "jump",
            "target",
            ")",
            "PCSrc",
            "instruction",
            "goes",
            "in\u2026",
            "address",
            "goes",
            "in\u2026",
            "Instruction",
            "Control",
            "\u2026control",
            "signals",
            "\u2026instruction",
            "Memory",
            "come",
            "out",
            ".",
            "comes",
            "out",
            ".",
            "somehow",
            ".",
            "ALUSrc",
            "RegWrite",
            "ALUOp",
            "RegDataSrc",
            "MemWrite",
            "24"
        ],
        "labels": [
            "O",
            "O",
            "O",
            "O",
            "O",
            "O",
            "O",
            "O",
            "O",
            "O",
            "O",
            "O",
            "O",
            "O",
            "O",
            "O",
            "O",
            "O",
            "O",
            "O",
            "O",
            "O",
            "O",
            "O",
            "O",
            "O",
            "O",
            "O",
            "O",
            "O",
            "O",
            "O",
            "O",
            "O",
            "O",
            "O",
            "O",
            "O",
            "O",
            "O",
            "O",
            "O",
            "O",
            "O",
            "O",
            "O",
            "O",
            "O",
            "O",
            "O",
            "O",
            "O",
            "O",
            "O",
            "O"
        ]
    },
    {
        "words": [
            "Instruction",
            "Decoding",
            "25"
        ],
        "labels": [
            "O",
            "O",
            "O"
        ]
    },
    {
        "words": [
            "Pull",
            "'n",
            "'",
            "peel",
            "\u25cf",
            "the",
            "first",
            "step",
            "is",
            "to",
            "split",
            "the",
            "encoded",
            "instruction",
            "up",
            "\u25cf",
            "but",
            "which",
            "instruction",
            "format",
            "is",
            "it",
            "?",
            "actually",
            ",",
            "it",
            "does",
            "n't",
            "matter",
            ".",
            "31-26",
            "R",
            "31",
            "26",
            "25",
            "21",
            "20",
            "16",
            "15",
            "11",
            "10",
            "6",
            "5",
            "0",
            "opcode",
            "opcode",
            "rs",
            "rt",
            "rd",
            "shamt",
            "funct",
            "25-21",
            "rs",
            "31",
            "26",
            "25",
            "21",
            "20",
            "16",
            "15",
            "0",
            "20-16",
            "I",
            "opcode",
            "rs",
            "rt",
            "immediate",
            "15-11",
            "rt",
            "rd",
            "31",
            "26",
            "25",
            "0",
            "10-6",
            "J",
            "opcode",
            "target",
            "5-0",
            "shamt",
            "funct",
            "``",
            "do",
            "everything",
            "at",
            "once",
            ",",
            "but",
            "32",
            "15-0",
            "immediate",
            "use",
            "only",
            "what",
            "you",
            "need",
            ".",
            "''",
            "instruction",
            "25-0",
            "target",
            "26"
        ],
        "labels": [
            "O",
            "O",
            "O",
            "O",
            "O",
            "O",
            "O",
            "O",
            "O",
            "O",
            "O",
            "O",
            "O",
            "O",
            "O",
            "O",
            "O",
            "O",
            "O",
            "O",
            "O",
            "O",
            "O",
            "O",
            "O",
            "O",
            "O",
            "O",
            "O",
            "O",
            "O",
            "O",
            "O",
            "O",
            "O",
            "O",
            "O",
            "O",
            "O",
            "O",
            "O",
            "O",
            "O",
            "O",
            "O",
            "O",
            "O",
            "O",
            "O",
            "O",
            "O",
            "O",
            "O",
            "O",
            "O",
            "O",
            "O",
            "O",
            "O",
            "O",
            "O",
            "O",
            "O",
            "O",
            "O",
            "O",
            "O",
            "O",
            "O",
            "O",
            "O",
            "O",
            "O",
            "O",
            "O",
            "O",
            "O",
            "O",
            "O",
            "O",
            "O",
            "O",
            "O",
            "O",
            "O",
            "O",
            "O",
            "O",
            "O",
            "O",
            "O",
            "O",
            "O",
            "O",
            "O",
            "O",
            "O",
            "O",
            "O",
            "O",
            "O",
            "O"
        ]
    },
    {
        "words": [
            "No",
            ",",
            "really",
            ",",
            "it",
            "'s",
            "fine",
            ",",
            "do",
            "n't",
            "worry",
            "about",
            "it",
            "\u25cf",
            "suppose",
            "the",
            "encoded",
            "instruction",
            "was",
            "addi",
            "s0",
            ",",
            "s0",
            ",",
            "-1",
            ".",
            "31",
            "26",
            "25",
            "21",
            "20",
            "16",
            "15",
            "0",
            "op",
            "0x08",
            "opcode",
            "rs",
            "rt",
            "immediate",
            "put",
            "it",
            "through",
            "rs",
            "0x10",
            "addi",
            "is",
            "an",
            "I-type",
            "instruction",
            ".",
            "the",
            "splitter",
            "and\u2026",
            "rt",
            "0x10",
            "opcode",
            ",",
            "rs",
            ",",
            "rt",
            ",",
            "and",
            "immediate",
            "addi",
            "s0",
            ",",
            "s0",
            ",",
            "-1",
            "32",
            "rd",
            "0x2210FFFF",
            "0x1F",
            "will",
            "be",
            "used",
            ".",
            "shamt",
            "0x1F",
            "the",
            "rest",
            "are",
            "bogus",
            "and",
            "will",
            "be",
            "\u2026out",
            "come",
            "a",
            "funct",
            "ignored",
            ".",
            "see",
            "?",
            "it",
            "'s",
            "fiiiiiine",
            "bunch",
            "of",
            "values",
            ".",
            "0x3F",
            "imm",
            "0xFFFF",
            "target",
            "0x210FFFF",
            "27"
        ],
        "labels": [
            "O",
            "O",
            "O",
            "O",
            "O",
            "O",
            "O",
            "O",
            "O",
            "O",
            "O",
            "O",
            "O",
            "O",
            "O",
            "O",
            "O",
            "O",
            "O",
            "O",
            "O",
            "O",
            "O",
            "O",
            "O",
            "O",
            "O",
            "O",
            "O",
            "O",
            "O",
            "O",
            "O",
            "O",
            "O",
            "O",
            "O",
            "O",
            "O",
            "O",
            "O",
            "O",
            "O",
            "O",
            "O",
            "O",
            "O",
            "O",
            "O",
            "O",
            "O",
            "O",
            "O",
            "O",
            "O",
            "O",
            "O",
            "O",
            "O",
            "O",
            "O",
            "O",
            "O",
            "O",
            "O",
            "O",
            "O",
            "O",
            "O",
            "O",
            "O",
            "O",
            "O",
            "O",
            "O",
            "O",
            "O",
            "O",
            "O",
            "O",
            "O",
            "O",
            "O",
            "O",
            "O",
            "O",
            "O",
            "O",
            "O",
            "O",
            "O",
            "O",
            "O",
            "O",
            "O",
            "O",
            "O",
            "O",
            "O",
            "O",
            "O",
            "O",
            "O",
            "O",
            "O",
            "O",
            "O",
            "O"
        ]
    },
    {
        "words": [
            "Making",
            "the",
            "control",
            "work",
            "\u25cf",
            "the",
            "control",
            "is",
            "a",
            "boolean",
            "function",
            "that",
            "takes",
            "the",
            "instruction",
            "opcode",
            "as",
            "its",
            "input",
            "and",
            "outputs",
            "the",
            "control",
            "signals",
            ".",
            "\u25cf",
            "in",
            "other",
            "words",
            ",",
            "it",
            "'s",
            "a",
            "big",
            "fat",
            "truth",
            "table",
            ".",
            "opcode",
            "PCSrc",
            "RegDataSrc",
            "RegWrite",
            "ALUOp",
            "\u2026",
            "This",
            "is",
            "not",
            "the",
            "only",
            "way",
            "of",
            "making",
            "your",
            "control",
            "unit",
            ".",
            "000000",
            "0",
            "00",
            "0",
            "000",
            "\u2026",
            "000001",
            "0",
            "01",
            "1",
            "110",
            "\u2026",
            "it",
            "'s",
            "time-consuming",
            ",",
            "000010",
            "0",
            "00",
            "1",
            "010",
            "\u2026",
            "confusing",
            ",",
            "hard",
            "to",
            "debug",
            ",",
            "000011",
            "1",
            "00",
            "0",
            "011",
            "\u2026",
            "and",
            "hard",
            "to",
            "change",
            ".",
            "000100",
            "1",
            "11",
            "1",
            "000",
            "\u2026",
            "you",
            "will",
            "go",
            "insane",
            ".",
            "000101",
            "0",
            "10",
            "1",
            "010",
            "\u2026",
            "\u2026",
            "\u2026",
            "\u2026",
            "\u2026",
            "\u2026",
            "\u2026",
            "These",
            "are",
            "made",
            "up",
            "numbers",
            ".",
            "Please",
            "do",
            "n't",
            "try",
            "to",
            "use",
            "them",
            "!",
            "28"
        ],
        "labels": [
            "O",
            "O",
            "O",
            "O",
            "O",
            "O",
            "O",
            "O",
            "O",
            "O",
            "O",
            "O",
            "O",
            "O",
            "O",
            "O",
            "O",
            "O",
            "O",
            "O",
            "O",
            "O",
            "O",
            "O",
            "O",
            "O",
            "O",
            "O",
            "O",
            "O",
            "O",
            "O",
            "O",
            "O",
            "O",
            "O",
            "O",
            "O",
            "O",
            "O",
            "O",
            "O",
            "O",
            "O",
            "O",
            "O",
            "O",
            "O",
            "O",
            "O",
            "O",
            "O",
            "O",
            "O",
            "O",
            "O",
            "O",
            "O",
            "O",
            "O",
            "O",
            "O",
            "O",
            "O",
            "O",
            "O",
            "O",
            "O",
            "O",
            "O",
            "O",
            "O",
            "O",
            "O",
            "O",
            "O",
            "O",
            "O",
            "O",
            "O",
            "O",
            "O",
            "O",
            "O",
            "O",
            "O",
            "O",
            "O",
            "O",
            "O",
            "O",
            "O",
            "O",
            "O",
            "O",
            "O",
            "O",
            "O",
            "O",
            "O",
            "O",
            "O",
            "O",
            "O",
            "O",
            "O",
            "O",
            "O",
            "O",
            "O",
            "O",
            "O",
            "O",
            "O",
            "O",
            "O",
            "O",
            "O",
            "O",
            "O",
            "O",
            "O",
            "O",
            "O",
            "O",
            "O",
            "O",
            "O",
            "O",
            "O",
            "O",
            "O",
            "O"
        ]
    },
    {
        "words": [
            "A",
            "more",
            "approachable",
            "approach",
            "\u25cf",
            "Here",
            "'s",
            "a",
            "great",
            "use",
            "for",
            "a",
            "decoder",
            ":",
            "decoding",
            ".",
            "(",
            "huh",
            ".",
            ")",
            "opcode",
            "<",
            "r-type",
            ">",
            "exactly",
            "one",
            "of",
            "these",
            "will",
            "<",
            "uhh",
            "random",
            "crap",
            ">",
            "be",
            "on",
            "at",
            "a",
            "time",
            ".",
            "j",
            "jal",
            "now",
            "it",
            "'s",
            "just",
            "a",
            "matter",
            "of",
            "coming",
            "up",
            "with",
            "beq",
            "the",
            "logic",
            "for",
            "each",
            "of",
            "the",
            "control",
            "signals",
            ".",
            "bne",
            "blez",
            "for",
            "that",
            ",",
            "it",
            "'s",
            "good",
            "to",
            "focus",
            "on",
            "one",
            "bgtz",
            "control",
            "signal",
            "at",
            "a",
            "time",
            ".",
            "addi",
            "addiu",
            "slti",
            "sltiu",
            "29"
        ],
        "labels": [
            "O",
            "O",
            "O",
            "O",
            "O",
            "O",
            "O",
            "O",
            "O",
            "O",
            "O",
            "O",
            "O",
            "O",
            "O",
            "O",
            "O",
            "O",
            "O",
            "O",
            "O",
            "O",
            "O",
            "O",
            "O",
            "O",
            "O",
            "O",
            "O",
            "O",
            "O",
            "O",
            "O",
            "O",
            "O",
            "O",
            "O",
            "O",
            "O",
            "O",
            "O",
            "O",
            "O",
            "O",
            "O",
            "O",
            "O",
            "O",
            "O",
            "O",
            "O",
            "O",
            "O",
            "O",
            "O",
            "O",
            "O",
            "O",
            "O",
            "O",
            "O",
            "O",
            "O",
            "O",
            "O",
            "O",
            "O",
            "O",
            "O",
            "O",
            "O",
            "O",
            "O",
            "O",
            "O",
            "O",
            "O",
            "O",
            "O",
            "O",
            "O",
            "O",
            "O",
            "O",
            "O",
            "O"
        ]
    },
    {
        "words": [
            "<",
            "the",
            "sound",
            "a",
            "seal",
            "makes",
            ">",
            "\u25cf",
            "let",
            "'s",
            "say",
            "we",
            "want",
            "to",
            "come",
            "up",
            "with",
            "the",
            "MemWrite",
            "control",
            "signal",
            "\u25cf",
            "which",
            "MIPS",
            "instructions",
            "write",
            "to",
            "memory",
            "?",
            "sw",
            "sh",
            "MemWrite",
            "pretty",
            "straightforward",
            ",",
            "huh",
            "?",
            "sb",
            "what",
            "about",
            "multi-bit",
            "control",
            "signals",
            ",",
            "like",
            "your",
            "ALU",
            "operation",
            "?",
            "there",
            "are",
            "a",
            "few",
            "approaches\u2026",
            "30"
        ],
        "labels": [
            "O",
            "O",
            "O",
            "O",
            "O",
            "O",
            "O",
            "O",
            "O",
            "O",
            "O",
            "O",
            "O",
            "O",
            "O",
            "O",
            "O",
            "O",
            "O",
            "O",
            "O",
            "O",
            "O",
            "O",
            "O",
            "O",
            "O",
            "O",
            "O",
            "O",
            "O",
            "O",
            "O",
            "O",
            "O",
            "O",
            "O",
            "O",
            "O",
            "O",
            "O",
            "O",
            "O",
            "O",
            "O",
            "O",
            "O",
            "O",
            "O",
            "O",
            "O",
            "O",
            "O",
            "O",
            "O"
        ]
    },
    {
        "words": [
            "The",
            "brute-force",
            "approach",
            ":",
            "the",
            "MUXtipede",
            "\u25cf",
            "in",
            "this",
            "approach",
            ",",
            "you",
            "use",
            "enormous",
            "MUXes",
            "to",
            "select",
            "constants",
            ".",
            "opcode",
            "it\u2026",
            "works",
            ",",
            "but",
            "it",
            "'s",
            "hard",
            "to",
            "follow",
            ".",
            "ALUOp",
            "for",
            "opcode",
            "0",
            "ALUOp",
            "for",
            "opcode",
            "1",
            "it",
            "'s",
            "hard",
            "to",
            "tell",
            "which",
            "constant",
            "ALUOp",
            "for",
            "opcode",
            "2",
            "is",
            "used",
            "for",
            "which",
            "instruction",
            ".",
            "ALUOp",
            "for",
            "opcode",
            "3",
            "it",
            "'s",
            "also",
            "hard",
            "to",
            "add",
            "new",
            "ALUOp",
            "for",
            "opcode",
            "4",
            "instructions",
            ".",
            "ALUOp",
            "for",
            "opcode",
            "5",
            "ALUOp",
            "for",
            "opcode",
            "6",
            "ALUOp",
            "for",
            "opcode",
            "7",
            "ALUOp",
            "ALUOp",
            "for",
            "opcode",
            "8",
            "we",
            "can",
            "make",
            "this",
            "a",
            "tiny",
            "ALUOp",
            "for",
            "opcode",
            "9",
            "bit",
            "MUCH",
            "MORE",
            "ALUOp",
            "for",
            "opcode",
            "A",
            "elegant",
            "!",
            "ALUOp",
            "for",
            "opcode",
            "B",
            "31"
        ],
        "labels": [
            "O",
            "O",
            "O",
            "O",
            "O",
            "O",
            "O",
            "O",
            "O",
            "O",
            "O",
            "O",
            "O",
            "O",
            "O",
            "O",
            "O",
            "O",
            "O",
            "O",
            "O",
            "O",
            "O",
            "O",
            "O",
            "O",
            "O",
            "O",
            "O",
            "O",
            "O",
            "O",
            "O",
            "O",
            "O",
            "O",
            "O",
            "O",
            "O",
            "O",
            "O",
            "O",
            "O",
            "O",
            "O",
            "O",
            "O",
            "O",
            "O",
            "O",
            "O",
            "O",
            "O",
            "O",
            "O",
            "O",
            "O",
            "O",
            "O",
            "O",
            "O",
            "O",
            "O",
            "O",
            "O",
            "O",
            "O",
            "O",
            "O",
            "O",
            "O",
            "O",
            "O",
            "O",
            "O",
            "O",
            "O",
            "O",
            "O",
            "O",
            "O",
            "O",
            "O",
            "O",
            "O",
            "O",
            "O",
            "O",
            "O",
            "O",
            "O",
            "O",
            "O",
            "O",
            "O",
            "O",
            "O",
            "O",
            "O",
            "O",
            "O",
            "O",
            "O",
            "O",
            "O",
            "O",
            "O",
            "O",
            "O",
            "O",
            "O",
            "O",
            "O"
        ]
    },
    {
        "words": [
            "Priority",
            "Encoders",
            "\u25cf",
            "a",
            "priority",
            "encoder",
            "is",
            "kind",
            "of",
            "the",
            "opposite",
            "of",
            "a",
            "decoder",
            ".",
            "\u25cf",
            "you",
            "give",
            "it",
            "several",
            "1-bit",
            "inputs",
            ",",
            "and",
            "it",
            "tells",
            "you",
            "which",
            "one",
            "is",
            "1",
            ".",
            "1",
            "0",
            "if",
            "none",
            "of",
            "the",
            "inputs",
            "is",
            "1",
            ",",
            "0",
            "1",
            "then",
            "it",
            "gives",
            "you",
            "X\u2026",
            "Pri",
            "0",
            "Pri",
            "1",
            "0",
            "0",
            "0",
            "0",
            "0",
            "0",
            "Pri",
            "X",
            "0",
            "0",
            "0",
            "0",
            "0",
            "0",
            "Pri",
            "2",
            "Pri",
            "3",
            "1",
            "0",
            "to",
            "avoid",
            "this",
            ",",
            "put",
            "a",
            "constant",
            "1",
            "as",
            "the",
            "first",
            "input",
            ".",
            "0",
            "1",
            "32"
        ],
        "labels": [
            "O",
            "O",
            "O",
            "O",
            "O",
            "O",
            "O",
            "O",
            "O",
            "O",
            "O",
            "O",
            "O",
            "O",
            "O",
            "O",
            "O",
            "O",
            "O",
            "O",
            "O",
            "O",
            "O",
            "O",
            "O",
            "O",
            "O",
            "O",
            "O",
            "O",
            "O",
            "O",
            "O",
            "O",
            "O",
            "O",
            "O",
            "O",
            "O",
            "O",
            "O",
            "O",
            "O",
            "O",
            "O",
            "O",
            "O",
            "O",
            "O",
            "O",
            "O",
            "O",
            "O",
            "O",
            "O",
            "O",
            "O",
            "O",
            "O",
            "O",
            "O",
            "O",
            "O",
            "O",
            "O",
            "O",
            "O",
            "O",
            "O",
            "O",
            "O",
            "O",
            "O",
            "O",
            "O",
            "O",
            "O",
            "O",
            "O",
            "O",
            "O",
            "O",
            "O",
            "O",
            "O",
            "O",
            "O",
            "O",
            "O"
        ]
    },
    {
        "words": [
            "Multi-bit",
            "control",
            "signals",
            "\u25cf",
            "let",
            "'s",
            "say",
            "we",
            "have",
            "these",
            "instructions",
            ",",
            "and",
            "these",
            "ALU",
            "operations",
            ".",
            "\u25cf",
            "for",
            "each",
            "input",
            ",",
            "ask",
            ":",
            "which",
            "instructions",
            "need",
            "this",
            "ALU",
            "operation",
            "?",
            "add",
            "0",
            ":",
            "&",
            "ALUOp",
            "0",
            "is",
            "the",
            "default",
            ",",
            "addi",
            "1",
            ":",
            "|",
            "so",
            "and",
            "is",
            "handled",
            ".",
            "1",
            "sub",
            "2",
            ":",
            "+",
            "which",
            "instruction",
            "(",
            "s",
            ")",
            "need",
            "OR",
            "(",
            "1",
            ")",
            "?",
            "or",
            "subi",
            "3",
            ":",
            "-",
            "Pri",
            "ALUOp",
            "add",
            "and",
            "what",
            "about",
            "+",
            "(",
            "2",
            ")",
            "?",
            "addi",
            "or",
            "sub",
            "what",
            "about",
            "-",
            "(",
            "3",
            ")",
            "?",
            "subi",
            "think",
            "of",
            "it",
            "like",
            "an",
            "upside-down",
            "if-else-if\u2026",
            "33"
        ],
        "labels": [
            "O",
            "O",
            "O",
            "O",
            "O",
            "O",
            "O",
            "O",
            "O",
            "O",
            "O",
            "O",
            "O",
            "O",
            "O",
            "O",
            "O",
            "O",
            "O",
            "O",
            "O",
            "O",
            "O",
            "O",
            "O",
            "O",
            "O",
            "O",
            "O",
            "O",
            "O",
            "O",
            "O",
            "O",
            "O",
            "O",
            "O",
            "O",
            "O",
            "O",
            "O",
            "O",
            "O",
            "O",
            "O",
            "O",
            "O",
            "O",
            "O",
            "O",
            "O",
            "O",
            "O",
            "O",
            "O",
            "O",
            "O",
            "O",
            "O",
            "O",
            "O",
            "O",
            "O",
            "O",
            "O",
            "O",
            "O",
            "O",
            "O",
            "O",
            "O",
            "O",
            "O",
            "O",
            "O",
            "O",
            "O",
            "O",
            "O",
            "O",
            "O",
            "O",
            "O",
            "O",
            "O",
            "O",
            "O",
            "O",
            "O",
            "O",
            "O",
            "O",
            "O",
            "O",
            "O",
            "O",
            "O",
            "O",
            "O",
            "O",
            "O"
        ]
    }
]