[
    {
        "words": [
            "Introduction",
            "to",
            "Operating",
            "Systems",
            "CS",
            "1550",
            "Spring",
            "2022",
            "Sherif",
            "Khattab",
            "ksm73",
            "@",
            "pitt.edu",
            "(",
            "Some",
            "slides",
            "are",
            "from",
            "Silberschatz",
            ",",
            "Galvin",
            "and",
            "Gagne",
            "\u00a92013",
            ")"
        ],
        "labels": [
            "O",
            "O",
            "O",
            "O",
            "O",
            "O",
            "O",
            "O",
            "O",
            "O",
            "O",
            "O",
            "O",
            "O",
            "O",
            "O",
            "O",
            "O",
            "O",
            "O",
            "O",
            "O",
            "O",
            "O",
            "O"
        ]
    },
    {
        "words": [
            "Announcements",
            "\u2022",
            "Upcoming",
            "deadlines",
            ":",
            "\u2022",
            "Homework",
            "12",
            ":",
            "due",
            "on",
            "4/25",
            "\u2022",
            "Lab",
            "5",
            ":",
            "due",
            "on",
            "5/2",
            "\u2022",
            "Project",
            "4",
            "and",
            "Quiz",
            "4",
            ":",
            "due",
            "on",
            "5/2",
            "\u2022",
            "Bonus",
            "Opportunities",
            "\u2022",
            "Bonus",
            "Homework",
            ":",
            "due",
            "on",
            "5/2",
            "\u2022",
            "Course",
            "Post-Test",
            ":",
            "due",
            "on",
            "5/2",
            "\u2022",
            "Bonus",
            "point",
            "for",
            "all",
            "when",
            "OMET",
            "response",
            "rate",
            ">",
            "=",
            "80",
            "%",
            "\u2022",
            "Currently",
            "at",
            "25-28",
            "%",
            "\u2022",
            "Deadline",
            "is",
            "Sunday",
            "4/24",
            "CS",
            "1550",
            "\u2013",
            "Operating",
            "Systems",
            "\u2013",
            "Sherif",
            "Khattab",
            "2"
        ],
        "labels": [
            "O",
            "O",
            "O",
            "O",
            "O",
            "O",
            "O",
            "O",
            "O",
            "O",
            "O",
            "O",
            "O",
            "O",
            "O",
            "O",
            "O",
            "O",
            "O",
            "O",
            "O",
            "O",
            "O",
            "O",
            "O",
            "O",
            "O",
            "O",
            "O",
            "O",
            "O",
            "O",
            "O",
            "O",
            "O",
            "O",
            "O",
            "O",
            "O",
            "O",
            "O",
            "O",
            "O",
            "O",
            "O",
            "O",
            "O",
            "O",
            "O",
            "O",
            "O",
            "O",
            "O",
            "O",
            "O",
            "O",
            "O",
            "O",
            "O",
            "O",
            "O",
            "O",
            "O",
            "O",
            "O",
            "O",
            "O",
            "O",
            "O",
            "O",
            "O",
            "O",
            "O",
            "O",
            "O",
            "O",
            "O",
            "O"
        ]
    },
    {
        "words": [
            "Previous",
            "Lecture",
            "\u2026",
            "\u2022",
            "Disk",
            "arm",
            "scheduling",
            "\u2022",
            "FCFS",
            ",",
            "SSTF",
            ",",
            "SCAN",
            ",",
            "C-SCAN",
            ",",
            "LOOK",
            ",",
            "C-LOOk",
            "CS",
            "1550",
            "\u2013",
            "Operating",
            "Systems",
            "\u2013",
            "Sherif",
            "Khattab",
            "3"
        ],
        "labels": [
            "O",
            "O",
            "O",
            "O",
            "B",
            "I",
            "I",
            "O",
            "B",
            "O",
            "B",
            "O",
            "B",
            "O",
            "B",
            "O",
            "B",
            "O",
            "B",
            "O",
            "O",
            "O",
            "O",
            "O",
            "O",
            "O",
            "O",
            "O"
        ]
    },
    {
        "words": [
            "Muddiest",
            "Points",
            "\u2022",
            "Just",
            "need",
            "to",
            "study",
            "the",
            "material",
            "more",
            "to",
            "be",
            "honest",
            ".",
            "\u2022",
            "DMA",
            "and",
            "CPU",
            "memory",
            "competition",
            "\u2022",
            "hardware",
            "view",
            "of",
            "interrupt",
            "\u2022",
            "Thanks",
            "for",
            "bringing",
            "in",
            "coffee",
            "and",
            "snacks",
            "for",
            "the",
            "final",
            "!",
            "It",
            "is",
            "much",
            "appreciated",
            "\u2022",
            "online",
            "vs",
            "offline",
            "problem",
            "\u2022",
            "What",
            "sort",
            "of",
            "questions",
            "about",
            "this",
            "material",
            "will",
            "be",
            "on",
            "the",
            "exam",
            "?",
            "\u2022",
            "In",
            "Sharing",
            "file",
            ",",
            "if",
            "the",
            "directory",
            "A",
            "is",
            "owner",
            "of",
            "file",
            "``",
            "a_file",
            "''",
            "and",
            "then",
            "this",
            "file",
            "is",
            "shared",
            "by",
            "directory",
            "B",
            ",",
            "Then",
            "we",
            "delete",
            "directory",
            "A",
            ",",
            "Are",
            "all",
            "files",
            "even",
            "shared",
            "files",
            "will",
            "be",
            "deleted",
            "and",
            "not",
            "more",
            "accessible",
            ",",
            "or",
            "we",
            "have",
            "one",
            "copy",
            "of",
            "``",
            "a_file",
            "``",
            "in",
            "directory",
            "of",
            "B",
            "?",
            "\u2022",
            "Can",
            "you",
            "please",
            "go",
            "over",
            "File",
            "Linking",
            "again",
            "?",
            "\u2022",
            "How",
            "do",
            "you",
            "read",
            "in",
            "the",
            "blocks",
            "from",
            "the",
            "disk",
            "file",
            "for",
            "project",
            "4",
            "?",
            "I",
            "know",
            "to",
            "use",
            "fseek",
            "and",
            "fread",
            "but",
            "I",
            "do",
            "n't",
            "know",
            "where",
            "to",
            "go",
            "from",
            "there",
            ".",
            "\u2022",
            "Can",
            "you",
            "explain",
            "the",
            "difference",
            "between",
            "CSCAN",
            "and",
            "CLOOK",
            "?",
            "CS",
            "1550",
            "\u2013",
            "Operating",
            "Systems",
            "\u2013",
            "Sherif",
            "Khattab",
            "4"
        ],
        "labels": [
            "O",
            "O",
            "O",
            "O",
            "O",
            "O",
            "O",
            "O",
            "O",
            "O",
            "O",
            "O",
            "O",
            "O",
            "O",
            "O",
            "O",
            "O",
            "O",
            "O",
            "O",
            "O",
            "O",
            "O",
            "O",
            "O",
            "O",
            "O",
            "O",
            "O",
            "O",
            "O",
            "O",
            "O",
            "O",
            "O",
            "O",
            "O",
            "O",
            "O",
            "O",
            "O",
            "O",
            "O",
            "O",
            "O",
            "O",
            "O",
            "O",
            "O",
            "O",
            "O",
            "O",
            "O",
            "O",
            "O",
            "O",
            "O",
            "O",
            "O",
            "O",
            "O",
            "O",
            "O",
            "O",
            "O",
            "O",
            "O",
            "O",
            "O",
            "O",
            "O",
            "O",
            "O",
            "O",
            "O",
            "O",
            "O",
            "O",
            "O",
            "O",
            "O",
            "O",
            "O",
            "O",
            "O",
            "O",
            "O",
            "O",
            "O",
            "O",
            "O",
            "O",
            "O",
            "O",
            "O",
            "O",
            "O",
            "O",
            "O",
            "O",
            "O",
            "O",
            "O",
            "O",
            "O",
            "O",
            "O",
            "O",
            "O",
            "O",
            "O",
            "O",
            "O",
            "O",
            "O",
            "O",
            "O",
            "O",
            "O",
            "O",
            "O",
            "O",
            "O",
            "O",
            "O",
            "B",
            "I",
            "O",
            "O",
            "O",
            "O",
            "O",
            "O",
            "O",
            "O",
            "O",
            "O",
            "O",
            "O",
            "O",
            "O",
            "O",
            "O",
            "O",
            "O",
            "O",
            "O",
            "O",
            "O",
            "O",
            "O",
            "O",
            "O",
            "O",
            "O",
            "O",
            "O",
            "O",
            "O",
            "O",
            "O",
            "O",
            "O",
            "O",
            "O",
            "O",
            "O",
            "O",
            "O",
            "O",
            "O",
            "O",
            "O",
            "O",
            "O",
            "O",
            "O",
            "O",
            "O",
            "O",
            "O",
            "O",
            "O"
        ]
    },
    {
        "words": [
            "Journaling",
            "File",
            "System",
            "\u2022",
            "In",
            "a",
            "regular",
            "file",
            "system",
            ",",
            "changes",
            "to",
            "files",
            "and",
            "directories",
            "result",
            "in",
            "multiple",
            "separate",
            "writes",
            "to",
            "disk",
            "\u2022",
            "prone",
            "to",
            "power",
            "failures",
            "\u2022",
            "Write",
            "changes",
            "twice",
            "\u2022",
            "first",
            "to",
            "an",
            "on-disk",
            "journal",
            "\u2022",
            "for",
            "efficiency",
            ",",
            "journal",
            "can",
            "be",
            "put",
            "on",
            "SSD",
            "or",
            "NVRAM",
            "\u2022",
            "data",
            "may",
            "or",
            "may",
            "not",
            "be",
            "written",
            "to",
            "the",
            "journal",
            "\u2022",
            "second",
            "to",
            "main",
            "file",
            "system",
            "\u2022",
            "Examples",
            "\u2022",
            "Windows",
            "NTFS",
            "\u2022",
            "Linux",
            "ext3",
            ",",
            "ext4",
            "CS",
            "1550",
            "\u2013",
            "Operating",
            "Systems",
            "\u2013",
            "Sherif",
            "Khattab",
            "5"
        ],
        "labels": [
            "B",
            "I",
            "I",
            "O",
            "O",
            "O",
            "O",
            "O",
            "O",
            "O",
            "O",
            "O",
            "O",
            "O",
            "O",
            "O",
            "O",
            "O",
            "O",
            "O",
            "O",
            "O",
            "O",
            "O",
            "O",
            "O",
            "O",
            "O",
            "O",
            "O",
            "O",
            "O",
            "O",
            "O",
            "O",
            "O",
            "O",
            "O",
            "O",
            "O",
            "O",
            "O",
            "O",
            "O",
            "O",
            "O",
            "O",
            "O",
            "O",
            "O",
            "O",
            "O",
            "O",
            "O",
            "O",
            "O",
            "O",
            "O",
            "O",
            "O",
            "O",
            "O",
            "O",
            "O",
            "O",
            "O",
            "O",
            "O",
            "O",
            "O",
            "O",
            "O",
            "O",
            "O",
            "O",
            "O",
            "O",
            "O",
            "O",
            "O",
            "O",
            "O",
            "O",
            "O",
            "O"
        ]
    },
    {
        "words": [
            "Journaling",
            "File",
            "System",
            "\u2022",
            "Interaction",
            "of",
            "disk",
            "arm",
            "scheduling",
            "?",
            "\u2022",
            "out-of-order",
            "writes",
            "\u2022",
            "ext3",
            "and",
            "ext4",
            "force",
            "disk",
            "to",
            "flush",
            "its",
            "cache",
            "at",
            "certain",
            "points",
            "(",
            "barriers",
            ")",
            "\u2022",
            "Journaling",
            "vs.",
            "Log-structured",
            "file",
            "system",
            "\u2022",
            "Journaling",
            "is",
            "not",
            "needed",
            "in",
            "LSFS",
            "CS",
            "1550",
            "\u2013",
            "Operating",
            "Systems",
            "\u2013",
            "Sherif",
            "Khattab",
            "6"
        ],
        "labels": [
            "B",
            "I",
            "I",
            "O",
            "O",
            "O",
            "O",
            "O",
            "O",
            "O",
            "O",
            "O",
            "O",
            "O",
            "O",
            "O",
            "O",
            "O",
            "O",
            "O",
            "O",
            "O",
            "O",
            "O",
            "O",
            "O",
            "O",
            "O",
            "O",
            "O",
            "O",
            "O",
            "B",
            "I",
            "I",
            "O",
            "O",
            "O",
            "O",
            "O",
            "O",
            "O",
            "O",
            "O",
            "O",
            "O",
            "O",
            "O",
            "O",
            "O",
            "O"
        ]
    },
    {
        "words": [
            "File",
            "Linking",
            "(",
            "left",
            ")",
            "vs",
            ".",
            "File",
            "Copying",
            "(",
            "right",
            ")",
            "CS",
            "1550",
            "\u2013",
            "Operating",
            "Systems",
            "\u2013",
            "Sherif",
            "Khattab",
            "7"
        ],
        "labels": [
            "B",
            "I",
            "O",
            "O",
            "O",
            "O",
            "O",
            "O",
            "O",
            "O",
            "O",
            "O",
            "O",
            "O",
            "O",
            "O",
            "O",
            "O",
            "O",
            "O",
            "O"
        ]
    },
    {
        "words": [
            "Max",
            "Partition",
            "Size",
            "Block",
            "size",
            "FAT-12",
            "FAT-16",
            "FAT-32",
            "0.5",
            "KB",
            "2",
            "MB",
            "1",
            "KB",
            "4",
            "MB",
            "2",
            "KB",
            "8",
            "MB",
            "128",
            "MB",
            "4",
            "KB",
            "16",
            "MB",
            "256",
            "MB",
            "1",
            "TB",
            "8",
            "KB",
            "512",
            "MB",
            "2",
            "TB",
            "16",
            "KB",
            "1024",
            "MB",
            "2",
            "TB",
            "32",
            "KB",
            "2048",
            "MB",
            "2",
            "TB",
            "CS",
            "1550",
            "\u2013",
            "Operating",
            "Systems",
            "\u2013",
            "Sherif",
            "Khattab",
            "8"
        ],
        "labels": [
            "B",
            "I",
            "I",
            "O",
            "O",
            "O",
            "O",
            "O",
            "O",
            "O",
            "O",
            "O",
            "O",
            "O",
            "O",
            "O",
            "O",
            "O",
            "O",
            "O",
            "O",
            "O",
            "O",
            "O",
            "O",
            "O",
            "O",
            "O",
            "O",
            "O",
            "O",
            "O",
            "O",
            "O",
            "O",
            "O",
            "O",
            "O",
            "O",
            "O",
            "O",
            "O",
            "O",
            "O",
            "O",
            "O",
            "O",
            "O",
            "O",
            "O",
            "O",
            "O",
            "O",
            "O",
            "O",
            "O",
            "O"
        ]
    },
    {
        "words": [
            "Max",
            "Partition",
            "Size",
            "CS",
            "1550",
            "\u2013",
            "Operating",
            "Systems",
            "\u2013",
            "Sherif",
            "Khattab",
            "9"
        ],
        "labels": [
            "B",
            "I",
            "I",
            "O",
            "O",
            "O",
            "O",
            "O",
            "O",
            "O",
            "O",
            "O"
        ]
    },
    {
        "words": [
            "File-related",
            "kernel",
            "structures",
            ":",
            "open",
            "file",
            "tables",
            "and",
            "disk",
            "quotas",
            "CS",
            "1550",
            "\u2013",
            "Operating",
            "Systems",
            "\u2013",
            "Sherif",
            "Khattab",
            "10"
        ],
        "labels": [
            "B",
            "I",
            "I",
            "O",
            "O",
            "O",
            "O",
            "O",
            "O",
            "O",
            "O",
            "O",
            "O",
            "O",
            "O",
            "O",
            "O",
            "O",
            "O"
        ]
    },
    {
        "words": [
            "HW",
            "10",
            ":",
            "Q",
            "2-4",
            "CS",
            "1550",
            "\u2013",
            "Operating",
            "Systems",
            "\u2013",
            "Sherif",
            "Khattab",
            "11"
        ],
        "labels": [
            "O",
            "O",
            "O",
            "O",
            "O",
            "O",
            "O",
            "O",
            "O",
            "O",
            "O",
            "O",
            "O",
            "O"
        ]
    },
    {
        "words": [
            "HW",
            "10",
            ":",
            "Q",
            "10-13",
            "CS",
            "1550",
            "\u2013",
            "Operating",
            "Systems",
            "\u2013",
            "Sherif",
            "Khattab",
            "12"
        ],
        "labels": [
            "O",
            "O",
            "O",
            "O",
            "O",
            "O",
            "O",
            "O",
            "O",
            "O",
            "O",
            "O",
            "O",
            "O"
        ]
    },
    {
        "words": [
            "Effective",
            "Disk",
            "Access",
            "Time",
            "CS",
            "1550",
            "\u2013",
            "Operating",
            "Systems",
            "\u2013",
            "Sherif",
            "Khattab",
            "13"
        ],
        "labels": [
            "B",
            "I",
            "I",
            "I",
            "O",
            "O",
            "O",
            "O",
            "O",
            "O",
            "O",
            "O",
            "O"
        ]
    },
    {
        "words": [
            "Minimum",
            "and",
            "Maximum",
            "Seek",
            "Time",
            "CS",
            "1550",
            "\u2013",
            "Operating",
            "Systems",
            "\u2013",
            "Sherif",
            "Khattab",
            "14"
        ],
        "labels": [
            "B",
            "I",
            "I",
            "I",
            "I",
            "O",
            "O",
            "O",
            "O",
            "O",
            "O",
            "O",
            "O",
            "O"
        ]
    },
    {
        "words": [
            "Average",
            "Rotational",
            "Delay",
            "CS",
            "1550",
            "\u2013",
            "Operating",
            "Systems",
            "\u2013",
            "Sherif",
            "Khattab",
            "15"
        ],
        "labels": [
            "B",
            "I",
            "I",
            "O",
            "O",
            "O",
            "O",
            "O",
            "O",
            "O",
            "O",
            "O"
        ]
    },
    {
        "words": [
            "Buffering",
            "device",
            "input",
            "User",
            "User",
            "User",
            "User",
            "space",
            "space",
            "space",
            "space",
            "Kernel",
            "Kernel",
            "Kernel",
            "2",
            "Kernel",
            "2",
            "space",
            "space",
            "space",
            "space",
            "1",
            "1",
            "3",
            "Unbuffered",
            "Buffering",
            "in",
            "Buffer",
            "in",
            "kernel",
            "Double",
            "buffer",
            "input",
            "user",
            "space",
            "Copy",
            "to",
            "user",
            "space",
            "in",
            "kernel",
            "CS",
            "1550",
            "\u2013",
            "Operating",
            "Systems",
            "\u2013",
            "Sherif",
            "Khattab",
            "16"
        ],
        "labels": [
            "B",
            "I",
            "I",
            "O",
            "O",
            "O",
            "O",
            "O",
            "O",
            "O",
            "O",
            "O",
            "O",
            "O",
            "O",
            "O",
            "O",
            "O",
            "O",
            "O",
            "O",
            "O",
            "O",
            "O",
            "O",
            "O",
            "O",
            "O",
            "O",
            "O",
            "O",
            "O",
            "O",
            "O",
            "O",
            "O",
            "O",
            "O",
            "O",
            "O",
            "O",
            "O",
            "O",
            "O",
            "O",
            "O",
            "O",
            "O",
            "O",
            "O"
        ]
    },
    {
        "words": [
            "I/O",
            "Buffering",
            "CS",
            "1550",
            "\u2013",
            "Operating",
            "Systems",
            "\u2013",
            "Sherif",
            "Khattab",
            "17"
        ],
        "labels": [
            "B",
            "I",
            "O",
            "O",
            "O",
            "O",
            "O",
            "O",
            "O",
            "O",
            "O"
        ]
    },
    {
        "words": [
            "Problem",
            "of",
            "the",
            "Day",
            ":",
            "Protection",
            "\u2022",
            "Protection",
            "is",
            "about",
            "controlling",
            "access",
            "of",
            "programs",
            ",",
            "processes",
            ",",
            "or",
            "users",
            "to",
            "the",
            "system",
            "resources",
            "(",
            "e.g.",
            ",",
            "memory",
            "pages",
            ",",
            "files",
            ",",
            "devices",
            ",",
            "CPUs",
            ")",
            "\u2022",
            "How",
            "to",
            "decide",
            "who",
            "can",
            "access",
            "what",
            "?",
            "\u2022",
            "Specifications",
            "must",
            "be",
            "\u2022",
            "Correct",
            "\u2022",
            "Efficient",
            "\u2022",
            "Easy",
            "to",
            "use",
            "(",
            "or",
            "nobody",
            "will",
            "use",
            "them",
            "!",
            ")",
            "CS/COE",
            "1550",
            "\u2013",
            "Operating",
            "Systems",
            "\u2013",
            "Sherif",
            "Khattab",
            "18"
        ],
        "labels": [
            "O",
            "O",
            "O",
            "O",
            "O",
            "B",
            "O",
            "B",
            "O",
            "O",
            "O",
            "O",
            "O",
            "O",
            "O",
            "O",
            "O",
            "O",
            "O",
            "O",
            "O",
            "O",
            "O",
            "O",
            "O",
            "O",
            "O",
            "O",
            "O",
            "O",
            "O",
            "O",
            "O",
            "O",
            "O",
            "O",
            "O",
            "O",
            "O",
            "O",
            "O",
            "O",
            "O",
            "O",
            "O",
            "O",
            "O",
            "O",
            "O",
            "O",
            "O",
            "O",
            "O",
            "O",
            "O",
            "O",
            "O",
            "O",
            "O",
            "O",
            "O",
            "O",
            "O",
            "O",
            "O",
            "O",
            "O",
            "O",
            "O",
            "O",
            "O",
            "O",
            "O"
        ]
    },
    {
        "words": [
            "Protection",
            "domains",
            "\u2022",
            "A",
            "process",
            "operates",
            "within",
            "a",
            "protection",
            "domain",
            "\u2022",
            "resources",
            "accessible",
            "by",
            "the",
            "process",
            "\u2022",
            "each",
            "domain",
            "lists",
            "objects",
            "with",
            "permitted",
            "operations",
            "\u2022",
            "Domains",
            "can",
            "share",
            "objects",
            "&",
            "permissions",
            "\u2022",
            "Objects",
            "can",
            "have",
            "different",
            "permissions",
            "in",
            "different",
            "domains",
            "\u2022",
            "There",
            "need",
            "be",
            "no",
            "overlap",
            "between",
            "object",
            "permissions",
            "in",
            "different",
            "domains",
            "\u2022",
            "How",
            "can",
            "this",
            "arrangement",
            "be",
            "specified",
            "more",
            "formally",
            "?",
            "File3",
            "[",
            "R",
            "]",
            "File3",
            "[",
            "W",
            "]",
            "File1",
            "[",
            "R",
            "]",
            "File4",
            "[",
            "RWX",
            "]",
            "Printer",
            "[",
            "W",
            "]",
            "Screen1",
            "[",
            "W",
            "]",
            "File2",
            "[",
            "RW",
            "]",
            "File5",
            "[",
            "RW",
            "]",
            "Mouse",
            "[",
            "R",
            "]",
            "Domain",
            "1",
            "Domain",
            "2",
            "Domain",
            "3",
            "CS/COE",
            "1550",
            "\u2013",
            "Operating",
            "Systems",
            "\u2013",
            "Sherif",
            "Khattab",
            "19"
        ],
        "labels": [
            "B",
            "I",
            "O",
            "O",
            "O",
            "O",
            "O",
            "O",
            "O",
            "O",
            "O",
            "O",
            "O",
            "O",
            "O",
            "O",
            "O",
            "O",
            "O",
            "O",
            "O",
            "O",
            "O",
            "O",
            "O",
            "O",
            "O",
            "O",
            "O",
            "O",
            "O",
            "O",
            "O",
            "O",
            "O",
            "O",
            "O",
            "O",
            "O",
            "O",
            "O",
            "O",
            "O",
            "O",
            "O",
            "O",
            "O",
            "O",
            "O",
            "O",
            "O",
            "O",
            "O",
            "O",
            "O",
            "O",
            "O",
            "O",
            "O",
            "O",
            "O",
            "O",
            "O",
            "O",
            "O",
            "O",
            "O",
            "O",
            "O",
            "O",
            "O",
            "O",
            "O",
            "O",
            "O",
            "O",
            "O",
            "O",
            "O",
            "O",
            "O",
            "O",
            "O",
            "O",
            "O",
            "O",
            "O",
            "O",
            "O",
            "O",
            "O",
            "O",
            "O",
            "O",
            "O",
            "O",
            "O",
            "O",
            "O",
            "O",
            "O",
            "O",
            "O",
            "O",
            "O",
            "O",
            "O",
            "O",
            "O",
            "O",
            "O",
            "O",
            "O"
        ]
    },
    {
        "words": [
            "Protection",
            "matrix",
            "File1",
            "File2",
            "File3",
            "File4",
            "File5",
            "Printer1",
            "Camera",
            "Domain1",
            "Read",
            "Read",
            "Write",
            "Domain2",
            "Read",
            "Read",
            "Read",
            "Write",
            "Write",
            "Write",
            "Execute",
            "Domain3",
            "Write",
            "Write",
            "Read",
            "\u2022",
            "Each",
            "domain",
            "has",
            "a",
            "row",
            "in",
            "the",
            "matrix",
            "\u2022",
            "Each",
            "object",
            "(",
            "resource",
            ")",
            "has",
            "a",
            "column",
            "in",
            "the",
            "matrix",
            "\u2022",
            "Entry",
            "for",
            "<",
            "object",
            ",",
            "column",
            ">",
            "has",
            "the",
            "permissions",
            "\u2022",
            "Who",
            "\u2019",
            "s",
            "allowed",
            "to",
            "modify",
            "the",
            "protection",
            "matrix",
            "?",
            "\u2022",
            "What",
            "changes",
            "can",
            "they",
            "make",
            "?",
            "\u2022",
            "How",
            "is",
            "this",
            "implemented",
            "efficiently",
            "?",
            "CS/COE",
            "1550",
            "\u2013",
            "Operating",
            "Systems",
            "\u2013",
            "Sherif",
            "Khattab",
            "20"
        ],
        "labels": [
            "B",
            "I",
            "O",
            "O",
            "O",
            "O",
            "O",
            "O",
            "O",
            "O",
            "O",
            "O",
            "O",
            "O",
            "O",
            "O",
            "O",
            "O",
            "O",
            "O",
            "O",
            "O",
            "O",
            "O",
            "O",
            "O",
            "O",
            "O",
            "O",
            "O",
            "O",
            "O",
            "O",
            "O",
            "O",
            "O",
            "O",
            "O",
            "O",
            "O",
            "O",
            "O",
            "O",
            "O",
            "O",
            "O",
            "O",
            "O",
            "O",
            "O",
            "O",
            "O",
            "O",
            "O",
            "O",
            "O",
            "O",
            "O",
            "O",
            "O",
            "O",
            "O",
            "O",
            "O",
            "O",
            "O",
            "O",
            "O",
            "O",
            "O",
            "O",
            "O",
            "O",
            "O",
            "O",
            "O",
            "O",
            "O",
            "O",
            "O",
            "O",
            "O",
            "O",
            "O",
            "O",
            "O",
            "O",
            "O",
            "O",
            "O",
            "O"
        ]
    },
    {
        "words": [
            "Domains",
            "as",
            "objects",
            "in",
            "the",
            "protection",
            "matrix",
            "Domain",
            "File1",
            "File2",
            "File3",
            "File4",
            "File5",
            "Printer1",
            "Camera",
            "Dom1",
            "Dom2",
            "Dom3",
            "1",
            "Read",
            "Read",
            "Modify",
            "Write",
            "2",
            "Read",
            "Read",
            "Read",
            "Write",
            "Modify",
            "Write",
            "Write",
            "Execute",
            "3",
            "Write",
            "Write",
            "Read",
            "Enter",
            "\u2022",
            "Specify",
            "permitted",
            "operations",
            "on",
            "domains",
            "in",
            "the",
            "matrix",
            "\u2022",
            "Domains",
            "may",
            "(",
            "or",
            "may",
            "not",
            ")",
            "be",
            "able",
            "to",
            "modify",
            "themselves",
            "\u2022",
            "Domains",
            "can",
            "modify",
            "other",
            "domains",
            "\u2022",
            "Some",
            "domain",
            "transfers",
            "(",
            "switching",
            ")",
            "permitted",
            ",",
            "others",
            "not",
            "\u2022",
            "Doing",
            "this",
            "allows",
            "flexibility",
            "in",
            "specifying",
            "domain",
            "permissions",
            "\u2022",
            "Retains",
            "ability",
            "to",
            "restrict",
            "modification",
            "of",
            "domain",
            "policies",
            "CS/COE",
            "1550",
            "\u2013",
            "Operating",
            "Systems",
            "\u2013",
            "Sherif",
            "Khattab",
            "21"
        ],
        "labels": [
            "O",
            "O",
            "O",
            "O",
            "O",
            "O",
            "O",
            "O",
            "O",
            "O",
            "O",
            "O",
            "O",
            "O",
            "O",
            "O",
            "O",
            "O",
            "O",
            "O",
            "O",
            "O",
            "O",
            "O",
            "O",
            "O",
            "O",
            "O",
            "O",
            "O",
            "O",
            "O",
            "O",
            "O",
            "O",
            "O",
            "O",
            "O",
            "O",
            "O",
            "O",
            "O",
            "O",
            "O",
            "O",
            "O",
            "O",
            "O",
            "O",
            "O",
            "O",
            "O",
            "O",
            "O",
            "O",
            "O",
            "O",
            "O",
            "O",
            "O",
            "O",
            "O",
            "O",
            "O",
            "O",
            "O",
            "O",
            "O",
            "O",
            "O",
            "O",
            "O",
            "O",
            "O",
            "O",
            "O",
            "O",
            "O",
            "O",
            "O",
            "O",
            "O",
            "O",
            "O",
            "O",
            "O",
            "O",
            "O",
            "O",
            "O",
            "O",
            "O",
            "O",
            "O",
            "O",
            "O",
            "O",
            "O",
            "O",
            "O",
            "O",
            "O",
            "O"
        ]
    },
    {
        "words": [
            "Representing",
            "the",
            "protection",
            "matrix",
            "\u2022",
            "Need",
            "to",
            "find",
            "an",
            "efficient",
            "representation",
            "of",
            "the",
            "protection",
            "matrix",
            "(",
            "also",
            "called",
            "the",
            "access",
            "matrix",
            ")",
            "\u2022",
            "Most",
            "entries",
            "in",
            "the",
            "matrix",
            "are",
            "empty",
            "!",
            "\u2022",
            "Compress",
            "the",
            "matrix",
            "by",
            ":",
            "\u2022",
            "Associating",
            "permissions",
            "with",
            "each",
            "object",
            ":",
            "access",
            "control",
            "list",
            "\u2022",
            "Associating",
            "permissions",
            "with",
            "each",
            "domain",
            ":",
            "capabilities",
            "\u2022",
            "How",
            "is",
            "this",
            "done",
            ",",
            "and",
            "what",
            "are",
            "the",
            "tradeoffs",
            "?",
            "CS/COE",
            "1550",
            "\u2013",
            "Operating",
            "Systems",
            "\u2013",
            "Sherif",
            "Khattab",
            "22"
        ],
        "labels": [
            "O",
            "O",
            "O",
            "O",
            "O",
            "O",
            "O",
            "O",
            "O",
            "O",
            "O",
            "O",
            "O",
            "O",
            "O",
            "O",
            "O",
            "O",
            "O",
            "O",
            "O",
            "O",
            "O",
            "O",
            "O",
            "O",
            "O",
            "O",
            "O",
            "O",
            "O",
            "O",
            "O",
            "O",
            "O",
            "O",
            "O",
            "O",
            "O",
            "O",
            "O",
            "O",
            "O",
            "O",
            "O",
            "O",
            "O",
            "O",
            "O",
            "O",
            "O",
            "O",
            "O",
            "O",
            "O",
            "O",
            "O",
            "O",
            "O",
            "O",
            "O",
            "O",
            "O",
            "O",
            "O",
            "O",
            "O",
            "O",
            "O",
            "O",
            "O",
            "O",
            "O",
            "O",
            "O",
            "O"
        ]
    },
    {
        "words": [
            "Access",
            "control",
            "lists",
            "(",
            "ACLs",
            ")",
            "\u2022",
            "Each",
            "object",
            "has",
            "a",
            "list",
            "attached",
            "to",
            "it",
            "\u2022",
            "List",
            "has",
            "File1",
            "File2",
            "\u2022",
            "Protection",
            "domain",
            "(",
            "User",
            "name",
            ",",
            "Group",
            "of",
            "users",
            ",",
            "Other",
            ")",
            "elm",
            ":",
            "<",
            "R",
            ",",
            "W",
            ">",
            "elm",
            ":",
            "<",
            "R",
            ",",
            "X",
            ">",
            "\u2022",
            "Access",
            "rights",
            "(",
            "Read",
            ",",
            "Write",
            ",",
            "znm",
            ":",
            "<",
            "R",
            ">",
            "uber",
            ":",
            "<",
            "R",
            ",",
            "W",
            ">",
            "Execute",
            ",",
            "Others",
            ")",
            "root",
            ":",
            "<",
            "R",
            ",",
            "W",
            ",",
            "X",
            ">",
            "root",
            ":",
            "<",
            "R",
            ",",
            "W",
            ">",
            "all",
            ":",
            "<",
            "R",
            ">",
            "\u2022",
            "No",
            "entry",
            "for",
            "domain",
            "=",
            ">",
            "no",
            "rights",
            "for",
            "that",
            "domain",
            "\u2022",
            "Operating",
            "system",
            "checks",
            "permissions",
            "when",
            "access",
            "is",
            "needed",
            "CS/COE",
            "1550",
            "\u2013",
            "Operating",
            "Systems",
            "\u2013",
            "Sherif",
            "Khattab",
            "23"
        ],
        "labels": [
            "B",
            "I",
            "I",
            "O",
            "O",
            "O",
            "O",
            "O",
            "O",
            "O",
            "O",
            "O",
            "O",
            "O",
            "O",
            "O",
            "O",
            "O",
            "O",
            "O",
            "O",
            "B",
            "O",
            "O",
            "O",
            "O",
            "O",
            "O",
            "O",
            "O",
            "O",
            "O",
            "O",
            "O",
            "O",
            "O",
            "O",
            "O",
            "O",
            "O",
            "O",
            "O",
            "O",
            "O",
            "O",
            "O",
            "O",
            "O",
            "O",
            "O",
            "O",
            "O",
            "O",
            "O",
            "O",
            "O",
            "O",
            "O",
            "O",
            "O",
            "O",
            "O",
            "O",
            "O",
            "O",
            "O",
            "O",
            "O",
            "O",
            "O",
            "O",
            "O",
            "O",
            "O",
            "O",
            "O",
            "O",
            "O",
            "O",
            "O",
            "O",
            "O",
            "O",
            "O",
            "O",
            "O",
            "O",
            "O",
            "O",
            "O",
            "O",
            "O",
            "O",
            "O",
            "O",
            "O",
            "O",
            "O",
            "O",
            "O",
            "O",
            "O",
            "O",
            "O",
            "O",
            "O",
            "O",
            "O",
            "O",
            "O",
            "O",
            "O",
            "O",
            "O",
            "O",
            "O",
            "O",
            "O",
            "O",
            "O",
            "O",
            "O"
        ]
    },
    {
        "words": [
            "Access",
            "control",
            "lists",
            "in",
            "the",
            "real",
            "world",
            "\u2022",
            "Unix",
            "file",
            "system",
            "\u2022",
            "Access",
            "list",
            "for",
            "each",
            "file",
            "has",
            "exactly",
            "three",
            "domains",
            "on",
            "it",
            "\u2022",
            "User",
            "(",
            "owner",
            ")",
            "\u2022",
            "Group",
            "\u2022",
            "Others",
            "\u2022",
            "Rights",
            "include",
            "read",
            ",",
            "write",
            ",",
            "execute",
            ":",
            "interpreted",
            "differently",
            "for",
            "directories",
            "and",
            "files",
            "\u2022",
            "AFS",
            "\u2022",
            "Access",
            "lists",
            "only",
            "apply",
            "to",
            "directories",
            ":",
            "files",
            "inherit",
            "rights",
            "from",
            "the",
            "directory",
            "they",
            "\u2019",
            "re",
            "in",
            "\u2022",
            "Access",
            "list",
            "may",
            "have",
            "many",
            "entries",
            "on",
            "it",
            "with",
            "possible",
            "rights",
            ":",
            "\u2022",
            "read",
            ",",
            "write",
            ",",
            "lock",
            "(",
            "for",
            "files",
            "in",
            "the",
            "directory",
            ")",
            "\u2022",
            "lookup",
            ",",
            "insert",
            ",",
            "delete",
            "(",
            "for",
            "the",
            "directories",
            "themselves",
            ")",
            ",",
            "\u2022",
            "administer",
            "(",
            "ability",
            "to",
            "add",
            "or",
            "remove",
            "rights",
            "from",
            "the",
            "ACL",
            ")",
            "CS/COE",
            "1550",
            "\u2013",
            "Operating",
            "Systems",
            "\u2013",
            "Sherif",
            "Khattab",
            "24"
        ],
        "labels": [
            "B",
            "I",
            "I",
            "O",
            "O",
            "O",
            "O",
            "O",
            "O",
            "O",
            "O",
            "O",
            "O",
            "O",
            "O",
            "O",
            "O",
            "O",
            "O",
            "O",
            "O",
            "O",
            "O",
            "O",
            "O",
            "O",
            "O",
            "O",
            "O",
            "O",
            "O",
            "O",
            "O",
            "O",
            "O",
            "O",
            "O",
            "O",
            "O",
            "O",
            "O",
            "O",
            "O",
            "O",
            "O",
            "O",
            "O",
            "O",
            "O",
            "O",
            "O",
            "O",
            "O",
            "O",
            "O",
            "O",
            "O",
            "O",
            "O",
            "O",
            "O",
            "O",
            "O",
            "O",
            "O",
            "O",
            "O",
            "O",
            "O",
            "O",
            "O",
            "O",
            "O",
            "O",
            "O",
            "O",
            "O",
            "O",
            "O",
            "O",
            "O",
            "O",
            "O",
            "O",
            "O",
            "O",
            "O",
            "O",
            "O",
            "O",
            "O",
            "O",
            "O",
            "O",
            "O",
            "O",
            "O",
            "O",
            "O",
            "O",
            "O",
            "O",
            "O",
            "O",
            "O",
            "O",
            "O",
            "O",
            "O",
            "O",
            "O",
            "O",
            "O",
            "O",
            "O",
            "O",
            "O",
            "B",
            "O",
            "O",
            "O",
            "O",
            "O",
            "O",
            "O",
            "O",
            "O",
            "O"
        ]
    },
    {
        "words": [
            "ACL",
            "in",
            "UNIX",
            "CS/COE",
            "1550",
            "\u2013",
            "Operating",
            "Systems",
            "\u2013",
            "Sherif",
            "Khattab",
            "25"
        ],
        "labels": [
            "B",
            "I",
            "I",
            "O",
            "O",
            "O",
            "O",
            "O",
            "O",
            "O",
            "O",
            "O"
        ]
    }
]