[
    {
        "words": [
            "Introduction",
            "to",
            "Operating",
            "Systems",
            "CS/COE",
            "1550",
            "Fall",
            "2021",
            "Sherif",
            "Khattab",
            "ksm73",
            "@",
            "pitt.edu",
            "(",
            "Some",
            "slides",
            "are",
            "from",
            "Silberschatz",
            ",",
            "Galvin",
            "and",
            "Gagne",
            "\u00a92013",
            ")"
        ],
        "labels": [
            "B",
            "I",
            "I",
            "I",
            "B",
            "I",
            "O",
            "O",
            "B",
            "I",
            "O",
            "O",
            "O",
            "O",
            "O",
            "B",
            "O",
            "O",
            "O",
            "O",
            "O",
            "O",
            "O",
            "O",
            "O"
        ]
    },
    {
        "words": [
            "Announcements",
            "\u2022",
            "Upcoming",
            "deadlines",
            ":",
            "\u2022",
            "Homework",
            "7",
            ":",
            "due",
            "on",
            "3/14",
            "\u2022",
            "Homework",
            "8",
            ":",
            "due",
            "on",
            "3/21",
            "\u2022",
            "Project",
            "2",
            ":",
            "due",
            "on",
            "3/18",
            "\u2022",
            "Midterm",
            "exam",
            "on",
            "Thursday",
            "3/3",
            "\u2022",
            "In-person",
            ",",
            "on",
            "paper",
            ",",
            "closed",
            "book",
            "CS/COE",
            "1550",
            "\u2013",
            "Operating",
            "Systems",
            "\u2013",
            "Sherif",
            "Khattab",
            "2"
        ],
        "labels": [
            "O",
            "O",
            "O",
            "O",
            "O",
            "O",
            "O",
            "O",
            "O",
            "O",
            "O",
            "O",
            "O",
            "O",
            "O",
            "O",
            "O",
            "O",
            "O",
            "O",
            "O",
            "O",
            "O",
            "O",
            "O",
            "O",
            "O",
            "O",
            "O",
            "O",
            "O",
            "O",
            "O",
            "O",
            "O",
            "O",
            "O",
            "O",
            "O",
            "O",
            "B",
            "I",
            "O",
            "O",
            "O",
            "O",
            "B",
            "I",
            "O"
        ]
    },
    {
        "words": [
            "Previous",
            "lecture",
            "\u2026",
            "\u2022",
            "CPU",
            "scheduling",
            "\u2022",
            "Multi-level",
            "Feedback",
            "Queues",
            "\u2022",
            "Service",
            "time",
            "estimation",
            "for",
            "SJF",
            "CS/COE",
            "1550",
            "\u2013",
            "Operating",
            "Systems",
            "\u2013",
            "Sherif",
            "Khattab",
            "3"
        ],
        "labels": [
            "O",
            "O",
            "O",
            "O",
            "O",
            "O",
            "O",
            "B",
            "I",
            "I",
            "O",
            "B",
            "I",
            "I",
            "O",
            "B",
            "B",
            "I",
            "O",
            "O",
            "O",
            "O",
            "B",
            "I",
            "O"
        ]
    },
    {
        "words": [
            "Muddiest",
            "Points",
            "(",
            "multi-level",
            "feedback",
            "queue",
            ")",
            "\u2022",
            "in",
            "multilevel",
            "scheduling",
            ",",
            "do",
            "processes",
            "in",
            "the",
            "lower",
            "priority",
            "ready",
            "queues",
            "need",
            "to",
            "wait",
            "for",
            "every",
            "higher",
            "priority",
            "ready",
            "queue",
            "to",
            "be",
            "empty",
            "?",
            "\u2022",
            "How",
            "many",
            "queues",
            "would",
            "there",
            "realistically",
            "be",
            "using",
            "Multilevel",
            "feedback",
            "scheduling",
            "?",
            "\u2022",
            "I",
            "need",
            "some",
            "time",
            "to",
            "build",
            "an",
            "intuition",
            "for",
            "why",
            "the",
            "Multilevel",
            "Feedback",
            "Scheduling",
            "is",
            "good",
            ".",
            "\u2022",
            "The",
            "most",
            "muddy",
            "was",
            "how",
            "the",
            "MFS",
            "has",
            "absolute",
            "priority",
            ".",
            "\u2022",
            "In",
            "multilevel",
            "feedback",
            "scheduling",
            ",",
            "is",
            "the",
            "number",
            "of",
            "priority",
            "queues",
            "pre-set",
            "or",
            "is",
            "each",
            "queue",
            "generated",
            "dynamically",
            "?",
            "CS/COE",
            "1550",
            "\u2013",
            "Operating",
            "Systems",
            "\u2013",
            "Sherif",
            "Khattab",
            "4"
        ],
        "labels": [
            "O",
            "O",
            "O",
            "O",
            "O",
            "O",
            "O",
            "O",
            "O",
            "O",
            "O",
            "O",
            "O",
            "O",
            "O",
            "O",
            "O",
            "O",
            "O",
            "O",
            "O",
            "O",
            "O",
            "O",
            "O",
            "O",
            "O",
            "O",
            "O",
            "O",
            "O",
            "O",
            "O",
            "O",
            "O",
            "O",
            "O",
            "O",
            "O",
            "O",
            "O",
            "O",
            "O",
            "O",
            "O",
            "O",
            "O",
            "O",
            "O",
            "O",
            "O",
            "O",
            "O",
            "O",
            "O",
            "O",
            "O",
            "O",
            "O",
            "O",
            "O",
            "O",
            "O",
            "O",
            "O",
            "O",
            "O",
            "O",
            "O",
            "O",
            "O",
            "O",
            "O",
            "O",
            "O",
            "O",
            "O",
            "O",
            "O",
            "O",
            "O",
            "O",
            "O",
            "O",
            "O",
            "O",
            "O",
            "O",
            "O",
            "O",
            "O",
            "O",
            "O",
            "O",
            "O",
            "O",
            "B",
            "I",
            "O",
            "O",
            "O",
            "O",
            "B",
            "I",
            "O"
        ]
    },
    {
        "words": [
            "Muddiest",
            "Points",
            "(",
            "exponential",
            "averaging",
            ")",
            "\u2022",
            "The",
            "graphs",
            "for",
            "CPU",
            "Burst",
            "Exponential",
            "estimation",
            "\u2022",
            "Could",
            "you",
            "please",
            "explain",
            "why",
            "changing",
            "the",
            "value",
            "of",
            "alpha",
            "weights",
            "more",
            "recent",
            "/",
            "older",
            "observations",
            "?",
            "\u2022",
            "determining",
            "or",
            "choosing",
            "the",
            "alpha",
            "value",
            "\u2022",
            "what",
            "does",
            "exponential",
            "average",
            "reflect",
            "\u2022",
            "Does",
            "S",
            "mean",
            "the",
            "all",
            "previous",
            "estimate",
            "?",
            "What",
            "is",
            "the",
            "difference",
            "between",
            "the",
            "most",
            "recent",
            "and",
            "S",
            "[",
            "n",
            "]",
            "CS/COE",
            "1550",
            "\u2013",
            "Operating",
            "Systems",
            "\u2013",
            "Sherif",
            "Khattab",
            "5"
        ],
        "labels": [
            "O",
            "O",
            "O",
            "B",
            "I",
            "O",
            "O",
            "O",
            "O",
            "O",
            "B",
            "I",
            "I",
            "I",
            "O",
            "O",
            "O",
            "O",
            "O",
            "O",
            "O",
            "O",
            "O",
            "O",
            "O",
            "O",
            "O",
            "O",
            "O",
            "O",
            "O",
            "O",
            "O",
            "O",
            "O",
            "O",
            "O",
            "B",
            "I",
            "O",
            "O",
            "O",
            "O",
            "O",
            "O",
            "O",
            "O",
            "O",
            "O",
            "O",
            "O",
            "O",
            "O",
            "O",
            "O",
            "O",
            "O",
            "O",
            "O",
            "O",
            "O",
            "O",
            "O",
            "O",
            "O",
            "O",
            "O",
            "B",
            "I",
            "O",
            "O",
            "O",
            "O",
            "B",
            "I",
            "O"
        ]
    },
    {
        "words": [
            "Muddiest",
            "Points",
            "(",
            "misc",
            ".",
            ")",
            "\u2022",
            "CPU",
            "Burst",
            "vs",
            "Quantum",
            "vs",
            "Time",
            "Slice",
            "?",
            "\u2022",
            "The",
            "whole",
            "lecture",
            "\u2022",
            "active",
            "time",
            "in",
            "the",
            "scheduler",
            "\u2022",
            "Everything",
            "is",
            "clear",
            "\u2022",
            "Nothing",
            "felt",
            "good",
            ".",
            "CS/COE",
            "1550",
            "\u2013",
            "Operating",
            "Systems",
            "\u2013",
            "Sherif",
            "Khattab",
            "6"
        ],
        "labels": [
            "O",
            "O",
            "O",
            "O",
            "O",
            "O",
            "O",
            "B",
            "I",
            "O",
            "B",
            "O",
            "B",
            "I",
            "O",
            "O",
            "O",
            "O",
            "O",
            "O",
            "B",
            "I",
            "O",
            "O",
            "O",
            "O",
            "O",
            "O",
            "O",
            "O",
            "O",
            "O",
            "O",
            "O",
            "B",
            "I",
            "O",
            "O",
            "O",
            "O",
            "B",
            "I",
            "O"
        ]
    },
    {
        "words": [
            "In",
            "an",
            "ideal",
            "world\u2026",
            "\u25fc",
            "The",
            "ideal",
            "world",
            "has",
            "memory",
            "that",
            "is",
            "\u25fc",
            "Very",
            "large",
            "\u25fc",
            "Very",
            "fast",
            "\u25fc",
            "Non-volatile",
            "(",
            "doesn",
            "\u2019",
            "t",
            "go",
            "away",
            "when",
            "power",
            "is",
            "turned",
            "off",
            ")",
            "\u25fc",
            "The",
            "real",
            "world",
            "has",
            "memory",
            "that",
            "is",
            ":",
            "\u25fc",
            "Very",
            "large",
            "\u25fc",
            "Very",
            "fast",
            "\u25fc",
            "Affordable",
            "!",
            "\uf0dePick",
            "any",
            "two\u2026",
            "\u25fc",
            "Memory",
            "management",
            "goal",
            ":",
            "make",
            "the",
            "real",
            "world",
            "look",
            "as",
            "much",
            "like",
            "the",
            "ideal",
            "world",
            "as",
            "possible",
            "CS/COE",
            "1550",
            "\u2013",
            "Operating",
            "Systems",
            "\u2013",
            "Sherif",
            "Khattab",
            "7"
        ],
        "labels": [
            "O",
            "O",
            "O",
            "O",
            "O",
            "O",
            "B",
            "I",
            "O",
            "B",
            "O",
            "O",
            "O",
            "O",
            "O",
            "O",
            "O",
            "O",
            "O",
            "O",
            "O",
            "O",
            "O",
            "O",
            "O",
            "O",
            "O",
            "O",
            "O",
            "O",
            "O",
            "O",
            "O",
            "O",
            "O",
            "O",
            "O",
            "B",
            "O",
            "O",
            "O",
            "O",
            "O",
            "O",
            "O",
            "O",
            "O",
            "O",
            "O",
            "O",
            "O",
            "O",
            "O",
            "O",
            "O",
            "O",
            "O",
            "O",
            "O",
            "O",
            "O",
            "O",
            "O",
            "O",
            "O",
            "O",
            "O",
            "B",
            "I",
            "O",
            "O",
            "B",
            "I",
            "O",
            "O",
            "O",
            "O",
            "B",
            "I",
            "O"
        ]
    },
    {
        "words": [
            "Memory",
            "hierarchy",
            "\u25fc",
            "What",
            "is",
            "the",
            "memory",
            "hierarchy",
            "?",
            "\u25fc",
            "Different",
            "levels",
            "of",
            "memory",
            "\u25fc",
            "Some",
            "are",
            "small",
            "&",
            "fast",
            "\u25fc",
            "Others",
            "are",
            "large",
            "&",
            "slow",
            "\u25fc",
            "What",
            "levels",
            "are",
            "usually",
            "included",
            "?",
            "\u25fc",
            "Cache",
            ":",
            "small",
            "amount",
            "of",
            "fast",
            ",",
            "expensive",
            "memory",
            "\u25fc",
            "L1",
            "(",
            "level",
            "1",
            ")",
            "cache",
            ":",
            "usually",
            "on",
            "the",
            "CPU",
            "chip",
            "\u25fc",
            "L2",
            "&",
            "L3",
            "cache",
            ":",
            "off-chip",
            ",",
            "made",
            "of",
            "SRAM",
            "\u25fc",
            "Main",
            "memory",
            ":",
            "medium-speed",
            ",",
            "medium",
            "price",
            "memory",
            "(",
            "DRAM",
            ")",
            "\u25fc",
            "Disk",
            ":",
            "many",
            "gigabytes",
            "of",
            "slow",
            ",",
            "cheap",
            ",",
            "non-volatile",
            "storage",
            "\u25fc",
            "Memory",
            "manager",
            "handles",
            "the",
            "memory",
            "hierarchy",
            "CS/COE",
            "1550",
            "\u2013",
            "Operating",
            "Systems",
            "\u2013",
            "Sherif",
            "Khattab",
            "8"
        ],
        "labels": [
            "B",
            "I",
            "O",
            "O",
            "O",
            "O",
            "B",
            "O",
            "O",
            "O",
            "O",
            "O",
            "O",
            "B",
            "O",
            "O",
            "O",
            "O",
            "O",
            "O",
            "O",
            "O",
            "O",
            "O",
            "O",
            "O",
            "O",
            "O",
            "O",
            "O",
            "O",
            "O",
            "O",
            "O",
            "B",
            "O",
            "O",
            "O",
            "O",
            "O",
            "O",
            "O",
            "B",
            "O",
            "O",
            "O",
            "O",
            "O",
            "O",
            "O",
            "O",
            "O",
            "O",
            "O",
            "O",
            "O",
            "O",
            "O",
            "O",
            "B",
            "I",
            "O",
            "O",
            "O",
            "O",
            "O",
            "O",
            "O",
            "B",
            "B",
            "O",
            "O",
            "O",
            "O",
            "O",
            "B",
            "O",
            "B",
            "O",
            "O",
            "B",
            "O",
            "O",
            "O",
            "O",
            "O",
            "O",
            "O",
            "O",
            "O",
            "O",
            "O",
            "O",
            "O",
            "O",
            "O",
            "B",
            "O",
            "B",
            "I",
            "O",
            "O",
            "O",
            "O",
            "B",
            "I",
            "O"
        ]
    },
    {
        "words": [
            "Problem",
            "of",
            "the",
            "Day",
            "How",
            "can",
            "we",
            "share",
            "computer",
            "\u2019",
            "s",
            "memory",
            "between",
            "multiple",
            "processes",
            "?",
            "How",
            "can",
            "we",
            "protect",
            "each",
            "process",
            "\u2019",
            "s",
            "memory",
            "partition",
            "from",
            "other",
            "processes",
            "?",
            "CS/COE",
            "1550",
            "\u2013",
            "Operating",
            "Systems",
            "\u2013",
            "Sherif",
            "Khattab",
            "9"
        ],
        "labels": [
            "B",
            "I",
            "I",
            "I",
            "O",
            "O",
            "O",
            "O",
            "O",
            "O",
            "O",
            "B",
            "O",
            "O",
            "O",
            "O",
            "O",
            "O",
            "O",
            "O",
            "O",
            "O",
            "O",
            "O",
            "B",
            "O",
            "O",
            "O",
            "O",
            "O",
            "B",
            "I",
            "O",
            "O",
            "O",
            "O",
            "B",
            "I",
            "O"
        ]
    },
    {
        "words": [
            "How",
            "many",
            "programs",
            "is",
            "enough",
            "?",
            "\u25fc",
            "Several",
            "memory",
            "partitions",
            "(",
            "fixed",
            "or",
            "variable",
            "size",
            ")",
            "\u25fc",
            "Lots",
            "of",
            "processes",
            "wanting",
            "to",
            "use",
            "the",
            "CPU",
            "\u25fc",
            "Tradeoff",
            "\u25fc",
            "More",
            "processes",
            "utilize",
            "the",
            "CPU",
            "better",
            "\u25fc",
            "Fewer",
            "processes",
            "use",
            "less",
            "memory",
            "(",
            "cheaper",
            "!",
            ")",
            "\u25fc",
            "How",
            "many",
            "processes",
            "do",
            "we",
            "need",
            "to",
            "keep",
            "the",
            "CPU",
            "fully",
            "utilized",
            "?",
            "\u25fc",
            "This",
            "will",
            "help",
            "determine",
            "how",
            "much",
            "memory",
            "we",
            "need",
            "\u25fc",
            "Is",
            "this",
            "still",
            "relevant",
            "with",
            "memory",
            "costing",
            "$",
            "10/GB",
            "?",
            "CS/COE",
            "1550",
            "\u2013",
            "Operating",
            "Systems",
            "\u2013",
            "Sherif",
            "Khattab",
            "10"
        ],
        "labels": [
            "O",
            "O",
            "O",
            "O",
            "O",
            "O",
            "O",
            "O",
            "B",
            "O",
            "O",
            "O",
            "O",
            "O",
            "O",
            "O",
            "O",
            "O",
            "O",
            "O",
            "O",
            "O",
            "O",
            "O",
            "O",
            "O",
            "O",
            "O",
            "O",
            "O",
            "O",
            "O",
            "O",
            "O",
            "O",
            "O",
            "O",
            "O",
            "O",
            "B",
            "O",
            "O",
            "O",
            "O",
            "O",
            "O",
            "O",
            "O",
            "O",
            "O",
            "O",
            "O",
            "O",
            "O",
            "O",
            "O",
            "O",
            "O",
            "O",
            "O",
            "O",
            "O",
            "O",
            "O",
            "O",
            "B",
            "O",
            "O",
            "O",
            "O",
            "O",
            "O",
            "O",
            "O",
            "B",
            "O",
            "O",
            "O",
            "O",
            "B",
            "I",
            "O",
            "O",
            "O",
            "O",
            "B",
            "I",
            "O"
        ]
    },
    {
        "words": [
            "Why",
            "do",
            "we",
            "need",
            "more",
            "processes",
            "?",
            "CS/COE",
            "1550",
            "\u2013",
            "Operating",
            "Systems",
            "\u2013",
            "Sherif",
            "Khattab",
            "11"
        ],
        "labels": [
            "O",
            "O",
            "O",
            "O",
            "O",
            "O",
            "O",
            "B",
            "I",
            "O",
            "O",
            "O",
            "O",
            "B",
            "I",
            "O"
        ]
    },
    {
        "words": [
            "Modeling",
            "multiprogramming",
            "\u25fc",
            "More",
            "I/O",
            "wait",
            "means",
            "less",
            "processor",
            "1",
            "utilization",
            "0.9",
            "\u25fc",
            "At",
            "20",
            "%",
            "I/O",
            "wait",
            ",",
            "3\u20134",
            "0.8",
            "processes",
            "fully",
            "utilize",
            "0.7",
            "CPU",
            "CPU",
            "Utilization",
            "0.6",
            "\u25fc",
            "At",
            "80",
            "%",
            "I/O",
            "wait",
            ",",
            "even",
            "10",
            "0.5",
            "processes",
            "aren",
            "\u2019",
            "t",
            "enough",
            "0.4",
            "\u25fc",
            "This",
            "means",
            "that",
            "the",
            "OS",
            "0.3",
            "should",
            "have",
            "more",
            "0.2",
            "processes",
            "if",
            "they",
            "\u2019",
            "re",
            "I/O",
            "0.1",
            "bound",
            "0",
            "0",
            "1",
            "2",
            "3",
            "4",
            "5",
            "6",
            "7",
            "8",
            "9",
            "10",
            "\u25fc",
            "More",
            "processes",
            "=",
            ">",
            "Degree",
            "of",
            "Multiprogramming",
            "memory",
            "management",
            "&",
            "80",
            "%",
            "I/O",
            "Wait",
            "50",
            "%",
            "I/O",
            "Wait",
            "20",
            "%",
            "I/O",
            "Wait",
            "protection",
            "more",
            "important",
            "!",
            "CS/COE",
            "1550",
            "\u2013",
            "Operating",
            "Systems",
            "\u2013",
            "Sherif",
            "Khattab",
            "12"
        ],
        "labels": [
            "O",
            "B",
            "O",
            "O",
            "B",
            "I",
            "O",
            "O",
            "O",
            "O",
            "O",
            "O",
            "O",
            "O",
            "O",
            "O",
            "B",
            "I",
            "O",
            "O",
            "O",
            "O",
            "O",
            "O",
            "O",
            "O",
            "B",
            "I",
            "O",
            "O",
            "O",
            "O",
            "O",
            "B",
            "I",
            "O",
            "O",
            "O",
            "O",
            "O",
            "O",
            "O",
            "O",
            "O",
            "O",
            "O",
            "O",
            "O",
            "O",
            "O",
            "O",
            "O",
            "O",
            "O",
            "O",
            "O",
            "O",
            "O",
            "O",
            "O",
            "O",
            "O",
            "O",
            "O",
            "O",
            "O",
            "O",
            "O",
            "O",
            "O",
            "O",
            "O",
            "O",
            "O",
            "O",
            "O",
            "O",
            "O",
            "O",
            "O",
            "O",
            "B",
            "I",
            "I",
            "B",
            "O",
            "O",
            "O",
            "O",
            "B",
            "I",
            "O",
            "O",
            "B",
            "I",
            "O",
            "O",
            "B",
            "I",
            "O",
            "O",
            "O",
            "O",
            "B",
            "I",
            "O",
            "O",
            "O",
            "O",
            "B",
            "I",
            "O"
        ]
    },
    {
        "words": [
            "Basic",
            "memory",
            "management",
            "\u25fc",
            "Components",
            "include",
            "\u25fc",
            "Operating",
            "system",
            "(",
            "perhaps",
            "with",
            "device",
            "drivers",
            ")",
            "\u25fc",
            "Single",
            "process",
            "\u25fc",
            "Goal",
            ":",
            "lay",
            "these",
            "out",
            "in",
            "memory",
            "\u25fc",
            "Memory",
            "protection",
            "may",
            "not",
            "be",
            "an",
            "issue",
            "(",
            "only",
            "one",
            "program",
            ")",
            "\u25fc",
            "Flexibility",
            "may",
            "still",
            "be",
            "useful",
            "(",
            "allow",
            "OS",
            "changes",
            ",",
            "etc",
            ".",
            ")",
            "\u25fc",
            "No",
            "swapping",
            "or",
            "paging",
            "0xFFFF",
            "0xFFFF",
            "Operating",
            "system",
            "Device",
            "drivers",
            "User",
            "program",
            "(",
            "ROM",
            ")",
            "(",
            "ROM",
            ")",
            "(",
            "RAM",
            ")",
            "User",
            "program",
            "User",
            "program",
            "(",
            "RAM",
            ")",
            "Operating",
            "system",
            "(",
            "RAM",
            ")",
            "Operating",
            "system",
            "(",
            "RAM",
            ")",
            "0",
            "(",
            "RAM",
            ")",
            "0",
            "CS/COE",
            "1550",
            "\u2013",
            "Operating",
            "Systems",
            "\u2013",
            "Sherif",
            "Khattab",
            "13"
        ],
        "labels": [
            "B",
            "B",
            "O",
            "O",
            "O",
            "O",
            "O",
            "B",
            "I",
            "O",
            "O",
            "O",
            "B",
            "I",
            "O",
            "O",
            "O",
            "O",
            "O",
            "O",
            "O",
            "O",
            "O",
            "O",
            "O",
            "B",
            "O",
            "O",
            "O",
            "O",
            "O",
            "O",
            "O",
            "O",
            "O",
            "O",
            "O",
            "O",
            "O",
            "O",
            "O",
            "O",
            "O",
            "O",
            "O",
            "O",
            "O",
            "O",
            "O",
            "O",
            "O",
            "O",
            "O",
            "O",
            "O",
            "B",
            "O",
            "B",
            "O",
            "O",
            "B",
            "I",
            "O",
            "O",
            "O",
            "O",
            "O",
            "B",
            "O",
            "O",
            "B",
            "O",
            "O",
            "B",
            "O",
            "O",
            "O",
            "O",
            "O",
            "O",
            "B",
            "O",
            "B",
            "I",
            "O",
            "B",
            "O",
            "B",
            "I",
            "O",
            "B",
            "O",
            "O",
            "O",
            "B",
            "O",
            "O",
            "B",
            "I",
            "O",
            "O",
            "O",
            "O",
            "B",
            "I",
            "O"
        ]
    },
    {
        "words": [
            "Memory",
            "Management",
            "for",
            "Embedded",
            "Systems",
            "CS/COE",
            "1550",
            "\u2013",
            "Operating",
            "Systems",
            "\u2013",
            "Sherif",
            "Khattab",
            "14"
        ],
        "labels": [
            "B",
            "I",
            "I",
            "I",
            "I",
            "B",
            "I",
            "O",
            "O",
            "O",
            "O",
            "B",
            "I",
            "O"
        ]
    },
    {
        "words": [
            "Fixed",
            "partitions",
            ":",
            "multiple",
            "programs",
            "\u25fc",
            "Fixed",
            "memory",
            "partitions",
            "\u25fc",
            "Divide",
            "memory",
            "into",
            "fixed",
            "spaces",
            "\u25fc",
            "Assign",
            "a",
            "process",
            "to",
            "a",
            "space",
            "when",
            "it",
            "\u2019",
            "s",
            "free",
            "\u25fc",
            "Mechanisms",
            "\u25fc",
            "Separate",
            "input",
            "queues",
            "for",
            "each",
            "partition",
            "\u25fc",
            "Single",
            "input",
            "queue",
            ":",
            "better",
            "ability",
            "to",
            "optimize",
            "CPU",
            "usage",
            "900K",
            "900K",
            "Partition",
            "4",
            "Partition",
            "4",
            "700K",
            "700K",
            "Partition",
            "3",
            "Partition",
            "3",
            "600K",
            "600K",
            "Partition",
            "2",
            "Partition",
            "2",
            "500K",
            "500K",
            "Partition",
            "1",
            "Partition",
            "1",
            "100K",
            "100K",
            "OS",
            "OS",
            "0",
            "0",
            "CS/COE",
            "1550",
            "\u2013",
            "Operating",
            "Systems",
            "\u2013",
            "Sherif",
            "Khattab",
            "15"
        ],
        "labels": [
            "B",
            "I",
            "O",
            "O",
            "O",
            "O",
            "O",
            "B",
            "O",
            "O",
            "O",
            "B",
            "O",
            "O",
            "O",
            "O",
            "O",
            "O",
            "O",
            "O",
            "O",
            "O",
            "O",
            "O",
            "O",
            "O",
            "O",
            "O",
            "O",
            "O",
            "O",
            "B",
            "I",
            "O",
            "O",
            "O",
            "O",
            "O",
            "O",
            "O",
            "O",
            "O",
            "O",
            "O",
            "O",
            "O",
            "O",
            "O",
            "O",
            "O",
            "O",
            "O",
            "O",
            "O",
            "O",
            "O",
            "O",
            "O",
            "O",
            "O",
            "O",
            "O",
            "O",
            "O",
            "O",
            "O",
            "O",
            "O",
            "O",
            "O",
            "O",
            "O",
            "O",
            "O",
            "O",
            "O",
            "O",
            "B",
            "I",
            "O",
            "O",
            "O",
            "O",
            "B",
            "I",
            "O"
        ]
    },
    {
        "words": [
            "Problem",
            "of",
            "the",
            "Day",
            "How",
            "can",
            "we",
            "share",
            "computer",
            "\u2019",
            "s",
            "memory",
            "between",
            "multiple",
            "processes",
            "?",
            "How",
            "can",
            "we",
            "protect",
            "each",
            "process",
            "\u2019",
            "s",
            "memory",
            "partition",
            "from",
            "other",
            "processes",
            "?",
            "CS/COE",
            "1550",
            "\u2013",
            "Operating",
            "Systems",
            "\u2013",
            "Sherif",
            "Khattab",
            "16"
        ],
        "labels": [
            "B",
            "I",
            "I",
            "I",
            "O",
            "O",
            "O",
            "O",
            "O",
            "O",
            "O",
            "B",
            "O",
            "O",
            "O",
            "O",
            "O",
            "O",
            "O",
            "O",
            "O",
            "O",
            "O",
            "O",
            "B",
            "O",
            "O",
            "O",
            "O",
            "O",
            "B",
            "I",
            "O",
            "O",
            "O",
            "O",
            "B",
            "I",
            "O"
        ]
    },
    {
        "words": [
            "Base",
            "and",
            "limit",
            "registers",
            "\u25fc",
            "Special",
            "CPU",
            "registers",
            ":",
            "base",
            "&",
            "limit",
            "0xFFFF",
            "0x2000",
            "\u25fc",
            "Access",
            "to",
            "the",
            "registers",
            "limited",
            "to",
            "kernel",
            "(",
            "privileged",
            ")",
            "mode",
            "Limit",
            "\u25fc",
            "Registers",
            "contain",
            "Process",
            "\u25fc",
            "Base",
            ":",
            "start",
            "of",
            "the",
            "process",
            "\u2019",
            "s",
            "partition",
            "memory",
            "partition",
            "Base",
            "\u25fc",
            "Limit",
            ":",
            "length",
            "of",
            "the",
            "process",
            "\u2019",
            "s",
            "0x9000",
            "memory",
            "partition",
            "\u25fc",
            "Address",
            "generation",
            "\u25fc",
            "Physical",
            "address",
            ":",
            "location",
            "in",
            "actual",
            "memory",
            "OS",
            "0",
            "\u25fc",
            "Logical",
            "address",
            ":",
            "location",
            "from",
            "the",
            "process",
            "\u2019",
            "s",
            "point",
            "of",
            "view",
            "Logical",
            "address",
            ":",
            "0x1204",
            "\u25fc",
            "Physical",
            "address",
            "=",
            "base",
            "+",
            "Physical",
            "address",
            ":",
            "logical",
            "address",
            "0x1204+0x9000",
            "=",
            "0xa204",
            "\u25fc",
            "Logical",
            "address",
            "larger",
            "than",
            "limit",
            "=",
            ">",
            "error",
            "CS/COE",
            "1550",
            "\u2013",
            "Operating",
            "Systems",
            "\u2013",
            "Sherif",
            "Khattab",
            "17"
        ],
        "labels": [
            "B",
            "I",
            "I",
            "I",
            "O",
            "O",
            "O",
            "O",
            "O",
            "O",
            "O",
            "O",
            "O",
            "O",
            "O",
            "O",
            "O",
            "O",
            "O",
            "O",
            "O",
            "O",
            "O",
            "O",
            "O",
            "O",
            "O",
            "O",
            "O",
            "O",
            "O",
            "O",
            "O",
            "O",
            "O",
            "O",
            "O",
            "O",
            "O",
            "O",
            "O",
            "B",
            "O",
            "O",
            "O",
            "O",
            "O",
            "O",
            "O",
            "O",
            "O",
            "O",
            "O",
            "O",
            "B",
            "O",
            "O",
            "O",
            "O",
            "O",
            "O",
            "O",
            "O",
            "O",
            "O",
            "O",
            "B",
            "O",
            "O",
            "O",
            "O",
            "O",
            "O",
            "O",
            "O",
            "O",
            "O",
            "O",
            "O",
            "O",
            "O",
            "O",
            "O",
            "O",
            "O",
            "O",
            "O",
            "O",
            "O",
            "O",
            "O",
            "O",
            "O",
            "O",
            "O",
            "B",
            "I",
            "O",
            "O",
            "O",
            "O",
            "O",
            "O",
            "O",
            "O",
            "O",
            "O",
            "O",
            "O",
            "B",
            "I",
            "O",
            "O",
            "O",
            "O",
            "B",
            "I",
            "O"
        ]
    },
    {
        "words": [
            "Virtual",
            "and",
            "physical",
            "addresses",
            "\u25fc",
            "Program",
            "uses",
            "virtual",
            "addresses",
            "\u25fc",
            "Addresses",
            "local",
            "to",
            "the",
            "process",
            "CPU",
            "chip",
            "\u25fc",
            "Hardware",
            "translates",
            "virtual",
            "CPU",
            "MMU",
            "address",
            "to",
            "physical",
            "address",
            "\u25fc",
            "Translation",
            "done",
            "by",
            "the",
            "Virtual",
            "addresses",
            "Memory",
            "Management",
            "Unit",
            "from",
            "CPU",
            "to",
            "MMU",
            "\u25fc",
            "Usually",
            "on",
            "the",
            "same",
            "chip",
            "as",
            "the",
            "CPU",
            "Memory",
            "\u25fc",
            "Only",
            "physical",
            "addresses",
            "leave",
            "the",
            "CPU/MMU",
            "chip",
            "Physical",
            "addresses",
            "\u25fc",
            "Physical",
            "memory",
            "indexed",
            "by",
            "on",
            "bus",
            ",",
            "in",
            "memory",
            "physical",
            "addresses",
            "Disk",
            "controller",
            "CS/COE",
            "1550",
            "\u2013",
            "Operating",
            "Systems",
            "\u2013",
            "Sherif",
            "Khattab",
            "18"
        ],
        "labels": [
            "B",
            "I",
            "I",
            "I",
            "O",
            "O",
            "O",
            "O",
            "O",
            "O",
            "O",
            "O",
            "O",
            "O",
            "O",
            "O",
            "O",
            "O",
            "O",
            "O",
            "O",
            "O",
            "B",
            "O",
            "O",
            "B",
            "I",
            "O",
            "O",
            "O",
            "O",
            "O",
            "O",
            "O",
            "B",
            "I",
            "I",
            "O",
            "O",
            "O",
            "B",
            "O",
            "O",
            "O",
            "O",
            "O",
            "O",
            "O",
            "O",
            "O",
            "O",
            "O",
            "O",
            "O",
            "O",
            "O",
            "O",
            "O",
            "O",
            "O",
            "O",
            "O",
            "O",
            "B",
            "O",
            "O",
            "O",
            "O",
            "O",
            "O",
            "B",
            "O",
            "O",
            "B",
            "O",
            "B",
            "I",
            "O",
            "O",
            "O",
            "O",
            "B",
            "I",
            "O"
        ]
    },
    {
        "words": [
            "Address",
            "Translation",
            "CS/COE",
            "1550",
            "\u2013",
            "Operating",
            "Systems",
            "\u2013",
            "Sherif",
            "Khattab",
            "19"
        ],
        "labels": [
            "B",
            "I",
            "B",
            "I",
            "O",
            "O",
            "O",
            "O",
            "B",
            "I",
            "O"
        ]
    },
    {
        "words": [
            "Virtual",
            "memory",
            "\u25fc",
            "Basic",
            "idea",
            ":",
            "allow",
            "the",
            "OS",
            "to",
            "hand",
            "out",
            "more",
            "memory",
            "than",
            "exists",
            "on",
            "the",
            "system",
            "\u25fc",
            "Keep",
            "recently",
            "used",
            "stuff",
            "in",
            "physical",
            "memory",
            "\u25fc",
            "Move",
            "less",
            "recently",
            "used",
            "stuff",
            "to",
            "disk",
            "\u25fc",
            "Keep",
            "all",
            "of",
            "this",
            "hidden",
            "from",
            "processes",
            "\u25fc",
            "Processes",
            "still",
            "see",
            "an",
            "address",
            "space",
            "from",
            "0",
            "\u2013",
            "max",
            "address",
            "\u25fc",
            "Movement",
            "of",
            "information",
            "to",
            "and",
            "from",
            "disk",
            "handled",
            "by",
            "the",
            "OS",
            "without",
            "process",
            "help",
            "\u25fc",
            "Virtual",
            "memory",
            "(",
            "VM",
            ")",
            "especially",
            "helpful",
            "in",
            "multiprogrammed",
            "system",
            "\u25fc",
            "CPU",
            "schedules",
            "process",
            "B",
            "while",
            "process",
            "A",
            "waits",
            "for",
            "its",
            "memory",
            "to",
            "be",
            "retrieved",
            "from",
            "disk",
            "CS/COE",
            "1550",
            "\u2013",
            "Operating",
            "Systems",
            "\u2013",
            "Sherif",
            "Khattab",
            "20"
        ],
        "labels": [
            "B",
            "B",
            "O",
            "O",
            "O",
            "O",
            "O",
            "O",
            "O",
            "O",
            "O",
            "O",
            "O",
            "B",
            "O",
            "O",
            "O",
            "O",
            "O",
            "O",
            "O",
            "O",
            "O",
            "O",
            "O",
            "O",
            "B",
            "O",
            "O",
            "O",
            "O",
            "O",
            "O",
            "O",
            "O",
            "O",
            "O",
            "O",
            "O",
            "O",
            "O",
            "O",
            "O",
            "O",
            "O",
            "O",
            "O",
            "O",
            "O",
            "O",
            "O",
            "O",
            "O",
            "O",
            "O",
            "O",
            "O",
            "O",
            "O",
            "O",
            "O",
            "O",
            "O",
            "O",
            "O",
            "O",
            "O",
            "O",
            "O",
            "O",
            "O",
            "B",
            "B",
            "O",
            "O",
            "O",
            "O",
            "O",
            "O",
            "O",
            "O",
            "O",
            "O",
            "O",
            "O",
            "O",
            "O",
            "O",
            "O",
            "O",
            "O",
            "O",
            "B",
            "O",
            "O",
            "O",
            "O",
            "O",
            "B",
            "I",
            "O",
            "O",
            "O",
            "O",
            "B",
            "I",
            "O"
        ]
    },
    {
        "words": [
            "Paging",
            "and",
            "page",
            "tables",
            "\u25fc",
            "Virtual",
            "addresses",
            "mapped",
            "to",
            "physical",
            "addresses",
            "\u25fc",
            "Unit",
            "of",
            "mapping",
            "is",
            "called",
            "a",
            "page",
            "All",
            "addresses",
            "in",
            "the",
            "same",
            "virtual",
            "60\u201364K",
            "-",
            "\u25fc",
            "page",
            "are",
            "in",
            "the",
            "same",
            "physical",
            "56\u201360K",
            "-",
            "page",
            "52\u201356K",
            "-",
            "48\u201352K",
            "6",
            "\u25fc",
            "Page",
            "table",
            "entry",
            "(",
            "PTE",
            ")",
            "contains",
            "44\u201348K",
            "5",
            "translation",
            "for",
            "a",
            "single",
            "page",
            "40\u201344K",
            "1",
            "\u25fc",
            "Table",
            "translates",
            "virtual",
            "page",
            "36\u201340K",
            "-",
            "number",
            "to",
            "physical",
            "page",
            "number",
            "32\u201336K",
            "-",
            "28\u201332K",
            "3",
            "28\u201332K",
            "\u25fc",
            "Not",
            "all",
            "virtual",
            "memory",
            "has",
            "a",
            "24\u201328K",
            "-",
            "24\u201328K",
            "physical",
            "page",
            "20\u201324K",
            "-",
            "20\u201324K",
            "\u25fc",
            "Not",
            "every",
            "physical",
            "page",
            "need",
            "be",
            "16\u201320K",
            "0",
            "16\u201320K",
            "used",
            "12\u201316K",
            "-",
            "12\u201316K",
            "\u25fc",
            "Example",
            ":",
            "8\u201312K",
            "-",
            "8\u201312K",
            "4\u20138K",
            "4",
            "4\u20138K",
            "\u25fc",
            "64",
            "KB",
            "virtual",
            "memory",
            "0\u20134K",
            "7",
            "0\u20134K",
            "\u25fc",
            "32",
            "KB",
            "physical",
            "memory",
            "Virtual",
            "Physical",
            "address",
            "memory",
            "space",
            "CS/COE",
            "1550",
            "\u2013",
            "Operating",
            "Systems",
            "\u2013",
            "Sherif",
            "Khattab",
            "21"
        ],
        "labels": [
            "B",
            "O",
            "B",
            "I",
            "O",
            "O",
            "O",
            "O",
            "O",
            "O",
            "O",
            "O",
            "O",
            "O",
            "O",
            "O",
            "O",
            "O",
            "O",
            "O",
            "O",
            "O",
            "O",
            "O",
            "O",
            "O",
            "O",
            "O",
            "O",
            "O",
            "O",
            "O",
            "O",
            "O",
            "O",
            "O",
            "O",
            "O",
            "O",
            "O",
            "O",
            "O",
            "B",
            "I",
            "I",
            "O",
            "O",
            "O",
            "O",
            "O",
            "O",
            "O",
            "O",
            "O",
            "O",
            "O",
            "O",
            "O",
            "O",
            "O",
            "O",
            "O",
            "O",
            "O",
            "O",
            "O",
            "O",
            "O",
            "O",
            "O",
            "O",
            "O",
            "O",
            "O",
            "O",
            "O",
            "O",
            "O",
            "O",
            "B",
            "O",
            "O",
            "O",
            "O",
            "O",
            "O",
            "O",
            "O",
            "O",
            "O",
            "O",
            "O",
            "O",
            "O",
            "O",
            "O",
            "O",
            "O",
            "O",
            "O",
            "O",
            "O",
            "O",
            "O",
            "O",
            "O",
            "O",
            "O",
            "O",
            "O",
            "O",
            "O",
            "O",
            "O",
            "O",
            "O",
            "O",
            "B",
            "O",
            "O",
            "O",
            "O",
            "O",
            "O",
            "O",
            "B",
            "O",
            "O",
            "O",
            "B",
            "O",
            "B",
            "I",
            "O",
            "O",
            "O",
            "O",
            "B",
            "I",
            "O"
        ]
    },
    {
        "words": [
            "What",
            "\u2019",
            "s",
            "in",
            "a",
            "page",
            "table",
            "entry",
            "?",
            "\u25fc",
            "Each",
            "entry",
            "in",
            "the",
            "page",
            "table",
            "contains",
            "\u25fc",
            "Valid",
            "bit",
            ":",
            "set",
            "if",
            "this",
            "logical",
            "page",
            "number",
            "has",
            "a",
            "corresponding",
            "physical",
            "frame",
            "in",
            "memory",
            "\u25fc",
            "If",
            "not",
            "valid",
            ",",
            "remainder",
            "of",
            "PTE",
            "is",
            "irrelevant",
            "\u25fc",
            "Page",
            "frame",
            "number",
            ":",
            "page",
            "in",
            "physical",
            "memory",
            "\u25fc",
            "Referenced",
            "bit",
            ":",
            "set",
            "if",
            "data",
            "on",
            "the",
            "page",
            "has",
            "been",
            "accessed",
            "\u25fc",
            "Dirty",
            "(",
            "modified",
            ")",
            "bit",
            ":",
            "set",
            "if",
            "data",
            "on",
            "the",
            "page",
            "has",
            "been",
            "modified",
            "\u25fc",
            "Protection",
            "information",
            "Protection",
            "D",
            "R",
            "V",
            "Page",
            "frame",
            "number",
            "Dirty",
            "bit",
            "Referenced",
            "bit",
            "Valid",
            "bit",
            "CS/COE",
            "1550",
            "\u2013",
            "Operating",
            "Systems",
            "\u2013",
            "Sherif",
            "Khattab",
            "22"
        ],
        "labels": [
            "O",
            "O",
            "O",
            "O",
            "O",
            "O",
            "O",
            "O",
            "O",
            "O",
            "O",
            "O",
            "O",
            "O",
            "O",
            "O",
            "O",
            "O",
            "B",
            "I",
            "O",
            "O",
            "O",
            "O",
            "O",
            "O",
            "O",
            "O",
            "O",
            "O",
            "O",
            "O",
            "O",
            "B",
            "O",
            "O",
            "O",
            "O",
            "O",
            "O",
            "O",
            "O",
            "O",
            "O",
            "O",
            "B",
            "I",
            "I",
            "O",
            "O",
            "O",
            "O",
            "B",
            "O",
            "B",
            "I",
            "O",
            "O",
            "O",
            "O",
            "O",
            "O",
            "O",
            "O",
            "O",
            "O",
            "O",
            "O",
            "O",
            "O",
            "O",
            "O",
            "O",
            "O",
            "O",
            "O",
            "O",
            "O",
            "O",
            "O",
            "O",
            "O",
            "O",
            "B",
            "I",
            "O",
            "O",
            "O",
            "O",
            "B",
            "I",
            "I",
            "B",
            "I",
            "B",
            "I",
            "B",
            "I",
            "B",
            "I",
            "O",
            "O",
            "O",
            "O",
            "B",
            "I",
            "O"
        ]
    },
    {
        "words": [
            "Implementing",
            "page",
            "tables",
            "in",
            "hardware",
            "\u25fc",
            "Page",
            "table",
            "resides",
            "in",
            "main",
            "(",
            "physical",
            ")",
            "memory",
            "\u25fc",
            "CPU",
            "uses",
            "special",
            "registers",
            "for",
            "paging",
            "\u25fc",
            "Page",
            "table",
            "base",
            "register",
            "(",
            "PTBR",
            ")",
            "points",
            "to",
            "the",
            "page",
            "table",
            "\u25fc",
            "Page",
            "table",
            "length",
            "register",
            "(",
            "PTLR",
            ")",
            "contains",
            "length",
            "of",
            "page",
            "table",
            ":",
            "restricts",
            "maximum",
            "legal",
            "logical",
            "address",
            "\u25fc",
            "Translating",
            "an",
            "address",
            "requires",
            "two",
            "memory",
            "accesses",
            "\u25fc",
            "First",
            "access",
            "reads",
            "page",
            "table",
            "entry",
            "(",
            "PTE",
            ")",
            "\u25fc",
            "Second",
            "access",
            "reads",
            "the",
            "data",
            "/",
            "instruction",
            "from",
            "memory",
            "\u25fc",
            "Reduce",
            "number",
            "of",
            "memory",
            "accesses",
            "\u25fc",
            "Can",
            "\u2019",
            "t",
            "avoid",
            "second",
            "access",
            "(",
            "we",
            "need",
            "the",
            "value",
            "from",
            "memory",
            ")",
            "\u25fc",
            "Eliminate",
            "first",
            "access",
            "by",
            "keeping",
            "a",
            "hardware",
            "cache",
            "(",
            "called",
            "a",
            "translation",
            "lookaside",
            "buffer",
            "or",
            "TLB",
            ")",
            "of",
            "recently",
            "used",
            "page",
            "table",
            "entries",
            "CS/COE",
            "1550",
            "\u2013",
            "Operating",
            "Systems",
            "\u2013",
            "Sherif",
            "Khattab",
            "23"
        ],
        "labels": [
            "B",
            "B",
            "I",
            "O",
            "O",
            "O",
            "O",
            "O",
            "O",
            "O",
            "O",
            "O",
            "O",
            "O",
            "B",
            "O",
            "O",
            "O",
            "O",
            "O",
            "O",
            "B",
            "O",
            "B",
            "I",
            "I",
            "I",
            "O",
            "B",
            "O",
            "O",
            "O",
            "O",
            "O",
            "O",
            "O",
            "B",
            "I",
            "I",
            "I",
            "O",
            "B",
            "O",
            "O",
            "O",
            "O",
            "O",
            "O",
            "O",
            "O",
            "O",
            "O",
            "B",
            "I",
            "O",
            "O",
            "O",
            "O",
            "O",
            "O",
            "B",
            "O",
            "O",
            "O",
            "O",
            "O",
            "O",
            "O",
            "O",
            "O",
            "O",
            "O",
            "O",
            "O",
            "O",
            "O",
            "O",
            "O",
            "O",
            "O",
            "O",
            "B",
            "O",
            "O",
            "O",
            "O",
            "B",
            "O",
            "O",
            "O",
            "O",
            "O",
            "O",
            "O",
            "O",
            "O",
            "O",
            "O",
            "O",
            "O",
            "O",
            "B",
            "O",
            "O",
            "O",
            "O",
            "O",
            "O",
            "O",
            "O",
            "O",
            "O",
            "O",
            "O",
            "O",
            "B",
            "I",
            "I",
            "O",
            "B",
            "O",
            "O",
            "O",
            "O",
            "O",
            "O",
            "O",
            "B",
            "I",
            "O",
            "O",
            "O",
            "O",
            "B",
            "I",
            "O"
        ]
    }
]