[
    {
        "words": [
            "Introduction",
            "to",
            "Operating",
            "Systems",
            "CS",
            "1550",
            "Spring",
            "2022",
            "Sherif",
            "Khattab",
            "ksm73",
            "@",
            "pitt.edu",
            "(",
            "Some",
            "slides",
            "are",
            "from",
            "Silberschatz",
            ",",
            "Galvin",
            "and",
            "Gagne",
            "\u00a92013",
            ")"
        ],
        "labels": [
            "O",
            "O",
            "O",
            "O",
            "O",
            "O",
            "O",
            "O",
            "O",
            "O",
            "O",
            "O",
            "O",
            "O",
            "O",
            "O",
            "O",
            "O",
            "O",
            "O",
            "O",
            "O",
            "O",
            "O",
            "O"
        ]
    },
    {
        "words": [
            "Announcements",
            "\u2022",
            "Upcoming",
            "deadlines",
            ":",
            "\u2022",
            "Homework",
            "11",
            ":",
            "due",
            "on",
            "4/18",
            "\u2022",
            "Project",
            "3",
            ":",
            "Late",
            "due",
            "date",
            "on",
            "4/13",
            "\u2022",
            "Late",
            "penalty",
            "waived",
            "\u2022",
            "Lab",
            "4",
            ":",
            "due",
            "on",
            "4/15",
            "\u2022",
            "Quiz",
            "3",
            ":",
            "due",
            "on",
            "4/15",
            "\u2022",
            "Homework",
            "12",
            ":",
            "due",
            "on",
            "4/25",
            "\u2022",
            "Lab",
            "5",
            ":",
            "due",
            "on",
            "5/2",
            "\u2022",
            "Project",
            "4",
            "and",
            "Quiz",
            "4",
            ":",
            "due",
            "on",
            "5/2",
            "\u2022",
            "Bonus",
            "Opportunities",
            "\u2022",
            "Bonus",
            "Homework",
            ":",
            "due",
            "on",
            "5/2",
            "\u2022",
            "Course",
            "Post-Test",
            ":",
            "due",
            "on",
            "5/2",
            "\u2022",
            "Bonus",
            "point",
            "for",
            "all",
            "when",
            "OMET",
            "response",
            "rate",
            ">",
            "=",
            "80",
            "%",
            "CS",
            "1550",
            "\u2013",
            "Operating",
            "Systems",
            "\u2013",
            "Sherif",
            "Khattab",
            "2"
        ],
        "labels": [
            "O",
            "O",
            "O",
            "O",
            "O",
            "O",
            "O",
            "O",
            "O",
            "O",
            "O",
            "O",
            "O",
            "O",
            "O",
            "O",
            "O",
            "O",
            "O",
            "O",
            "O",
            "O",
            "O",
            "O",
            "O",
            "O",
            "O",
            "O",
            "O",
            "O",
            "O",
            "O",
            "O",
            "O",
            "O",
            "O",
            "O",
            "O",
            "O",
            "O",
            "O",
            "O",
            "O",
            "O",
            "O",
            "O",
            "O",
            "O",
            "O",
            "O",
            "O",
            "O",
            "O",
            "O",
            "O",
            "O",
            "O",
            "O",
            "O",
            "O",
            "O",
            "O",
            "O",
            "O",
            "O",
            "O",
            "O",
            "O",
            "O",
            "O",
            "O",
            "O",
            "O",
            "O",
            "O",
            "O",
            "O",
            "O",
            "O",
            "O",
            "O",
            "O",
            "O",
            "O",
            "O",
            "O",
            "O",
            "O",
            "O",
            "O",
            "O",
            "O",
            "O",
            "O",
            "O",
            "O",
            "O",
            "O",
            "O",
            "O",
            "O",
            "O"
        ]
    },
    {
        "words": [
            "Previous",
            "lecture",
            "\u2026",
            "\u2022",
            "How",
            "do",
            "device",
            "drivers",
            "program",
            "I/O",
            "devices",
            "?",
            "\u2022",
            "Answer",
            ":",
            "three",
            "methods",
            "\u2022",
            "polling",
            "\u2022",
            "Interrupts",
            "\u2022",
            "DMA",
            "CS",
            "1550",
            "\u2013",
            "Operating",
            "Systems",
            "\u2013",
            "Sherif",
            "Khattab",
            "3"
        ],
        "labels": [
            "O",
            "O",
            "O",
            "O",
            "O",
            "O",
            "B",
            "I",
            "O",
            "B",
            "I",
            "O",
            "O",
            "O",
            "O",
            "O",
            "O",
            "O",
            "B",
            "O",
            "B",
            "O",
            "B",
            "O",
            "O",
            "O",
            "O",
            "O",
            "O",
            "O",
            "O",
            "O"
        ]
    },
    {
        "words": [
            "Muddiest",
            "Points",
            "(",
            "1/2",
            ")",
            "\u2022",
            "RAIDs",
            "\u2022",
            "Difference",
            "between",
            "RAID",
            "4",
            "and",
            "5",
            "\u2022",
            "So",
            "is",
            "the",
            "log-structured",
            "file",
            "system",
            "the",
            "same",
            "as",
            "journaling",
            ",",
            "or",
            "is",
            "that",
            "different",
            "?",
            "If",
            "it",
            "is",
            "the",
            "same",
            ",",
            "does",
            "that",
            "mean",
            "all",
            "journaling",
            "systems",
            "also",
            "track",
            "file",
            "version",
            "histories",
            "?",
            "\u2022",
            "Interrupt",
            "driven",
            "I/O",
            "\u2022",
            "polling",
            "\u2022",
            "Other",
            "situations",
            "like",
            "that",
            "bug/feature",
            "example",
            "?",
            "Seems",
            "interesting",
            ".",
            "\u2022",
            "In",
            "file",
            "block",
            "cache",
            "data",
            "structures",
            "slide",
            ",",
            "how",
            "do",
            "you",
            "track",
            "hash",
            "table",
            "collisions",
            "to",
            "make",
            "the",
            "chains",
            "?",
            "\u2022",
            "voltage",
            "about",
            "0/1",
            "on",
            "solid",
            "state",
            "disk",
            "\u2022",
            "Can",
            "you",
            "explain",
            "again",
            "why",
            "SSDs",
            "degrade",
            "over",
            "time",
            "?",
            "\u2022",
            "Single",
            "bus",
            "versus",
            "dual-bus",
            "\u2022",
            "What",
            "tradeoff",
            "exists",
            "having",
            "larger",
            "disk",
            "caches",
            "?",
            "\u2022",
            "memory",
            "mapped",
            "and",
            "separate",
            "io",
            "spaces",
            "CS",
            "1550",
            "\u2013",
            "Operating",
            "Systems",
            "\u2013",
            "Sherif",
            "Khattab",
            "4"
        ],
        "labels": [
            "O",
            "O",
            "O",
            "O",
            "O",
            "O",
            "O",
            "O",
            "O",
            "O",
            "B",
            "I",
            "O",
            "O",
            "O",
            "O",
            "O",
            "O",
            "B",
            "I",
            "I",
            "O",
            "O",
            "O",
            "B",
            "O",
            "O",
            "O",
            "O",
            "O",
            "O",
            "O",
            "O",
            "O",
            "O",
            "O",
            "O",
            "O",
            "O",
            "O",
            "O",
            "B",
            "I",
            "O",
            "O",
            "B",
            "I",
            "I",
            "O",
            "O",
            "O",
            "O",
            "O",
            "O",
            "B",
            "O",
            "O",
            "O",
            "O",
            "O",
            "O",
            "O",
            "O",
            "O",
            "O",
            "O",
            "O",
            "O",
            "B",
            "I",
            "I",
            "I",
            "I",
            "O",
            "O",
            "O",
            "O",
            "O",
            "O",
            "B",
            "I",
            "I",
            "O",
            "O",
            "O",
            "O",
            "O",
            "O",
            "O",
            "O",
            "O",
            "O",
            "B",
            "I",
            "I",
            "O",
            "O",
            "O",
            "O",
            "O",
            "O",
            "B",
            "O",
            "O",
            "O",
            "O",
            "O",
            "B",
            "I",
            "O",
            "B",
            "O",
            "O",
            "O",
            "O",
            "O",
            "O",
            "O",
            "O",
            "O",
            "O",
            "B",
            "I",
            "I",
            "I",
            "I",
            "I",
            "O",
            "O",
            "O",
            "O",
            "O",
            "O",
            "O",
            "O",
            "O"
        ]
    },
    {
        "words": [
            "Muddiest",
            "Points",
            "(",
            "2/2",
            ")",
            "\u2022",
            "can",
            "you",
            "please",
            "release",
            "final",
            "preparation",
            "material",
            "a",
            "bit",
            "earlier",
            "?",
            "i",
            "\u2019",
            "m",
            "nervous",
            "for",
            "the",
            "final",
            "and",
            "want",
            "to",
            "start",
            "studying",
            "ahead",
            "of",
            "time",
            "\u2022",
            "not",
            "about",
            "the",
            "lecture",
            "specifically",
            "but",
            "in",
            "general",
            ":",
            "are",
            "we",
            "allowed",
            "to",
            "work",
            "with",
            "each",
            "other",
            "on",
            "midterm",
            "exam",
            "corrections",
            "or",
            "should",
            "they",
            "be",
            "done",
            "alone",
            "?",
            "\u2022",
            "Are",
            "we",
            "really",
            "going",
            "to",
            "having",
            "8am",
            "final",
            "?",
            "\u2022",
            "Everything",
            "was",
            "clear",
            "\u2022",
            "Nothing",
            "good",
            ".",
            "Need",
            "to",
            "review",
            "myself",
            "\u2022",
            "All",
            "good",
            "this",
            "lecture",
            ",",
            "though",
            "things",
            "went",
            "a",
            "bit",
            "fast",
            "CS",
            "1550",
            "\u2013",
            "Operating",
            "Systems",
            "\u2013",
            "Sherif",
            "Khattab",
            "5"
        ],
        "labels": [
            "O",
            "O",
            "O",
            "O",
            "O",
            "O",
            "O",
            "O",
            "O",
            "O",
            "O",
            "O",
            "O",
            "O",
            "O",
            "O",
            "O",
            "O",
            "O",
            "O",
            "O",
            "O",
            "O",
            "O",
            "O",
            "O",
            "O",
            "O",
            "O",
            "O",
            "O",
            "O",
            "O",
            "O",
            "O",
            "O",
            "O",
            "O",
            "O",
            "O",
            "O",
            "O",
            "O",
            "O",
            "O",
            "O",
            "O",
            "O",
            "O",
            "O",
            "O",
            "O",
            "O",
            "O",
            "O",
            "O",
            "O",
            "O",
            "O",
            "O",
            "O",
            "O",
            "O",
            "O",
            "O",
            "O",
            "O",
            "O",
            "O",
            "O",
            "O",
            "O",
            "O",
            "O",
            "O",
            "O",
            "O",
            "O",
            "O",
            "O",
            "O",
            "O",
            "O",
            "O",
            "O",
            "O",
            "O",
            "O",
            "O",
            "O",
            "O",
            "O",
            "O",
            "O",
            "O",
            "O",
            "O",
            "O",
            "O",
            "O",
            "O",
            "O",
            "O",
            "O"
        ]
    },
    {
        "words": [
            "Polling",
            "copy_from_user",
            "(",
            "buffer",
            ",",
            "p",
            ",",
            "count",
            ")",
            ";",
            "//",
            "copy",
            "into",
            "kernel",
            "buffer",
            "for",
            "(",
            "j",
            "=",
            "0",
            ";",
            "j",
            "<",
            "count",
            ";",
            "j++",
            ")",
            "{",
            "//",
            "loop",
            "for",
            "each",
            "char",
            "while",
            "(",
            "*",
            "printer_status_reg",
            "!",
            "=",
            "READY",
            ")",
            ";",
            "//",
            "wait",
            "for",
            "printer",
            "to",
            "be",
            "ready",
            "*",
            "printer_data_reg",
            "=",
            "p",
            "[",
            "j",
            "]",
            ";",
            "//",
            "output",
            "a",
            "single",
            "character",
            "}",
            "return_to_user",
            "(",
            ")",
            ";",
            "CS",
            "1550",
            "\u2013",
            "Operating",
            "Systems",
            "\u2013",
            "Sherif",
            "Khattab",
            "6"
        ],
        "labels": [
            "O",
            "O",
            "O",
            "O",
            "O",
            "O",
            "O",
            "O",
            "O",
            "O",
            "O",
            "O",
            "O",
            "O",
            "O",
            "O",
            "O",
            "O",
            "O",
            "O",
            "O",
            "O",
            "O",
            "O",
            "O",
            "O",
            "O",
            "O",
            "O",
            "O",
            "O",
            "O",
            "O",
            "O",
            "O",
            "O",
            "O",
            "O",
            "O",
            "O",
            "O",
            "O",
            "O",
            "O",
            "O",
            "O",
            "O",
            "O",
            "O",
            "O",
            "O",
            "O",
            "O",
            "O",
            "O",
            "O",
            "O",
            "O",
            "O",
            "O",
            "O",
            "O",
            "O",
            "O",
            "O",
            "O",
            "O",
            "O",
            "O",
            "O",
            "O",
            "O",
            "O",
            "O",
            "O",
            "O"
        ]
    },
    {
        "words": [
            "Hardware",
            "\u2019",
            "s",
            "view",
            "of",
            "interrupts",
            "Bus",
            "CS",
            "1550",
            "\u2013",
            "Operating",
            "Systems",
            "\u2013",
            "Sherif",
            "Khattab",
            "7"
        ],
        "labels": [
            "O",
            "O",
            "O",
            "O",
            "O",
            "O",
            "O",
            "O",
            "O",
            "O",
            "O",
            "O",
            "O",
            "O",
            "O",
            "O"
        ]
    },
    {
        "words": [
            "Interrupt-driven",
            "I/O",
            "copy_from_user",
            "(",
            "buffer",
            ",",
            "p",
            ",",
            "count",
            ")",
            ";",
            "j",
            "=",
            "0",
            ";",
            "enable_interrupts",
            "(",
            ")",
            ";",
            "while",
            "(",
            "*",
            "printer_status_reg",
            "!",
            "=",
            "READY",
            ")",
            "Code",
            "run",
            "by",
            "system",
            "call",
            ";",
            "*",
            "printer_data_reg",
            "=",
            "p",
            "[",
            "0",
            "]",
            ";",
            "scheduler",
            "(",
            ")",
            ";",
            "//",
            "and",
            "block",
            "user",
            "if",
            "(",
            "count",
            "==",
            "0",
            ")",
            "{",
            "unblock_user",
            "(",
            ")",
            ";",
            "}",
            "else",
            "{",
            "j++",
            ";",
            "*",
            "printer_data_reg",
            "=",
            "p",
            "[",
            "j",
            "]",
            ";",
            "count",
            "--",
            ";",
            "Code",
            "run",
            "at",
            "interrupt",
            "time",
            "}",
            "(",
            "Interrupt",
            "handler",
            ")",
            "acknowledge_interrupt",
            "(",
            ")",
            ";",
            "return_from_interrupt",
            "(",
            ")",
            ";",
            "CS",
            "1550",
            "\u2013",
            "Operating",
            "Systems",
            "\u2013",
            "Sherif",
            "Khattab",
            "8"
        ],
        "labels": [
            "O",
            "O",
            "O",
            "O",
            "O",
            "O",
            "O",
            "O",
            "O",
            "O",
            "O",
            "O",
            "O",
            "O",
            "O",
            "O",
            "O",
            "O",
            "O",
            "O",
            "O",
            "O",
            "O",
            "O",
            "O",
            "O",
            "O",
            "O",
            "O",
            "O",
            "O",
            "O",
            "O",
            "O",
            "O",
            "O",
            "O",
            "O",
            "O",
            "O",
            "O",
            "O",
            "O",
            "O",
            "O",
            "O",
            "O",
            "O",
            "O",
            "O",
            "O",
            "O",
            "O",
            "O",
            "O",
            "O",
            "O",
            "O",
            "O",
            "O",
            "O",
            "O",
            "O",
            "O",
            "O",
            "O",
            "O",
            "O",
            "O",
            "O",
            "O",
            "O",
            "O",
            "O",
            "O",
            "O",
            "O",
            "O",
            "O",
            "O",
            "O",
            "O",
            "O",
            "O",
            "O",
            "O",
            "O",
            "O",
            "O",
            "O",
            "O",
            "O",
            "O",
            "O",
            "O",
            "O",
            "O",
            "O",
            "O",
            "O",
            "O",
            "O",
            "O"
        ]
    },
    {
        "words": [
            "What",
            "happens",
            "on",
            "an",
            "interrupt",
            "\u2022",
            "Set",
            "up",
            "stack",
            "for",
            "interrupt",
            "service",
            "procedure",
            "\u2022",
            "Ack",
            "interrupt",
            "controller",
            ",",
            "reenable",
            "interrupts",
            "\u2022",
            "Copy",
            "registers",
            "from",
            "where",
            "saved",
            "\u2022",
            "Run",
            "service",
            "procedure",
            "\u2022",
            "(",
            "optional",
            ")",
            "Pick",
            "a",
            "new",
            "process",
            "to",
            "run",
            "next",
            "\u2022",
            "Set",
            "up",
            "MMU",
            "context",
            "for",
            "process",
            "to",
            "run",
            "next",
            "\u2022",
            "Load",
            "new",
            "process",
            "'",
            "registers",
            "\u2022",
            "Start",
            "running",
            "the",
            "new",
            "process",
            "CS",
            "1550",
            "\u2013",
            "Operating",
            "Systems",
            "\u2013",
            "Sherif",
            "Khattab",
            "9"
        ],
        "labels": [
            "O",
            "O",
            "O",
            "O",
            "O",
            "O",
            "O",
            "O",
            "B",
            "I",
            "B",
            "I",
            "I",
            "O",
            "O",
            "O",
            "O",
            "O",
            "O",
            "O",
            "O",
            "O",
            "O",
            "O",
            "O",
            "O",
            "O",
            "O",
            "O",
            "O",
            "O",
            "O",
            "O",
            "O",
            "O",
            "O",
            "O",
            "O",
            "O",
            "O",
            "O",
            "O",
            "O",
            "O",
            "B",
            "I",
            "O",
            "O",
            "O",
            "O",
            "O",
            "O",
            "O",
            "O",
            "O",
            "O",
            "O",
            "O",
            "O",
            "O",
            "O",
            "O",
            "O",
            "O",
            "O",
            "O",
            "O",
            "O",
            "O",
            "O",
            "O",
            "O"
        ]
    },
    {
        "words": [
            "Direct",
            "Memory",
            "Access",
            "(",
            "DMA",
            ")",
            "operation",
            "CS",
            "1550",
            "\u2013",
            "Operating",
            "Systems",
            "\u2013",
            "Sherif",
            "Khattab",
            "10"
        ],
        "labels": [
            "B",
            "I",
            "I",
            "O",
            "B",
            "O",
            "O",
            "O",
            "O",
            "O",
            "O",
            "O",
            "O",
            "O",
            "O",
            "O"
        ]
    },
    {
        "words": [
            "DMA",
            "CS",
            "1550",
            "\u2013",
            "Operating",
            "Systems",
            "\u2013",
            "Sherif",
            "Khattab",
            "11"
        ],
        "labels": [
            "B",
            "O",
            "O",
            "O",
            "O",
            "O",
            "O",
            "O",
            "O",
            "O"
        ]
    },
    {
        "words": [
            "I/O",
            "using",
            "DMA",
            "copy_from_user",
            "(",
            "buffer",
            ",",
            "p",
            ",",
            "count",
            ")",
            ";",
            "set_up_DMA_controller",
            "(",
            ")",
            ";",
            "Code",
            "run",
            "by",
            "system",
            "call",
            "scheduler",
            "(",
            ")",
            ";",
            "//",
            "and",
            "block",
            "user",
            "acknowledge_interrupt",
            "(",
            ")",
            ";",
            "unblock_user",
            "(",
            ")",
            ";",
            "Code",
            "run",
            "at",
            "interrupt",
            "time",
            "return_from_interrupt",
            "(",
            ")",
            ";",
            "CS",
            "1550",
            "\u2013",
            "Operating",
            "Systems",
            "\u2013",
            "Sherif",
            "Khattab",
            "12"
        ],
        "labels": [
            "O",
            "O",
            "B",
            "O",
            "O",
            "O",
            "O",
            "O",
            "O",
            "O",
            "O",
            "O",
            "O",
            "O",
            "O",
            "O",
            "O",
            "O",
            "O",
            "O",
            "O",
            "O",
            "O",
            "O",
            "O",
            "O",
            "O",
            "O",
            "O",
            "O",
            "O",
            "O",
            "O",
            "O",
            "O",
            "O",
            "O",
            "O",
            "O",
            "O",
            "O",
            "O",
            "O",
            "O",
            "O",
            "O",
            "O",
            "O",
            "O",
            "O",
            "O",
            "O",
            "O",
            "O",
            "O"
        ]
    },
    {
        "words": [
            "Disk",
            "drive",
            "structure",
            "\u2022",
            "Data",
            "stored",
            "on",
            "surfaces",
            "\u2022",
            "Up",
            "to",
            "two",
            "surfaces",
            "per",
            "platter",
            "head",
            "\u2022",
            "One",
            "or",
            "more",
            "platters",
            "per",
            "disk",
            "sector",
            "\u2022",
            "Data",
            "in",
            "concentric",
            "tracks",
            "\u2022",
            "Tracks",
            "broken",
            "into",
            "sectors",
            "platter",
            "\u2022",
            "256B-1KB",
            "per",
            "sector",
            "track",
            "\u2022",
            "Cylinder",
            ":",
            "corresponding",
            "tracks",
            "cylinder",
            "on",
            "all",
            "surfaces",
            "\u2022",
            "Data",
            "read",
            "and",
            "written",
            "by",
            "surfaces",
            "heads",
            "\u2022",
            "Actuator",
            "moves",
            "heads",
            "spindle",
            "actuator",
            "\u2022",
            "Heads",
            "move",
            "in",
            "unison",
            "CS",
            "1550",
            "\u2013",
            "Operating",
            "Systems",
            "\u2013",
            "Sherif",
            "Khattab",
            "13"
        ],
        "labels": [
            "B",
            "I",
            "I",
            "O",
            "O",
            "O",
            "O",
            "O",
            "O",
            "O",
            "O",
            "O",
            "O",
            "O",
            "O",
            "O",
            "O",
            "O",
            "O",
            "O",
            "O",
            "O",
            "O",
            "O",
            "O",
            "O",
            "O",
            "O",
            "O",
            "O",
            "O",
            "O",
            "O",
            "O",
            "O",
            "O",
            "O",
            "O",
            "O",
            "O",
            "O",
            "O",
            "O",
            "O",
            "O",
            "O",
            "O",
            "O",
            "O",
            "O",
            "O",
            "O",
            "O",
            "O",
            "O",
            "O",
            "O",
            "O",
            "O",
            "O",
            "O",
            "O",
            "O",
            "O",
            "O",
            "O",
            "O",
            "O",
            "O",
            "O",
            "O",
            "O",
            "O",
            "O",
            "O",
            "O",
            "O"
        ]
    },
    {
        "words": [
            "Disk",
            "scheduling",
            "algorithms",
            "\u2022",
            "Schedule",
            "disk",
            "requests",
            "to",
            "minimize",
            "disk",
            "seek",
            "time",
            "\u2022",
            "Seek",
            "time",
            "increases",
            "as",
            "distance",
            "increases",
            "(",
            "though",
            "not",
            "linearly",
            ")",
            "\u2022",
            "Minimize",
            "seek",
            "distance",
            "-",
            ">",
            "minimize",
            "seek",
            "time",
            "\u2022",
            "Disk",
            "seek",
            "algorithm",
            "examples",
            "assume",
            "a",
            "request",
            "queue",
            "&",
            "head",
            "position",
            "(",
            "disk",
            "has",
            "200",
            "cylinders",
            ")",
            "\u2022",
            "Queue",
            "=",
            "100",
            ",",
            "175",
            ",",
            "51",
            ",",
            "133",
            ",",
            "8",
            ",",
            "140",
            ",",
            "73",
            ",",
            "77",
            "\u2022",
            "Head",
            "position",
            "=",
            "63",
            "Outside",
            "edge",
            "Inside",
            "edge",
            "8",
            "51",
            "73",
            "100",
            "133",
            "175",
            "77",
            "140",
            "read/write",
            "head",
            "position",
            "disk",
            "requests",
            "(",
            "cylinder",
            "in",
            "which",
            "block",
            "resides",
            ")",
            "CS",
            "1550",
            "\u2013",
            "Operating",
            "Systems",
            "\u2013",
            "Sherif",
            "Khattab",
            "14"
        ],
        "labels": [
            "O",
            "O",
            "O",
            "O",
            "O",
            "O",
            "O",
            "O",
            "O",
            "O",
            "O",
            "O",
            "O",
            "O",
            "O",
            "O",
            "O",
            "O",
            "O",
            "O",
            "O",
            "O",
            "O",
            "O",
            "O",
            "O",
            "O",
            "O",
            "O",
            "O",
            "O",
            "O",
            "O",
            "O",
            "O",
            "O",
            "O",
            "O",
            "O",
            "O",
            "O",
            "O",
            "O",
            "O",
            "O",
            "O",
            "O",
            "O",
            "O",
            "O",
            "O",
            "O",
            "O",
            "O",
            "O",
            "O",
            "O",
            "O",
            "O",
            "O",
            "O",
            "O",
            "O",
            "O",
            "O",
            "O",
            "O",
            "O",
            "O",
            "O",
            "O",
            "O",
            "O",
            "O",
            "O",
            "O",
            "O",
            "O",
            "O",
            "O",
            "O",
            "O",
            "O",
            "O",
            "O",
            "O",
            "O",
            "O",
            "O",
            "O",
            "O",
            "O",
            "O",
            "O",
            "O",
            "O",
            "O",
            "O",
            "O",
            "O",
            "O",
            "O",
            "O",
            "O",
            "O",
            "O",
            "O"
        ]
    },
    {
        "words": [
            "Disk",
            "Arm",
            "Scheduling",
            "CS/COE",
            "1550",
            "\u2013",
            "Operating",
            "Systems",
            "\u2013",
            "Sherif",
            "Khattab",
            "15"
        ],
        "labels": [
            "B",
            "I",
            "I",
            "O",
            "O",
            "O",
            "O",
            "O",
            "O",
            "O",
            "O",
            "O"
        ]
    },
    {
        "words": [
            "First-Come-First",
            "Served",
            "(",
            "FCFS",
            ")",
            "\u2022",
            "Requests",
            "serviced",
            "in",
            "the",
            "order",
            "in",
            "which",
            "they",
            "arrived",
            "\u2022",
            "Easy",
            "to",
            "implement",
            "!",
            "\u2022",
            "May",
            "involve",
            "lots",
            "of",
            "unnecessary",
            "seek",
            "distance",
            "\u2022",
            "Seek",
            "order",
            "=",
            "100",
            ",",
            "175",
            ",",
            "51",
            ",",
            "133",
            ",",
            "8",
            ",",
            "140",
            ",",
            "73",
            ",",
            "77",
            "\u2022",
            "Seek",
            "distance",
            "=",
            "(",
            "100-63",
            ")",
            "+",
            "(",
            "175-100",
            ")",
            "+",
            "(",
            "175-51",
            ")",
            "+",
            "(",
            "133-51",
            ")",
            "+",
            "(",
            "133-8",
            ")",
            "+",
            "(",
            "140-8",
            ")",
            "+",
            "(",
            "140-73",
            ")",
            "+",
            "(",
            "77-73",
            ")",
            "=",
            "646",
            "cylinders",
            "read/write",
            "head",
            "start",
            "100",
            "175",
            "51",
            "133",
            "8",
            "140",
            "73",
            "77",
            "CS",
            "1550",
            "\u2013",
            "Operating",
            "Systems",
            "\u2013",
            "Sherif",
            "Khattab",
            "16"
        ],
        "labels": [
            "B",
            "I",
            "O",
            "B",
            "O",
            "O",
            "O",
            "O",
            "O",
            "O",
            "O",
            "O",
            "O",
            "O",
            "O",
            "O",
            "O",
            "O",
            "O",
            "O",
            "O",
            "O",
            "O",
            "O",
            "O",
            "O",
            "O",
            "O",
            "O",
            "O",
            "O",
            "O",
            "O",
            "O",
            "O",
            "O",
            "O",
            "O",
            "O",
            "O",
            "O",
            "O",
            "O",
            "O",
            "O",
            "O",
            "O",
            "O",
            "O",
            "O",
            "O",
            "O",
            "O",
            "O",
            "O",
            "O",
            "O",
            "O",
            "O",
            "O",
            "O",
            "O",
            "O",
            "O",
            "O",
            "O",
            "O",
            "O",
            "O",
            "O",
            "O",
            "O",
            "O",
            "O",
            "O",
            "O",
            "O",
            "O",
            "O",
            "O",
            "O",
            "O",
            "O",
            "O",
            "O",
            "O",
            "O",
            "O",
            "O",
            "O",
            "O",
            "O",
            "O",
            "O",
            "O",
            "O",
            "O",
            "O",
            "O",
            "O",
            "O",
            "O",
            "O",
            "O",
            "O"
        ]
    },
    {
        "words": [
            "FCFS",
            "Example",
            "2",
            "CS/COE",
            "1550",
            "\u2013",
            "Operating",
            "Systems",
            "\u2013",
            "Sherif",
            "Khattab",
            "17"
        ],
        "labels": [
            "B",
            "O",
            "O",
            "O",
            "O",
            "O",
            "O",
            "O",
            "O",
            "O",
            "O",
            "O"
        ]
    },
    {
        "words": [
            "Shortest",
            "Seek",
            "Time",
            "First",
            "(",
            "SSTF",
            ")",
            "\u2022",
            "Service",
            "the",
            "request",
            "with",
            "the",
            "shortest",
            "seek",
            "time",
            "from",
            "the",
            "current",
            "head",
            "position",
            "\u2022",
            "Form",
            "of",
            "SJF",
            "scheduling",
            "\u2022",
            "May",
            "starve",
            "some",
            "requests",
            "\u2022",
            "Seek",
            "order",
            "=",
            "73",
            ",",
            "77",
            ",",
            "100",
            ",",
            "133",
            ",",
            "140",
            ",",
            "175",
            ",",
            "51",
            ",",
            "8",
            "\u2022",
            "Seek",
            "distance",
            "=",
            "10",
            "+",
            "4",
            "+",
            "23",
            "+",
            "33",
            "+",
            "7",
            "+",
            "35",
            "+",
            "124",
            "+",
            "43",
            "=",
            "279",
            "cylinders",
            "read/write",
            "head",
            "start",
            "73",
            "77",
            "51",
            "8",
            "133",
            "100",
            "140",
            "175",
            "CS",
            "1550",
            "\u2013",
            "Operating",
            "Systems",
            "\u2013",
            "Sherif",
            "Khattab",
            "18"
        ],
        "labels": [
            "B",
            "I",
            "I",
            "I",
            "O",
            "B",
            "O",
            "O",
            "O",
            "O",
            "O",
            "O",
            "O",
            "O",
            "O",
            "O",
            "O",
            "O",
            "O",
            "O",
            "O",
            "O",
            "O",
            "O",
            "O",
            "O",
            "O",
            "O",
            "O",
            "O",
            "O",
            "O",
            "O",
            "O",
            "O",
            "O",
            "O",
            "O",
            "O",
            "O",
            "O",
            "O",
            "O",
            "O",
            "O",
            "O",
            "O",
            "O",
            "O",
            "O",
            "O",
            "O",
            "O",
            "O",
            "O",
            "O",
            "O",
            "O",
            "O",
            "O",
            "O",
            "O",
            "O",
            "O",
            "O",
            "O",
            "O",
            "O",
            "O",
            "O",
            "O",
            "O",
            "O",
            "O",
            "O",
            "O",
            "O",
            "O",
            "O",
            "O",
            "O",
            "O",
            "O",
            "O",
            "O",
            "O",
            "O",
            "O",
            "O",
            "O",
            "O",
            "O"
        ]
    },
    {
        "words": [
            "SSTF",
            "Example",
            "2",
            "CS/COE",
            "1550",
            "\u2013",
            "Operating",
            "Systems",
            "\u2013",
            "Sherif",
            "Khattab",
            "19"
        ],
        "labels": [
            "B",
            "O",
            "O",
            "O",
            "O",
            "O",
            "O",
            "O",
            "O",
            "O",
            "O",
            "O"
        ]
    },
    {
        "words": [
            "SCAN",
            "(",
            "elevator",
            "algorithm",
            ")",
            "\u2022",
            "Disk",
            "arm",
            "starts",
            "at",
            "one",
            "end",
            "of",
            "the",
            "disk",
            "and",
            "moves",
            "towards",
            "the",
            "other",
            "end",
            ",",
            "servicing",
            "requests",
            "as",
            "it",
            "goes",
            "\u2022",
            "Reverses",
            "direction",
            "when",
            "it",
            "gets",
            "to",
            "end",
            "of",
            "the",
            "disk",
            "\u2022",
            "Also",
            "known",
            "as",
            "elevator",
            "algorithm",
            "\u2022",
            "Seek",
            "order",
            "=",
            "51",
            ",",
            "8",
            ",",
            "0",
            ",",
            "73",
            ",",
            "77",
            ",",
            "100",
            ",",
            "133",
            ",",
            "140",
            ",",
            "175",
            "\u2022",
            "Seek",
            "distance",
            "=",
            "12",
            "+",
            "43",
            "+",
            "8",
            "+",
            "73",
            "+",
            "4",
            "+",
            "23",
            "+",
            "33",
            "+",
            "7",
            "+",
            "35",
            "=",
            "238",
            "cyls",
            "read/write",
            "head",
            "start",
            "51",
            "8",
            "73",
            "77",
            "100",
            "133",
            "140",
            "175",
            "CS",
            "1550",
            "\u2013",
            "Operating",
            "Systems",
            "\u2013",
            "Sherif",
            "Khattab",
            "20"
        ],
        "labels": [
            "B",
            "O",
            "B",
            "I",
            "O",
            "O",
            "O",
            "O",
            "O",
            "O",
            "O",
            "O",
            "O",
            "O",
            "O",
            "O",
            "O",
            "O",
            "O",
            "O",
            "O",
            "O",
            "O",
            "O",
            "O",
            "O",
            "O",
            "O",
            "O",
            "O",
            "O",
            "O",
            "O",
            "O",
            "O",
            "O",
            "O",
            "O",
            "O",
            "O",
            "O",
            "O",
            "B",
            "I",
            "O",
            "O",
            "O",
            "O",
            "O",
            "O",
            "O",
            "O",
            "O",
            "O",
            "O",
            "O",
            "O",
            "O",
            "O",
            "O",
            "O",
            "O",
            "O",
            "O",
            "O",
            "O",
            "O",
            "O",
            "O",
            "O",
            "O",
            "O",
            "O",
            "O",
            "O",
            "O",
            "O",
            "O",
            "O",
            "O",
            "O",
            "O",
            "O",
            "O",
            "O",
            "O",
            "O",
            "O",
            "O",
            "O",
            "O",
            "O",
            "O",
            "O",
            "O",
            "O",
            "O",
            "O",
            "O",
            "O",
            "O",
            "O",
            "O",
            "O",
            "O",
            "O",
            "O",
            "O",
            "O"
        ]
    },
    {
        "words": [
            "SCAN",
            "Example",
            "2",
            "CS/COE",
            "1550",
            "\u2013",
            "Operating",
            "Systems",
            "\u2013",
            "Sherif",
            "Khattab",
            "21"
        ],
        "labels": [
            "B",
            "O",
            "O",
            "O",
            "O",
            "O",
            "O",
            "O",
            "O",
            "O",
            "O",
            "O"
        ]
    },
    {
        "words": [
            "C-SCAN",
            "\u2022",
            "Identical",
            "to",
            "SCAN",
            ",",
            "except",
            "head",
            "returns",
            "to",
            "cylinder",
            "0",
            "when",
            "it",
            "reaches",
            "the",
            "end",
            "of",
            "the",
            "disk",
            "\u2022",
            "Treats",
            "cylinder",
            "list",
            "as",
            "a",
            "circular",
            "list",
            "that",
            "wraps",
            "around",
            "the",
            "disk",
            "\u2022",
            "Waiting",
            "time",
            "is",
            "more",
            "uniform",
            "for",
            "cylinders",
            "near",
            "the",
            "edge",
            "of",
            "the",
            "disk",
            "\u2022",
            "Seek",
            "order",
            "=",
            "73",
            ",",
            "77",
            ",",
            "100",
            ",",
            "133",
            ",",
            "140",
            ",",
            "175",
            ",",
            "199",
            ",",
            "0",
            ",",
            "8",
            ",",
            "51",
            "\u2022",
            "Distance",
            "=",
            "10",
            "+",
            "4",
            "+",
            "23",
            "+",
            "33",
            "+",
            "7",
            "+",
            "35",
            "+",
            "24",
            "+",
            "199",
            "+",
            "8",
            "+",
            "43",
            "=",
            "386",
            "cyls",
            "read/write",
            "head",
            "start",
            "73",
            "77",
            "100",
            "133",
            "140",
            "175",
            "8",
            "51",
            "CS",
            "1550",
            "\u2013",
            "Operating",
            "Systems",
            "\u2013",
            "Sherif",
            "Khattab",
            "22"
        ],
        "labels": [
            "B",
            "O",
            "O",
            "O",
            "B",
            "O",
            "O",
            "O",
            "O",
            "O",
            "O",
            "O",
            "O",
            "O",
            "O",
            "O",
            "O",
            "O",
            "O",
            "O",
            "O",
            "O",
            "O",
            "O",
            "O",
            "O",
            "O",
            "O",
            "O",
            "O",
            "O",
            "O",
            "O",
            "O",
            "O",
            "O",
            "O",
            "O",
            "O",
            "O",
            "O",
            "O",
            "O",
            "O",
            "O",
            "O",
            "O",
            "O",
            "O",
            "O",
            "O",
            "O",
            "O",
            "O",
            "O",
            "O",
            "O",
            "O",
            "O",
            "O",
            "O",
            "O",
            "O",
            "O",
            "O",
            "O",
            "O",
            "O",
            "O",
            "O",
            "O",
            "O",
            "O",
            "O",
            "O",
            "O",
            "O",
            "O",
            "O",
            "O",
            "O",
            "O",
            "O",
            "O",
            "O",
            "O",
            "O",
            "O",
            "O",
            "O",
            "O",
            "O",
            "O",
            "O",
            "O",
            "O",
            "O",
            "O",
            "O",
            "O",
            "O",
            "O",
            "O",
            "O",
            "O",
            "O",
            "O",
            "O",
            "O",
            "O",
            "O",
            "O",
            "O",
            "O",
            "O"
        ]
    },
    {
        "words": [
            "C-LOOK",
            "\u2022",
            "Identical",
            "to",
            "C-SCAN",
            ",",
            "except",
            "head",
            "only",
            "travels",
            "as",
            "far",
            "as",
            "the",
            "last",
            "request",
            "in",
            "each",
            "direction",
            "\u2022",
            "Saves",
            "seek",
            "time",
            "from",
            "last",
            "sector",
            "to",
            "end",
            "of",
            "disk",
            "\u2022",
            "Seek",
            "order",
            "=",
            "73",
            ",",
            "77",
            ",",
            "100",
            ",",
            "133",
            ",",
            "140",
            ",",
            "175",
            ",",
            "8",
            ",",
            "51",
            "\u2022",
            "Distance",
            "=",
            "10",
            "+",
            "4",
            "+",
            "23",
            "+",
            "33",
            "+",
            "7",
            "+",
            "35",
            "+",
            "167",
            "+",
            "43",
            "=",
            "322",
            "cylinders",
            "read/write",
            "head",
            "start",
            "73",
            "77",
            "100",
            "133",
            "140",
            "175",
            "8",
            "51",
            "CS",
            "1550",
            "\u2013",
            "Operating",
            "Systems",
            "\u2013",
            "Sherif",
            "Khattab",
            "23"
        ],
        "labels": [
            "B",
            "O",
            "O",
            "O",
            "B",
            "O",
            "O",
            "O",
            "O",
            "O",
            "O",
            "O",
            "O",
            "O",
            "O",
            "O",
            "O",
            "O",
            "O",
            "O",
            "O",
            "O",
            "O",
            "O",
            "O",
            "O",
            "O",
            "O",
            "O",
            "O",
            "O",
            "O",
            "O",
            "O",
            "O",
            "O",
            "O",
            "O",
            "O",
            "O",
            "O",
            "O",
            "O",
            "O",
            "O",
            "O",
            "O",
            "O",
            "O",
            "O",
            "O",
            "O",
            "O",
            "O",
            "O",
            "O",
            "O",
            "O",
            "O",
            "O",
            "O",
            "O",
            "O",
            "O",
            "O",
            "O",
            "O",
            "O",
            "O",
            "O",
            "O",
            "O",
            "O",
            "O",
            "O",
            "O",
            "O",
            "O",
            "O",
            "O",
            "O",
            "O",
            "O",
            "O",
            "O",
            "O",
            "O",
            "O",
            "O",
            "O"
        ]
    },
    {
        "words": [
            "C-LOOK",
            "Example",
            "2",
            "CS/COE",
            "1550",
            "\u2013",
            "Operating",
            "Systems",
            "\u2013",
            "Sherif",
            "Khattab",
            "24"
        ],
        "labels": [
            "B",
            "O",
            "O",
            "O",
            "O",
            "O",
            "O",
            "O",
            "O",
            "O",
            "O",
            "O"
        ]
    },
    {
        "words": [
            "Two-level",
            "directory",
            "system",
            "\u2022",
            "Solves",
            "naming",
            "problem",
            ":",
            "each",
            "user",
            "has",
            "her",
            "own",
            "directory",
            "\u2022",
            "Multiple",
            "users",
            "can",
            "use",
            "the",
            "same",
            "file",
            "name",
            "\u2022",
            "By",
            "default",
            ",",
            "users",
            "access",
            "files",
            "in",
            "their",
            "own",
            "directories",
            "\u2022",
            "Extension",
            ":",
            "allow",
            "users",
            "to",
            "access",
            "files",
            "in",
            "others",
            "\u2019",
            "directories",
            "Root",
            "directory",
            "A",
            "B",
            "C",
            "A",
            "A",
            "B",
            "B",
            "C",
            "C",
            "C",
            "foo",
            "bar",
            "foo",
            "baz",
            "bar",
            "foo",
            "blah",
            "CS/COE",
            "1550",
            "\u2013",
            "Operating",
            "Systems",
            "\u2013",
            "Sherif",
            "Khattab",
            "25"
        ],
        "labels": [
            "B",
            "I",
            "I",
            "O",
            "O",
            "O",
            "O",
            "O",
            "O",
            "O",
            "O",
            "O",
            "O",
            "O",
            "O",
            "O",
            "O",
            "O",
            "O",
            "O",
            "O",
            "O",
            "O",
            "O",
            "O",
            "O",
            "O",
            "O",
            "O",
            "O",
            "O",
            "O",
            "O",
            "O",
            "O",
            "O",
            "O",
            "O",
            "O",
            "O",
            "O",
            "O",
            "O",
            "O",
            "O",
            "O",
            "O",
            "O",
            "O",
            "O",
            "O",
            "O",
            "O",
            "O",
            "O",
            "O",
            "O",
            "O",
            "O",
            "O",
            "O",
            "O",
            "O",
            "O",
            "O",
            "O",
            "O",
            "O",
            "O",
            "O",
            "O",
            "O",
            "O",
            "O"
        ]
    },
    {
        "words": [
            "Hierarchical",
            "directory",
            "system",
            "Root",
            "directory",
            "A",
            "B",
            "C",
            "A",
            "A",
            "A",
            "B",
            "B",
            "C",
            "C",
            "C",
            "Papers",
            "foo",
            "Photos",
            "foo",
            "Papers",
            "bar",
            "foo",
            "blah",
            "A",
            "A",
            "A",
            "B",
            "B",
            "os.tex",
            "sunset",
            "Family",
            "foo.tex",
            "foo.ps",
            "A",
            "A",
            "A",
            "sunset",
            "kids",
            "Mom",
            "CS/COE",
            "1550",
            "\u2013",
            "Operating",
            "Systems",
            "\u2013",
            "Sherif",
            "Khattab",
            "26"
        ],
        "labels": [
            "B",
            "I",
            "I",
            "O",
            "O",
            "O",
            "O",
            "O",
            "O",
            "O",
            "O",
            "O",
            "O",
            "O",
            "O",
            "O",
            "O",
            "O",
            "O",
            "O",
            "O",
            "O",
            "O",
            "O",
            "O",
            "O",
            "O",
            "O",
            "O",
            "O",
            "O",
            "O",
            "O",
            "O",
            "O",
            "O",
            "O",
            "O",
            "O",
            "O",
            "O",
            "O",
            "O",
            "O",
            "O",
            "O",
            "O",
            "O",
            "O"
        ]
    },
    {
        "words": [
            "Unix",
            "directory",
            "tree",
            "CS/COE",
            "1550",
            "\u2013",
            "Operating",
            "Systems",
            "\u2013",
            "Sherif",
            "Khattab",
            "27"
        ],
        "labels": [
            "B",
            "I",
            "I",
            "O",
            "O",
            "O",
            "O",
            "O",
            "O",
            "O",
            "O",
            "O"
        ]
    },
    {
        "words": [
            "Project",
            "4",
            ":",
            "Directory",
            "Traversal",
            "CS/COE",
            "1550",
            "\u2013",
            "Operating",
            "Systems",
            "\u2013",
            "Sherif",
            "Khattab",
            "28"
        ],
        "labels": [
            "O",
            "O",
            "O",
            "B",
            "I",
            "O",
            "O",
            "O",
            "O",
            "O",
            "O",
            "O",
            "O",
            "O"
        ]
    },
    {
        "words": [
            "Project",
            "4",
            "Hint",
            "CS",
            "1550",
            "\u2013",
            "Operating",
            "Systems",
            "\u2013",
            "Sherif",
            "Khattab",
            "29"
        ],
        "labels": [
            "O",
            "O",
            "O",
            "O",
            "O",
            "O",
            "O",
            "O",
            "O",
            "O",
            "O",
            "O"
        ]
    },
    {
        "words": [
            "Sharing",
            "files",
            "Root",
            "directory",
            "A",
            "B",
            "C",
            "A",
            "A",
            "A",
            "B",
            "B",
            "C",
            "C",
            "C",
            "Papers",
            "foo",
            "Photos",
            "foo",
            "Photos",
            "bar",
            "foo",
            "blah",
            "A",
            "A",
            "A",
            "B",
            "os.tex",
            "sunset",
            "Family",
            "lake",
            "A",
            "A",
            "?",
            "sunset",
            "kids",
            "?",
            "?",
            "?",
            "CS",
            "1550",
            "\u2013",
            "Operating",
            "Systems",
            "\u2013",
            "Sherif",
            "Khattab",
            "30"
        ],
        "labels": [
            "B",
            "I",
            "O",
            "O",
            "O",
            "O",
            "O",
            "O",
            "O",
            "O",
            "O",
            "O",
            "O",
            "O",
            "O",
            "O",
            "O",
            "O",
            "O",
            "O",
            "O",
            "O",
            "O",
            "O",
            "O",
            "O",
            "O",
            "O",
            "O",
            "O",
            "O",
            "O",
            "O",
            "O",
            "O",
            "O",
            "O",
            "O",
            "O",
            "O",
            "O",
            "O",
            "O",
            "O",
            "O",
            "O",
            "O",
            "O"
        ]
    },
    {
        "words": [
            "Solution",
            ":",
            "use",
            "links",
            "\u2022",
            "A",
            "creates",
            "a",
            "file",
            ",",
            "and",
            "inserts",
            "into",
            "her",
            "directory",
            "\u2022",
            "B",
            "shares",
            "the",
            "file",
            "by",
            "creating",
            "a",
            "link",
            "to",
            "it",
            "\u2022",
            "A",
            "unlinks",
            "the",
            "file",
            "\u2022",
            "B",
            "still",
            "links",
            "to",
            "the",
            "file",
            "\u2022",
            "Owner",
            "is",
            "still",
            "A",
            "(",
            "unless",
            "B",
            "explicitly",
            "changes",
            "it",
            ")",
            "A",
            "A",
            "B",
            "B",
            "b.tex",
            "b.tex",
            "a.tex",
            "a.tex",
            "Owner",
            ":",
            "A",
            "Owner",
            ":",
            "A",
            "Owner",
            ":",
            "A",
            "Count",
            ":",
            "1",
            "Count",
            ":",
            "2",
            "Count",
            ":",
            "1",
            "CS",
            "1550",
            "\u2013",
            "Operating",
            "Systems",
            "\u2013",
            "Sherif",
            "Khattab",
            "31"
        ],
        "labels": [
            "B",
            "I",
            "I",
            "I",
            "O",
            "O",
            "O",
            "O",
            "O",
            "O",
            "O",
            "O",
            "O",
            "O",
            "O",
            "O",
            "O",
            "O",
            "O",
            "O",
            "O",
            "O",
            "O",
            "O",
            "O",
            "O",
            "O",
            "O",
            "O",
            "O",
            "O",
            "O",
            "O",
            "O",
            "O",
            "O",
            "O",
            "O",
            "O",
            "O",
            "O",
            "O",
            "O",
            "O",
            "O",
            "O",
            "O",
            "O",
            "O",
            "O",
            "O",
            "O",
            "O",
            "O",
            "O",
            "O",
            "O",
            "O",
            "O",
            "O",
            "O",
            "O",
            "O",
            "O",
            "O",
            "O",
            "O",
            "O",
            "O",
            "O",
            "O",
            "O",
            "O",
            "O",
            "O",
            "O",
            "O",
            "O",
            "O",
            "O",
            "O",
            "O",
            "O",
            "O",
            "O"
        ]
    }
]