[
    {
        "words": [
            "Introduction",
            "to",
            "Operating",
            "Systems",
            "CS",
            "1550",
            "Spring",
            "2022",
            "Sherif",
            "Khattab",
            "ksm73",
            "@",
            "pitt.edu",
            "(",
            "Some",
            "slides",
            "are",
            "from",
            "Silberschatz",
            ",",
            "Galvin",
            "and",
            "Gagne",
            "\u00a92013",
            ")"
        ],
        "labels": [
            "O",
            "O",
            "O",
            "O",
            "O",
            "O",
            "O",
            "O",
            "O",
            "O",
            "O",
            "O",
            "O",
            "O",
            "O",
            "O",
            "O",
            "O",
            "O",
            "O",
            "O",
            "O",
            "O",
            "O",
            "O"
        ]
    },
    {
        "words": [
            "Announcements",
            "\u2022",
            "Upcoming",
            "deadlines",
            ":",
            "\u2022",
            "Homework",
            "10",
            ":",
            "due",
            "on",
            "4/11",
            "\u2022",
            "Project",
            "3",
            ":",
            "due",
            "on",
            "4/11",
            "\u2022",
            "Lab",
            "4",
            ":",
            "due",
            "on",
            "4/15",
            "CS",
            "1550",
            "\u2013",
            "Operating",
            "Systems",
            "\u2013",
            "Sherif",
            "Khattab",
            "2"
        ],
        "labels": [
            "O",
            "O",
            "O",
            "O",
            "O",
            "O",
            "O",
            "O",
            "O",
            "O",
            "O",
            "O",
            "O",
            "O",
            "O",
            "O",
            "O",
            "O",
            "O",
            "O",
            "O",
            "O",
            "O",
            "O",
            "O",
            "O",
            "O",
            "O",
            "O",
            "O",
            "O",
            "O",
            "O",
            "O",
            "O"
        ]
    },
    {
        "words": [
            "Previous",
            "Lecture",
            "\u2026",
            "\u2022",
            "Indexed",
            "Allocation",
            "\u2022",
            "Directory",
            "contents",
            "\u2022",
            "Free",
            "block",
            "tracking",
            "\u2022",
            "bitmap",
            "\u2022",
            "linked",
            "list",
            "of",
            "free",
            "blocks",
            "CS",
            "1550",
            "\u2013",
            "Operating",
            "Systems",
            "\u2013",
            "Sherif",
            "Khattab",
            "3"
        ],
        "labels": [
            "O",
            "O",
            "O",
            "O",
            "O",
            "O",
            "O",
            "O",
            "O",
            "O",
            "O",
            "O",
            "O",
            "O",
            "O",
            "O",
            "O",
            "O",
            "O",
            "O",
            "O",
            "O",
            "O",
            "O",
            "O",
            "O",
            "O",
            "O",
            "O",
            "O"
        ]
    },
    {
        "words": [
            "Muddiest",
            "Points",
            "(",
            "1/3",
            ")",
            "\u2022",
            "Bitmapping",
            "for",
            "free",
            "blocks",
            "\u2022",
            "It",
            "seems",
            "that",
            "directories",
            "have",
            "a",
            "limit",
            "to",
            "the",
            "number",
            "of",
            "files",
            "/",
            "subdirectories",
            "they",
            "contain",
            "based",
            "on",
            "the",
            "size",
            "of",
            "a",
            "disk",
            "block",
            ".",
            "Is",
            "/",
            "how",
            "is",
            "this",
            "limit",
            "overcome",
            "?",
            "\u2022",
            "Everything",
            "\u2022",
            "are",
            "the",
            "index",
            "nodes",
            "for",
            "the",
            "directories",
            "stored",
            "on",
            "the",
            "heap",
            "?",
            "is",
            "this",
            "different",
            "than",
            "the",
            "index",
            "nodes",
            "from",
            "the",
            "file",
            "allocation",
            "table",
            "?",
            "\u2022",
            "Variable",
            "sized",
            "file",
            "name",
            "structures",
            "\u2019",
            "pros",
            "and",
            "cons",
            "\u2022",
            "what",
            "exactly",
            "is",
            "an",
            "i-node",
            "and",
            "where",
            "is",
            "it",
            "stored",
            "?",
            "\u2022",
            "Might",
            "need",
            "some",
            "recap",
            "on",
            "inode",
            ".",
            "So",
            "inode",
            "contains",
            "information",
            "for",
            "a",
            "specific",
            "file",
            "and",
            "block",
            "index",
            "is",
            "a",
            "block",
            "storing",
            "only",
            "the",
            "addresses",
            "of",
            "all",
            "the",
            "file",
            "block",
            "?",
            "CS",
            "1550",
            "\u2013",
            "Operating",
            "Systems",
            "\u2013",
            "Sherif",
            "Khattab",
            "4"
        ],
        "labels": [
            "O",
            "O",
            "O",
            "O",
            "O",
            "O",
            "O",
            "O",
            "O",
            "O",
            "O",
            "O",
            "O",
            "O",
            "O",
            "O",
            "O",
            "O",
            "O",
            "O",
            "O",
            "O",
            "O",
            "O",
            "O",
            "O",
            "O",
            "O",
            "O",
            "O",
            "O",
            "O",
            "O",
            "B",
            "I",
            "O",
            "O",
            "O",
            "O",
            "O",
            "O",
            "O",
            "O",
            "O",
            "O",
            "O",
            "O",
            "O",
            "O",
            "O",
            "O",
            "O",
            "O",
            "O",
            "O",
            "O",
            "O",
            "O",
            "O",
            "O",
            "O",
            "O",
            "O",
            "O",
            "O",
            "O",
            "O",
            "O",
            "B",
            "I",
            "I",
            "O",
            "O",
            "O",
            "O",
            "O",
            "O",
            "O",
            "O",
            "O",
            "O",
            "O",
            "O",
            "O",
            "O",
            "O",
            "O",
            "O",
            "O",
            "O",
            "O",
            "O",
            "O",
            "O",
            "O",
            "O",
            "O",
            "O",
            "O",
            "O",
            "B",
            "O",
            "O",
            "B",
            "O",
            "O",
            "O",
            "O",
            "O",
            "O",
            "O",
            "O",
            "O",
            "O",
            "O",
            "O",
            "O",
            "O",
            "O",
            "O",
            "O",
            "O",
            "O",
            "O",
            "O",
            "O",
            "O",
            "O",
            "O",
            "O",
            "O",
            "O",
            "O",
            "O",
            "O"
        ]
    },
    {
        "words": [
            "Muddiest",
            "Points",
            "(",
            "2/3",
            ")",
            "\u2022",
            "a",
            "little",
            "confused",
            "about",
            "Fast",
            "File",
            "System",
            "indexing",
            "\u2022",
            "For",
            "FFS",
            ",",
            "all",
            "the",
            "files",
            "will",
            "be",
            "kept",
            "in",
            "one",
            "directoriy",
            "(",
            "or",
            "many",
            "directories",
            "?",
            ")",
            "and",
            "then",
            "we",
            "adopt",
            "the",
            "direct",
            "pointers",
            "or",
            "one-level",
            "or",
            "multi-level",
            "pointers",
            "to",
            "point",
            "to",
            "their",
            "data",
            "based",
            "on",
            "their",
            "size",
            "?",
            "\u2022",
            "Typically",
            "one",
            "directory",
            "per",
            "index",
            "block",
            "?",
            "What",
            "about",
            "a",
            "subdirectory",
            "in",
            "a",
            "parent",
            "directory",
            "?",
            "Would",
            "there",
            "be",
            "another",
            "block",
            "index",
            "(",
            "for",
            "the",
            "subdirectory",
            ")",
            "stored",
            "in",
            "the",
            "parent",
            "directory",
            "?",
            "\u2022",
            "Can",
            "you",
            "explain",
            "why",
            "smaller",
            "page",
            "size",
            "leads",
            "to",
            "more",
            "page",
            "fault",
            "?",
            "\u2022",
            "Linked",
            "allocation",
            "versus",
            "contiguous",
            "and",
            "when",
            "is",
            "it",
            "optimal",
            "to",
            "use",
            "linked",
            "CS",
            "1550",
            "\u2013",
            "Operating",
            "Systems",
            "\u2013",
            "Sherif",
            "Khattab",
            "5"
        ],
        "labels": [
            "O",
            "O",
            "O",
            "O",
            "O",
            "O",
            "O",
            "O",
            "O",
            "O",
            "O",
            "O",
            "O",
            "O",
            "O",
            "O",
            "O",
            "O",
            "O",
            "O",
            "O",
            "O",
            "O",
            "O",
            "O",
            "O",
            "O",
            "O",
            "O",
            "O",
            "O",
            "O",
            "O",
            "O",
            "O",
            "O",
            "O",
            "O",
            "O",
            "O",
            "O",
            "O",
            "O",
            "O",
            "O",
            "O",
            "O",
            "O",
            "O",
            "O",
            "O",
            "O",
            "O",
            "O",
            "O",
            "O",
            "O",
            "O",
            "O",
            "O",
            "O",
            "O",
            "O",
            "O",
            "O",
            "O",
            "O",
            "O",
            "O",
            "O",
            "O",
            "O",
            "O",
            "O",
            "O",
            "O",
            "O",
            "O",
            "O",
            "O",
            "O",
            "O",
            "O",
            "O",
            "O",
            "O",
            "O",
            "O",
            "O",
            "O",
            "O",
            "O",
            "O",
            "O",
            "O",
            "O",
            "O",
            "O",
            "O",
            "O",
            "B",
            "I",
            "O",
            "O",
            "O",
            "O",
            "O",
            "O",
            "O",
            "O",
            "O",
            "O",
            "O",
            "O",
            "O",
            "O",
            "O",
            "O",
            "O",
            "O",
            "O",
            "O",
            "O",
            "O",
            "O"
        ]
    },
    {
        "words": [
            "Muddiest",
            "Points",
            "(",
            "3/3",
            ")",
            "\u2022",
            "how",
            "do",
            "we",
            "do",
            "midterm",
            "corrections",
            "\u2022",
            "Top",
            "hat",
            "question",
            "about",
            "partition",
            "\u2022",
            "Still",
            "a",
            "but",
            "confused",
            "on",
            "indexing",
            "for",
            "the",
            "Page",
            "Table",
            "Allocation",
            "\u2022",
            "structure",
            "of",
            "a",
            "disk",
            "section",
            "CS",
            "1550",
            "\u2013",
            "Operating",
            "Systems",
            "\u2013",
            "Sherif",
            "Khattab",
            "6"
        ],
        "labels": [
            "O",
            "O",
            "O",
            "O",
            "O",
            "O",
            "O",
            "O",
            "O",
            "O",
            "O",
            "O",
            "O",
            "O",
            "O",
            "O",
            "O",
            "O",
            "O",
            "O",
            "O",
            "O",
            "O",
            "O",
            "O",
            "O",
            "O",
            "O",
            "O",
            "O",
            "O",
            "O",
            "O",
            "O",
            "O",
            "O",
            "O",
            "O",
            "O",
            "O",
            "O",
            "O",
            "O",
            "O",
            "O"
        ]
    },
    {
        "words": [
            "Problem",
            "of",
            "the",
            "Day",
            "\u2013",
            "Part",
            "1",
            "\u2022",
            "How",
            "does",
            "a",
            "file",
            "system",
            "handle",
            "errors",
            "?",
            "\u2022",
            "Answer",
            ":",
            "Defense",
            "in",
            "Depth",
            "\u2022",
            "multiple",
            "layers",
            "of",
            "error",
            "detection/correction",
            "CS",
            "1550",
            "\u2013",
            "Operating",
            "Systems",
            "\u2013",
            "Sherif",
            "Khattab",
            "7"
        ],
        "labels": [
            "O",
            "O",
            "O",
            "O",
            "O",
            "O",
            "O",
            "O",
            "O",
            "O",
            "O",
            "O",
            "O",
            "O",
            "O",
            "O",
            "O",
            "O",
            "O",
            "O",
            "O",
            "O",
            "O",
            "O",
            "O",
            "O",
            "O",
            "O",
            "O",
            "O",
            "O",
            "O",
            "O",
            "O",
            "O",
            "O",
            "O"
        ]
    },
    {
        "words": [
            "Software",
            "Stack",
            "CS",
            "1550",
            "\u2013",
            "Operating",
            "Systems",
            "\u2013",
            "Sherif",
            "Khattab",
            "8"
        ],
        "labels": [
            "O",
            "O",
            "O",
            "O",
            "O",
            "O",
            "O",
            "O",
            "O",
            "O",
            "O"
        ]
    },
    {
        "words": [
            "Device",
            "drivers",
            "\u2022",
            "Device",
            "drivers",
            "go",
            "between",
            "device",
            "controllers",
            "and",
            "rest",
            "of",
            "User",
            "User",
            "OS",
            "space",
            "program",
            "\u2022",
            "Drivers",
            "standardize",
            "interface",
            "Kernel",
            "to",
            "widely",
            "varied",
            "devices",
            "space",
            "\u2022",
            "Device",
            "drivers",
            "communicate",
            "Rest",
            "of",
            "the",
            "OS",
            "with",
            "controllers",
            "over",
            "bus",
            "Keyboard",
            "Disk",
            "\u2022",
            "Controllers",
            "communicate",
            "with",
            "driver",
            "driver",
            "devices",
            "themselves",
            "Keyboard",
            "Disk",
            "controller",
            "controller",
            "CS",
            "1550",
            "\u2013",
            "Operating",
            "Systems",
            "\u2013",
            "Sherif",
            "Khattab",
            "9"
        ],
        "labels": [
            "O",
            "O",
            "O",
            "O",
            "O",
            "O",
            "O",
            "O",
            "O",
            "O",
            "O",
            "O",
            "O",
            "O",
            "O",
            "O",
            "O",
            "O",
            "O",
            "O",
            "O",
            "O",
            "O",
            "O",
            "O",
            "O",
            "O",
            "O",
            "O",
            "O",
            "O",
            "O",
            "O",
            "O",
            "O",
            "O",
            "O",
            "O",
            "O",
            "O",
            "O",
            "O",
            "O",
            "O",
            "O",
            "O",
            "O",
            "O",
            "O",
            "O",
            "O",
            "O",
            "O",
            "O",
            "O",
            "O",
            "O",
            "O",
            "O",
            "O",
            "O",
            "O"
        ]
    },
    {
        "words": [
            "Layers",
            "of",
            "I/O",
            "software",
            "User-level",
            "I/O",
            "software",
            "&",
            "libraries",
            "User",
            "Device-independent",
            "OS",
            "software",
            "Operating",
            "Device",
            "drivers",
            "system",
            "(",
            "kernel",
            ")",
            "Interrupt",
            "handlers",
            "Hardware",
            "CS",
            "1550",
            "\u2013",
            "Operating",
            "Systems",
            "\u2013",
            "Sherif",
            "Khattab",
            "10"
        ],
        "labels": [
            "O",
            "O",
            "O",
            "O",
            "O",
            "O",
            "O",
            "O",
            "O",
            "O",
            "O",
            "O",
            "O",
            "O",
            "O",
            "O",
            "O",
            "O",
            "O",
            "O",
            "O",
            "O",
            "O",
            "O",
            "O",
            "O",
            "O",
            "O",
            "O",
            "O",
            "O",
            "O"
        ]
    },
    {
        "words": [
            "Anatomy",
            "of",
            "an",
            "I/O",
            "request",
            "CS",
            "1550",
            "\u2013",
            "Operating",
            "Systems",
            "\u2013",
            "Sherif",
            "Khattab",
            "11"
        ],
        "labels": [
            "O",
            "O",
            "O",
            "O",
            "O",
            "O",
            "O",
            "O",
            "O",
            "O",
            "O",
            "O",
            "O",
            "O"
        ]
    },
    {
        "words": [
            "Device",
            "Driver",
            "goals",
            "\u2022",
            "Device",
            "independence",
            "\u2022",
            "Programs",
            "can",
            "access",
            "any",
            "I/O",
            "device",
            "\u2022",
            "No",
            "need",
            "to",
            "specify",
            "device",
            "in",
            "advance",
            "\u2022",
            "Uniform",
            "naming",
            "\u2022",
            "Name",
            "of",
            "a",
            "file",
            "or",
            "device",
            "is",
            "a",
            "string",
            "or",
            "an",
            "integer",
            "\u2022",
            "Doesn",
            "\u2019",
            "t",
            "depend",
            "on",
            "the",
            "machine",
            "(",
            "underlying",
            "hardware",
            ")",
            "\u2022",
            "Error",
            "handling",
            "\u2022",
            "Done",
            "as",
            "close",
            "to",
            "the",
            "hardware",
            "as",
            "possible",
            "\u2022",
            "Isolate",
            "from",
            "higher-level",
            "software",
            "\u2022",
            "Synchronous",
            "vs.",
            "asynchronous",
            "transfers",
            "\u2022",
            "Blocked",
            "transfers",
            "vs.",
            "interrupt-driven",
            "\u2022",
            "Buffering",
            "\u2022",
            "Data",
            "coming",
            "off",
            "a",
            "device",
            "can",
            "not",
            "be",
            "stored",
            "in",
            "final",
            "destination",
            "\u2022",
            "Sharable",
            "vs.",
            "dedicated",
            "devices",
            "CS",
            "1550",
            "\u2013",
            "Operating",
            "Systems",
            "\u2013",
            "Sherif",
            "Khattab",
            "12"
        ],
        "labels": [
            "O",
            "O",
            "O",
            "O",
            "O",
            "O",
            "O",
            "O",
            "O",
            "O",
            "O",
            "O",
            "O",
            "O",
            "O",
            "O",
            "O",
            "O",
            "O",
            "O",
            "O",
            "O",
            "O",
            "O",
            "O",
            "O",
            "O",
            "O",
            "O",
            "O",
            "O",
            "O",
            "O",
            "O",
            "O",
            "O",
            "O",
            "O",
            "O",
            "O",
            "O",
            "O",
            "O",
            "O",
            "O",
            "O",
            "O",
            "O",
            "O",
            "O",
            "O",
            "O",
            "O",
            "O",
            "O",
            "O",
            "O",
            "O",
            "O",
            "O",
            "O",
            "O",
            "O",
            "O",
            "O",
            "O",
            "O",
            "O",
            "O",
            "O",
            "O",
            "O",
            "O",
            "O",
            "O",
            "O",
            "O",
            "O",
            "O",
            "O",
            "O",
            "O",
            "O",
            "O",
            "O",
            "O",
            "O",
            "O",
            "O",
            "O",
            "O",
            "O",
            "O",
            "O",
            "O",
            "O",
            "O",
            "O",
            "O",
            "O",
            "O",
            "O",
            "O",
            "O",
            "O"
        ]
    },
    {
        "words": [
            "Disk",
            "drive",
            "structure",
            "\u2022",
            "Data",
            "stored",
            "on",
            "surfaces",
            "\u2022",
            "Up",
            "to",
            "two",
            "surfaces",
            "per",
            "platter",
            "head",
            "\u2022",
            "One",
            "or",
            "more",
            "platters",
            "per",
            "disk",
            "sector",
            "\u2022",
            "Data",
            "in",
            "concentric",
            "tracks",
            "\u2022",
            "Tracks",
            "broken",
            "into",
            "sectors",
            "platter",
            "\u2022",
            "256B-1KB",
            "per",
            "sector",
            "track",
            "\u2022",
            "Cylinder",
            ":",
            "corresponding",
            "tracks",
            "cylinder",
            "on",
            "all",
            "surfaces",
            "\u2022",
            "Data",
            "read",
            "and",
            "written",
            "by",
            "surfaces",
            "heads",
            "\u2022",
            "Actuator",
            "moves",
            "heads",
            "spindle",
            "actuator",
            "\u2022",
            "Heads",
            "move",
            "in",
            "unison",
            "CS",
            "1550",
            "\u2013",
            "Operating",
            "Systems",
            "\u2013",
            "Sherif",
            "Khattab",
            "13"
        ],
        "labels": [
            "O",
            "O",
            "O",
            "O",
            "O",
            "O",
            "O",
            "O",
            "O",
            "O",
            "O",
            "O",
            "O",
            "O",
            "O",
            "O",
            "O",
            "O",
            "O",
            "O",
            "O",
            "O",
            "B",
            "I",
            "O",
            "O",
            "O",
            "O",
            "O",
            "O",
            "O",
            "O",
            "O",
            "O",
            "O",
            "O",
            "O",
            "O",
            "O",
            "O",
            "O",
            "O",
            "O",
            "O",
            "O",
            "O",
            "O",
            "O",
            "O",
            "O",
            "O",
            "O",
            "O",
            "O",
            "O",
            "O",
            "O",
            "O",
            "O",
            "O",
            "O",
            "O",
            "O",
            "O",
            "O",
            "O",
            "O",
            "O",
            "O",
            "O",
            "O",
            "O",
            "O",
            "O",
            "O",
            "O",
            "O"
        ]
    },
    {
        "words": [
            "Disks",
            ",",
            "cylinders",
            ",",
            "cylinder",
            "groups",
            "CS",
            "1550",
            "\u2013",
            "Operating",
            "Systems",
            "\u2013",
            "Sherif",
            "Khattab",
            "14"
        ],
        "labels": [
            "O",
            "O",
            "B",
            "O",
            "O",
            "O",
            "O",
            "O",
            "O",
            "O",
            "O",
            "O",
            "O",
            "O",
            "O"
        ]
    },
    {
        "words": [
            "Disk",
            "Sector",
            "CS",
            "1550",
            "\u2013",
            "Operating",
            "Systems",
            "\u2013",
            "Sherif",
            "Khattab",
            "15"
        ],
        "labels": [
            "O",
            "O",
            "O",
            "O",
            "O",
            "O",
            "O",
            "O",
            "O",
            "O",
            "O"
        ]
    },
    {
        "words": [
            "What",
            "\u2019",
            "s",
            "in",
            "a",
            "disk",
            "request",
            "?",
            "\u2022",
            "Time",
            "required",
            "to",
            "read",
            "or",
            "write",
            "a",
            "disk",
            "block",
            "determined",
            "by",
            "3",
            "factors",
            "\u2022",
            "Seek",
            "time",
            "\u2022",
            "Rotational",
            "delay",
            "\u2022",
            "Average",
            "delay",
            "=",
            "1/2",
            "rotation",
            "time",
            "\u2022",
            "Example",
            ":",
            "rotate",
            "in",
            "10ms",
            ",",
            "average",
            "rotation",
            "delay",
            "=",
            "5ms",
            "\u2022",
            "Actual",
            "transfer",
            "time",
            "\u2022",
            "Transfer",
            "time",
            "=",
            "time",
            "to",
            "rotate",
            "over",
            "sector",
            "\u2022",
            "Example",
            ":",
            "rotate",
            "in",
            "10ms",
            ",",
            "200",
            "sectors/track",
            "=",
            ">",
            "10/200",
            "ms",
            "=",
            "0.05ms",
            "transfer",
            "time",
            "per",
            "sector",
            "\u2022",
            "Seek",
            "time",
            "dominates",
            ",",
            "with",
            "rotation",
            "time",
            "close",
            "\u2022",
            "Error",
            "checking",
            "is",
            "done",
            "by",
            "controllers",
            "CS",
            "1550",
            "\u2013",
            "Operating",
            "Systems",
            "\u2013",
            "Sherif",
            "Khattab",
            "16"
        ],
        "labels": [
            "O",
            "O",
            "O",
            "O",
            "O",
            "O",
            "O",
            "O",
            "O",
            "O",
            "O",
            "O",
            "O",
            "O",
            "O",
            "O",
            "B",
            "I",
            "O",
            "O",
            "O",
            "O",
            "O",
            "O",
            "O",
            "O",
            "O",
            "O",
            "O",
            "O",
            "O",
            "O",
            "O",
            "B",
            "I",
            "O",
            "O",
            "O",
            "O",
            "O",
            "O",
            "O",
            "O",
            "O",
            "O",
            "O",
            "O",
            "O",
            "O",
            "O",
            "O",
            "O",
            "O",
            "O",
            "O",
            "O",
            "O",
            "O",
            "O",
            "O",
            "O",
            "O",
            "O",
            "O",
            "O",
            "O",
            "O",
            "O",
            "O",
            "O",
            "O",
            "O",
            "O",
            "O",
            "O",
            "O",
            "O",
            "O",
            "O",
            "O",
            "O",
            "O",
            "O",
            "O",
            "O",
            "B",
            "I",
            "O",
            "O",
            "O",
            "O",
            "O",
            "O",
            "O",
            "O",
            "O",
            "O",
            "O",
            "O",
            "O",
            "O",
            "O",
            "O",
            "O"
        ]
    },
    {
        "words": [
            "Disk",
            "drive",
            "specifics",
            "IBM",
            "360KB",
            "floppy",
            "WD",
            "18GB",
            "HD",
            "Cylinders",
            "40",
            "10601",
            "Tracks",
            "per",
            "cylinder",
            "2",
            "12",
            "Sectors",
            "per",
            "track",
            "9",
            "281",
            "(",
            "average",
            ")",
            "Sectors",
            "per",
            "disk",
            "720",
            "35742000",
            "Bytes",
            "per",
            "sector",
            "512",
            "512",
            "Capacity",
            "360",
            "KB",
            "18.3",
            "GB",
            "Seek",
            "time",
            "(",
            "minimum",
            ")",
            "6",
            "ms",
            "0.8",
            "ms",
            "Seek",
            "time",
            "(",
            "average",
            ")",
            "77",
            "ms",
            "6.9",
            "ms",
            "Rotation",
            "time",
            "200",
            "ms",
            "8.33",
            "ms",
            "Spinup",
            "time",
            "250",
            "ms",
            "20",
            "sec",
            "Sector",
            "transfer",
            "time",
            "22",
            "ms",
            "17",
            "msec",
            "CS",
            "1550",
            "\u2013",
            "Operating",
            "Systems",
            "\u2013",
            "Sherif",
            "Khattab",
            "17"
        ],
        "labels": [
            "O",
            "O",
            "O",
            "O",
            "O",
            "O",
            "O",
            "O",
            "O",
            "O",
            "O",
            "O",
            "O",
            "O",
            "O",
            "O",
            "O",
            "O",
            "O",
            "O",
            "O",
            "O",
            "O",
            "O",
            "O",
            "O",
            "O",
            "O",
            "O",
            "O",
            "O",
            "O",
            "O",
            "O",
            "O",
            "O",
            "O",
            "O",
            "O",
            "O",
            "O",
            "O",
            "O",
            "O",
            "O",
            "O",
            "O",
            "O",
            "O",
            "O",
            "O",
            "O",
            "O",
            "O",
            "O",
            "O",
            "O",
            "O",
            "O",
            "O",
            "O",
            "O",
            "O",
            "O",
            "O",
            "O",
            "O",
            "O",
            "O",
            "O",
            "O",
            "O",
            "O",
            "O",
            "O",
            "O",
            "O",
            "O",
            "O",
            "O",
            "O",
            "O",
            "O",
            "O",
            "O",
            "O"
        ]
    },
    {
        "words": [
            "Structure",
            "of",
            "a",
            "disk",
            "sector",
            "\u2022",
            "Preamble",
            "contains",
            "information",
            "about",
            "the",
            "sector",
            "\u2022",
            "Sector",
            "number",
            "&",
            "location",
            "information",
            "\u2022",
            "Data",
            "is",
            "usually",
            "256",
            ",",
            "512",
            ",",
            "or",
            "1024",
            "bytes",
            "\u2022",
            "ECC",
            "(",
            "Error",
            "Correcting",
            "Code",
            ")",
            "is",
            "used",
            "to",
            "detect",
            "&",
            "correct",
            "minor",
            "errors",
            "in",
            "the",
            "data",
            "Preamble",
            "Data",
            "ECC",
            "CS",
            "1550",
            "\u2013",
            "Operating",
            "Systems",
            "\u2013",
            "Sherif",
            "Khattab",
            "18"
        ],
        "labels": [
            "O",
            "O",
            "O",
            "B",
            "I",
            "O",
            "O",
            "O",
            "O",
            "O",
            "O",
            "O",
            "O",
            "O",
            "O",
            "O",
            "O",
            "O",
            "O",
            "O",
            "O",
            "O",
            "O",
            "O",
            "O",
            "O",
            "O",
            "O",
            "O",
            "O",
            "B",
            "O",
            "B",
            "I",
            "I",
            "O",
            "O",
            "O",
            "O",
            "O",
            "O",
            "O",
            "O",
            "O",
            "O",
            "O",
            "O",
            "O",
            "O",
            "B",
            "O",
            "O",
            "O",
            "O",
            "O",
            "O",
            "O",
            "O",
            "O"
        ]
    },
    {
        "words": [
            "Parity",
            "Examples",
            "CS",
            "1550",
            "\u2013",
            "Operating",
            "Systems",
            "\u2013",
            "Sherif",
            "Khattab",
            "19"
        ],
        "labels": [
            "O",
            "O",
            "O",
            "O",
            "O",
            "O",
            "O",
            "O",
            "O",
            "O",
            "O"
        ]
    },
    {
        "words": [
            "1-d",
            "parity",
            "CS",
            "1550",
            "\u2013",
            "Operating",
            "Systems",
            "\u2013",
            "Sherif",
            "Khattab",
            "20"
        ],
        "labels": [
            "B",
            "B",
            "O",
            "O",
            "O",
            "O",
            "O",
            "O",
            "O",
            "O",
            "O"
        ]
    },
    {
        "words": [
            "2-d",
            "parity",
            "CS",
            "1550",
            "\u2013",
            "Operating",
            "Systems",
            "\u2013",
            "Sherif",
            "Khattab",
            "21"
        ],
        "labels": [
            "B",
            "B",
            "O",
            "O",
            "O",
            "O",
            "O",
            "O",
            "O",
            "O",
            "O"
        ]
    },
    {
        "words": [
            "When",
            "good",
            "disks",
            "go",
            "bad\u2026",
            "Disks",
            "have",
            "defects",
            "In",
            "3M+",
            "sectors",
            ",",
            "this",
            "isn",
            "\u2019",
            "t",
            "surprising",
            "!",
            "ECC",
            "helps",
            "with",
            "errors",
            ",",
            "but",
            "sometimes",
            "this",
            "isn",
            "\u2019",
            "t",
            "enough",
            "Disks",
            "keep",
            "spare",
            "sectors",
            "(",
            "normally",
            "unused",
            ")",
            "and",
            "remap",
            "bad",
            "sectors",
            "into",
            "these",
            "spares",
            "If",
            "there",
            "\u2019",
            "s",
            "time",
            ",",
            "the",
            "whole",
            "track",
            "could",
            "be",
            "reordered\u2026",
            "CS",
            "1550",
            "\u2013",
            "Operating",
            "Systems",
            "\u2013",
            "Sherif",
            "Khattab",
            "22"
        ],
        "labels": [
            "O",
            "O",
            "O",
            "O",
            "O",
            "O",
            "O",
            "O",
            "O",
            "O",
            "O",
            "O",
            "O",
            "O",
            "O",
            "O",
            "O",
            "O",
            "B",
            "O",
            "O",
            "O",
            "O",
            "O",
            "O",
            "O",
            "O",
            "O",
            "O",
            "O",
            "O",
            "O",
            "O",
            "O",
            "O",
            "O",
            "O",
            "O",
            "O",
            "O",
            "O",
            "O",
            "O",
            "O",
            "O",
            "O",
            "O",
            "O",
            "O",
            "O",
            "O",
            "O",
            "O",
            "O",
            "O",
            "O",
            "O",
            "O",
            "O",
            "O",
            "O",
            "O",
            "O",
            "O",
            "O",
            "O"
        ]
    },
    {
        "words": [
            "RAIDs",
            ",",
            "RAIDs",
            ",",
            "and",
            "more",
            "RAIDs",
            "Stripe",
            "strip",
            "strip",
            "RAID",
            "0",
            "(",
            "Redundant",
            "Array",
            "of",
            "Inexpensive",
            "Disks",
            "RAID",
            "1",
            "(",
            "Mirrored",
            "copies",
            ")",
            "RAID",
            "4",
            "(",
            "Striped",
            "with",
            "parity",
            ")",
            "RAID",
            "5",
            "(",
            "Parity",
            "rotates",
            "through",
            "disks",
            ")",
            "CS",
            "1550",
            "\u2013",
            "Operating",
            "Systems",
            "\u2013",
            "Sherif",
            "Khattab",
            "23"
        ],
        "labels": [
            "O",
            "O",
            "O",
            "O",
            "O",
            "O",
            "O",
            "O",
            "O",
            "O",
            "B",
            "I",
            "O",
            "B",
            "I",
            "I",
            "I",
            "I",
            "B",
            "I",
            "O",
            "O",
            "O",
            "O",
            "B",
            "I",
            "O",
            "O",
            "O",
            "B",
            "O",
            "B",
            "I",
            "O",
            "O",
            "O",
            "O",
            "O",
            "O",
            "O",
            "O",
            "O",
            "O",
            "O",
            "O",
            "O",
            "O",
            "O"
        ]
    }
]