[
    {
        "words": [
            "Introduction",
            "to",
            "Operating",
            "Systems",
            "CS",
            "1550",
            "Spring",
            "2022",
            "Sherif",
            "Khattab",
            "ksm73",
            "@",
            "pitt.edu",
            "(",
            "Some",
            "slides",
            "are",
            "from",
            "Silberschatz",
            ",",
            "Galvin",
            "and",
            "Gagne",
            "\u00a92013",
            ")"
        ],
        "labels": [
            "O",
            "O",
            "O",
            "O",
            "O",
            "O",
            "O",
            "O",
            "O",
            "O",
            "O",
            "O",
            "O",
            "O",
            "O",
            "O",
            "O",
            "O",
            "O",
            "O",
            "O",
            "O",
            "O",
            "O",
            "O"
        ]
    },
    {
        "words": [
            "Announcements",
            "\u2022",
            "Upcoming",
            "deadlines",
            ":",
            "\u2022",
            "Project",
            "2",
            ":",
            "due",
            "on",
            "3/18",
            "\u2022",
            "Homework",
            "8",
            ":",
            "due",
            "on",
            "3/21",
            "\u2022",
            "Quiz",
            "2",
            ":",
            "due",
            "on",
            "3/25",
            "\u2022",
            "Lab",
            "3",
            ":",
            "due",
            "on",
            "4/1",
            "CS",
            "1550",
            "\u2013",
            "Operating",
            "Systems",
            "\u2013",
            "Sherif",
            "Khattab",
            "2"
        ],
        "labels": [
            "O",
            "O",
            "O",
            "O",
            "O",
            "O",
            "O",
            "O",
            "O",
            "O",
            "O",
            "O",
            "O",
            "O",
            "O",
            "O",
            "O",
            "O",
            "O",
            "O",
            "O",
            "O",
            "O",
            "O",
            "O",
            "O",
            "O",
            "O",
            "O",
            "O",
            "O",
            "O",
            "O",
            "O",
            "O",
            "O",
            "O",
            "O",
            "O",
            "O",
            "O",
            "O"
        ]
    },
    {
        "words": [
            "Previous",
            "Lecture",
            "\u2026",
            "\u2022",
            "Memory",
            "allocation",
            "and",
            "protection",
            "(",
            "Take",
            "II",
            ")",
            "\u2022",
            "Virtual",
            "memory",
            "\u2022",
            "Fixed-size",
            "pages",
            ",",
            "on-demand",
            ",",
            "appear",
            "as",
            "if",
            "having",
            "more",
            "memory",
            "that",
            "physically",
            "in",
            "the",
            "system",
            "CS",
            "1550",
            "\u2013",
            "Operating",
            "Systems",
            "\u2013",
            "Sherif",
            "Khattab",
            "3"
        ],
        "labels": [
            "O",
            "O",
            "O",
            "O",
            "B",
            "I",
            "I",
            "I",
            "O",
            "O",
            "O",
            "O",
            "O",
            "B",
            "I",
            "O",
            "O",
            "O",
            "O",
            "O",
            "O",
            "O",
            "O",
            "O",
            "O",
            "O",
            "O",
            "O",
            "O",
            "O",
            "O",
            "O",
            "O",
            "O",
            "O",
            "O",
            "O",
            "O",
            "O",
            "O",
            "O"
        ]
    },
    {
        "words": [
            "Problem",
            "of",
            "the",
            "Day",
            "\u2022",
            "Page",
            "fault",
            "forces",
            "a",
            "choice",
            "\u2022",
            "No",
            "room",
            "for",
            "new",
            "page",
            "(",
            "steady",
            "state",
            ")",
            "\u2022",
            "A",
            "page",
            "must",
            "be",
            "removed",
            "to",
            "make",
            "room",
            "for",
            "an",
            "incoming",
            "page",
            ".",
            "\u2022",
            "Which",
            "page",
            "to",
            "select",
            "?",
            "\u2022",
            "Victim",
            "page",
            "\u2022",
            "Evicted/purged",
            "CS",
            "1550",
            "\u2013",
            "Operating",
            "Systems",
            "\u2013",
            "Sherif",
            "Khattab",
            "4"
        ],
        "labels": [
            "O",
            "O",
            "O",
            "O",
            "O",
            "B",
            "I",
            "O",
            "O",
            "O",
            "O",
            "O",
            "O",
            "O",
            "O",
            "O",
            "O",
            "O",
            "O",
            "O",
            "O",
            "O",
            "O",
            "O",
            "O",
            "O",
            "O",
            "O",
            "O",
            "O",
            "O",
            "O",
            "O",
            "O",
            "O",
            "O",
            "O",
            "O",
            "O",
            "O",
            "O",
            "O",
            "O",
            "O",
            "O",
            "O",
            "O",
            "O",
            "O",
            "O",
            "O",
            "O",
            "O",
            "O"
        ]
    },
    {
        "words": [
            "Page",
            "replacement",
            "algorithms",
            "\u25fc",
            "How",
            "is",
            "a",
            "page",
            "removed",
            "from",
            "physical",
            "memory",
            "?",
            "\u25fc",
            "If",
            "the",
            "page",
            "is",
            "unmodified",
            ",",
            "simply",
            "overwrite",
            "it",
            ":",
            "a",
            "copy",
            "already",
            "exists",
            "on",
            "disk",
            "\u25fc",
            "If",
            "the",
            "page",
            "has",
            "been",
            "modified",
            ",",
            "it",
            "must",
            "be",
            "written",
            "back",
            "to",
            "disk",
            ":",
            "prefer",
            "unmodified",
            "pages",
            "?",
            "\u25fc",
            "Better",
            "not",
            "to",
            "choose",
            "an",
            "often",
            "used",
            "page",
            "\u25fc",
            "It",
            "\u2019",
            "ll",
            "probably",
            "need",
            "to",
            "be",
            "brought",
            "back",
            "in",
            "soon",
            "CS",
            "1550",
            "\u2013",
            "Operating",
            "Systems",
            "\u2013",
            "Sherif",
            "Khattab",
            "5"
        ],
        "labels": [
            "B",
            "I",
            "I",
            "O",
            "O",
            "O",
            "O",
            "O",
            "O",
            "O",
            "O",
            "O",
            "O",
            "O",
            "O",
            "O",
            "O",
            "O",
            "O",
            "O",
            "O",
            "O",
            "O",
            "O",
            "O",
            "O",
            "O",
            "O",
            "O",
            "O",
            "O",
            "O",
            "O",
            "O",
            "O",
            "O",
            "O",
            "O",
            "O",
            "O",
            "O",
            "O",
            "O",
            "O",
            "O",
            "O",
            "O",
            "O",
            "O",
            "O",
            "O",
            "O",
            "O",
            "O",
            "O",
            "O",
            "O",
            "O",
            "O",
            "O",
            "O",
            "O",
            "O",
            "O",
            "O",
            "O",
            "O",
            "O",
            "O",
            "O",
            "O",
            "O",
            "O",
            "O",
            "O",
            "O",
            "O",
            "O",
            "O",
            "O"
        ]
    },
    {
        "words": [
            "Optimal",
            "page",
            "replacement",
            "algorithm",
            "\u25fc",
            "What",
            "\u2019",
            "s",
            "the",
            "best",
            "we",
            "can",
            "possibly",
            "do",
            "?",
            "\u25fc",
            "Assume",
            "perfect",
            "knowledge",
            "of",
            "the",
            "future",
            "\u25fc",
            "Not",
            "realizable",
            "in",
            "practice",
            "(",
            "usually",
            ")",
            "\u25fc",
            "Useful",
            "for",
            "comparison",
            ":",
            "if",
            "another",
            "algorithm",
            "is",
            "within",
            "5",
            "%",
            "of",
            "optimal",
            ",",
            "not",
            "much",
            "more",
            "can",
            "be",
            "done\u2026",
            "\u25fc",
            "Algorithm",
            ":",
            "replace",
            "the",
            "page",
            "that",
            "will",
            "be",
            "used",
            "furthest",
            "in",
            "the",
            "future",
            "\u25fc",
            "Only",
            "works",
            "if",
            "we",
            "know",
            "the",
            "whole",
            "sequence",
            "!",
            "\u25fc",
            "Can",
            "be",
            "approximated",
            "by",
            "running",
            "the",
            "program",
            "twice",
            "\u25fc",
            "Once",
            "to",
            "generate",
            "the",
            "reference",
            "trace",
            "\u25fc",
            "Once",
            "(",
            "or",
            "more",
            ")",
            "to",
            "apply",
            "the",
            "optimal",
            "algorithm",
            "\u25fc",
            "Nice",
            ",",
            "but",
            "not",
            "achievable",
            "in",
            "real",
            "systems",
            "!",
            "CS",
            "1550",
            "\u2013",
            "Operating",
            "Systems",
            "\u2013",
            "Sherif",
            "Khattab",
            "6"
        ],
        "labels": [
            "B",
            "I",
            "I",
            "I",
            "O",
            "O",
            "O",
            "O",
            "O",
            "O",
            "O",
            "O",
            "O",
            "O",
            "O",
            "O",
            "O",
            "O",
            "O",
            "O",
            "O",
            "O",
            "O",
            "O",
            "O",
            "O",
            "O",
            "O",
            "O",
            "O",
            "O",
            "O",
            "O",
            "O",
            "O",
            "O",
            "O",
            "O",
            "O",
            "O",
            "O",
            "O",
            "O",
            "O",
            "O",
            "O",
            "O",
            "O",
            "O",
            "O",
            "O",
            "O",
            "O",
            "O",
            "O",
            "O",
            "O",
            "O",
            "O",
            "O",
            "O",
            "O",
            "O",
            "O",
            "O",
            "O",
            "O",
            "O",
            "O",
            "O",
            "O",
            "O",
            "O",
            "O",
            "O",
            "O",
            "O",
            "O",
            "O",
            "O",
            "O",
            "O",
            "O",
            "O",
            "O",
            "O",
            "O",
            "O",
            "O",
            "O",
            "O",
            "O",
            "O",
            "O",
            "O",
            "O",
            "O",
            "O",
            "O",
            "O",
            "O",
            "O",
            "O",
            "O",
            "O",
            "O",
            "O",
            "O",
            "O",
            "O",
            "O",
            "O",
            "O",
            "O",
            "O",
            "O",
            "O",
            "O",
            "O",
            "O",
            "O"
        ]
    },
    {
        "words": [
            "OPT",
            "Examples",
            "CS",
            "1550",
            "\u2013",
            "Operating",
            "Systems",
            "\u2013",
            "Sherif",
            "Khattab",
            "7"
        ],
        "labels": [
            "O",
            "O",
            "O",
            "O",
            "O",
            "O",
            "O",
            "O",
            "O",
            "O",
            "O"
        ]
    },
    {
        "words": [
            "Not-recently-used",
            "(",
            "NRU",
            ")",
            "algorithm",
            "\u25fc",
            "Each",
            "page",
            "has",
            "reference",
            "bit",
            "and",
            "dirty",
            "bit",
            "\u25fc",
            "Bits",
            "are",
            "set",
            "when",
            "page",
            "is",
            "referenced",
            "and/or",
            "modified",
            "\u25fc",
            "Pages",
            "are",
            "classified",
            "into",
            "four",
            "classes",
            "\u25fc",
            "0",
            ":",
            "not",
            "referenced",
            ",",
            "not",
            "dirty",
            "\u25fc",
            "1",
            ":",
            "not",
            "referenced",
            ",",
            "dirty",
            "\u25fc",
            "2",
            ":",
            "referenced",
            ",",
            "not",
            "dirty",
            "\u25fc",
            "3",
            ":",
            "referenced",
            ",",
            "dirty",
            "\u25fc",
            "Clear",
            "reference",
            "bit",
            "for",
            "all",
            "pages",
            "periodically",
            "\u25fc",
            "Can",
            "\u2019",
            "t",
            "clear",
            "dirty",
            "bit",
            ":",
            "needed",
            "to",
            "indicate",
            "which",
            "pages",
            "need",
            "to",
            "be",
            "flushed",
            "to",
            "disk",
            "\u25fc",
            "Class",
            "1",
            "contains",
            "dirty",
            "pages",
            "where",
            "reference",
            "bit",
            "has",
            "been",
            "cleared",
            "\u25fc",
            "Algorithm",
            ":",
            "remove",
            "a",
            "page",
            "from",
            "the",
            "lowest",
            "non-empty",
            "class",
            "\u25fc",
            "Select",
            "a",
            "page",
            "at",
            "random",
            "from",
            "that",
            "class",
            "\u25fc",
            "Easy",
            "to",
            "understand",
            "and",
            "implement",
            "\u25fc",
            "Performance",
            "adequate",
            "(",
            "though",
            "not",
            "optimal",
            ")",
            "CS",
            "1550",
            "\u2013",
            "Operating",
            "Systems",
            "\u2013",
            "Sherif",
            "Khattab",
            "8"
        ],
        "labels": [
            "O",
            "O",
            "B",
            "O",
            "O",
            "O",
            "O",
            "O",
            "O",
            "O",
            "O",
            "O",
            "O",
            "O",
            "O",
            "O",
            "O",
            "O",
            "O",
            "O",
            "O",
            "O",
            "O",
            "O",
            "O",
            "O",
            "O",
            "O",
            "O",
            "O",
            "O",
            "O",
            "O",
            "O",
            "O",
            "O",
            "O",
            "O",
            "O",
            "O",
            "O",
            "O",
            "O",
            "O",
            "O",
            "O",
            "O",
            "O",
            "O",
            "O",
            "O",
            "O",
            "O",
            "O",
            "O",
            "O",
            "O",
            "O",
            "O",
            "O",
            "O",
            "O",
            "O",
            "O",
            "O",
            "O",
            "O",
            "O",
            "O",
            "O",
            "O",
            "O",
            "O",
            "O",
            "O",
            "O",
            "O",
            "O",
            "O",
            "O",
            "O",
            "O",
            "O",
            "O",
            "O",
            "O",
            "O",
            "O",
            "O",
            "O",
            "O",
            "O",
            "O",
            "O",
            "O",
            "O",
            "O",
            "O",
            "O",
            "O",
            "O",
            "O",
            "O",
            "O",
            "O",
            "O",
            "O",
            "O",
            "O",
            "O",
            "O",
            "O",
            "O",
            "O",
            "O",
            "O",
            "O",
            "O",
            "O",
            "O",
            "O",
            "O",
            "O",
            "O",
            "O",
            "O",
            "O",
            "O",
            "O",
            "O",
            "O",
            "O",
            "O",
            "O",
            "O",
            "O",
            "O",
            "O",
            "O",
            "O",
            "O"
        ]
    },
    {
        "words": [
            "NRU",
            "Operation",
            "CS",
            "1550",
            "\u2013",
            "Operating",
            "Systems",
            "\u2013",
            "Sherif",
            "Khattab",
            "9"
        ],
        "labels": [
            "B",
            "O",
            "O",
            "O",
            "O",
            "O",
            "O",
            "O",
            "O",
            "O",
            "O"
        ]
    },
    {
        "words": [
            "First-In",
            ",",
            "First-Out",
            "(",
            "FIFO",
            ")",
            "algorithm",
            "\u25fc",
            "Maintain",
            "a",
            "linked",
            "list",
            "of",
            "all",
            "pages",
            "\u25fc",
            "Maintain",
            "the",
            "order",
            "in",
            "which",
            "they",
            "entered",
            "memory",
            "\u25fc",
            "Page",
            "at",
            "front",
            "of",
            "list",
            "replaced",
            "\u25fc",
            "Advantage",
            ":",
            "(",
            "really",
            ")",
            "easy",
            "to",
            "implement",
            "\u25fc",
            "Disadvantage",
            ":",
            "page",
            "in",
            "memory",
            "the",
            "longest",
            "may",
            "be",
            "often",
            "used",
            "\u25fc",
            "This",
            "algorithm",
            "forces",
            "pages",
            "out",
            "regardless",
            "of",
            "usage",
            "\u25fc",
            "Usage",
            "may",
            "be",
            "helpful",
            "in",
            "determining",
            "which",
            "pages",
            "to",
            "keep",
            "CS",
            "1550",
            "\u2013",
            "Operating",
            "Systems",
            "\u2013",
            "Sherif",
            "Khattab",
            "10"
        ],
        "labels": [
            "O",
            "O",
            "O",
            "O",
            "O",
            "O",
            "O",
            "O",
            "O",
            "O",
            "O",
            "O",
            "O",
            "O",
            "O",
            "O",
            "O",
            "O",
            "O",
            "O",
            "O",
            "O",
            "O",
            "O",
            "O",
            "O",
            "O",
            "O",
            "O",
            "O",
            "O",
            "O",
            "O",
            "O",
            "O",
            "O",
            "O",
            "O",
            "O",
            "O",
            "O",
            "O",
            "O",
            "O",
            "O",
            "O",
            "O",
            "O",
            "O",
            "O",
            "O",
            "O",
            "O",
            "O",
            "O",
            "O",
            "O",
            "O",
            "O",
            "O",
            "O",
            "O",
            "O",
            "O",
            "O",
            "O",
            "O",
            "O",
            "O",
            "O",
            "O",
            "O",
            "O",
            "O",
            "O",
            "O",
            "O",
            "O",
            "O",
            "O",
            "O"
        ]
    },
    {
        "words": [
            "Page",
            "Replacement",
            "Algorithms",
            "Components",
            "CS",
            "1550",
            "\u2013",
            "Operating",
            "Systems",
            "\u2013",
            "Sherif",
            "Khattab",
            "11"
        ],
        "labels": [
            "B",
            "I",
            "I",
            "O",
            "O",
            "O",
            "O",
            "O",
            "O",
            "O",
            "O",
            "O",
            "O"
        ]
    },
    {
        "words": [
            "Second",
            "chance",
            "page",
            "replacement",
            "\u2022",
            "Modify",
            "FIFO",
            "to",
            "avoid",
            "throwing",
            "out",
            "heavily",
            "used",
            "pages",
            "\u2022",
            "If",
            "reference",
            "bit",
            "is",
            "0",
            ",",
            "throw",
            "the",
            "page",
            "out",
            "\u2022",
            "If",
            "reference",
            "bit",
            "is",
            "1",
            "\u2022",
            "Reset",
            "the",
            "reference",
            "bit",
            "to",
            "0",
            "\u2022",
            "Move",
            "page",
            "to",
            "the",
            "tail",
            "of",
            "the",
            "list",
            "\u2022",
            "Continue",
            "search",
            "for",
            "a",
            "free",
            "page",
            "\u2022",
            "Still",
            "easy",
            "to",
            "implement",
            ",",
            "and",
            "better",
            "than",
            "plain",
            "FIFO",
            "referenced",
            "unreferenced",
            "A",
            "B",
            "C",
            "D",
            "E",
            "F",
            "G",
            "H",
            "A",
            "t=0",
            "t=4",
            "t=8",
            "t=15",
            "t=21",
            "t=22",
            "t=29",
            "t=30",
            "t=32",
            "CS",
            "1550",
            "\u2013",
            "Operating",
            "Systems",
            "\u2013",
            "Sherif",
            "Khattab",
            "12"
        ],
        "labels": [
            "B",
            "I",
            "I",
            "I",
            "O",
            "O",
            "O",
            "O",
            "O",
            "O",
            "O",
            "O",
            "O",
            "O",
            "O",
            "O",
            "O",
            "O",
            "O",
            "O",
            "O",
            "O",
            "O",
            "O",
            "O",
            "O",
            "O",
            "O",
            "O",
            "O",
            "O",
            "O",
            "O",
            "O",
            "O",
            "O",
            "O",
            "O",
            "O",
            "O",
            "O",
            "O",
            "O",
            "O",
            "O",
            "O",
            "O",
            "O",
            "O",
            "O",
            "O",
            "O",
            "O",
            "O",
            "O",
            "O",
            "O",
            "O",
            "O",
            "O",
            "O",
            "O",
            "O",
            "O",
            "O",
            "O",
            "O",
            "O",
            "O",
            "O",
            "O",
            "O",
            "O",
            "O",
            "O",
            "O",
            "O",
            "O",
            "O",
            "O",
            "O",
            "O",
            "O",
            "O",
            "O",
            "O",
            "O",
            "O",
            "O",
            "O",
            "O",
            "O",
            "O",
            "O"
        ]
    },
    {
        "words": [
            "Clock",
            "algorithm",
            "\u2022",
            "Same",
            "functionality",
            "as",
            "second",
            "chance",
            "\u2022",
            "Simpler",
            "implementation",
            "A",
            "H",
            "t=32",
            "t=0",
            "B",
            "\u2022",
            "\u201c",
            "Clock",
            "\u201d",
            "hand",
            "points",
            "to",
            "next",
            "t=30",
            "t=32",
            "t=4",
            "page",
            "to",
            "replace",
            "\u2022",
            "If",
            "R=0",
            ",",
            "replace",
            "page",
            "G",
            "C",
            "\u2022",
            "If",
            "R=1",
            ",",
            "set",
            "R=0",
            "and",
            "advance",
            "t=29",
            "t=32",
            "t=8",
            "the",
            "clock",
            "hand",
            "\u2022",
            "Continue",
            "until",
            "page",
            "with",
            "R=0",
            "F",
            "D",
            "J",
            "is",
            "found",
            "t=22",
            "E",
            "t=15",
            "t=32",
            "t=21",
            "\u2022",
            "This",
            "may",
            "involve",
            "going",
            "all",
            "the",
            "way",
            "around",
            "the",
            "clock\u2026",
            "referenced",
            "unreferenced",
            "CS",
            "1550",
            "\u2013",
            "Operating",
            "Systems",
            "\u2013",
            "Sherif",
            "Khattab",
            "13"
        ],
        "labels": [
            "B",
            "I",
            "O",
            "O",
            "O",
            "O",
            "O",
            "O",
            "O",
            "O",
            "O",
            "O",
            "O",
            "O",
            "O",
            "O",
            "O",
            "O",
            "O",
            "O",
            "O",
            "O",
            "O",
            "O",
            "O",
            "O",
            "O",
            "O",
            "O",
            "O",
            "O",
            "O",
            "O",
            "O",
            "O",
            "O",
            "O",
            "O",
            "O",
            "O",
            "O",
            "O",
            "O",
            "O",
            "O",
            "O",
            "O",
            "O",
            "O",
            "O",
            "O",
            "O",
            "O",
            "O",
            "O",
            "O",
            "O",
            "O",
            "O",
            "O",
            "O",
            "O",
            "O",
            "O",
            "O",
            "O",
            "O",
            "O",
            "O",
            "O",
            "O",
            "O",
            "O",
            "O",
            "O",
            "O",
            "O",
            "O",
            "O",
            "O",
            "O",
            "O",
            "O",
            "O",
            "O",
            "O",
            "O",
            "O",
            "O",
            "O"
        ]
    },
    {
        "words": [
            "Least",
            "Recently",
            "Used",
            "(",
            "LRU",
            ")",
            "\u2022",
            "Assume",
            "pages",
            "used",
            "recently",
            "will",
            "be",
            "used",
            "again",
            "soon",
            "\u2022",
            "Throw",
            "out",
            "page",
            "that",
            "has",
            "been",
            "unused",
            "for",
            "longest",
            "time",
            "\u2022",
            "Must",
            "keep",
            "a",
            "linked",
            "list",
            "of",
            "pages",
            "\u2022",
            "Most",
            "recently",
            "used",
            "at",
            "front",
            ",",
            "least",
            "at",
            "rear",
            "\u2022",
            "Update",
            "this",
            "list",
            "every",
            "memory",
            "reference",
            "!",
            "\u2022",
            "This",
            "can",
            "be",
            "somewhat",
            "slow",
            ":",
            "hardware",
            "has",
            "to",
            "update",
            "a",
            "linked",
            "list",
            "on",
            "every",
            "reference",
            "!",
            "\u2022",
            "Alternatively",
            ",",
            "keep",
            "counter",
            "in",
            "each",
            "page",
            "table",
            "entry",
            "\u2022",
            "Global",
            "counter",
            "increments",
            "with",
            "each",
            "CPU",
            "cycle",
            "\u2022",
            "Copy",
            "global",
            "counter",
            "to",
            "PTE",
            "counter",
            "on",
            "a",
            "reference",
            "to",
            "the",
            "page",
            "\u2022",
            "For",
            "replacement",
            ",",
            "evict",
            "page",
            "with",
            "lowest",
            "counter",
            "value",
            "CS",
            "1550",
            "\u2013",
            "Operating",
            "Systems",
            "\u2013",
            "Sherif",
            "Khattab",
            "14"
        ],
        "labels": [
            "B",
            "I",
            "I",
            "O",
            "B",
            "O",
            "O",
            "O",
            "O",
            "O",
            "O",
            "O",
            "O",
            "O",
            "O",
            "O",
            "O",
            "O",
            "O",
            "O",
            "O",
            "O",
            "O",
            "O",
            "O",
            "O",
            "O",
            "O",
            "O",
            "O",
            "O",
            "O",
            "O",
            "O",
            "O",
            "O",
            "O",
            "O",
            "O",
            "O",
            "O",
            "O",
            "O",
            "O",
            "O",
            "O",
            "O",
            "O",
            "O",
            "O",
            "O",
            "O",
            "O",
            "O",
            "O",
            "O",
            "O",
            "O",
            "O",
            "O",
            "O",
            "O",
            "O",
            "O",
            "O",
            "O",
            "O",
            "O",
            "O",
            "O",
            "O",
            "O",
            "O",
            "O",
            "O",
            "O",
            "O",
            "O",
            "O",
            "O",
            "O",
            "O",
            "O",
            "O",
            "O",
            "O",
            "O",
            "O",
            "O",
            "O",
            "O",
            "O",
            "O",
            "O",
            "O",
            "O",
            "O",
            "O",
            "O",
            "O",
            "O",
            "O",
            "O",
            "O",
            "O",
            "O",
            "O",
            "O",
            "O",
            "O",
            "O",
            "O",
            "O",
            "O",
            "O",
            "O",
            "O",
            "O",
            "O",
            "O",
            "O"
        ]
    },
    {
        "words": [
            "Simulating",
            "LRU",
            "in",
            "software",
            "\u2022",
            "Few",
            "computers",
            "have",
            "the",
            "necessary",
            "hardware",
            "to",
            "implement",
            "full",
            "LRU",
            "\u2022",
            "Linked-list",
            "method",
            "impractical",
            "in",
            "hardware",
            "\u2022",
            "Counter-based",
            "method",
            "could",
            "be",
            "done",
            ",",
            "but",
            "it",
            "\u2019",
            "s",
            "slow",
            "to",
            "find",
            "the",
            "desired",
            "page",
            "\u2022",
            "Approximate",
            "LRU",
            "with",
            "Not",
            "Frequently",
            "Used",
            "(",
            "NFU",
            ")",
            "algorithm",
            "\u2022",
            "At",
            "each",
            "clock",
            "interrupt",
            ",",
            "scan",
            "through",
            "page",
            "table",
            "\u2022",
            "If",
            "R=1",
            "for",
            "a",
            "page",
            ",",
            "add",
            "one",
            "to",
            "its",
            "counter",
            "value",
            "\u2022",
            "On",
            "replacement",
            ",",
            "pick",
            "the",
            "page",
            "with",
            "the",
            "lowest",
            "counter",
            "value",
            "\u2022",
            "Problem",
            ":",
            "no",
            "notion",
            "of",
            "age\u2014pages",
            "with",
            "high",
            "counter",
            "values",
            "will",
            "tend",
            "to",
            "keep",
            "them",
            "!",
            "CS",
            "1550",
            "\u2013",
            "Operating",
            "Systems",
            "\u2013",
            "Sherif",
            "Khattab",
            "15"
        ],
        "labels": [
            "B",
            "B",
            "O",
            "O",
            "O",
            "O",
            "O",
            "O",
            "O",
            "O",
            "O",
            "O",
            "O",
            "O",
            "B",
            "O",
            "O",
            "O",
            "O",
            "O",
            "O",
            "O",
            "O",
            "O",
            "O",
            "O",
            "O",
            "O",
            "O",
            "O",
            "O",
            "O",
            "O",
            "O",
            "O",
            "O",
            "O",
            "O",
            "O",
            "O",
            "B",
            "O",
            "O",
            "O",
            "O",
            "O",
            "O",
            "O",
            "O",
            "O",
            "O",
            "O",
            "O",
            "O",
            "O",
            "O",
            "O",
            "O",
            "O",
            "O",
            "O",
            "O",
            "O",
            "O",
            "O",
            "O",
            "O",
            "O",
            "O",
            "O",
            "O",
            "O",
            "O",
            "O",
            "O",
            "O",
            "O",
            "O",
            "O",
            "O",
            "O",
            "O",
            "O",
            "O",
            "O",
            "O",
            "O",
            "O",
            "O",
            "O",
            "O",
            "O",
            "O",
            "O",
            "O",
            "O",
            "O",
            "O",
            "O",
            "O",
            "O",
            "O",
            "O",
            "O",
            "O",
            "O",
            "O",
            "O",
            "O",
            "O"
        ]
    },
    {
        "words": [
            "Aging",
            "replacement",
            "algorithm",
            "\u2022",
            "Reduce",
            "counter",
            "values",
            "over",
            "time",
            "\u2022",
            "Divide",
            "by",
            "two",
            "every",
            "clock",
            "cycle",
            "(",
            "use",
            "right",
            "shift",
            ")",
            "\u2022",
            "More",
            "weight",
            "given",
            "to",
            "more",
            "recent",
            "references",
            "!",
            "\u2022",
            "Select",
            "page",
            "to",
            "be",
            "evicted",
            "by",
            "finding",
            "the",
            "lowest",
            "counter",
            "value",
            "\u2022",
            "Algorithm",
            "is",
            ":",
            "\u2022",
            "Every",
            "clock",
            "tick",
            ",",
            "shift",
            "all",
            "counters",
            "right",
            "by",
            "1",
            "bit",
            "\u2022",
            "On",
            "reference",
            ",",
            "set",
            "leftmost",
            "bit",
            "of",
            "a",
            "counter",
            "(",
            "can",
            "be",
            "done",
            "by",
            "copying",
            "the",
            "reference",
            "bit",
            "to",
            "the",
            "counter",
            "at",
            "the",
            "clock",
            "tick",
            ")",
            "Referenced",
            "this",
            "tick",
            "Tick",
            "0",
            "Tick",
            "1",
            "Tick",
            "2",
            "Tick",
            "3",
            "Tick",
            "4",
            "Page",
            "0",
            "10000000",
            "11000000",
            "11100000",
            "01110000",
            "10111000",
            "Page",
            "1",
            "00000000",
            "10000000",
            "01000000",
            "00100000",
            "00010000",
            "Page",
            "2",
            "10000000",
            "01000000",
            "00100000",
            "10010000",
            "01001000",
            "Page",
            "3",
            "00000000",
            "00000000",
            "00000000",
            "10000000",
            "01000000",
            "Page",
            "4",
            "10000000",
            "01000000",
            "10100000",
            "11010000",
            "01101000",
            "Page",
            "5",
            "10000000",
            "11000000",
            "01100000",
            "10110000",
            "11011000",
            "CS",
            "1550",
            "\u2013",
            "Operating",
            "Systems",
            "\u2013",
            "Sherif",
            "Khattab",
            "16"
        ],
        "labels": [
            "B",
            "I",
            "I",
            "O",
            "O",
            "O",
            "O",
            "O",
            "O",
            "O",
            "O",
            "O",
            "O",
            "O",
            "O",
            "O",
            "O",
            "O",
            "O",
            "O",
            "O",
            "O",
            "O",
            "O",
            "O",
            "O",
            "O",
            "O",
            "O",
            "O",
            "O",
            "O",
            "O",
            "O",
            "O",
            "O",
            "O",
            "O",
            "O",
            "O",
            "O",
            "O",
            "O",
            "O",
            "O",
            "O",
            "O",
            "O",
            "O",
            "O",
            "O",
            "O",
            "O",
            "O",
            "O",
            "O",
            "O",
            "O",
            "O",
            "O",
            "O",
            "O",
            "O",
            "O",
            "O",
            "O",
            "O",
            "O",
            "O",
            "O",
            "O",
            "O",
            "O",
            "O",
            "O",
            "O",
            "O",
            "O",
            "O",
            "O",
            "O",
            "O",
            "O",
            "O",
            "O",
            "O",
            "O",
            "O",
            "O",
            "O",
            "O",
            "O",
            "O",
            "O",
            "O",
            "O",
            "O",
            "O",
            "O",
            "O",
            "O",
            "O",
            "O",
            "O",
            "O",
            "O",
            "O",
            "O",
            "O",
            "O",
            "O",
            "O",
            "O",
            "O",
            "O",
            "O",
            "O",
            "O",
            "O",
            "O",
            "O",
            "O",
            "O",
            "O",
            "O",
            "O",
            "O",
            "O",
            "O",
            "O",
            "O",
            "O",
            "O",
            "O",
            "O",
            "O",
            "O",
            "O",
            "O",
            "O",
            "O",
            "O",
            "O",
            "O",
            "O",
            "O",
            "O",
            "O",
            "O"
        ]
    },
    {
        "words": [
            "Working",
            "set",
            "\u2022",
            "Demand",
            "paging",
            ":",
            "bring",
            "a",
            "page",
            "into",
            "memory",
            "when",
            "it",
            "\u2019",
            "s",
            "requested",
            "by",
            "the",
            "process",
            "\u2022",
            "How",
            "many",
            "pages",
            "are",
            "needed",
            "?",
            "\u2022",
            "Could",
            "be",
            "all",
            "of",
            "them",
            ",",
            "but",
            "not",
            "likely",
            "\u2022",
            "Instead",
            ",",
            "processes",
            "reference",
            "a",
            "small",
            "set",
            "of",
            "pages",
            "at",
            "any",
            "given",
            "time\u2014locality",
            "of",
            "reference",
            "\u2022",
            "Set",
            "of",
            "pages",
            "can",
            "be",
            "different",
            "for",
            "different",
            "processes",
            "or",
            "even",
            "different",
            "times",
            "in",
            "the",
            "running",
            "of",
            "a",
            "single",
            "process",
            "\u2022",
            "Set",
            "of",
            "pages",
            "used",
            "by",
            "a",
            "process",
            "in",
            "a",
            "given",
            "interval",
            "of",
            "time",
            "is",
            "called",
            "the",
            "working",
            "set",
            "\u2022",
            "If",
            "entire",
            "working",
            "set",
            "is",
            "in",
            "memory",
            ",",
            "no",
            "page",
            "faults",
            "!",
            "\u2022",
            "If",
            "insufficient",
            "space",
            "for",
            "working",
            "set",
            ",",
            "thrashing",
            "may",
            "occur",
            "\u2022",
            "Goal",
            ":",
            "keep",
            "most",
            "of",
            "working",
            "set",
            "in",
            "memory",
            "to",
            "minimize",
            "the",
            "number",
            "of",
            "page",
            "faults",
            "suffered",
            "by",
            "a",
            "process",
            "CS",
            "1550",
            "\u2013",
            "Operating",
            "Systems",
            "\u2013",
            "Sherif",
            "Khattab",
            "17"
        ],
        "labels": [
            "B",
            "I",
            "O",
            "B",
            "I",
            "O",
            "O",
            "O",
            "O",
            "O",
            "O",
            "O",
            "O",
            "O",
            "O",
            "O",
            "O",
            "O",
            "O",
            "O",
            "O",
            "O",
            "O",
            "O",
            "O",
            "O",
            "O",
            "O",
            "O",
            "O",
            "O",
            "O",
            "O",
            "O",
            "O",
            "O",
            "O",
            "O",
            "O",
            "O",
            "O",
            "O",
            "O",
            "O",
            "O",
            "O",
            "O",
            "O",
            "O",
            "O",
            "O",
            "O",
            "O",
            "O",
            "O",
            "O",
            "O",
            "O",
            "O",
            "O",
            "O",
            "O",
            "O",
            "O",
            "O",
            "O",
            "O",
            "O",
            "O",
            "O",
            "O",
            "O",
            "O",
            "O",
            "O",
            "O",
            "O",
            "O",
            "O",
            "O",
            "O",
            "O",
            "O",
            "O",
            "O",
            "O",
            "O",
            "O",
            "O",
            "O",
            "O",
            "O",
            "O",
            "O",
            "O",
            "O",
            "O",
            "O",
            "O",
            "O",
            "O",
            "O",
            "O",
            "O",
            "O",
            "O",
            "O",
            "O",
            "O",
            "O",
            "O",
            "O",
            "O",
            "O",
            "O",
            "O",
            "O",
            "O",
            "O",
            "O",
            "O",
            "O",
            "O",
            "O",
            "O",
            "O",
            "O",
            "O",
            "O",
            "O",
            "O",
            "O",
            "O",
            "O",
            "O",
            "O",
            "O",
            "O",
            "O",
            "O",
            "O",
            "O",
            "O",
            "O",
            "O",
            "O"
        ]
    },
    {
        "words": [
            "How",
            "big",
            "is",
            "the",
            "working",
            "set",
            "?",
            "w",
            "(",
            "k",
            ",",
            "t",
            ")",
            "k",
            "\u2022",
            "Working",
            "set",
            "is",
            "the",
            "set",
            "of",
            "pages",
            "used",
            "by",
            "the",
            "k",
            "most",
            "recent",
            "memory",
            "references",
            "\u2022",
            "w",
            "(",
            "k",
            ",",
            "t",
            ")",
            "is",
            "the",
            "size",
            "of",
            "the",
            "working",
            "set",
            "at",
            "time",
            "t",
            "\u2022",
            "Working",
            "set",
            "may",
            "change",
            "over",
            "time",
            "\u2022",
            "Size",
            "of",
            "working",
            "set",
            "can",
            "change",
            "over",
            "time",
            "as",
            "well\u2026",
            "CS",
            "1550",
            "\u2013",
            "Operating",
            "Systems",
            "\u2013",
            "Sherif",
            "Khattab",
            "18"
        ],
        "labels": [
            "O",
            "O",
            "O",
            "O",
            "O",
            "O",
            "O",
            "O",
            "O",
            "O",
            "O",
            "O",
            "O",
            "O",
            "O",
            "B",
            "I",
            "O",
            "O",
            "O",
            "O",
            "O",
            "O",
            "O",
            "O",
            "O",
            "O",
            "O",
            "O",
            "O",
            "O",
            "O",
            "O",
            "O",
            "O",
            "O",
            "O",
            "O",
            "O",
            "O",
            "O",
            "O",
            "O",
            "O",
            "O",
            "O",
            "O",
            "O",
            "B",
            "I",
            "O",
            "O",
            "O",
            "O",
            "O",
            "O",
            "O",
            "O",
            "O",
            "O",
            "O",
            "O",
            "O",
            "O",
            "O",
            "O",
            "O",
            "O",
            "O",
            "O",
            "O",
            "O",
            "O",
            "O"
        ]
    },
    {
        "words": [
            "Keeping",
            "track",
            "of",
            "the",
            "Working",
            "Set",
            "CS",
            "1550",
            "\u2013",
            "Operating",
            "Systems",
            "\u2013",
            "Sherif",
            "Khattab",
            "19"
        ],
        "labels": [
            "O",
            "O",
            "O",
            "O",
            "B",
            "I",
            "O",
            "O",
            "O",
            "O",
            "O",
            "O",
            "O",
            "O",
            "O"
        ]
    },
    {
        "words": [
            "Working",
            "set",
            "page",
            "replacement",
            "algorithm",
            "CS",
            "1550",
            "\u2013",
            "Operating",
            "Systems",
            "\u2013",
            "Sherif",
            "Khattab",
            "20"
        ],
        "labels": [
            "B",
            "I",
            "I",
            "I",
            "I",
            "O",
            "O",
            "O",
            "O",
            "O",
            "O",
            "O",
            "O",
            "O"
        ]
    }
]