[
    {
        "words": [
            "Introduction",
            "to",
            "Operating",
            "Systems",
            "CS",
            "1550",
            "Spring",
            "2022",
            "Sherif",
            "Khattab",
            "ksm73",
            "@",
            "pitt.edu",
            "(",
            "Some",
            "slides",
            "are",
            "from",
            "Silberschatz",
            ",",
            "Galvin",
            "and",
            "Gagne",
            "\u00a92013",
            ")"
        ],
        "labels": [
            "O",
            "O",
            "O",
            "O",
            "O",
            "O",
            "O",
            "O",
            "O",
            "O",
            "O",
            "O",
            "O",
            "O",
            "O",
            "O",
            "O",
            "O",
            "O",
            "O",
            "O",
            "O",
            "O",
            "O",
            "O"
        ]
    },
    {
        "words": [
            "Announcements",
            "\u2022",
            "Upcoming",
            "deadlines",
            ":",
            "\u2022",
            "Quiz",
            "2",
            ":",
            "due",
            "on",
            "3/25",
            "\u2022",
            "Homework",
            "9",
            ":",
            "due",
            "on",
            "3/28",
            "\u2022",
            "Lab",
            "3",
            ":",
            "due",
            "on",
            "4/1",
            "\u2022",
            "Project",
            "3",
            ":",
            "due",
            "on",
            "4/11",
            "CS",
            "1550",
            "\u2013",
            "Operating",
            "Systems",
            "\u2013",
            "Sherif",
            "Khattab",
            "2"
        ],
        "labels": [
            "O",
            "O",
            "O",
            "O",
            "O",
            "O",
            "O",
            "O",
            "O",
            "O",
            "O",
            "O",
            "O",
            "O",
            "O",
            "O",
            "O",
            "O",
            "O",
            "O",
            "O",
            "O",
            "O",
            "O",
            "O",
            "O",
            "O",
            "O",
            "O",
            "O",
            "O",
            "O",
            "O",
            "O",
            "O",
            "O",
            "O",
            "O",
            "O",
            "O",
            "O",
            "O"
        ]
    },
    {
        "words": [
            "Previous",
            "lecture",
            "\u2026",
            "\u2022",
            "Page",
            "replacement",
            "algorithms",
            "Algorithm",
            "Comment",
            "OPT",
            "(",
            "Optimal",
            ")",
            "Not",
            "implementable",
            ",",
            "but",
            "useful",
            "as",
            "a",
            "benchmark",
            "NRU",
            "(",
            "Not",
            "Recently",
            "Used",
            ")",
            "Crude",
            "FIFO",
            "(",
            "First-In",
            ",",
            "First",
            "Out",
            ")",
            "Might",
            "throw",
            "out",
            "useful",
            "pages",
            "Second",
            "chance",
            "Big",
            "improvement",
            "over",
            "FIFO",
            "Clock",
            "Better",
            "implementation",
            "of",
            "second",
            "chance",
            "LRU",
            "(",
            "Least",
            "Recently",
            "Used",
            ")",
            "Excellent",
            ",",
            "but",
            "hard",
            "to",
            "implement",
            "exactly",
            "NFU",
            "(",
            "Not",
            "Frequently",
            "Used",
            ")",
            "Poor",
            "approximation",
            "to",
            "LRU",
            "Aging",
            "Good",
            "approximation",
            "to",
            "LRU",
            ",",
            "efficient",
            "to",
            "implement",
            "Working",
            "Set",
            "Somewhat",
            "expensive",
            "to",
            "implement",
            "WSClock",
            "Implementable",
            "version",
            "of",
            "Working",
            "Set",
            "CS",
            "1550",
            "\u2013",
            "Operating",
            "Systems",
            "\u2013",
            "Sherif",
            "Khattab",
            "3"
        ],
        "labels": [
            "O",
            "O",
            "O",
            "O",
            "B",
            "I",
            "I",
            "O",
            "O",
            "B",
            "O",
            "B",
            "O",
            "O",
            "O",
            "O",
            "O",
            "O",
            "O",
            "O",
            "O",
            "B",
            "O",
            "B",
            "I",
            "I",
            "O",
            "O",
            "B",
            "O",
            "B",
            "I",
            "I",
            "I",
            "O",
            "O",
            "O",
            "O",
            "O",
            "O",
            "B",
            "I",
            "O",
            "O",
            "O",
            "B",
            "B",
            "O",
            "O",
            "O",
            "O",
            "O",
            "B",
            "O",
            "B",
            "I",
            "I",
            "O",
            "O",
            "O",
            "O",
            "O",
            "O",
            "O",
            "O",
            "B",
            "O",
            "B",
            "I",
            "I",
            "O",
            "O",
            "O",
            "O",
            "B",
            "B",
            "O",
            "O",
            "O",
            "B",
            "O",
            "O",
            "O",
            "O",
            "B",
            "I",
            "O",
            "O",
            "O",
            "O",
            "B",
            "B",
            "I",
            "I",
            "B",
            "I",
            "O",
            "O",
            "O",
            "O",
            "O",
            "O",
            "O",
            "O",
            "O"
        ]
    },
    {
        "words": [
            "Muddiest",
            "Points",
            "(",
            "Memory",
            ")",
            "\u2022",
            "Difference",
            "between",
            "NRU",
            "and",
            "NFU",
            "\u2022",
            "For",
            "NRU",
            ",",
            "what",
            "is",
            "the",
            "way",
            "in",
            "which",
            "it",
            "separates",
            "the",
            "pages",
            "into",
            "classes",
            "in",
            "order",
            "to",
            "pick",
            "a",
            "victim",
            "from",
            "a",
            "group",
            "of",
            "the",
            "lowest",
            "non-",
            "empty",
            "class",
            "\u2022",
            "On",
            "the",
            "clock",
            "for",
            "the",
            "clock",
            "algorithm",
            ",",
            "what",
            "is",
            "t",
            "and",
            "why",
            "does",
            "it",
            "change",
            "to",
            "32",
            "on",
            "the",
            "referenced",
            "pages",
            "?",
            "\u2022",
            "What",
            "are",
            "we",
            "adding",
            "to",
            "the",
            "shift",
            "register",
            "in",
            "the",
            "working",
            "set",
            "replacement",
            "algorithm",
            "?",
            "\u2022",
            "Why",
            "is",
            "the",
            "tracking",
            "of",
            "a",
            "process",
            "\u2019",
            "working",
            "set",
            "necessary",
            "?",
            "\u2022",
            "Which",
            "page",
            "replacement",
            "algorithm",
            "is",
            "the",
            "best",
            "(",
            "generally",
            ")",
            "?",
            "\u2022",
            "The",
            "question",
            "on",
            "the",
            "homework",
            "that",
            "has",
            "the",
            "numerical",
            "entry",
            "answer",
            ".",
            "I",
            "'m",
            "not",
            "quite",
            "sure",
            "how",
            "to",
            "adapt",
            "what",
            "we",
            "discussed",
            "in",
            "class",
            "to",
            "that",
            "question",
            ".",
            "\u2022",
            "How",
            "the",
            "eviction",
            "happens",
            "in",
            "the",
            "pages",
            "CS",
            "1550",
            "\u2013",
            "Operating",
            "Systems",
            "\u2013",
            "Sherif",
            "Khattab",
            "4"
        ],
        "labels": [
            "O",
            "O",
            "O",
            "O",
            "O",
            "O",
            "O",
            "O",
            "B",
            "O",
            "B",
            "O",
            "O",
            "B",
            "O",
            "O",
            "O",
            "O",
            "O",
            "O",
            "O",
            "O",
            "O",
            "O",
            "O",
            "O",
            "O",
            "O",
            "O",
            "O",
            "O",
            "O",
            "O",
            "O",
            "O",
            "O",
            "O",
            "O",
            "O",
            "O",
            "O",
            "O",
            "O",
            "O",
            "O",
            "O",
            "O",
            "O",
            "O",
            "O",
            "O",
            "O",
            "O",
            "O",
            "O",
            "O",
            "O",
            "O",
            "O",
            "O",
            "O",
            "O",
            "O",
            "O",
            "O",
            "O",
            "O",
            "O",
            "O",
            "O",
            "O",
            "O",
            "O",
            "O",
            "O",
            "O",
            "O",
            "O",
            "O",
            "O",
            "O",
            "O",
            "O",
            "O",
            "O",
            "O",
            "O",
            "O",
            "O",
            "O",
            "O",
            "O",
            "O",
            "O",
            "O",
            "O",
            "O",
            "O",
            "O",
            "O",
            "O",
            "O",
            "O",
            "O",
            "O",
            "O",
            "O",
            "O",
            "O",
            "O",
            "O",
            "O",
            "O",
            "O",
            "O",
            "O",
            "O",
            "O",
            "O",
            "O",
            "O",
            "O",
            "O",
            "O",
            "O",
            "O",
            "O",
            "O",
            "O",
            "O",
            "O",
            "O",
            "O",
            "O",
            "O",
            "O",
            "O",
            "O",
            "O",
            "O",
            "O",
            "O",
            "O",
            "O",
            "O",
            "O",
            "O",
            "O",
            "O",
            "O",
            "O",
            "O",
            "O",
            "O"
        ]
    },
    {
        "words": [
            "Muddiest",
            "Points",
            "(",
            "Memory",
            ")",
            "\u2022",
            "How",
            "do",
            "we",
            "determine",
            "tau",
            "again",
            "?",
            "\u2022",
            "On",
            "the",
            "last",
            "slide",
            "about",
            "working",
            "set",
            "page",
            ",",
            "does",
            "the",
            "page",
            "table",
            "get",
            "updated",
            "every",
            "clock",
            "tick",
            "?",
            "Or",
            "do",
            "we",
            "only",
            "care",
            "about",
            "evey",
            "clock",
            "interrupt",
            "here",
            "?",
            "I",
            "am",
            "a",
            "little",
            "confused",
            "about",
            "how",
            "is",
            "the",
            "clock",
            "interrupt",
            "concept",
            "applied",
            "to",
            "the",
            "working",
            "set",
            "page",
            "replacement",
            "algorithm",
            ".",
            "\u2022",
            "What",
            "is",
            "k",
            "in",
            "the",
            "working",
            "set",
            "graph",
            "?",
            "\u2022",
            "in",
            "second",
            "chance",
            "and",
            "clock",
            "replacement",
            ",",
            "why",
            "do",
            "referenced",
            "pages",
            "have",
            "their",
            "ref",
            "bit",
            "set",
            "back",
            "to",
            "0",
            "?",
            "\u2022",
            "Do",
            "most",
            "algorithms",
            "need",
            "to",
            "iterate",
            "through",
            "all",
            "pages",
            "(",
            "O",
            "(",
            "N",
            ")",
            "runtime",
            ")",
            "?",
            "\u2022",
            "I",
            "am",
            "confused",
            "on",
            "the",
            "details",
            "of",
            "thrashing",
            "\u2022",
            "LRU",
            "page",
            "replacement",
            "CS",
            "1550",
            "\u2013",
            "Operating",
            "Systems",
            "\u2013",
            "Sherif",
            "Khattab",
            "5"
        ],
        "labels": [
            "O",
            "O",
            "O",
            "O",
            "O",
            "O",
            "O",
            "O",
            "O",
            "O",
            "O",
            "O",
            "O",
            "O",
            "O",
            "O",
            "O",
            "O",
            "O",
            "O",
            "O",
            "O",
            "O",
            "O",
            "O",
            "O",
            "O",
            "O",
            "O",
            "O",
            "O",
            "O",
            "O",
            "O",
            "O",
            "O",
            "O",
            "O",
            "O",
            "O",
            "O",
            "O",
            "O",
            "O",
            "O",
            "O",
            "O",
            "O",
            "O",
            "O",
            "O",
            "O",
            "O",
            "O",
            "O",
            "O",
            "O",
            "O",
            "O",
            "O",
            "O",
            "O",
            "O",
            "O",
            "O",
            "O",
            "O",
            "O",
            "O",
            "O",
            "O",
            "O",
            "O",
            "O",
            "O",
            "O",
            "O",
            "O",
            "O",
            "O",
            "O",
            "O",
            "O",
            "O",
            "O",
            "O",
            "O",
            "O",
            "O",
            "O",
            "O",
            "O",
            "O",
            "O",
            "O",
            "O",
            "O",
            "O",
            "O",
            "O",
            "O",
            "O",
            "O",
            "O",
            "O",
            "O",
            "O",
            "O",
            "O",
            "O",
            "O",
            "O",
            "O",
            "O",
            "O",
            "O",
            "O",
            "O",
            "O",
            "O",
            "O",
            "O",
            "O",
            "O",
            "B",
            "O",
            "O",
            "O",
            "O",
            "O",
            "O",
            "O",
            "O",
            "O",
            "O",
            "O"
        ]
    },
    {
        "words": [
            "Muddiest",
            "Points",
            "(",
            "Misc",
            ".",
            ")",
            "\u2022",
            "i",
            "had",
            "a",
            "bit",
            "of",
            "a",
            "hard",
            "time",
            "keeping",
            "up",
            "with",
            "pretty",
            "much",
            "everything",
            "but",
            "i",
            "think",
            "that",
            "'s",
            "just",
            "a",
            "side",
            "effect",
            "of",
            "coming",
            "back",
            "from",
            "break",
            "\u2022",
            "what",
            "is",
            "it",
            "that",
            "makes",
            "the",
            "TLB",
            "access",
            "fast",
            "while",
            "being",
            "slower",
            "for",
            "memory",
            "PTE",
            "access",
            "\u2022",
            "when",
            "is",
            "the",
            "midterm",
            "grades",
            "posted",
            "also",
            "will",
            "there",
            "be",
            "makeup",
            "to",
            "get",
            "up",
            "to",
            "30",
            "%",
            "back",
            "?",
            "\u2022",
            "When",
            "are",
            "TLB",
            "entries",
            "replaced",
            "\u2022",
            "Is",
            "``",
            "Frame",
            "''",
            "the",
            "same",
            "thing",
            "as",
            "a",
            "physical",
            "page",
            "?",
            "\u2022",
            "How",
            "is",
            "the",
            "page",
            "table",
            "indexed",
            "?",
            "\u2022",
            "redo",
            "a",
            "walk",
            "through",
            "the",
            "address",
            "translation",
            "process",
            "with",
            "the",
            "CPU",
            ",",
            "MMU",
            ",",
            "&",
            "TLB",
            "caching",
            "CS",
            "1550",
            "\u2013",
            "Operating",
            "Systems",
            "\u2013",
            "Sherif",
            "Khattab",
            "6"
        ],
        "labels": [
            "O",
            "O",
            "O",
            "O",
            "O",
            "O",
            "O",
            "O",
            "O",
            "O",
            "O",
            "O",
            "O",
            "O",
            "O",
            "O",
            "O",
            "O",
            "O",
            "O",
            "O",
            "O",
            "O",
            "O",
            "O",
            "O",
            "O",
            "O",
            "O",
            "O",
            "O",
            "O",
            "O",
            "O",
            "O",
            "O",
            "O",
            "O",
            "O",
            "O",
            "O",
            "O",
            "O",
            "O",
            "O",
            "O",
            "O",
            "O",
            "O",
            "O",
            "O",
            "O",
            "O",
            "O",
            "O",
            "O",
            "O",
            "O",
            "O",
            "O",
            "O",
            "O",
            "O",
            "O",
            "O",
            "O",
            "O",
            "O",
            "O",
            "O",
            "O",
            "O",
            "O",
            "O",
            "O",
            "O",
            "O",
            "O",
            "O",
            "O",
            "O",
            "O",
            "O",
            "O",
            "O",
            "O",
            "O",
            "O",
            "O",
            "O",
            "O",
            "O",
            "O",
            "O",
            "O",
            "O",
            "O",
            "O",
            "O",
            "O",
            "O",
            "O",
            "O",
            "O",
            "O",
            "O",
            "O",
            "O",
            "O",
            "O",
            "O",
            "O",
            "O",
            "O",
            "O",
            "O",
            "O",
            "O",
            "O",
            "O",
            "O",
            "O",
            "O",
            "O",
            "O",
            "O"
        ]
    },
    {
        "words": [
            "Problem",
            "of",
            "the",
            "Day",
            "\u2022",
            "How",
            "to",
            "simulate",
            "page",
            "replacement",
            "algorithms",
            "\u2022",
            "FIFO/Clock",
            "\u2022",
            "LRU",
            ",",
            "OPT",
            "CS",
            "1550",
            "\u2013",
            "Operating",
            "Systems",
            "\u2013",
            "Sherif",
            "Khattab",
            "7"
        ],
        "labels": [
            "O",
            "O",
            "O",
            "O",
            "O",
            "O",
            "O",
            "O",
            "O",
            "O",
            "O",
            "O",
            "O",
            "O",
            "B",
            "O",
            "B",
            "O",
            "O",
            "O",
            "O",
            "O",
            "O",
            "O",
            "O",
            "O"
        ]
    },
    {
        "words": [
            "How",
            "is",
            "modeling",
            "done",
            "?",
            "\u2022",
            "Generate",
            "a",
            "list",
            "of",
            "references",
            "\u2022",
            "Artificial",
            "(",
            "made",
            "up",
            ")",
            "\u2022",
            "Trace",
            "a",
            "real",
            "workload",
            "(",
            "set",
            "of",
            "processes",
            ")",
            "\u2022",
            "Use",
            "an",
            "array",
            "(",
            "or",
            "other",
            "structure",
            ")",
            "to",
            "track",
            "the",
            "pages",
            "in",
            "physical",
            "memory",
            "at",
            "any",
            "given",
            "time",
            "\u2022",
            "May",
            "keep",
            "other",
            "information",
            "per",
            "page",
            "to",
            "help",
            "simulate",
            "the",
            "algorithm",
            "(",
            "modification",
            "time",
            ",",
            "time",
            "when",
            "paged",
            "in",
            ",",
            "etc",
            ".",
            ")",
            "\u2022",
            "Run",
            "through",
            "references",
            ",",
            "applying",
            "the",
            "replacement",
            "algorithm",
            "\u2022",
            "Example",
            ":",
            "FIFO",
            "replacement",
            "on",
            "reference",
            "string",
            "0",
            "1",
            "2",
            "3",
            "0",
            "1",
            "4",
            "0",
            "1",
            "2",
            "3",
            "4",
            "\u2022",
            "Page",
            "replacements",
            "highlighted",
            "in",
            "yellow",
            "Page",
            "referenced",
            "0",
            "1",
            "2",
            "3",
            "0",
            "1",
            "4",
            "0",
            "1",
            "2",
            "3",
            "4",
            "Youngest",
            "page",
            "0",
            "1",
            "2",
            "3",
            "0",
            "1",
            "4",
            "4",
            "4",
            "2",
            "3",
            "3",
            "0",
            "1",
            "2",
            "3",
            "0",
            "1",
            "1",
            "1",
            "4",
            "2",
            "2",
            "Oldest",
            "page",
            "0",
            "1",
            "2",
            "3",
            "0",
            "0",
            "0",
            "1",
            "4",
            "4",
            "CS",
            "1550",
            "\u2013",
            "Operating",
            "Systems",
            "\u2013",
            "Sherif",
            "Khattab",
            "8"
        ],
        "labels": [
            "O",
            "O",
            "O",
            "O",
            "O",
            "O",
            "O",
            "O",
            "O",
            "O",
            "O",
            "O",
            "O",
            "O",
            "O",
            "O",
            "O",
            "O",
            "O",
            "O",
            "O",
            "O",
            "O",
            "O",
            "O",
            "O",
            "O",
            "O",
            "O",
            "O",
            "O",
            "O",
            "O",
            "O",
            "O",
            "O",
            "O",
            "O",
            "O",
            "O",
            "O",
            "O",
            "O",
            "O",
            "O",
            "O",
            "O",
            "O",
            "O",
            "O",
            "O",
            "O",
            "O",
            "O",
            "O",
            "O",
            "O",
            "O",
            "O",
            "O",
            "O",
            "O",
            "O",
            "O",
            "O",
            "O",
            "O",
            "O",
            "O",
            "O",
            "O",
            "O",
            "O",
            "O",
            "O",
            "O",
            "O",
            "O",
            "O",
            "O",
            "O",
            "O",
            "O",
            "B",
            "O",
            "O",
            "O",
            "O",
            "O",
            "O",
            "O",
            "O",
            "O",
            "O",
            "O",
            "O",
            "O",
            "O",
            "O",
            "O",
            "O",
            "O",
            "O",
            "O",
            "O",
            "O",
            "O",
            "O",
            "O",
            "O",
            "O",
            "O",
            "O",
            "O",
            "O",
            "O",
            "O",
            "O",
            "O",
            "O",
            "O",
            "O",
            "O",
            "O",
            "O",
            "O",
            "O",
            "O",
            "O",
            "O",
            "O",
            "O",
            "O",
            "O",
            "O",
            "O",
            "O",
            "O",
            "O",
            "O",
            "O",
            "O",
            "O",
            "O",
            "O",
            "O",
            "O",
            "O",
            "O",
            "O",
            "O",
            "O",
            "O",
            "O",
            "O",
            "O",
            "O",
            "O",
            "O",
            "O",
            "O",
            "O",
            "O",
            "O",
            "O",
            "O"
        ]
    },
    {
        "words": [
            "Interactive",
            "Simulation",
            "Tool",
            "\u2022",
            "https",
            ":",
            "//sim-50.github.io/cs-tools/",
            "CS",
            "1550",
            "\u2013",
            "Operating",
            "Systems",
            "\u2013",
            "Sherif",
            "Khattab",
            "9"
        ],
        "labels": [
            "B",
            "I",
            "I",
            "O",
            "O",
            "O",
            "O",
            "O",
            "O",
            "O",
            "O",
            "O",
            "O",
            "O",
            "O",
            "O"
        ]
    },
    {
        "words": [
            "FIFO",
            "with",
            "3",
            "frames",
            "CS",
            "1550",
            "\u2013",
            "Operating",
            "Systems",
            "\u2013",
            "Sherif",
            "Khattab",
            "10"
        ],
        "labels": [
            "B",
            "O",
            "O",
            "O",
            "O",
            "O",
            "O",
            "O",
            "O",
            "O",
            "O",
            "O",
            "O"
        ]
    },
    {
        "words": [
            "FIFO",
            "Example",
            "1",
            "CS",
            "1550",
            "\u2013",
            "Operating",
            "Systems",
            "\u2013",
            "Sherif",
            "Khattab",
            "11"
        ],
        "labels": [
            "B",
            "O",
            "O",
            "O",
            "O",
            "O",
            "O",
            "O",
            "O",
            "O",
            "O",
            "O"
        ]
    },
    {
        "words": [
            "FIFO",
            "with",
            "4",
            "frames",
            "CS",
            "1550",
            "\u2013",
            "Operating",
            "Systems",
            "\u2013",
            "Sherif",
            "Khattab",
            "12"
        ],
        "labels": [
            "B",
            "O",
            "O",
            "O",
            "O",
            "O",
            "O",
            "O",
            "O",
            "O",
            "O",
            "O",
            "O"
        ]
    },
    {
        "words": [
            "Belady",
            "\u2019",
            "s",
            "anomaly",
            "\u2022",
            "Reduce",
            "the",
            "number",
            "of",
            "page",
            "faults",
            "by",
            "supplying",
            "more",
            "memory",
            "\u2022",
            "Use",
            "previous",
            "reference",
            "string",
            "and",
            "FIFO",
            "algorithm",
            "\u2022",
            "Add",
            "another",
            "page",
            "to",
            "physical",
            "memory",
            "(",
            "total",
            "4",
            "pages",
            ")",
            "\u2022",
            "More",
            "page",
            "faults",
            "(",
            "10",
            "vs.",
            "9",
            ")",
            ",",
            "not",
            "fewer",
            "!",
            "\u2022",
            "This",
            "is",
            "called",
            "Belady",
            "\u2019",
            "s",
            "anomaly",
            "\u2022",
            "Adding",
            "more",
            "pages",
            "shouldn",
            "\u2019",
            "t",
            "result",
            "in",
            "worse",
            "performance",
            "!",
            "\u2022",
            "Motivated",
            "the",
            "study",
            "of",
            "paging",
            "algorithms",
            "CS",
            "1550",
            "\u2013",
            "Operating",
            "Systems",
            "\u2013",
            "Sherif",
            "Khattab",
            "13"
        ],
        "labels": [
            "B",
            "I",
            "I",
            "I",
            "O",
            "O",
            "O",
            "O",
            "O",
            "O",
            "O",
            "O",
            "O",
            "O",
            "O",
            "O",
            "O",
            "O",
            "O",
            "O",
            "O",
            "B",
            "O",
            "O",
            "O",
            "O",
            "O",
            "O",
            "O",
            "O",
            "O",
            "O",
            "O",
            "O",
            "O",
            "O",
            "O",
            "O",
            "O",
            "O",
            "O",
            "O",
            "O",
            "O",
            "O",
            "O",
            "O",
            "O",
            "O",
            "O",
            "O",
            "O",
            "B",
            "I",
            "I",
            "I",
            "O",
            "O",
            "O",
            "O",
            "O",
            "O",
            "O",
            "O",
            "O",
            "O",
            "O",
            "O",
            "O",
            "O",
            "O",
            "O",
            "O",
            "O",
            "O",
            "O",
            "O",
            "O",
            "O",
            "O",
            "O",
            "O",
            "O",
            "O"
        ]
    },
    {
        "words": [
            "CLOCK",
            "Simulation",
            "CS",
            "1550",
            "\u2013",
            "Operating",
            "Systems",
            "\u2013",
            "Sherif",
            "Khattab",
            "14"
        ],
        "labels": [
            "B",
            "I",
            "O",
            "O",
            "O",
            "O",
            "O",
            "O",
            "O",
            "O",
            "O"
        ]
    },
    {
        "words": [
            "Modeling",
            "more",
            "replacement",
            "algorithms",
            "\u2022",
            "Paging",
            "system",
            "characterized",
            "by",
            ":",
            "\u2022",
            "Reference",
            "string",
            "of",
            "executing",
            "process",
            "\u2022",
            "Page",
            "replacement",
            "algorithm",
            "\u2022",
            "Number",
            "of",
            "page",
            "frames",
            "available",
            "in",
            "physical",
            "memory",
            "(",
            "m",
            ")",
            "\u2022",
            "Model",
            "this",
            "by",
            "keeping",
            "track",
            "of",
            "all",
            "n",
            "pages",
            "referenced",
            "in",
            "array",
            "M",
            "\u2022",
            "Top",
            "part",
            "of",
            "M",
            "has",
            "m",
            "pages",
            "in",
            "memory",
            "\u2022",
            "Bottom",
            "part",
            "of",
            "M",
            "has",
            "n-m",
            "pages",
            "stored",
            "on",
            "disk",
            "\u2022",
            "Page",
            "replacement",
            "occurs",
            "when",
            "page",
            "moves",
            "from",
            "top",
            "to",
            "bottom",
            "\u2022",
            "Top",
            "and",
            "bottom",
            "parts",
            "may",
            "be",
            "rearranged",
            "without",
            "causing",
            "movement",
            "between",
            "memory",
            "and",
            "disk",
            "CS",
            "1550",
            "\u2013",
            "Operating",
            "Systems",
            "\u2013",
            "Sherif",
            "Khattab",
            "15"
        ],
        "labels": [
            "O",
            "O",
            "O",
            "O",
            "O",
            "O",
            "O",
            "O",
            "O",
            "O",
            "O",
            "O",
            "O",
            "O",
            "O",
            "O",
            "O",
            "O",
            "O",
            "O",
            "O",
            "O",
            "O",
            "O",
            "O",
            "O",
            "O",
            "O",
            "O",
            "O",
            "O",
            "O",
            "O",
            "O",
            "O",
            "O",
            "O",
            "O",
            "O",
            "O",
            "O",
            "O",
            "O",
            "O",
            "O",
            "O",
            "O",
            "O",
            "O",
            "O",
            "O",
            "O",
            "O",
            "O",
            "O",
            "O",
            "O",
            "O",
            "O",
            "O",
            "O",
            "O",
            "O",
            "O",
            "O",
            "O",
            "O",
            "O",
            "O",
            "O",
            "O",
            "O",
            "O",
            "O",
            "O",
            "O",
            "O",
            "O",
            "O",
            "O",
            "O",
            "O",
            "O",
            "O",
            "O",
            "O",
            "O",
            "O",
            "O",
            "O",
            "O",
            "O",
            "O",
            "O",
            "O",
            "O",
            "O",
            "O",
            "O",
            "O",
            "O",
            "O"
        ]
    },
    {
        "words": [
            "Example",
            ":",
            "LRU",
            "\u2022",
            "Model",
            "LRU",
            "replacement",
            "with",
            "\u2022",
            "8",
            "unique",
            "references",
            "in",
            "the",
            "reference",
            "string",
            "\u2022",
            "4",
            "pages",
            "of",
            "physical",
            "memory",
            "\u2022",
            "Array",
            "state",
            "over",
            "time",
            "shown",
            "below",
            "\u2022",
            "LRU",
            "treats",
            "list",
            "of",
            "pages",
            "like",
            "a",
            "stack",
            "0",
            "2",
            "1",
            "3",
            "5",
            "4",
            "6",
            "3",
            "7",
            "4",
            "7",
            "3",
            "3",
            "5",
            "5",
            "3",
            "1",
            "1",
            "1",
            "7",
            "1",
            "3",
            "4",
            "1",
            "0",
            "2",
            "1",
            "3",
            "5",
            "4",
            "6",
            "3",
            "7",
            "4",
            "7",
            "3",
            "3",
            "5",
            "5",
            "3",
            "1",
            "1",
            "1",
            "7",
            "1",
            "3",
            "4",
            "1",
            "0",
            "2",
            "1",
            "3",
            "5",
            "4",
            "6",
            "3",
            "7",
            "4",
            "7",
            "7",
            "3",
            "3",
            "5",
            "3",
            "3",
            "3",
            "1",
            "7",
            "1",
            "3",
            "4",
            "0",
            "2",
            "1",
            "3",
            "5",
            "4",
            "6",
            "3",
            "3",
            "4",
            "4",
            "7",
            "7",
            "7",
            "5",
            "5",
            "5",
            "3",
            "3",
            "7",
            "1",
            "3",
            "0",
            "2",
            "1",
            "3",
            "5",
            "4",
            "6",
            "6",
            "6",
            "6",
            "4",
            "4",
            "4",
            "7",
            "7",
            "7",
            "5",
            "5",
            "5",
            "7",
            "7",
            "0",
            "2",
            "1",
            "1",
            "5",
            "5",
            "5",
            "5",
            "5",
            "6",
            "6",
            "6",
            "4",
            "4",
            "4",
            "4",
            "4",
            "4",
            "5",
            "5",
            "0",
            "2",
            "2",
            "1",
            "1",
            "1",
            "1",
            "1",
            "1",
            "1",
            "1",
            "6",
            "6",
            "6",
            "6",
            "6",
            "6",
            "6",
            "6",
            "0",
            "0",
            "2",
            "2",
            "2",
            "2",
            "2",
            "2",
            "2",
            "2",
            "2",
            "2",
            "2",
            "2",
            "2",
            "2",
            "2",
            "2",
            "0",
            "0",
            "0",
            "0",
            "0",
            "0",
            "0",
            "0",
            "0",
            "0",
            "0",
            "0",
            "0",
            "0",
            "0",
            "0",
            "CS",
            "1550",
            "\u2013",
            "Operating",
            "Systems",
            "\u2013",
            "Sherif",
            "Khattab",
            "16"
        ],
        "labels": [
            "B",
            "I",
            "B",
            "O",
            "O",
            "B",
            "O",
            "O",
            "O",
            "O",
            "O",
            "O",
            "O",
            "O",
            "O",
            "O",
            "O",
            "O",
            "O",
            "O",
            "O",
            "O",
            "O",
            "O",
            "O",
            "O",
            "O",
            "O",
            "O",
            "O",
            "B",
            "O",
            "O",
            "O",
            "O",
            "O",
            "O",
            "O",
            "O",
            "O",
            "O",
            "O",
            "O",
            "O",
            "O",
            "O",
            "O",
            "O",
            "O",
            "O",
            "O",
            "O",
            "O",
            "O",
            "O",
            "O",
            "O",
            "O",
            "O",
            "O",
            "O",
            "O",
            "O",
            "O",
            "O",
            "O",
            "O",
            "O",
            "O",
            "O",
            "O",
            "O",
            "O",
            "O",
            "O",
            "O",
            "O",
            "O",
            "O",
            "O",
            "O",
            "O",
            "O",
            "O",
            "O",
            "O",
            "O",
            "O",
            "O",
            "O",
            "O",
            "O",
            "O",
            "O",
            "O",
            "O",
            "O",
            "O",
            "O",
            "O",
            "O",
            "O",
            "O",
            "O",
            "O",
            "O",
            "O",
            "O",
            "O",
            "O",
            "O",
            "O",
            "O",
            "O",
            "O",
            "O",
            "O",
            "O",
            "O",
            "O",
            "O",
            "O",
            "O",
            "O",
            "O",
            "O",
            "O",
            "O",
            "O",
            "O",
            "O",
            "O",
            "O",
            "O",
            "O",
            "O",
            "O",
            "O",
            "O",
            "O",
            "O",
            "O",
            "O",
            "O",
            "O",
            "O",
            "O",
            "O",
            "O",
            "O",
            "O",
            "O",
            "O",
            "O",
            "O",
            "O",
            "O",
            "O",
            "O",
            "O",
            "O",
            "O",
            "O",
            "O",
            "O",
            "O",
            "O",
            "O",
            "O",
            "O",
            "O",
            "O",
            "O",
            "O",
            "O",
            "O",
            "O",
            "O",
            "O",
            "O",
            "O",
            "O",
            "O",
            "O",
            "O",
            "O",
            "O",
            "O",
            "O",
            "O",
            "O",
            "O",
            "O",
            "O",
            "O",
            "O",
            "O",
            "O",
            "O",
            "O",
            "O",
            "O",
            "O",
            "O",
            "O",
            "O",
            "O",
            "O",
            "O",
            "O",
            "O",
            "O",
            "O",
            "O",
            "O",
            "O",
            "O",
            "O",
            "O",
            "O",
            "O",
            "O",
            "O",
            "O",
            "O",
            "O",
            "O",
            "O",
            "O",
            "O",
            "O",
            "O",
            "O",
            "O"
        ]
    },
    {
        "words": [
            "Stack",
            "algorithms",
            "\u2022",
            "LRU",
            "is",
            "an",
            "example",
            "of",
            "a",
            "stack",
            "algorithm",
            "\u2022",
            "For",
            "stack",
            "algorithms",
            "\u2022",
            "Any",
            "page",
            "in",
            "memory",
            "with",
            "m",
            "physical",
            "pages",
            "is",
            "also",
            "in",
            "memory",
            "with",
            "m+1",
            "physical",
            "pages",
            "\u2022",
            "Increasing",
            "memory",
            "size",
            "is",
            "guaranteed",
            "to",
            "reduce",
            "(",
            "or",
            "at",
            "least",
            "not",
            "increase",
            ")",
            "the",
            "number",
            "of",
            "page",
            "faults",
            "\u2022",
            "Stack",
            "algorithms",
            "do",
            "not",
            "suffer",
            "from",
            "Belady",
            "\u2019",
            "s",
            "anomaly",
            "\u2022",
            "Distance",
            "of",
            "a",
            "reference",
            "==",
            "position",
            "of",
            "the",
            "page",
            "in",
            "the",
            "stack",
            "before",
            "the",
            "reference",
            "was",
            "made",
            "\u2022",
            "Distance",
            "is",
            "\uf0a5",
            "if",
            "no",
            "reference",
            "had",
            "been",
            "made",
            "before",
            "\u2022",
            "Distance",
            "depends",
            "on",
            "reference",
            "string",
            "and",
            "paging",
            "algorithm",
            ":",
            "might",
            "be",
            "different",
            "for",
            "LRU",
            "and",
            "optimal",
            "(",
            "both",
            "stack",
            "algorithms",
            ")",
            "CS",
            "1550",
            "\u2013",
            "Operating",
            "Systems",
            "\u2013",
            "Sherif",
            "Khattab",
            "17"
        ],
        "labels": [
            "B",
            "I",
            "O",
            "B",
            "O",
            "O",
            "O",
            "O",
            "O",
            "O",
            "O",
            "O",
            "O",
            "O",
            "O",
            "O",
            "O",
            "O",
            "O",
            "O",
            "O",
            "O",
            "O",
            "O",
            "O",
            "O",
            "O",
            "O",
            "O",
            "O",
            "O",
            "O",
            "O",
            "O",
            "O",
            "O",
            "O",
            "O",
            "O",
            "O",
            "O",
            "O",
            "O",
            "O",
            "O",
            "O",
            "O",
            "O",
            "O",
            "O",
            "O",
            "O",
            "O",
            "B",
            "I",
            "O",
            "O",
            "O",
            "O",
            "B",
            "I",
            "I",
            "I",
            "O",
            "O",
            "O",
            "O",
            "O",
            "O",
            "O",
            "O",
            "O",
            "O",
            "O",
            "O",
            "O",
            "O",
            "O",
            "O",
            "O",
            "O",
            "O",
            "O",
            "O",
            "O",
            "O",
            "O",
            "O",
            "O",
            "O",
            "O",
            "O",
            "O",
            "O",
            "O",
            "O",
            "O",
            "O",
            "O",
            "O",
            "O",
            "O",
            "O",
            "O",
            "O",
            "O",
            "B",
            "O",
            "O",
            "O",
            "O",
            "O",
            "O",
            "O",
            "O",
            "O",
            "O",
            "O",
            "O",
            "O",
            "O",
            "O",
            "O"
        ]
    },
    {
        "words": [
            "Predicting",
            "page",
            "fault",
            "rates",
            "using",
            "distance",
            "\u2022",
            "Distance",
            "can",
            "be",
            "used",
            "to",
            "predict",
            "page",
            "fault",
            "rates",
            "\u2022",
            "Make",
            "a",
            "single",
            "pass",
            "over",
            "the",
            "reference",
            "string",
            "to",
            "generate",
            "the",
            "distance",
            "string",
            "on-the-fly",
            "\u2022",
            "Keep",
            "an",
            "array",
            "of",
            "counts",
            "\u2022",
            "Entry",
            "j",
            "counts",
            "the",
            "number",
            "of",
            "times",
            "distance",
            "j",
            "occurs",
            "in",
            "the",
            "distance",
            "string",
            "\u2022",
            "The",
            "number",
            "of",
            "page",
            "faults",
            "for",
            "a",
            "memory",
            "of",
            "size",
            "m",
            "is",
            "the",
            "sum",
            "of",
            "the",
            "counts",
            "for",
            "j",
            ">",
            "m",
            "\u2022",
            "This",
            "can",
            "be",
            "done",
            "in",
            "a",
            "single",
            "pass",
            "!",
            "\u2022",
            "Makes",
            "for",
            "fast",
            "simulations",
            "of",
            "page",
            "replacement",
            "algorithms",
            "\u2022",
            "This",
            "is",
            "why",
            "virtual",
            "memory",
            "theorists",
            "like",
            "stack",
            "algorithms",
            "!",
            "CS",
            "1550",
            "\u2013",
            "Operating",
            "Systems",
            "\u2013",
            "Sherif",
            "Khattab",
            "18"
        ],
        "labels": [
            "B",
            "I",
            "I",
            "I",
            "I",
            "I",
            "O",
            "O",
            "O",
            "O",
            "O",
            "O",
            "O",
            "O",
            "O",
            "O",
            "O",
            "O",
            "O",
            "O",
            "O",
            "O",
            "O",
            "O",
            "O",
            "O",
            "O",
            "O",
            "O",
            "O",
            "O",
            "O",
            "O",
            "O",
            "O",
            "O",
            "O",
            "O",
            "O",
            "O",
            "O",
            "O",
            "O",
            "O",
            "O",
            "O",
            "O",
            "O",
            "O",
            "O",
            "O",
            "O",
            "O",
            "O",
            "O",
            "O",
            "O",
            "O",
            "O",
            "O",
            "O",
            "O",
            "O",
            "O",
            "O",
            "O",
            "O",
            "O",
            "O",
            "O",
            "O",
            "O",
            "O",
            "O",
            "O",
            "O",
            "O",
            "O",
            "O",
            "O",
            "O",
            "O",
            "O",
            "O",
            "O",
            "O",
            "O",
            "O",
            "O",
            "O",
            "O",
            "O",
            "O",
            "O",
            "O",
            "O",
            "O",
            "O",
            "O",
            "O",
            "O",
            "O",
            "O",
            "O",
            "O",
            "O",
            "O",
            "O",
            "O",
            "O",
            "O",
            "O",
            "O"
        ]
    },
    {
        "words": [
            "LRU",
            "CS",
            "1550",
            "\u2013",
            "Operating",
            "Systems",
            "\u2013",
            "Sherif",
            "Khattab",
            "19"
        ],
        "labels": [
            "B",
            "O",
            "O",
            "O",
            "O",
            "O",
            "O",
            "O",
            "O",
            "O"
        ]
    },
    {
        "words": [
            "OPT",
            "CS",
            "1550",
            "\u2013",
            "Operating",
            "Systems",
            "\u2013",
            "Sherif",
            "Khattab",
            "20"
        ],
        "labels": [
            "B",
            "O",
            "O",
            "O",
            "O",
            "O",
            "O",
            "O",
            "O",
            "O"
        ]
    }
]