[
    {
        "words": [
            "Introduction",
            "to",
            "Operating",
            "Systems",
            "CS",
            "1550",
            "Spring",
            "2022",
            "Sherif",
            "Khattab",
            "ksm73",
            "@",
            "pitt.edu",
            "(",
            "Some",
            "slides",
            "are",
            "from",
            "Silberschatz",
            ",",
            "Galvin",
            "and",
            "Gagne",
            "\u00a92013",
            ")"
        ],
        "labels": [
            "O",
            "O",
            "O",
            "O",
            "O",
            "O",
            "O",
            "O",
            "O",
            "O",
            "O",
            "O",
            "O",
            "O",
            "O",
            "O",
            "O",
            "O",
            "O",
            "O",
            "O",
            "O",
            "O",
            "O",
            "O"
        ]
    },
    {
        "words": [
            "Announcements",
            "\u2022",
            "Upcoming",
            "deadlines",
            ":",
            "\u2022",
            "Quiz",
            "2",
            ":",
            "due",
            "on",
            "3/25",
            "\u2022",
            "Homework",
            "9",
            ":",
            "due",
            "on",
            "3/28",
            "\u2022",
            "Lab",
            "3",
            ":",
            "due",
            "on",
            "4/1",
            "\u2022",
            "Project",
            "3",
            ":",
            "due",
            "on",
            "4/11",
            "CS",
            "1550",
            "\u2013",
            "Operating",
            "Systems",
            "\u2013",
            "Sherif",
            "Khattab",
            "2"
        ],
        "labels": [
            "O",
            "O",
            "O",
            "O",
            "O",
            "O",
            "O",
            "O",
            "O",
            "O",
            "O",
            "O",
            "O",
            "O",
            "O",
            "O",
            "O",
            "O",
            "O",
            "O",
            "O",
            "O",
            "O",
            "O",
            "O",
            "O",
            "O",
            "O",
            "O",
            "O",
            "O",
            "O",
            "O",
            "O",
            "O",
            "O",
            "O",
            "O",
            "O",
            "O",
            "O",
            "O"
        ]
    },
    {
        "words": [
            "Previous",
            "Lecture",
            "\u2026",
            "\u2022",
            "Tracing",
            "page",
            "replacement",
            "algorithms",
            "\u2022",
            "FIFO",
            "and",
            "CLOCK",
            "\u2022",
            "LRU",
            "and",
            "OPT",
            "CS",
            "1550",
            "\u2013",
            "Operating",
            "Systems",
            "\u2013",
            "Sherif",
            "Khattab",
            "3"
        ],
        "labels": [
            "O",
            "O",
            "O",
            "O",
            "B",
            "I",
            "I",
            "I",
            "O",
            "B",
            "O",
            "B",
            "O",
            "B",
            "O",
            "B",
            "O",
            "O",
            "O",
            "O",
            "O",
            "O",
            "O",
            "O",
            "O"
        ]
    },
    {
        "words": [
            "Muddiest",
            "Points",
            "\u2022",
            "Do",
            "page",
            "evictions",
            "happen",
            "across",
            "processes",
            "?",
            "CS",
            "1550",
            "\u2013",
            "Operating",
            "Systems",
            "\u2013",
            "Sherif",
            "Khattab",
            "4"
        ],
        "labels": [
            "O",
            "O",
            "O",
            "B",
            "I",
            "I",
            "I",
            "I",
            "I",
            "I",
            "O",
            "O",
            "O",
            "O",
            "O",
            "O",
            "O",
            "O",
            "O"
        ]
    },
    {
        "words": [
            "Local",
            "vs.",
            "global",
            "allocation",
            "policies",
            "\u25fc",
            "What",
            "is",
            "the",
            "pool",
            "of",
            "pages",
            "eligible",
            "to",
            "be",
            "replaced",
            "?",
            "\u25fc",
            "Pages",
            "belonging",
            "to",
            "the",
            "process",
            "Last",
            "access",
            "time",
            "needing",
            "a",
            "new",
            "page",
            "Page",
            "\u25fc",
            "All",
            "pages",
            "in",
            "the",
            "system",
            "A0",
            "14",
            "\u25fc",
            "Local",
            "allocation",
            ":",
            "replace",
            "a",
            "page",
            "A1",
            "12",
            "Local",
            "from",
            "this",
            "process",
            "A2",
            "8",
            "allocation",
            "\u25fc",
            "May",
            "be",
            "more",
            "\u201c",
            "fair",
            "\u201d",
            ":",
            "penalize",
            "A3",
            "A4",
            "5",
            "A4",
            "processes",
            "that",
            "replace",
            "many",
            "pages",
            "B0",
            "10",
            "\u25fc",
            "Can",
            "lead",
            "to",
            "poor",
            "performance",
            ":",
            "some",
            "B1",
            "9",
            "processes",
            "need",
            "more",
            "pages",
            "than",
            "A4",
            "B2",
            "3",
            "Global",
            "others",
            "C0",
            "16",
            "allocation",
            "\u25fc",
            "Global",
            "allocation",
            ":",
            "replace",
            "a",
            "page",
            "C1",
            "12",
            "from",
            "any",
            "process",
            "C2",
            "8",
            "C3",
            "5",
            "C4",
            "4",
            "CS",
            "1550",
            "\u2013",
            "Operating",
            "Systems",
            "\u2013",
            "Sherif",
            "Khattab",
            "5"
        ],
        "labels": [
            "O",
            "O",
            "O",
            "O",
            "O",
            "O",
            "O",
            "O",
            "O",
            "O",
            "O",
            "O",
            "O",
            "O",
            "O",
            "O",
            "O",
            "O",
            "O",
            "O",
            "O",
            "O",
            "O",
            "O",
            "O",
            "O",
            "O",
            "O",
            "O",
            "O",
            "O",
            "O",
            "O",
            "O",
            "O",
            "O",
            "O",
            "O",
            "O",
            "O",
            "O",
            "O",
            "O",
            "O",
            "O",
            "O",
            "O",
            "O",
            "O",
            "O",
            "O",
            "O",
            "O",
            "O",
            "O",
            "O",
            "O",
            "O",
            "O",
            "O",
            "O",
            "O",
            "O",
            "O",
            "O",
            "O",
            "O",
            "O",
            "O",
            "O",
            "O",
            "O",
            "O",
            "O",
            "O",
            "O",
            "O",
            "O",
            "O",
            "O",
            "O",
            "O",
            "O",
            "O",
            "O",
            "O",
            "O",
            "O",
            "O",
            "O",
            "O",
            "O",
            "O",
            "O",
            "O",
            "O",
            "O",
            "O",
            "O",
            "O",
            "O",
            "O",
            "O",
            "O",
            "O",
            "O",
            "O",
            "O",
            "O",
            "O",
            "O",
            "O",
            "O",
            "O",
            "O",
            "O",
            "O",
            "O",
            "O",
            "O",
            "O",
            "O",
            "O",
            "O",
            "O"
        ]
    },
    {
        "words": [
            "Muddiest",
            "Points",
            "\u25fc",
            "what",
            "measures",
            "do",
            "modern",
            "operating",
            "systems",
            "take",
            "in",
            "order",
            "to",
            "minimize",
            "thrashing",
            "?",
            "CS",
            "1550",
            "\u2013",
            "Operating",
            "Systems",
            "\u2013",
            "Sherif",
            "Khattab",
            "6"
        ],
        "labels": [
            "O",
            "O",
            "O",
            "O",
            "O",
            "O",
            "O",
            "O",
            "O",
            "O",
            "O",
            "O",
            "O",
            "O",
            "O",
            "O",
            "O",
            "O",
            "O",
            "O",
            "O",
            "O",
            "O",
            "O",
            "O"
        ]
    },
    {
        "words": [
            "Page",
            "fault",
            "rate",
            "vs.",
            "allocated",
            "frames",
            "\u25fc",
            "Local",
            "allocation",
            "may",
            "be",
            "more",
            "\u201c",
            "fair",
            "\u201d",
            "\u25fc",
            "Don",
            "\u2019",
            "t",
            "penalize",
            "other",
            "processes",
            "for",
            "high",
            "page",
            "fault",
            "rate",
            "\u25fc",
            "Global",
            "allocation",
            "is",
            "better",
            "for",
            "overall",
            "system",
            "performance",
            "\u25fc",
            "Take",
            "page",
            "frames",
            "from",
            "processes",
            "that",
            "don",
            "\u2019",
            "t",
            "need",
            "them",
            "as",
            "much",
            "\u25fc",
            "Reduce",
            "the",
            "overall",
            "page",
            "fault",
            "rate",
            "(",
            "even",
            "though",
            "rate",
            "for",
            "a",
            "single",
            "process",
            "may",
            "go",
            "up",
            ")",
            "CS",
            "1550",
            "\u2013",
            "Operating",
            "Systems",
            "\u2013",
            "Sherif",
            "Khattab",
            "7"
        ],
        "labels": [
            "B",
            "I",
            "I",
            "O",
            "O",
            "O",
            "O",
            "O",
            "O",
            "O",
            "O",
            "O",
            "O",
            "O",
            "O",
            "O",
            "O",
            "O",
            "O",
            "O",
            "O",
            "O",
            "O",
            "O",
            "O",
            "O",
            "O",
            "O",
            "O",
            "O",
            "O",
            "O",
            "O",
            "O",
            "O",
            "O",
            "O",
            "O",
            "O",
            "O",
            "O",
            "O",
            "O",
            "O",
            "O",
            "O",
            "O",
            "O",
            "O",
            "O",
            "O",
            "O",
            "O",
            "O",
            "O",
            "O",
            "O",
            "O",
            "O",
            "O",
            "O",
            "O",
            "O",
            "O",
            "O",
            "O",
            "O",
            "O",
            "O",
            "O",
            "O",
            "O",
            "O",
            "O",
            "O",
            "O",
            "O",
            "O"
        ]
    },
    {
        "words": [
            "Control",
            "overall",
            "page",
            "fault",
            "rate",
            "\u25fc",
            "Despite",
            "good",
            "designs",
            ",",
            "system",
            "may",
            "still",
            "thrash",
            "\u25fc",
            "Most",
            "(",
            "or",
            "all",
            ")",
            "processes",
            "have",
            "high",
            "page",
            "fault",
            "rate",
            "\u25fc",
            "Some",
            "processes",
            "need",
            "more",
            "memory",
            ",",
            "\u2026",
            "\u25fc",
            "but",
            "no",
            "processes",
            "need",
            "less",
            "memory",
            "(",
            "and",
            "could",
            "give",
            "some",
            "up",
            ")",
            "\u25fc",
            "Problem",
            ":",
            "no",
            "way",
            "to",
            "reduce",
            "page",
            "fault",
            "rate",
            "\u25fc",
            "Solution",
            ":",
            "Reduce",
            "number",
            "of",
            "processes",
            "competing",
            "for",
            "memory",
            "\u25fc",
            "Swap",
            "one",
            "or",
            "more",
            "to",
            "disk",
            ",",
            "divide",
            "up",
            "pages",
            "they",
            "held",
            "\u25fc",
            "Reconsider",
            "degree",
            "of",
            "multiprogramming",
            "CS",
            "1550",
            "\u2013",
            "Operating",
            "Systems",
            "\u2013",
            "Sherif",
            "Khattab",
            "8"
        ],
        "labels": [
            "B",
            "I",
            "I",
            "I",
            "I",
            "O",
            "O",
            "O",
            "O",
            "O",
            "O",
            "O",
            "O",
            "O",
            "O",
            "O",
            "O",
            "O",
            "O",
            "O",
            "O",
            "O",
            "O",
            "O",
            "O",
            "O",
            "O",
            "O",
            "O",
            "O",
            "O",
            "O",
            "O",
            "O",
            "O",
            "O",
            "O",
            "O",
            "O",
            "O",
            "O",
            "O",
            "O",
            "O",
            "O",
            "O",
            "O",
            "O",
            "O",
            "O",
            "O",
            "O",
            "O",
            "O",
            "O",
            "O",
            "O",
            "O",
            "O",
            "O",
            "O",
            "O",
            "O",
            "O",
            "O",
            "O",
            "O",
            "O",
            "O",
            "O",
            "O",
            "O",
            "O",
            "O",
            "O",
            "O",
            "O",
            "O",
            "O",
            "O",
            "O",
            "O",
            "O",
            "O",
            "O",
            "O",
            "O",
            "O",
            "O",
            "O",
            "O",
            "O",
            "O",
            "O",
            "O"
        ]
    },
    {
        "words": [
            "Backing",
            "up",
            "an",
            "instruction",
            "\u25fc",
            "Problem",
            ":",
            "page",
            "fault",
            "happens",
            "in",
            "the",
            "middle",
            "of",
            "instruction",
            "execution",
            "\u25fc",
            "Some",
            "changes",
            "may",
            "have",
            "already",
            "happened",
            "\u25fc",
            "Others",
            "may",
            "be",
            "waiting",
            "for",
            "VM",
            "to",
            "be",
            "fixed",
            "\u25fc",
            "Solution",
            ":",
            "undo",
            "all",
            "of",
            "the",
            "changes",
            "made",
            "by",
            "the",
            "instruction",
            "\u25fc",
            "Restart",
            "instruction",
            "from",
            "the",
            "beginning",
            "\u25fc",
            "This",
            "is",
            "easier",
            "on",
            "some",
            "architectures",
            "than",
            "others",
            "\u25fc",
            "Example",
            ":",
            "LW",
            "R1",
            ",",
            "12",
            "(",
            "R2",
            ")",
            "\u25fc",
            "Page",
            "fault",
            "in",
            "fetching",
            "instruction",
            ":",
            "nothing",
            "to",
            "undo",
            "\u25fc",
            "Page",
            "fault",
            "in",
            "getting",
            "value",
            "at",
            "12",
            "(",
            "R2",
            ")",
            ":",
            "restart",
            "instruction",
            "CS",
            "1550",
            "\u2013",
            "Operating",
            "Systems",
            "\u2013",
            "Sherif",
            "Khattab",
            "9"
        ],
        "labels": [
            "B",
            "I",
            "I",
            "I",
            "O",
            "O",
            "O",
            "O",
            "O",
            "O",
            "O",
            "O",
            "O",
            "O",
            "O",
            "O",
            "O",
            "O",
            "O",
            "O",
            "O",
            "O",
            "O",
            "O",
            "O",
            "O",
            "O",
            "O",
            "O",
            "O",
            "O",
            "O",
            "O",
            "O",
            "O",
            "O",
            "O",
            "O",
            "O",
            "O",
            "O",
            "O",
            "O",
            "O",
            "O",
            "O",
            "O",
            "O",
            "O",
            "O",
            "O",
            "O",
            "O",
            "O",
            "O",
            "O",
            "O",
            "O",
            "O",
            "O",
            "O",
            "O",
            "O",
            "O",
            "O",
            "O",
            "O",
            "O",
            "O",
            "O",
            "O",
            "O",
            "O",
            "O",
            "O",
            "O",
            "O",
            "O",
            "O",
            "O",
            "O",
            "O",
            "O",
            "O",
            "O",
            "O",
            "O",
            "O",
            "O",
            "O",
            "O",
            "O",
            "O",
            "O",
            "O",
            "O",
            "O",
            "O",
            "O",
            "O",
            "O",
            "O",
            "O"
        ]
    },
    {
        "words": [
            "Minimum",
            "memory",
            "allocation",
            "to",
            "a",
            "process",
            "\u25fc",
            "Example",
            ":",
            "ADD",
            "(",
            "Rd",
            ")",
            "+",
            ",",
            "(",
            "Rs1",
            ")",
            "+",
            ",",
            "(",
            "Rs2",
            ")",
            "+",
            "\u25fc",
            "Page",
            "fault",
            "in",
            "writing",
            "to",
            "(",
            "Rd",
            ")",
            ":",
            "may",
            "have",
            "to",
            "undo",
            "an",
            "awful",
            "lot\u2026",
            "CS",
            "1550",
            "\u2013",
            "Operating",
            "Systems",
            "\u2013",
            "Sherif",
            "Khattab",
            "10"
        ],
        "labels": [
            "B",
            "I",
            "I",
            "I",
            "I",
            "I",
            "O",
            "O",
            "O",
            "O",
            "O",
            "O",
            "O",
            "O",
            "O",
            "O",
            "O",
            "O",
            "O",
            "O",
            "O",
            "O",
            "O",
            "O",
            "O",
            "O",
            "O",
            "O",
            "O",
            "O",
            "O",
            "O",
            "O",
            "O",
            "O",
            "O",
            "O",
            "O",
            "O",
            "O",
            "O",
            "O",
            "O",
            "O",
            "O",
            "O",
            "O",
            "O",
            "O",
            "O"
        ]
    },
    {
        "words": [
            "Muddiest",
            "Points",
            "\u2022",
            "What",
            "is",
            "disk",
            "write",
            "?",
            "\u2022",
            "What",
            "does",
            "the",
            "*",
            "mean",
            "?",
            "\u2022",
            "CLOCK",
            "\u2022",
            "When",
            "does",
            "the",
            "orbit",
            "(",
            "or",
            "bit",
            "?",
            ")",
            "change",
            "in",
            "the",
            "clock",
            "simulation",
            "(",
            "FIFO/slide",
            "14",
            ")",
            "\u2022",
            "how",
            "does",
            "the",
            "clock",
            "iterate",
            "in",
            "the",
            "example",
            "from",
            "class",
            "?",
            "\u2022",
            "LRU",
            "\u2022",
            "Determining",
            "page",
            "faults",
            "in",
            "LRU",
            "modelling",
            "\u2022",
            "How",
            "to",
            "calculate",
            "the",
            "distance",
            "\u2022",
            "Is",
            "there",
            "a",
            "way",
            "to",
            "easily",
            "determine",
            "the",
            "disk",
            "writes",
            "using",
            "the",
            "LRU",
            "stack",
            "algorithm",
            "?",
            "\u2022",
            "Would",
            "you",
            "please",
            "solve",
            "some",
            "example",
            "for",
            "LRU",
            "and",
            "OPT",
            "?",
            "Thank",
            "you",
            "so",
            "much",
            "CS",
            "1550",
            "\u2013",
            "Operating",
            "Systems",
            "\u2013",
            "Sherif",
            "Khattab",
            "11"
        ],
        "labels": [
            "O",
            "O",
            "O",
            "O",
            "O",
            "O",
            "O",
            "O",
            "O",
            "O",
            "O",
            "O",
            "O",
            "O",
            "O",
            "O",
            "B",
            "O",
            "O",
            "O",
            "O",
            "O",
            "O",
            "O",
            "O",
            "O",
            "O",
            "O",
            "O",
            "O",
            "O",
            "O",
            "O",
            "O",
            "O",
            "O",
            "O",
            "O",
            "O",
            "O",
            "O",
            "O",
            "O",
            "O",
            "O",
            "O",
            "O",
            "O",
            "O",
            "B",
            "O",
            "O",
            "O",
            "O",
            "O",
            "B",
            "O",
            "O",
            "O",
            "O",
            "O",
            "O",
            "O",
            "O",
            "O",
            "O",
            "O",
            "O",
            "O",
            "O",
            "O",
            "O",
            "O",
            "O",
            "O",
            "O",
            "B",
            "O",
            "O",
            "O",
            "O",
            "O",
            "O",
            "O",
            "O",
            "O",
            "O",
            "O",
            "B",
            "O",
            "B",
            "O",
            "O",
            "O",
            "O",
            "O",
            "O",
            "O",
            "O",
            "O",
            "O",
            "O",
            "O",
            "O",
            "O"
        ]
    },
    {
        "words": [
            "Muddiest",
            "Points",
            "\u2022",
            "How",
            "the",
            "tracing",
            "changes",
            "between",
            "different",
            "types",
            "of",
            "scheduling",
            "\u2022",
            "FIFO",
            "\u2022",
            "why",
            "does",
            "FIFO",
            "have",
            "more",
            "page",
            "faults",
            "with",
            "more",
            "memory",
            "(",
            "small",
            "explanation",
            "?",
            ")",
            "?",
            "\u2022",
            "How",
            "to",
            "implement",
            "stack",
            "algorithm",
            "in",
            "code",
            "CS",
            "1550",
            "\u2013",
            "Operating",
            "Systems",
            "\u2013",
            "Sherif",
            "Khattab",
            "12"
        ],
        "labels": [
            "O",
            "O",
            "O",
            "O",
            "O",
            "O",
            "O",
            "O",
            "O",
            "O",
            "O",
            "O",
            "O",
            "B",
            "O",
            "O",
            "O",
            "B",
            "O",
            "O",
            "O",
            "O",
            "O",
            "O",
            "O",
            "O",
            "O",
            "O",
            "O",
            "O",
            "O",
            "O",
            "B",
            "I",
            "I",
            "I",
            "I",
            "I",
            "I",
            "O",
            "O",
            "O",
            "O",
            "O",
            "O",
            "O",
            "O",
            "O"
        ]
    },
    {
        "words": [
            "Muddiest",
            "Points",
            "\u2022",
            "how",
            "to",
            "keep",
            "track",
            "of",
            "larger",
            "tables",
            "that",
            "can",
            "store",
            "more",
            "pages",
            ".",
            "\u2022",
            "Problem",
            "of",
            "the",
            "Day",
            "!",
            "CS",
            "1550",
            "\u2013",
            "Operating",
            "Systems",
            "\u2013",
            "Sherif",
            "Khattab",
            "13"
        ],
        "labels": [
            "O",
            "O",
            "O",
            "O",
            "O",
            "O",
            "O",
            "O",
            "O",
            "O",
            "O",
            "O",
            "O",
            "O",
            "O",
            "O",
            "O",
            "B",
            "I",
            "I",
            "I",
            "O",
            "O",
            "O",
            "O",
            "O",
            "O",
            "O",
            "O",
            "O",
            "O"
        ]
    },
    {
        "words": [
            "Separating",
            "policy",
            "and",
            "mechanism",
            "\u25fc",
            "Mechanism",
            "for",
            "page",
            "replacement",
            "has",
            "to",
            "be",
            "in",
            "kernel",
            "\u25fc",
            "Modifying",
            "page",
            "tables",
            "\u25fc",
            "Reading",
            "and",
            "writing",
            "page",
            "table",
            "entries",
            "\u25fc",
            "Policy",
            "for",
            "deciding",
            "which",
            "pages",
            "to",
            "replace",
            "could",
            "be",
            "in",
            "user",
            "space",
            "\u25fc",
            "More",
            "flexibility",
            "3",
            ".",
            "Request",
            "page",
            "4",
            ".",
            "Page",
            "User",
            "External",
            "User",
            "2",
            ".",
            "Page",
            "needed",
            "arrives",
            "process",
            "pager",
            "space",
            "5",
            ".",
            "Here",
            "is",
            "page",
            "!",
            "Kernel",
            "Fault",
            "MMU",
            "space",
            "1",
            ".",
            "Page",
            "fault",
            "handler",
            "6",
            ".",
            "Map",
            "in",
            "page",
            "handler",
            "CS",
            "1550",
            "\u2013",
            "Operating",
            "Systems",
            "\u2013",
            "Sherif",
            "Khattab",
            "14"
        ],
        "labels": [
            "B",
            "I",
            "O",
            "O",
            "O",
            "O",
            "O",
            "O",
            "O",
            "O",
            "O",
            "O",
            "O",
            "O",
            "O",
            "O",
            "O",
            "O",
            "O",
            "O",
            "O",
            "O",
            "O",
            "O",
            "O",
            "O",
            "B",
            "I",
            "I",
            "I",
            "I",
            "I",
            "I",
            "I",
            "I",
            "I",
            "I",
            "I",
            "O",
            "O",
            "O",
            "O",
            "O",
            "O",
            "O",
            "O",
            "O",
            "O",
            "O",
            "O",
            "O",
            "O",
            "O",
            "O",
            "O",
            "O",
            "O",
            "O",
            "O",
            "O",
            "O",
            "O",
            "O",
            "O",
            "O",
            "O",
            "O",
            "O",
            "O",
            "O",
            "O",
            "O",
            "O",
            "O",
            "O",
            "O",
            "O",
            "O",
            "O",
            "O",
            "O",
            "O",
            "O",
            "O",
            "O",
            "O",
            "O",
            "O",
            "O"
        ]
    },
    {
        "words": [
            "Separating",
            "Policy",
            "and",
            "Mechanism",
            "for",
            "Page",
            "Replacement",
            "CS",
            "1550",
            "\u2013",
            "Operating",
            "Systems",
            "\u2013",
            "Sherif",
            "Khattab",
            "15"
        ],
        "labels": [
            "B",
            "I",
            "O",
            "O",
            "O",
            "O",
            "O",
            "O",
            "O",
            "O",
            "O",
            "O",
            "O",
            "O",
            "O",
            "O"
        ]
    },
    {
        "words": [
            "Project",
            "3",
            ":",
            "OPT",
            "Simulation",
            "CS",
            "1550",
            "\u2013",
            "Operating",
            "Systems",
            "\u2013",
            "Sherif",
            "Khattab",
            "16"
        ],
        "labels": [
            "O",
            "O",
            "O",
            "B",
            "I",
            "O",
            "O",
            "O",
            "O",
            "O",
            "O",
            "O",
            "O",
            "O"
        ]
    },
    {
        "words": [
            "OPT",
            "Implementation",
            "Example",
            "CS",
            "1550",
            "\u2013",
            "Operating",
            "Systems",
            "\u2013",
            "Sherif",
            "Khattab",
            "17"
        ],
        "labels": [
            "B",
            "I",
            "I",
            "O",
            "O",
            "O",
            "O",
            "O",
            "O",
            "O",
            "O",
            "O"
        ]
    },
    {
        "words": [
            "Project",
            "3",
            ":",
            "LRU",
            "and",
            "miscellaneous",
            "hints",
            "CS",
            "1550",
            "\u2013",
            "Operating",
            "Systems",
            "\u2013",
            "Sherif",
            "Khattab",
            "18"
        ],
        "labels": [
            "O",
            "O",
            "O",
            "B",
            "O",
            "O",
            "O",
            "O",
            "O",
            "O",
            "O",
            "O",
            "O",
            "O",
            "O",
            "O"
        ]
    },
    {
        "words": [
            "Project",
            "3",
            ":",
            "Writeup",
            "hints",
            "CS",
            "1550",
            "\u2013",
            "Operating",
            "Systems",
            "\u2013",
            "Sherif",
            "Khattab",
            "19"
        ],
        "labels": [
            "O",
            "O",
            "O",
            "B",
            "I",
            "O",
            "O",
            "O",
            "O",
            "O",
            "O",
            "O",
            "O",
            "O"
        ]
    },
    {
        "words": [
            "Problem",
            "of",
            "the",
            "Day",
            "\u2022",
            "How",
            "to",
            "keep",
            "track",
            "of",
            "larger",
            "page",
            "tables",
            "that",
            "can",
            "store",
            "more",
            "pages",
            "\u2022",
            "How",
            "big",
            "can",
            "a",
            "page",
            "table",
            "be",
            "?",
            "\u2022",
            "64-bit",
            "machine",
            "\u2022",
            "4",
            "KB",
            "page",
            "size",
            "\u2022",
            "How",
            "many",
            "pages",
            "?",
            "\u2022",
            "How",
            "many",
            "PTE",
            "?",
            "\u2022",
            "How",
            "big",
            "is",
            "a",
            "PTE",
            "?",
            "\u2022",
            "How",
            "big",
            "is",
            "the",
            "page",
            "table",
            "of",
            "one",
            "process",
            "?",
            "CS",
            "1550",
            "\u2013",
            "Operating",
            "Systems",
            "\u2013",
            "Sherif",
            "Khattab",
            "20"
        ],
        "labels": [
            "B",
            "I",
            "I",
            "I",
            "O",
            "O",
            "O",
            "O",
            "O",
            "O",
            "O",
            "O",
            "O",
            "O",
            "O",
            "O",
            "O",
            "O",
            "O",
            "O",
            "O",
            "O",
            "O",
            "O",
            "O",
            "O",
            "O",
            "O",
            "O",
            "O",
            "O",
            "O",
            "O",
            "O",
            "O",
            "O",
            "O",
            "O",
            "O",
            "O",
            "O",
            "O",
            "O",
            "O",
            "O",
            "O",
            "O",
            "O",
            "O",
            "O",
            "O",
            "O",
            "O",
            "O",
            "O",
            "O",
            "O",
            "O",
            "O",
            "O",
            "O",
            "O",
            "O",
            "O",
            "O",
            "O",
            "O",
            "O",
            "O",
            "O",
            "O",
            "O"
        ]
    }
]