[
    {
        "words": [
            "Introduction",
            "to",
            "Operating",
            "Systems",
            "CS",
            "1550",
            "Spring",
            "2022",
            "Sherif",
            "Khattab",
            "ksm73",
            "@",
            "pitt.edu",
            "(",
            "Some",
            "slides",
            "are",
            "from",
            "Silberschatz",
            ",",
            "Galvin",
            "and",
            "Gagne",
            "\u00a92013",
            ")"
        ],
        "labels": [
            "O",
            "O",
            "B",
            "I",
            "O",
            "O",
            "O",
            "O",
            "O",
            "O",
            "O",
            "O",
            "O",
            "O",
            "O",
            "O",
            "O",
            "O",
            "O",
            "O",
            "O",
            "O",
            "O",
            "O",
            "O"
        ]
    },
    {
        "words": [
            "Announcements",
            "\u2022",
            "Upcoming",
            "deadlines",
            ":",
            "\u2022",
            "Homework",
            "10",
            ":",
            "due",
            "on",
            "4/11",
            "\u2022",
            "Project",
            "3",
            ":",
            "due",
            "on",
            "4/11",
            "\u2022",
            "Lab",
            "4",
            ":",
            "due",
            "on",
            "4/15",
            "CS",
            "1550",
            "\u2013",
            "Operating",
            "Systems",
            "\u2013",
            "Sherif",
            "Khattab",
            "2"
        ],
        "labels": [
            "O",
            "O",
            "O",
            "O",
            "O",
            "O",
            "O",
            "O",
            "O",
            "O",
            "O",
            "O",
            "O",
            "O",
            "O",
            "O",
            "O",
            "O",
            "O",
            "O",
            "O",
            "O",
            "O",
            "O",
            "O",
            "O",
            "O",
            "O",
            "O",
            "B",
            "I",
            "O",
            "O",
            "O",
            "O"
        ]
    },
    {
        "words": [
            "Previous",
            "lecture",
            "\u2026",
            "\u2022",
            "How",
            "to",
            "allocate",
            "disk",
            "blocks",
            "to",
            "files",
            "and",
            "directories",
            "?",
            "\u2022",
            "contiguous",
            "and",
            "linked",
            "CS",
            "1550",
            "\u2013",
            "Operating",
            "Systems",
            "\u2013",
            "Sherif",
            "Khattab",
            "3"
        ],
        "labels": [
            "O",
            "O",
            "O",
            "O",
            "O",
            "O",
            "O",
            "O",
            "O",
            "O",
            "O",
            "O",
            "O",
            "O",
            "O",
            "O",
            "O",
            "O",
            "O",
            "O",
            "O",
            "B",
            "I",
            "O",
            "O",
            "O",
            "O"
        ]
    },
    {
        "words": [
            "Muddiest",
            "Points",
            "(",
            "Memory",
            ")",
            "\u2022",
            "Is",
            "the",
            "reference",
            "bit",
            "initially",
            "set",
            "to",
            "0",
            "or",
            "1",
            "after",
            "a",
            "page",
            "is",
            "loaded",
            "into",
            "memory",
            "following",
            "a",
            "page",
            "fault",
            "?",
            "\u2022",
            "Page",
            "locking",
            "\u2022",
            "Unclear",
            "on",
            "how",
            "to",
            "use",
            "valid",
            "bit",
            "to",
            "indicate",
            "page",
            "fault",
            ".",
            "Is",
            "that",
            "because",
            "valid",
            "bit",
            "==",
            "0",
            "means",
            "the",
            "data",
            "at",
            "this",
            "address",
            "is",
            "invalid",
            ",",
            "so",
            "we",
            "need",
            "to",
            "fetch",
            "a",
            "valid",
            "data",
            "from",
            "disk",
            "?",
            "CS",
            "1550",
            "\u2013",
            "Operating",
            "Systems",
            "\u2013",
            "Sherif",
            "Khattab",
            "4"
        ],
        "labels": [
            "O",
            "O",
            "O",
            "O",
            "O",
            "O",
            "O",
            "O",
            "O",
            "O",
            "O",
            "O",
            "O",
            "O",
            "O",
            "O",
            "O",
            "O",
            "O",
            "O",
            "O",
            "O",
            "O",
            "O",
            "O",
            "O",
            "O",
            "O",
            "O",
            "B",
            "I",
            "O",
            "O",
            "O",
            "O",
            "O",
            "O",
            "O",
            "O",
            "O",
            "O",
            "O",
            "O",
            "O",
            "O",
            "O",
            "O",
            "O",
            "O",
            "O",
            "O",
            "O",
            "O",
            "O",
            "O",
            "O",
            "O",
            "O",
            "O",
            "O",
            "O",
            "O",
            "O",
            "O",
            "O",
            "O",
            "O",
            "O",
            "O",
            "O",
            "O",
            "O",
            "O",
            "O",
            "B",
            "I",
            "O",
            "O",
            "O",
            "O"
        ]
    },
    {
        "words": [
            "Muddiest",
            "Points",
            "(",
            "File",
            "System",
            ")",
            "\u2022",
            "Not",
            "sure",
            "what",
            "the",
            "numbers",
            "in",
            "the",
            "FAT",
            "cells",
            "represent",
            "?",
            "\u2022",
            "Is",
            "it",
            "better",
            "to",
            "the",
            "int",
            "next_block",
            "at",
            "the",
            "beginning",
            "or",
            "end",
            "of",
            "the",
            "structure",
            "?",
            "\u2022",
            "offset",
            "calculation",
            "was",
            "a",
            "little",
            "quick",
            ",",
            "can",
            "we",
            "review",
            "it",
            "\u2022",
            "Logical",
            "to",
            "physical",
            "mapping",
            "calculation",
            "\u2022",
            "Are",
            "block",
            "sizes",
            "all",
            "the",
            "same",
            "when",
            "using",
            "linked",
            "allocation",
            "?",
            "\u2022",
            "What",
            "allocation",
            "method",
            "is",
            "used",
            "most",
            "commonly",
            "in",
            "modern",
            "OS",
            "'s",
            "?",
            "CS",
            "1550",
            "\u2013",
            "Operating",
            "Systems",
            "\u2013",
            "Sherif",
            "Khattab",
            "5"
        ],
        "labels": [
            "O",
            "O",
            "O",
            "B",
            "I",
            "O",
            "O",
            "O",
            "O",
            "O",
            "O",
            "O",
            "O",
            "O",
            "B",
            "O",
            "O",
            "O",
            "O",
            "O",
            "O",
            "O",
            "O",
            "O",
            "O",
            "O",
            "O",
            "O",
            "O",
            "O",
            "O",
            "O",
            "O",
            "O",
            "O",
            "O",
            "O",
            "O",
            "O",
            "O",
            "O",
            "O",
            "O",
            "O",
            "O",
            "O",
            "O",
            "O",
            "O",
            "O",
            "O",
            "O",
            "O",
            "O",
            "O",
            "O",
            "O",
            "O",
            "O",
            "O",
            "O",
            "O",
            "O",
            "O",
            "O",
            "O",
            "O",
            "O",
            "O",
            "O",
            "O",
            "O",
            "O",
            "O",
            "O",
            "O",
            "O",
            "O",
            "O",
            "O",
            "O",
            "B",
            "I",
            "O",
            "O",
            "O",
            "O"
        ]
    },
    {
        "words": [
            "Muddiest",
            "Points",
            "(",
            "Project",
            "3",
            ")",
            "\u2022",
            "Would",
            "you",
            "please",
            "explain",
            "about",
            "project",
            "3",
            "?",
            "CS",
            "1550",
            "\u2013",
            "Operating",
            "Systems",
            "\u2013",
            "Sherif",
            "Khattab",
            "6"
        ],
        "labels": [
            "O",
            "O",
            "O",
            "O",
            "O",
            "O",
            "O",
            "O",
            "O",
            "O",
            "O",
            "O",
            "O",
            "O",
            "O",
            "O",
            "O",
            "O",
            "B",
            "I",
            "O",
            "O",
            "O",
            "O"
        ]
    },
    {
        "words": [
            "Problem",
            "of",
            "the",
            "Day",
            "How",
            "to",
            "allocate",
            "disk",
            "blocks",
            "to",
            "files",
            "and",
            "directories",
            "?",
            "CS",
            "1550",
            "\u2013",
            "Operating",
            "Systems",
            "\u2013",
            "Sherif",
            "Khattab",
            "7"
        ],
        "labels": [
            "B",
            "I",
            "I",
            "I",
            "O",
            "O",
            "O",
            "O",
            "O",
            "O",
            "O",
            "O",
            "O",
            "O",
            "O",
            "O",
            "O",
            "B",
            "I",
            "O",
            "O",
            "O",
            "O"
        ]
    },
    {
        "words": [
            "File",
            "Allocation",
            "Table",
            "(",
            "FAT",
            ")",
            "\u2022",
            "Links",
            "on",
            "disk",
            "are",
            "slow",
            "0",
            "4",
            "1",
            "-1",
            "\u2022",
            "Keep",
            "linked",
            "list",
            "in",
            "memory",
            "2",
            "-1",
            "3",
            "-2",
            "\u2022",
            "Advantage",
            ":",
            "faster",
            "4",
            "-2",
            "5",
            "-1",
            "\u2022",
            "Disadvantages",
            "6",
            "3",
            "B",
            "7",
            "-1",
            "\u2022",
            "Have",
            "to",
            "copy",
            "it",
            "to",
            "disk",
            "at",
            "some",
            "point",
            "8",
            "-1",
            "\u2022",
            "Have",
            "to",
            "keep",
            "in-memory",
            "and",
            "on-disk",
            "9",
            "0",
            "A",
            "10",
            "-1",
            "copy",
            "consistent",
            "11",
            "-1",
            "12",
            "-1",
            "13",
            "-1",
            "14",
            "-1",
            "15",
            "-1",
            "CS",
            "1550",
            "\u2013",
            "Operating",
            "Systems",
            "\u2013",
            "Sherif",
            "Khattab",
            "8"
        ],
        "labels": [
            "B",
            "I",
            "I",
            "O",
            "B",
            "O",
            "O",
            "O",
            "O",
            "O",
            "O",
            "O",
            "O",
            "O",
            "O",
            "O",
            "O",
            "O",
            "O",
            "O",
            "O",
            "O",
            "O",
            "O",
            "O",
            "O",
            "O",
            "O",
            "O",
            "O",
            "O",
            "O",
            "O",
            "O",
            "O",
            "O",
            "O",
            "O",
            "O",
            "O",
            "O",
            "O",
            "O",
            "O",
            "O",
            "O",
            "O",
            "O",
            "O",
            "O",
            "O",
            "O",
            "O",
            "O",
            "O",
            "O",
            "O",
            "O",
            "O",
            "O",
            "O",
            "O",
            "O",
            "O",
            "O",
            "O",
            "O",
            "O",
            "O",
            "O",
            "O",
            "O",
            "O",
            "O",
            "O",
            "O",
            "O",
            "O",
            "O",
            "O",
            "B",
            "I",
            "O",
            "O",
            "O",
            "O"
        ]
    },
    {
        "words": [
            "FAT",
            "Example",
            "CS",
            "1550",
            "\u2013",
            "Operating",
            "Systems",
            "\u2013",
            "Sherif",
            "Khattab",
            "9"
        ],
        "labels": [
            "B",
            "O",
            "O",
            "O",
            "O",
            "B",
            "I",
            "O",
            "O",
            "O",
            "O"
        ]
    },
    {
        "words": [
            "i-node",
            "and",
            "FAT",
            "CS",
            "1550",
            "\u2013",
            "Operating",
            "Systems",
            "\u2013",
            "Sherif",
            "Khattab",
            "10"
        ],
        "labels": [
            "B",
            "O",
            "B",
            "O",
            "O",
            "O",
            "B",
            "I",
            "O",
            "O",
            "O",
            "O"
        ]
    },
    {
        "words": [
            "Using",
            "a",
            "block",
            "index",
            "for",
            "allocation",
            "\u2022",
            "Store",
            "file",
            "block",
            "addresses",
            "in",
            "an",
            "array",
            "Name",
            "index",
            "size",
            "\u2022",
            "Array",
            "itself",
            "is",
            "stored",
            "in",
            "a",
            "grades",
            "4",
            "4802",
            "disk",
            "block",
            "\u2022",
            "Directory",
            "has",
            "a",
            "pointer",
            "to",
            "0",
            "1",
            "2",
            "3",
            "this",
            "disk",
            "block",
            "\u2022",
            "Non-existent",
            "blocks",
            "6",
            "indicated",
            "by",
            "-1",
            "9",
            "4",
            "5",
            "6",
            "7",
            "\u2022",
            "Random",
            "access",
            "easy",
            "7",
            "0",
            "\u2022",
            "Limit",
            "on",
            "file",
            "size",
            "?",
            "8",
            "8",
            "9",
            "10",
            "11",
            "CS",
            "1550",
            "\u2013",
            "Operating",
            "Systems",
            "\u2013",
            "Sherif",
            "Khattab",
            "11"
        ],
        "labels": [
            "B",
            "I",
            "I",
            "I",
            "I",
            "I",
            "O",
            "O",
            "O",
            "O",
            "O",
            "O",
            "O",
            "O",
            "O",
            "O",
            "O",
            "O",
            "O",
            "O",
            "O",
            "O",
            "O",
            "O",
            "O",
            "O",
            "O",
            "O",
            "O",
            "O",
            "O",
            "O",
            "O",
            "O",
            "O",
            "O",
            "O",
            "O",
            "O",
            "O",
            "O",
            "O",
            "O",
            "O",
            "O",
            "O",
            "O",
            "O",
            "O",
            "O",
            "O",
            "O",
            "O",
            "O",
            "O",
            "O",
            "O",
            "O",
            "O",
            "O",
            "O",
            "O",
            "O",
            "O",
            "O",
            "O",
            "O",
            "O",
            "O",
            "O",
            "O",
            "O",
            "O",
            "O",
            "B",
            "I",
            "O",
            "O",
            "O",
            "O"
        ]
    },
    {
        "words": [
            "Max",
            "File",
            "Size",
            "for",
            "Indexed",
            "Allocation",
            "CS",
            "1550",
            "\u2013",
            "Operating",
            "Systems",
            "\u2013",
            "Sherif",
            "Khattab",
            "12"
        ],
        "labels": [
            "B",
            "I",
            "I",
            "I",
            "I",
            "I",
            "O",
            "O",
            "O",
            "B",
            "I",
            "O",
            "O",
            "O",
            "O"
        ]
    },
    {
        "words": [
            "i-node",
            "vs",
            "index",
            "block",
            "CS",
            "1550",
            "\u2013",
            "Operating",
            "Systems",
            "\u2013",
            "Sherif",
            "Khattab",
            "13"
        ],
        "labels": [
            "B",
            "I",
            "I",
            "I",
            "O",
            "O",
            "O",
            "B",
            "I",
            "O",
            "O",
            "O",
            "O"
        ]
    },
    {
        "words": [
            "Unix",
            "Fast",
            "File",
            "System",
            "indexing",
            "scheme",
            "protection",
            "mode",
            "data",
            "owner",
            "&",
            "group",
            "...",
            "data",
            "timestamps",
            "size",
            "data",
            "block",
            "count",
            "\u2022",
            "\u2022",
            "...",
            "data",
            "link",
            "count",
            "\u2022",
            "...",
            "Direct",
            "pointers",
            "\u2022",
            "\u2022",
            "\u2022",
            "\u2022",
            "data",
            "data",
            "...",
            "\u2022",
            "\u2022",
            "single",
            "indirect",
            "\u2022",
            "\u2022",
            "data",
            "\u2022",
            "\u2022",
            "double",
            "indirect",
            "\u2022",
            "\u2022",
            "\u2022",
            "\u2022",
            "data",
            "...",
            "triple",
            "indirect",
            "\u2022",
            "\u2022",
            "\u2022",
            "\u2022",
            "\u2022",
            "\u2022",
            "data",
            "inode",
            "CS",
            "1550",
            "\u2013",
            "Operating",
            "Systems",
            "\u2013",
            "Sherif",
            "Khattab",
            "14"
        ],
        "labels": [
            "B",
            "I",
            "B",
            "I",
            "O",
            "O",
            "O",
            "O",
            "O",
            "O",
            "O",
            "O",
            "O",
            "O",
            "O",
            "O",
            "O",
            "O",
            "O",
            "O",
            "O",
            "O",
            "O",
            "O",
            "O",
            "O",
            "O",
            "O",
            "O",
            "O",
            "O",
            "O",
            "O",
            "O",
            "O",
            "O",
            "O",
            "O",
            "O",
            "O",
            "O",
            "O",
            "O",
            "O",
            "O",
            "O",
            "O",
            "O",
            "O",
            "O",
            "O",
            "O",
            "O",
            "O",
            "O",
            "O",
            "O",
            "O",
            "O",
            "O",
            "O",
            "O",
            "O",
            "O",
            "O",
            "O",
            "B",
            "I",
            "O",
            "O",
            "O",
            "O"
        ]
    },
    {
        "words": [
            "FFS",
            "and",
            "Max",
            "File",
            "Size",
            "CS",
            "1550",
            "\u2013",
            "Operating",
            "Systems",
            "\u2013",
            "Sherif",
            "Khattab",
            "15"
        ],
        "labels": [
            "B",
            "O",
            "O",
            "O",
            "O",
            "O",
            "O",
            "O",
            "B",
            "I",
            "O",
            "O",
            "O",
            "O"
        ]
    },
    {
        "words": [
            "What",
            "\u2019",
            "s",
            "in",
            "a",
            "directory",
            "?",
            "\u2022",
            "Two",
            "types",
            "of",
            "information",
            "\u2022",
            "File",
            "names",
            "\u2022",
            "File",
            "metadata",
            "(",
            "size",
            ",",
            "timestamps",
            ",",
            "etc",
            ".",
            ")",
            "\u2022",
            "Basic",
            "choices",
            "for",
            "directory",
            "information",
            "\u2022",
            "Store",
            "all",
            "information",
            "in",
            "directory",
            "\u2022",
            "Fixed",
            "size",
            "entries",
            "\u2022",
            "Disk",
            "addresses",
            "and",
            "attributes",
            "in",
            "directory",
            "entry",
            "\u2022",
            "Store",
            "names",
            "&",
            "pointers",
            "to",
            "index",
            "nodes",
            "(",
            "i-nodes",
            ")",
            "attributes",
            "games",
            "attributes",
            "games",
            "mail",
            "attributes",
            "mail",
            "attributes",
            "news",
            "attributes",
            "news",
            "attributes",
            "research",
            "attributes",
            "research",
            "attributes",
            "Storing",
            "all",
            "information",
            "Using",
            "pointers",
            "to",
            "in",
            "the",
            "directory",
            "index",
            "nodes",
            "CS",
            "1550",
            "\u2013",
            "Operating",
            "Systems",
            "\u2013",
            "Sherif",
            "Khattab",
            "16"
        ],
        "labels": [
            "O",
            "O",
            "O",
            "O",
            "O",
            "B",
            "O",
            "O",
            "O",
            "O",
            "O",
            "O",
            "O",
            "O",
            "O",
            "O",
            "O",
            "O",
            "O",
            "O",
            "O",
            "O",
            "O",
            "O",
            "O",
            "O",
            "O",
            "O",
            "O",
            "O",
            "B",
            "O",
            "O",
            "O",
            "O",
            "O",
            "O",
            "B",
            "O",
            "O",
            "O",
            "O",
            "O",
            "O",
            "O",
            "O",
            "O",
            "O",
            "B",
            "O",
            "O",
            "O",
            "O",
            "O",
            "O",
            "O",
            "O",
            "O",
            "O",
            "O",
            "O",
            "O",
            "O",
            "O",
            "O",
            "O",
            "O",
            "O",
            "O",
            "O",
            "O",
            "O",
            "O",
            "O",
            "O",
            "O",
            "O",
            "O",
            "O",
            "O",
            "O",
            "O",
            "O",
            "O",
            "O",
            "B",
            "O",
            "O",
            "O",
            "O",
            "O",
            "B",
            "I",
            "O",
            "O",
            "O",
            "O"
        ]
    },
    {
        "words": [
            "Handling",
            "long",
            "file",
            "names",
            "in",
            "a",
            "directory",
            "CS",
            "1550",
            "\u2013",
            "Operating",
            "Systems",
            "\u2013",
            "Sherif",
            "Khattab",
            "17"
        ],
        "labels": [
            "O",
            "O",
            "O",
            "O",
            "O",
            "O",
            "B",
            "O",
            "O",
            "O",
            "B",
            "I",
            "O",
            "O",
            "O",
            "O"
        ]
    },
    {
        "words": [
            "Free",
            "Block",
            "Tracking",
            "10",
            "CS/COE",
            "1550",
            "\u2013",
            "Operating",
            "Systems",
            "\u2013",
            "Sherif",
            "Khattab",
            "18"
        ],
        "labels": [
            "B",
            "I",
            "I",
            "O",
            "O",
            "O",
            "O",
            "B",
            "I",
            "O",
            "O",
            "O",
            "O"
        ]
    },
    {
        "words": [
            "Free",
            "Block",
            "Tracking",
            "Example",
            "1",
            "CS/COE",
            "1550",
            "\u2013",
            "Operating",
            "Systems",
            "\u2013",
            "Sherif",
            "Khattab",
            "19"
        ],
        "labels": [
            "B",
            "I",
            "I",
            "I",
            "I",
            "O",
            "O",
            "O",
            "B",
            "I",
            "O",
            "O",
            "O",
            "O"
        ]
    },
    {
        "words": [
            "Free",
            "Block",
            "Tracking",
            "Example",
            "2",
            "CS/COE",
            "1550",
            "\u2013",
            "Operating",
            "Systems",
            "\u2013",
            "Sherif",
            "Khattab",
            "20"
        ],
        "labels": [
            "B",
            "I",
            "I",
            "I",
            "I",
            "O",
            "O",
            "O",
            "B",
            "I",
            "O",
            "O",
            "O",
            "O"
        ]
    }
]