[
    {
        "words": [
            "Introduction",
            "to",
            "Operating",
            "Systems",
            "CS/COE",
            "1550",
            "Fall",
            "2021",
            "Sherif",
            "Khattab",
            "ksm73",
            "@",
            "pitt.edu",
            "(",
            "Some",
            "slides",
            "are",
            "from",
            "Silberschatz",
            ",",
            "Galvin",
            "and",
            "Gagne",
            "\u00a92013",
            ")"
        ],
        "labels": [
            "O",
            "O",
            "O",
            "O",
            "O",
            "O",
            "O",
            "O",
            "O",
            "O",
            "O",
            "O",
            "O",
            "O",
            "O",
            "O",
            "O",
            "O",
            "O",
            "O",
            "O",
            "O",
            "O",
            "O",
            "O"
        ]
    },
    {
        "words": [
            "Announcements",
            "\u2022",
            "Upcoming",
            "deadlines",
            ":",
            "\u2022",
            "10/25",
            ":",
            "Project",
            "2",
            "(",
            "extended",
            "deadline",
            ")",
            "\u2022",
            "10/29",
            ":",
            "Homework",
            "6",
            "\u2022",
            "11/8",
            ":",
            "Lab",
            "3",
            "CS/COE",
            "1550",
            "\u2013",
            "Operating",
            "Systems",
            "\u2013",
            "Sherif",
            "Khattab",
            "2"
        ],
        "labels": [
            "O",
            "O",
            "O",
            "O",
            "O",
            "O",
            "O",
            "O",
            "O",
            "O",
            "O",
            "O",
            "O",
            "O",
            "O",
            "O",
            "O",
            "O",
            "O",
            "O",
            "O",
            "O",
            "O",
            "O",
            "O",
            "O",
            "O",
            "O",
            "O",
            "O",
            "O",
            "O",
            "O"
        ]
    },
    {
        "words": [
            "Last",
            "Lecture",
            "\u2026",
            "\u2022",
            "Deadlock",
            "prevention",
            "CS/COE",
            "1550",
            "\u2013",
            "Operating",
            "Systems",
            "\u2013",
            "Sherif",
            "Khattab",
            "3"
        ],
        "labels": [
            "O",
            "O",
            "O",
            "O",
            "B",
            "I",
            "O",
            "O",
            "O",
            "O",
            "O",
            "O",
            "O",
            "O",
            "O"
        ]
    },
    {
        "words": [
            "Muddiest",
            "Points",
            "(",
            "Banker",
            "\u2019",
            "s",
            "Algorithm",
            ")",
            "\u2022",
            "what",
            "are",
            "the",
            "three",
            "steps",
            "of",
            "the",
            "bankers",
            "algorithm",
            "?",
            "\u2022",
            "Could",
            "you",
            "go",
            "over",
            "the",
            "Bankers",
            "algorithm",
            "example",
            "again",
            "?",
            "\u2022",
            "For",
            "the",
            "safe/unsafe",
            "algorithm",
            ",",
            "does",
            "that",
            "mean",
            "we",
            "need",
            "to",
            "know",
            "the",
            "resources",
            "that",
            "are",
            "available",
            ",",
            "keep",
            "track",
            "of",
            "the",
            "used",
            "ones",
            ",",
            "and",
            "also",
            "know",
            "how",
            "many",
            "each",
            "process",
            "will",
            "have",
            "in",
            "the",
            "future",
            "?",
            "\u2022",
            "It",
            "seems",
            "like",
            "this",
            "detection",
            "algorithm",
            "has",
            "a",
            "lot",
            "of",
            "overhead",
            ".",
            "Are",
            "there",
            "any",
            "ways",
            "of",
            "reducing",
            "the",
            "time",
            "spent",
            "doing",
            "these",
            "checks",
            "\u2022",
            "can",
            "we",
            "run",
            "the",
            "banker",
            "'s",
            "algorithm",
            "or",
            "some",
            "alternative",
            "as",
            "a",
            "static",
            "analysis",
            "tool",
            "?",
            "like",
            "build",
            "this",
            "kind",
            "of",
            "check",
            "into",
            "the",
            "compiler",
            "or",
            "something",
            "instead",
            "of",
            "running",
            "it",
            "for",
            "each",
            "request",
            "during",
            "runtime",
            "\u2022",
            "If",
            "a",
            "state",
            "is",
            "determined",
            "unsafe",
            ",",
            "does",
            "that",
            "always",
            "mean",
            "that",
            "the",
            "resource",
            "will",
            "not",
            "be",
            "allocated",
            "or",
            "is",
            "it",
            "possible",
            "to",
            "still",
            "allocate",
            "it",
            "and",
            "take",
            "the",
            "risk",
            "\u2022",
            "What",
            "does",
            "the",
            "E",
            ",",
            "P",
            "and",
            "A",
            "stand",
            "for",
            "in",
            "the",
            "bankers",
            "algorithm",
            "\u2022",
            "if",
            "bankers",
            "algorithm",
            "finds",
            "a",
            "valid",
            "path",
            "and",
            "grants",
            "the",
            "resource",
            ",",
            "can",
            "a",
            "deadlock",
            "still",
            "occur",
            "if",
            "a",
            "different",
            "path",
            "is",
            "followed",
            "than",
            "the",
            "one",
            "bankers",
            "algorithm",
            "found",
            "?",
            "\u2022",
            "I",
            "'m",
            "a",
            "little",
            "confused",
            "on",
            "what",
            "the",
            "want",
            "and",
            "hold",
            "tables",
            "represent",
            "\u2022",
            "Why",
            "is",
            "the",
            "runtime",
            "n^2",
            "*",
            "n",
            "for",
            "the",
            "wait",
            "algorithm",
            "\u2022",
            "What",
            "is",
            "the",
            "difference",
            "between",
            "wanted",
            "and",
            "max",
            "again",
            "?",
            "\u2022",
            "Tracing",
            "bankers",
            "algorithms",
            "with",
            "multiple",
            "resource",
            "instances",
            "CS/COE",
            "1550",
            "\u2013",
            "Operating",
            "Systems",
            "\u2013",
            "Sherif",
            "Khattab",
            "4"
        ],
        "labels": [
            "O",
            "O",
            "O",
            "B",
            "I",
            "I",
            "I",
            "O",
            "O",
            "O",
            "O",
            "O",
            "O",
            "O",
            "O",
            "O",
            "O",
            "O",
            "O",
            "O",
            "O",
            "O",
            "O",
            "O",
            "O",
            "O",
            "O",
            "O",
            "O",
            "O",
            "O",
            "O",
            "O",
            "O",
            "O",
            "O",
            "O",
            "O",
            "O",
            "O",
            "O",
            "O",
            "O",
            "O",
            "O",
            "O",
            "O",
            "O",
            "O",
            "O",
            "O",
            "O",
            "O",
            "O",
            "O",
            "O",
            "O",
            "O",
            "O",
            "O",
            "O",
            "O",
            "O",
            "O",
            "O",
            "O",
            "O",
            "O",
            "O",
            "O",
            "O",
            "O",
            "O",
            "O",
            "O",
            "O",
            "O",
            "O",
            "O",
            "O",
            "O",
            "O",
            "O",
            "O",
            "O",
            "O",
            "O",
            "O",
            "O",
            "O",
            "O",
            "O",
            "O",
            "O",
            "O",
            "O",
            "O",
            "O",
            "O",
            "O",
            "O",
            "O",
            "O",
            "O",
            "O",
            "O",
            "O",
            "O",
            "O",
            "O",
            "O",
            "O",
            "O",
            "O",
            "O",
            "O",
            "O",
            "O",
            "O",
            "O",
            "O",
            "O",
            "O",
            "O",
            "O",
            "O",
            "O",
            "O",
            "O",
            "O",
            "O",
            "O",
            "O",
            "O",
            "O",
            "O",
            "O",
            "O",
            "O",
            "O",
            "O",
            "O",
            "O",
            "O",
            "O",
            "O",
            "O",
            "O",
            "O",
            "O",
            "O",
            "O",
            "O",
            "O",
            "O",
            "O",
            "O",
            "O",
            "O",
            "O",
            "O",
            "O",
            "O",
            "O",
            "O",
            "O",
            "O",
            "O",
            "O",
            "O",
            "O",
            "O",
            "O",
            "O",
            "O",
            "O",
            "O",
            "O",
            "O",
            "O",
            "O",
            "O",
            "O",
            "O",
            "O",
            "O",
            "O",
            "O",
            "O",
            "O",
            "O",
            "O",
            "O",
            "O",
            "O",
            "O",
            "O",
            "O",
            "O",
            "O",
            "O",
            "O",
            "O",
            "O",
            "O",
            "O",
            "O",
            "O",
            "O",
            "O",
            "O",
            "O",
            "O",
            "O",
            "O",
            "O",
            "O",
            "O",
            "O",
            "O",
            "O",
            "O",
            "O",
            "O",
            "O",
            "O",
            "O",
            "O",
            "O",
            "O",
            "O",
            "O",
            "O",
            "O",
            "O",
            "O",
            "O",
            "O",
            "O",
            "O",
            "O",
            "O",
            "O",
            "O",
            "O",
            "O",
            "O",
            "O",
            "O",
            "O",
            "O",
            "O",
            "O",
            "O",
            "O",
            "O",
            "O",
            "O",
            "O",
            "O",
            "O",
            "O"
        ]
    },
    {
        "words": [
            "Muddiest",
            "Points",
            "(",
            "Resource",
            "Trajectory",
            ")",
            "\u2022",
            "the",
            "l1",
            ",",
            "l2",
            "l3",
            "...",
            "in",
            "the",
            "resource",
            "trajectory",
            "graph",
            "\u2022",
            "resource",
            "trajectory",
            "graphs",
            "with",
            "more",
            "than",
            "2",
            "resources",
            "\u2022",
            "How",
            "to",
            "prevent",
            "a",
            "resource",
            "trajectory",
            "that",
            "would",
            "cause",
            "a",
            "deadlock",
            "CS/COE",
            "1550",
            "\u2013",
            "Operating",
            "Systems",
            "\u2013",
            "Sherif",
            "Khattab",
            "5"
        ],
        "labels": [
            "O",
            "O",
            "O",
            "B",
            "I",
            "O",
            "O",
            "O",
            "O",
            "O",
            "O",
            "O",
            "O",
            "O",
            "O",
            "O",
            "O",
            "O",
            "O",
            "O",
            "O",
            "O",
            "O",
            "O",
            "O",
            "O",
            "O",
            "O",
            "O",
            "O",
            "O",
            "O",
            "O",
            "O",
            "O",
            "O",
            "O",
            "O",
            "O",
            "O",
            "O",
            "O",
            "O",
            "O",
            "O",
            "O",
            "O",
            "O"
        ]
    },
    {
        "words": [
            "Muddiest",
            "Points",
            "(",
            "General",
            "Deadlock",
            ")",
            "\u2022",
            "breaking",
            "circular",
            "wait",
            "seems",
            "almost",
            "always",
            "better",
            "than",
            "breaking",
            "hold",
            "and",
            "wait",
            "since",
            "breaking",
            "hold",
            "and",
            "wait",
            "requires",
            "you",
            "take",
            "all",
            "resources",
            "you",
            "need",
            "whereas",
            "breaking",
            "circular",
            "wait",
            "only",
            "makes",
            "you",
            "take",
            "some",
            "extra",
            "resources",
            "before",
            "you",
            "need",
            "them",
            "\u2022",
            "Starvation",
            "vs",
            "deadlock",
            "\u2022",
            "Which",
            "detection",
            "alg",
            "is",
            "fastest",
            "?",
            "\u2022",
            "Where",
            "do",
            "deadlock",
            "detection",
            "algorithms",
            "exist",
            "?",
            "(",
            "Operating",
            "system",
            "or",
            "external",
            "application",
            ".",
            ")",
            "When",
            "do",
            "they",
            "run",
            "?",
            "Runtime",
            "or",
            "compile",
            "time",
            "?",
            "Also",
            ",",
            "how",
            "do",
            "deadlock",
            "avoidance",
            "algorithms",
            "interfere",
            "to",
            "make",
            "sure",
            "a",
            "program",
            "doesn",
            "\u2019",
            "t",
            "deadlock",
            "?",
            "Are",
            "they",
            "integrated",
            "fully",
            "into",
            "the",
            "application",
            "?",
            "\u2022",
            "how",
            "do",
            "we",
            "know",
            "what",
            "resources",
            "are",
            "available",
            "to",
            "use",
            "and",
            "the",
            "best",
            "way",
            "to",
            "choose",
            "who",
            "gets",
            "what",
            "resources",
            "\u2022",
            "What",
            "is",
            "better",
            "practice",
            ",",
            "deadlock",
            "avoidance",
            "or",
            "deadlock",
            "detection",
            "?",
            "CS/COE",
            "1550",
            "\u2013",
            "Operating",
            "Systems",
            "\u2013",
            "Sherif",
            "Khattab",
            "6"
        ],
        "labels": [
            "O",
            "O",
            "O",
            "B",
            "I",
            "O",
            "O",
            "O",
            "O",
            "O",
            "O",
            "O",
            "O",
            "O",
            "O",
            "O",
            "O",
            "O",
            "O",
            "O",
            "O",
            "O",
            "O",
            "O",
            "O",
            "O",
            "O",
            "O",
            "O",
            "O",
            "O",
            "O",
            "O",
            "O",
            "O",
            "O",
            "O",
            "O",
            "O",
            "O",
            "O",
            "O",
            "O",
            "O",
            "O",
            "O",
            "O",
            "O",
            "O",
            "O",
            "O",
            "O",
            "O",
            "O",
            "O",
            "O",
            "O",
            "O",
            "O",
            "O",
            "O",
            "O",
            "O",
            "O",
            "O",
            "O",
            "O",
            "O",
            "O",
            "O",
            "O",
            "O",
            "O",
            "O",
            "O",
            "O",
            "O",
            "O",
            "O",
            "O",
            "O",
            "O",
            "O",
            "O",
            "O",
            "O",
            "O",
            "O",
            "O",
            "O",
            "O",
            "O",
            "O",
            "O",
            "O",
            "O",
            "O",
            "O",
            "O",
            "O",
            "O",
            "O",
            "O",
            "O",
            "O",
            "O",
            "O",
            "O",
            "O",
            "O",
            "O",
            "O",
            "O",
            "O",
            "O",
            "O",
            "O",
            "O",
            "O",
            "O",
            "O",
            "O",
            "O",
            "O",
            "O",
            "O",
            "O",
            "O",
            "O",
            "O",
            "O",
            "O",
            "O",
            "O",
            "O",
            "O",
            "O",
            "O",
            "O",
            "O",
            "O",
            "O",
            "O",
            "O",
            "O",
            "O",
            "O",
            "O",
            "O",
            "O",
            "O"
        ]
    },
    {
        "words": [
            "Muddiest",
            "Points",
            "(",
            "Deadlock",
            "Prevention",
            ")",
            "\u2022",
            "When",
            "checking",
            "a",
            "program",
            "to",
            "see",
            "it",
            "is",
            "free",
            "of",
            "deadlocks",
            ",",
            "you",
            "have",
            "to",
            "look",
            "for",
            "whether",
            "one",
            "of",
            "the",
            "four",
            "condtions",
            "is",
            "being",
            "broken",
            "somewhere",
            "?",
            "\u2022",
            "Why",
            "do",
            "you",
            "only",
            "need",
            "to",
            "attack",
            "one",
            "of",
            "the",
            "4",
            "conditions",
            "to",
            "prevent",
            "deadlock",
            "?",
            "\u2022",
            "How",
            "to",
            "know",
            "which",
            "deadlock",
            "prevention",
            "technique",
            "to",
            "use",
            ".",
            "\u2022",
            "How",
            "spooling",
            "works",
            "\u2022",
            "What",
            "exactly",
            "is",
            "spooling",
            "?",
            "\u2022",
            "Spooling",
            "in",
            "applications",
            "\u2022",
            "When",
            "is",
            "it",
            "appropriate",
            "to",
            "spool",
            "?",
            "How",
            "do",
            "you",
            "know",
            "?",
            "\u2022",
            "How",
            "non-resource",
            "deadlocks",
            "occur",
            "\u2022",
            "In",
            "regard",
            "to",
            "attacking",
            "``",
            "no",
            "preemption",
            "''",
            ",",
            "how",
            "would",
            "you",
            "determine",
            "whether",
            "it",
            "'s",
            "viable",
            "to",
            "take",
            "a",
            "resource",
            "away",
            "from",
            "a",
            "process",
            "?",
            "\u2022",
            "how",
            "2",
            "phase",
            "locking",
            "avoids",
            "the",
            "hold",
            "and",
            "wait",
            "condition",
            "?",
            "CS/COE",
            "1550",
            "\u2013",
            "Operating",
            "Systems",
            "\u2013",
            "Sherif",
            "Khattab",
            "7"
        ],
        "labels": [
            "O",
            "O",
            "O",
            "B",
            "I",
            "O",
            "O",
            "O",
            "O",
            "O",
            "O",
            "O",
            "O",
            "O",
            "O",
            "O",
            "O",
            "O",
            "O",
            "O",
            "O",
            "O",
            "O",
            "O",
            "O",
            "O",
            "O",
            "O",
            "O",
            "O",
            "O",
            "O",
            "O",
            "O",
            "O",
            "O",
            "O",
            "O",
            "O",
            "O",
            "O",
            "O",
            "O",
            "O",
            "O",
            "O",
            "O",
            "O",
            "O",
            "O",
            "O",
            "O",
            "O",
            "O",
            "O",
            "O",
            "O",
            "O",
            "O",
            "O",
            "O",
            "O",
            "O",
            "O",
            "O",
            "O",
            "O",
            "O",
            "O",
            "O",
            "O",
            "O",
            "O",
            "O",
            "O",
            "O",
            "O",
            "O",
            "O",
            "O",
            "O",
            "O",
            "O",
            "O",
            "O",
            "O",
            "O",
            "O",
            "O",
            "O",
            "O",
            "O",
            "O",
            "O",
            "O",
            "O",
            "O",
            "O",
            "O",
            "O",
            "O",
            "O",
            "O",
            "O",
            "O",
            "O",
            "O",
            "O",
            "O",
            "O",
            "O",
            "O",
            "O",
            "O",
            "O",
            "O",
            "O",
            "O",
            "O",
            "O",
            "O",
            "O",
            "O",
            "O",
            "O",
            "O",
            "O",
            "O",
            "O",
            "O",
            "O",
            "O",
            "O",
            "O",
            "O",
            "O",
            "O",
            "O",
            "O",
            "O",
            "O",
            "O",
            "O"
        ]
    },
    {
        "words": [
            "Attacking",
            "Circular",
            "Wait",
            "CS/COE",
            "1550",
            "\u2013",
            "Operating",
            "Systems",
            "\u2013",
            "Sherif",
            "Khattab",
            "8"
        ],
        "labels": [
            "B",
            "I",
            "I",
            "O",
            "O",
            "O",
            "O",
            "O",
            "O",
            "O",
            "O",
            "O"
        ]
    },
    {
        "words": [
            "Spooling",
            "Example",
            "CS/COE",
            "1550",
            "\u2013",
            "Operating",
            "Systems",
            "\u2013",
            "Sherif",
            "Khattab",
            "9"
        ],
        "labels": [
            "B",
            "I",
            "O",
            "O",
            "O",
            "O",
            "O",
            "O",
            "O",
            "O",
            "O"
        ]
    },
    {
        "words": [
            "Today",
            "\u2026",
            "\u2022",
            "CPU",
            "Scheduling",
            "CS/COE",
            "1550",
            "\u2013",
            "Operating",
            "Systems",
            "\u2013",
            "Sherif",
            "Khattab",
            "10"
        ],
        "labels": [
            "O",
            "O",
            "O",
            "B",
            "I",
            "O",
            "O",
            "O",
            "O",
            "O",
            "O",
            "O",
            "O",
            "O"
        ]
    }
]