[
    {
        "words": [
            "Virtual",
            "Memory",
            "and",
            "Caching",
            "CS",
            "1541",
            "Wonsun",
            "Ahn"
        ],
        "labels": [
            "B",
            "I",
            "O",
            "B",
            "O",
            "O",
            "O",
            "O"
        ]
    },
    {
        "words": [
            "Virtual",
            "Memory",
            "and",
            "Caching",
            "\u25cf",
            "So",
            "what",
            "does",
            "virtual",
            "memory",
            "have",
            "to",
            "do",
            "with",
            "caching",
            "?",
            "\u25cf",
            "A",
            "lot",
            "actually",
            ".",
            "\u25cf",
            "But",
            "first",
            "let",
            "\u2019",
            "s",
            "do",
            "a",
            "quick",
            "review",
            "of",
            "virtual",
            "memory",
            "o",
            "To",
            "warm",
            "up",
            "your",
            "cache",
            "with",
            "CS",
            "449",
            "info",
            "2"
        ],
        "labels": [
            "B",
            "I",
            "O",
            "B",
            "O",
            "O",
            "O",
            "O",
            "O",
            "O",
            "O",
            "O",
            "O",
            "O",
            "O",
            "O",
            "O",
            "O",
            "O",
            "O",
            "O",
            "O",
            "O",
            "O",
            "O",
            "O",
            "O",
            "O",
            "O",
            "O",
            "O",
            "O",
            "O",
            "O",
            "O",
            "O",
            "O",
            "O",
            "O",
            "O",
            "O",
            "O",
            "O",
            "O",
            "O"
        ]
    },
    {
        "words": [
            "Virtual",
            "Memory",
            "Review",
            "3"
        ],
        "labels": [
            "B",
            "I",
            "O",
            "O"
        ]
    },
    {
        "words": [
            "Virtual",
            "Memory",
            ":",
            "Type",
            "of",
            "Virtualization",
            "\u25cf",
            "Virtualization",
            ":",
            "hiding",
            "the",
            "complexities",
            "of",
            "hardware",
            "to",
            "software",
            "\u25cf",
            "Virtual",
            "Memory",
            ":",
            "hides",
            "the",
            "fact",
            "that",
            "physical",
            "memory",
            "(",
            "DRAM",
            ")",
            "is",
            "limited",
            "and",
            "shared",
            "by",
            "multiple",
            "processes",
            "Physical",
            "Memory",
            "Process",
            "1",
            "Process",
            "2",
            "...",
            "0xFFFF",
            "0xFFFF",
            "0xFFFF",
            "Memory",
            "Memory",
            "Process",
            "1",
            "\u2019",
            "s",
            "and",
            "Process",
            "2",
            "\u2019",
            "s",
            "memory",
            "?",
            "0x8000",
            "Code",
            "Code",
            "0x8000",
            "0x8000",
            "...",
            "Clearly",
            "this",
            "is",
            "impossible",
            ".",
            "But",
            "programs",
            "see",
            "this",
            "view",
            "of",
            "memory",
            ".",
            "4"
        ],
        "labels": [
            "B",
            "I",
            "O",
            "O",
            "O",
            "B",
            "O",
            "B",
            "O",
            "O",
            "O",
            "O",
            "O",
            "O",
            "O",
            "O",
            "O",
            "B",
            "I",
            "O",
            "O",
            "O",
            "O",
            "O",
            "O",
            "O",
            "O",
            "B",
            "O",
            "O",
            "O",
            "O",
            "O",
            "O",
            "O",
            "O",
            "B",
            "I",
            "O",
            "O",
            "O",
            "O",
            "O",
            "O",
            "O",
            "O",
            "O",
            "O",
            "O",
            "O",
            "O",
            "O",
            "O",
            "O",
            "O",
            "O",
            "O",
            "O",
            "O",
            "O",
            "O",
            "O",
            "O",
            "O",
            "O",
            "O",
            "O",
            "O",
            "O",
            "O",
            "O",
            "O",
            "O",
            "O",
            "O",
            "O",
            "O",
            "O",
            "O"
        ]
    },
    {
        "words": [
            "Virtual",
            "Memory",
            ":",
            "Behind",
            "the",
            "Scenes",
            "\u25cf",
            "Pages",
            "of",
            "memory",
            "are",
            "mapped",
            "to",
            "either",
            "physical",
            "memory",
            "or",
            "disk",
            "o",
            "Look",
            "familiar",
            "?",
            "Physical",
            "memory",
            "acts",
            "as",
            "a",
            "cache",
            "for",
            "disk",
            "storage",
            "Valid",
            "1",
            "0",
            "1",
            "1",
            "0",
            "1",
            "1",
            "0",
            "1",
            "1",
            "0",
            "1",
            "Page",
            "table",
            "Physical",
            "memory",
            "Virtual",
            "memory",
            "Disk",
            "storage",
            "(",
            "swap",
            "space",
            ")",
            "5"
        ],
        "labels": [
            "B",
            "I",
            "O",
            "O",
            "O",
            "O",
            "O",
            "O",
            "O",
            "O",
            "O",
            "O",
            "O",
            "O",
            "O",
            "O",
            "O",
            "O",
            "O",
            "O",
            "O",
            "O",
            "B",
            "I",
            "O",
            "O",
            "O",
            "O",
            "O",
            "O",
            "O",
            "O",
            "O",
            "O",
            "O",
            "O",
            "O",
            "O",
            "O",
            "O",
            "O",
            "O",
            "O",
            "O",
            "B",
            "I",
            "B",
            "I",
            "B",
            "I",
            "B",
            "O",
            "O",
            "O",
            "O",
            "O",
            "O"
        ]
    },
    {
        "words": [
            "How",
            "virtual",
            "to",
            "physical",
            "address",
            "translation",
            "happens",
            "1",
            ".",
            "CPU",
            "extracts",
            "virtual",
            "page",
            "number",
            "from",
            "virtual",
            "address",
            "2",
            ".",
            "CPU",
            "locates",
            "page",
            "table",
            "pointed",
            "to",
            "by",
            "page",
            "table",
            "register",
            "3",
            ".",
            "Page",
            "table",
            "is",
            "indexed",
            "using",
            "virtual",
            "page",
            "number",
            "Page",
            "table",
            "register",
            "Virtual",
            "address",
            "31",
            "30",
            "29",
            "28",
            "27",
            "15",
            "14",
            "13",
            "12",
            "11",
            "10",
            "9",
            "8",
            "3",
            "2",
            "1",
            "0",
            "Virtual",
            "page",
            "number",
            "page",
            "offset",
            "Virtual",
            "address",
            "20",
            "31",
            "30",
            "29",
            "28",
            "27",
            "15",
            "14",
            "13",
            "12",
            "11",
            "10",
            "9",
            "8",
            "3210",
            "12",
            "Valid",
            "Physical",
            "page",
            "number",
            "Virtual",
            "page",
            "number",
            "page",
            "offset",
            "Page",
            "table",
            "29",
            "28",
            "27",
            "15",
            "14",
            "13",
            "12",
            "11",
            "10",
            "9",
            "8",
            "3210",
            "page",
            "table",
            "Physical",
            "page",
            "number",
            "page",
            "offset",
            "18",
            "Physical",
            "address",
            "If",
            "0",
            "then",
            "page",
            "is",
            "not",
            "in",
            "memory",
            "29",
            "28",
            "27",
            "15",
            "14",
            "13",
            "12",
            "11",
            "10",
            "9",
            "8",
            "3",
            "2",
            "1",
            "0",
            "Physical",
            "page",
            "number",
            "page",
            "offset",
            "Physical",
            "address",
            "6"
        ],
        "labels": [
            "O",
            "O",
            "O",
            "O",
            "O",
            "O",
            "O",
            "O",
            "O",
            "B",
            "O",
            "O",
            "O",
            "O",
            "O",
            "O",
            "O",
            "O",
            "O",
            "B",
            "O",
            "O",
            "O",
            "O",
            "O",
            "O",
            "O",
            "O",
            "O",
            "O",
            "O",
            "B",
            "I",
            "O",
            "O",
            "O",
            "O",
            "O",
            "O",
            "B",
            "I",
            "O",
            "B",
            "I",
            "O",
            "O",
            "O",
            "O",
            "O",
            "O",
            "O",
            "O",
            "O",
            "O",
            "O",
            "O",
            "O",
            "O",
            "O",
            "O",
            "O",
            "O",
            "O",
            "O",
            "O",
            "O",
            "B",
            "I",
            "O",
            "O",
            "O",
            "O",
            "O",
            "O",
            "O",
            "O",
            "O",
            "O",
            "O",
            "O",
            "O",
            "O",
            "O",
            "O",
            "O",
            "O",
            "O",
            "O",
            "O",
            "O",
            "O",
            "O",
            "O",
            "B",
            "I",
            "O",
            "O",
            "O",
            "O",
            "O",
            "O",
            "O",
            "O",
            "O",
            "O",
            "O",
            "O",
            "O",
            "O",
            "O",
            "O",
            "O",
            "O",
            "O",
            "O",
            "B",
            "I",
            "O",
            "O",
            "O",
            "O",
            "O",
            "O",
            "O",
            "O",
            "O",
            "O",
            "O",
            "O",
            "O",
            "O",
            "O",
            "O",
            "O",
            "O",
            "O",
            "O",
            "O",
            "O",
            "O",
            "O",
            "O",
            "O",
            "O",
            "O",
            "B",
            "I",
            "O"
        ]
    },
    {
        "words": [
            "DRAM",
            "as",
            "Cache",
            "7"
        ],
        "labels": [
            "B",
            "O",
            "B",
            "O"
        ]
    },
    {
        "words": [
            "Physical",
            "Memory",
            "as",
            "a",
            "Cache",
            "\u25cf",
            "Relationship",
            "between",
            "DRAM",
            "\u00ab",
            "Disk",
            "is",
            "same",
            "as",
            "Cache",
            "\u00ab",
            "DRAM",
            "o",
            "DRAM",
            "is",
            "fast",
            "but",
            "small",
            "and",
            "expensive",
            "o",
            "Disk",
            "is",
            "slow",
            "but",
            "big",
            "and",
            "cheap",
            "\u25cf",
            "If",
            "you",
            "view",
            "DRAM",
            "as",
            "cache",
            ",",
            "some",
            "design",
            "decisions",
            "become",
            "obvious",
            "o",
            "Size",
            "of",
            "block",
            ":",
            "4",
            "KB",
            "pages",
            ".",
            "Why",
            "?",
            "\u00a7",
            "For",
            "spatial",
            "locality",
            ".",
            "Capacity",
            "is",
            "less",
            "of",
            "a",
            "problem",
            "for",
            "DRAM",
            ".",
            "o",
            "Associativity",
            ":",
            "Fully-associative",
            "(",
            "can",
            "map",
            "page",
            "anywhere",
            ")",
            ".",
            "Why",
            "?",
            "\u00a7",
            "A",
            "miss",
            "(",
            "page",
            "fault",
            ")",
            "is",
            "expensive",
            ".",
            "You",
            "need",
            "to",
            "read",
            "from",
            "disk",
            "!",
            "\u00a7",
            "But",
            "now",
            "page",
            "hits",
            "become",
            "expensive",
            "due",
            "to",
            "lookup",
            "cost",
            "o",
            "Block",
            "replacement",
            "scheme",
            ":",
            "LRU",
            ",",
            "or",
            "some",
            "approximation",
            ".",
            "Why",
            "?",
            "\u00a7",
            "Did",
            "I",
            "say",
            "a",
            "page",
            "fault",
            "is",
            "expensive",
            "?",
            "o",
            "Write",
            "policy",
            ":",
            "Write-back",
            "(",
            "a.k.a",
            ".",
            "page",
            "swapping",
            ")",
            ".",
            "Why",
            "?",
            "\u00a7",
            "Bandwidth",
            "for",
            "write-through",
            "to",
            "disk",
            "is",
            "too",
            "much",
            "for",
            "I/O",
            "bus",
            "8"
        ],
        "labels": [
            "B",
            "I",
            "O",
            "O",
            "B",
            "O",
            "O",
            "O",
            "B",
            "O",
            "B",
            "O",
            "O",
            "O",
            "B",
            "O",
            "B",
            "O",
            "B",
            "O",
            "O",
            "O",
            "O",
            "O",
            "O",
            "O",
            "B",
            "O",
            "O",
            "O",
            "O",
            "O",
            "O",
            "O",
            "O",
            "O",
            "O",
            "B",
            "O",
            "O",
            "O",
            "O",
            "O",
            "O",
            "O",
            "O",
            "O",
            "O",
            "O",
            "O",
            "O",
            "O",
            "O",
            "O",
            "O",
            "O",
            "O",
            "O",
            "O",
            "O",
            "O",
            "O",
            "O",
            "O",
            "O",
            "O",
            "O",
            "O",
            "O",
            "B",
            "O",
            "O",
            "B",
            "O",
            "O",
            "O",
            "O",
            "O",
            "O",
            "O",
            "O",
            "O",
            "O",
            "O",
            "O",
            "O",
            "O",
            "O",
            "O",
            "O",
            "O",
            "O",
            "O",
            "O",
            "O",
            "O",
            "O",
            "O",
            "O",
            "O",
            "O",
            "O",
            "O",
            "O",
            "O",
            "O",
            "O",
            "O",
            "O",
            "O",
            "O",
            "O",
            "O",
            "B",
            "I",
            "I",
            "O",
            "B",
            "O",
            "O",
            "O",
            "O",
            "O",
            "O",
            "O",
            "O",
            "O",
            "O",
            "O",
            "O",
            "O",
            "O",
            "O",
            "O",
            "O",
            "O",
            "B",
            "I",
            "O",
            "B",
            "O",
            "O",
            "O",
            "O",
            "O",
            "O",
            "O",
            "O",
            "O",
            "O",
            "O",
            "O",
            "O",
            "O",
            "O",
            "O",
            "O",
            "O",
            "O",
            "O",
            "O",
            "O"
        ]
    },
    {
        "words": [
            "Physical",
            "Memory",
            "as",
            "a",
            "Cache",
            "\u25cf",
            "If",
            "you",
            "treated",
            "each",
            "page",
            "as",
            "a",
            "cache",
            "block",
            ",",
            "what",
            "would",
            "be",
            "the",
            "tag",
            "?",
            "o",
            "32-bit",
            "address",
            ":",
            "Tag",
            "(",
            "20",
            "bits",
            ")",
            ":",
            "page",
            "number",
            "Page",
            "offset",
            "(",
            "12",
            "bits",
            ")",
            "o",
            "Fully-associative",
            ",",
            "so",
            "row",
            "bits",
            "and",
            "4",
            "KB",
            "pages",
            ",",
            "so",
            "12",
            "bits",
            "for",
            "offset",
            "\u25cf",
            "How",
            "would",
            "the",
            "page",
            "table",
            "for",
            "searching",
            "physical",
            "memory",
            "look",
            "?",
            "CPU",
            "PID",
            "20-bit",
            "tag",
            "(",
            "page",
            "number",
            ")",
            "(",
            "PID",
            "1",
            ")",
            "1",
            "10110\u2026111",
            "Access",
            "Physical",
            "Miss",
            "2",
            "10010\u2026001",
            "CPU",
            "Memory",
            "1",
            "01010\u2026100",
            "Disk",
            "storage",
            "(",
            "PID",
            "2",
            ")",
            "(",
            "swap",
            "space",
            ")",
            "\u2026",
            "\u2026",
            ".",
            ".",
            ".",
            "[",
            "Page",
            "Table",
            "]",
            "[",
            "Pages",
            "]",
            "[",
            "Disk",
            "]",
            "9"
        ],
        "labels": [
            "B",
            "I",
            "O",
            "O",
            "B",
            "O",
            "O",
            "O",
            "O",
            "O",
            "O",
            "O",
            "O",
            "O",
            "O",
            "O",
            "O",
            "O",
            "O",
            "O",
            "O",
            "O",
            "O",
            "O",
            "O",
            "O",
            "B",
            "O",
            "O",
            "O",
            "O",
            "O",
            "O",
            "O",
            "B",
            "O",
            "O",
            "O",
            "O",
            "O",
            "O",
            "O",
            "O",
            "O",
            "O",
            "O",
            "O",
            "O",
            "O",
            "O",
            "O",
            "O",
            "O",
            "O",
            "O",
            "O",
            "O",
            "O",
            "O",
            "O",
            "O",
            "O",
            "O",
            "O",
            "O",
            "O",
            "O",
            "O",
            "B",
            "O",
            "O",
            "O",
            "O",
            "O",
            "O",
            "O",
            "O",
            "O",
            "O",
            "O",
            "O",
            "O",
            "O",
            "O",
            "O",
            "O",
            "O",
            "B",
            "O",
            "O",
            "O",
            "B",
            "O",
            "O",
            "O",
            "O",
            "O",
            "O",
            "O",
            "O",
            "O",
            "O",
            "O",
            "O",
            "O",
            "O",
            "O",
            "B",
            "I",
            "O",
            "O",
            "O",
            "O",
            "O",
            "B",
            "O",
            "O"
        ]
    },
    {
        "words": [
            "Inverted",
            "Page",
            "Table",
            ":",
            "tags",
            "for",
            "physical",
            "pages",
            "\u25cf",
            "This",
            "type",
            "of",
            "page",
            "table",
            "is",
            "called",
            "an",
            "inverted",
            "page",
            "table",
            ".",
            "PID",
            "20-bit",
            "tag",
            "Associative",
            "search",
            "(",
            "page",
            "number",
            ")",
            "1",
            "Virtual",
            "Page",
            "42",
            "Virtual",
            "Page",
            "Physical",
            "Miss",
            "2",
            "Virtual",
            "Page",
            "100",
            "Number",
            "Memory",
            "1",
            "Virtual",
            "Page",
            "123",
            "Disk",
            "storage",
            "(",
            "swap",
            "space",
            ")",
            "\u2026",
            "\u2026",
            "[",
            "Page",
            "Table",
            "]",
            "[",
            "Pages",
            "]",
            "[",
            "Disk",
            "]",
            "\u25cf",
            "Called",
            "inverted",
            "because",
            "table",
            "contains",
            "virtual",
            "page",
            "numbers",
            "(",
            "Unlike",
            "regular",
            "page",
            "tables",
            "which",
            "contains",
            "physical",
            "page",
            "numbers",
            ")",
            "\u25cf",
            "Pro",
            ":",
            "Page",
            "table",
            "only",
            "as",
            "big",
            "as",
            "physical",
            "mem",
            "(",
            "low",
            "space",
            "complexity",
            ")",
            "\u25cf",
            "Con",
            ":",
            "Associative",
            "search",
            "of",
            "page",
            "table",
            "(",
            "high",
            "time",
            "complexity",
            ")",
            "\u2192",
            "Often",
            "hashing",
            "used",
            "to",
            "direct",
            "map",
            "pages",
            ".",
            "Causes",
            "conflict",
            "misses",
            ".",
            "10"
        ],
        "labels": [
            "B",
            "B",
            "I",
            "O",
            "O",
            "O",
            "O",
            "O",
            "O",
            "O",
            "O",
            "O",
            "O",
            "O",
            "O",
            "O",
            "O",
            "O",
            "O",
            "O",
            "O",
            "O",
            "O",
            "O",
            "O",
            "O",
            "O",
            "O",
            "O",
            "O",
            "O",
            "O",
            "B",
            "O",
            "O",
            "B",
            "O",
            "O",
            "O",
            "O",
            "B",
            "O",
            "O",
            "O",
            "O",
            "O",
            "B",
            "O",
            "B",
            "O",
            "O",
            "O",
            "O",
            "O",
            "O",
            "O",
            "O",
            "B",
            "I",
            "O",
            "O",
            "O",
            "O",
            "O",
            "B",
            "O",
            "O",
            "O",
            "O",
            "O",
            "O",
            "O",
            "O",
            "O",
            "O",
            "O",
            "O",
            "O",
            "O",
            "O",
            "O",
            "O",
            "O",
            "O",
            "O",
            "O",
            "O",
            "O",
            "O",
            "B",
            "I",
            "O",
            "O",
            "O",
            "O",
            "O",
            "O",
            "O",
            "O",
            "O",
            "O",
            "O",
            "O",
            "O",
            "O",
            "O",
            "O",
            "O",
            "O",
            "O",
            "O",
            "O",
            "O",
            "O",
            "O",
            "O",
            "O",
            "O",
            "O",
            "O",
            "O",
            "O",
            "O",
            "O",
            "O",
            "O",
            "O",
            "O",
            "O"
        ]
    },
    {
        "words": [
            "How",
            "Often",
            "do",
            "Lookups",
            "Happen",
            "?",
            "\u25cf",
            "Programs",
            "use",
            "virtual",
            "addresses",
            "to",
            "refer",
            "to",
            "code",
            "and",
            "data",
            "o",
            "E.g",
            ".",
            "If",
            "program",
            "has",
            "jump",
            "to",
            "method",
            "address",
            ",",
            "it",
            "\u2019",
            "s",
            "a",
            "virtual",
            "address",
            "\u25cf",
            "DRAM",
            "and",
            "Caches",
            "use",
            "physical",
            "addresses",
            "\u25cf",
            "At",
            "every",
            "lw",
            "or",
            "sw",
            "MEM",
            "stage",
            "a",
            "lookup",
            "needs",
            "to",
            "happen",
            "\u25cf",
            "At",
            "FETCH",
            "stage",
            "of",
            "every",
            "instruction",
            "a",
            "lookup",
            "needs",
            "to",
            "happen",
            "!",
            "Process",
            "Physical",
            "?",
            "Virtual",
            "Virtual",
            "Addresses",
            "Addresses",
            "Memory",
            "Physical",
            "CPU",
            "?",
            "Cache",
            "Memory",
            "Code",
            "?",
            "11"
        ],
        "labels": [
            "O",
            "O",
            "O",
            "O",
            "O",
            "O",
            "O",
            "O",
            "O",
            "O",
            "O",
            "O",
            "O",
            "O",
            "O",
            "O",
            "O",
            "O",
            "O",
            "O",
            "O",
            "O",
            "O",
            "O",
            "O",
            "O",
            "O",
            "O",
            "O",
            "O",
            "O",
            "O",
            "O",
            "O",
            "O",
            "B",
            "O",
            "O",
            "O",
            "O",
            "O",
            "O",
            "O",
            "O",
            "O",
            "O",
            "O",
            "O",
            "O",
            "O",
            "O",
            "O",
            "O",
            "O",
            "O",
            "O",
            "O",
            "O",
            "O",
            "O",
            "O",
            "O",
            "O",
            "O",
            "O",
            "O",
            "O",
            "O",
            "O",
            "O",
            "O",
            "O",
            "O",
            "O",
            "O",
            "O",
            "B",
            "O",
            "B",
            "O",
            "O",
            "O",
            "O"
        ]
    },
    {
        "words": [
            "Address",
            "Lookup",
            "Using",
            "(",
            "Regular",
            ")",
            "Page",
            "Table",
            "\u25cf",
            "Lookup",
            "is",
            "done",
            "by",
            "indexing",
            "page",
            "table",
            "using",
            "virtual",
            "page",
            "number",
            ".",
            "\u25cf",
            "Every",
            "memory",
            "access",
            "requires",
            "one",
            "extra",
            "access",
            "to",
            "read",
            "page",
            "table",
            ".",
            "Now",
            "table",
            "must",
            "cover",
            "entire",
            "virtual",
            "memory",
            "!",
            "Virtual",
            "Physical",
            "Page",
            "Physical",
            "Address",
            "Valid",
            "Address",
            "Number",
            "(",
            "20",
            "bits",
            ")",
            "CPU",
            "1",
            "Physical",
            "Page",
            "42",
            "DRAM",
            "0",
            "Physical",
            "Page",
            "10",
            "0",
            "Physical",
            "Page",
            "7",
            "1",
            "Physical",
            "Page",
            "1337",
            "\u2026",
            "\u2026",
            "12"
        ],
        "labels": [
            "O",
            "O",
            "O",
            "O",
            "O",
            "O",
            "B",
            "I",
            "O",
            "O",
            "O",
            "O",
            "O",
            "O",
            "O",
            "O",
            "O",
            "O",
            "O",
            "O",
            "O",
            "O",
            "O",
            "O",
            "O",
            "O",
            "O",
            "O",
            "O",
            "O",
            "O",
            "O",
            "O",
            "O",
            "O",
            "O",
            "O",
            "O",
            "O",
            "O",
            "O",
            "O",
            "O",
            "O",
            "B",
            "B",
            "I",
            "O",
            "O",
            "O",
            "O",
            "O",
            "O",
            "O",
            "B",
            "O",
            "O",
            "B",
            "O",
            "B",
            "O",
            "O",
            "B",
            "O",
            "O",
            "O",
            "B",
            "O",
            "O",
            "O",
            "B",
            "O",
            "O",
            "O",
            "O"
        ]
    },
    {
        "words": [
            "How",
            "big",
            "is",
            "the",
            "Page",
            "Table",
            "?",
            "\u25cf",
            "32-bit",
            "addresses",
            "with",
            "4KiB",
            "(",
            "212",
            "B",
            ")",
            "pages",
            "means",
            "220",
            "(",
            "1M",
            ")",
            "PTEs",
            ".",
            "\u25cf",
            "64-bit",
            "addresses",
            "with",
            "4KiB",
            "pages",
            "means",
            "252",
            "(",
            "4",
            "quadrillion",
            ")",
            "PTEs",
            ".",
            "\u25cf",
            "We",
            "can",
            "use",
            "hierarchical",
            "page",
            "tables",
            "as",
            "a",
            "sparse",
            "data",
            "structure",
            ".",
            "Address",
            "10",
            "bits",
            "(",
            "\u201c",
            "directory",
            "\u201d",
            ")",
            "10",
            "bits",
            "(",
            "\u201c",
            "table",
            "\u201d",
            ")",
            "12",
            "bits",
            "(",
            "\u201c",
            "offset",
            "\u201d",
            ")",
            "00",
            "0010",
            "11",
            "10",
            "0011",
            "00",
            "0010",
            "0001",
            "0000",
            "index",
            "...",
            "index",
            "...",
            "V",
            "Table",
            "Addr",
            "V",
            "D",
            "R",
            "Page",
            "Addr",
            "P",
            "PA",
            "!",
            "\u2026",
            "...",
            "\u2026\u2026",
            "\u2026",
            "...",
            "...",
            "PTR",
            "1",
            "0004C000",
            "10",
            "1",
            "03BFA000",
            "RX",
            "\u2026",
            "...",
            "\u2026\u2026",
            "\u2026",
            "...",
            "...",
            "13"
        ],
        "labels": [
            "O",
            "O",
            "O",
            "O",
            "B",
            "I",
            "O",
            "O",
            "O",
            "O",
            "O",
            "O",
            "O",
            "O",
            "O",
            "O",
            "O",
            "O",
            "O",
            "O",
            "O",
            "O",
            "O",
            "O",
            "O",
            "O",
            "O",
            "O",
            "O",
            "O",
            "O",
            "O",
            "O",
            "O",
            "O",
            "O",
            "O",
            "O",
            "O",
            "O",
            "O",
            "O",
            "O",
            "O",
            "O",
            "O",
            "O",
            "O",
            "O",
            "O",
            "O",
            "O",
            "O",
            "O",
            "O",
            "O",
            "O",
            "O",
            "O",
            "O",
            "O",
            "O",
            "O",
            "O",
            "O",
            "O",
            "O",
            "O",
            "O",
            "O",
            "O",
            "O",
            "O",
            "O",
            "O",
            "O",
            "O",
            "O",
            "O",
            "O",
            "O",
            "O",
            "O",
            "O",
            "O",
            "O",
            "O",
            "O",
            "O",
            "O",
            "O",
            "O",
            "B",
            "O",
            "O",
            "O",
            "O",
            "O",
            "O",
            "O",
            "O",
            "O",
            "O",
            "O",
            "O",
            "O",
            "O",
            "O",
            "O",
            "O",
            "O",
            "O",
            "O",
            "O",
            "O",
            "O",
            "O"
        ]
    },
    {
        "words": [
            "Page",
            "Table",
            "Lookup",
            "Cost",
            "\u25cf",
            "Let",
            "\u2019",
            "s",
            "say",
            "we",
            "have",
            "a",
            "lw",
            "$",
            "t0",
            ",",
            "16",
            "(",
            "$",
            "s0",
            ")",
            "V",
            "Table",
            "Addr",
            "V",
            "D",
            "R",
            "Page",
            "Addr",
            "P",
            "PA",
            "!",
            "\u2026",
            "...",
            "\u2026\u2026",
            "\u2026",
            "...",
            "...",
            "PTR",
            "1",
            "0004C000",
            "10",
            "1",
            "03BFA000",
            "RX",
            "\u2026",
            "...",
            "\u2026\u2026",
            "\u2026",
            "...",
            "...",
            "CPU",
            "hit",
            "!",
            "Cache",
            "\u25cf",
            "Must",
            "perform",
            "two",
            "memory",
            "accesses",
            "to",
            "hierarchical",
            "page",
            "table",
            "o",
            "May",
            "miss",
            "in",
            "cache",
            "and",
            "even",
            "cause",
            "page",
            "faults",
            "themselves",
            "!",
            "14"
        ],
        "labels": [
            "B",
            "I",
            "O",
            "O",
            "O",
            "O",
            "O",
            "O",
            "O",
            "O",
            "O",
            "O",
            "O",
            "O",
            "O",
            "O",
            "O",
            "O",
            "O",
            "O",
            "O",
            "O",
            "O",
            "O",
            "O",
            "O",
            "O",
            "B",
            "O",
            "O",
            "O",
            "O",
            "O",
            "O",
            "O",
            "O",
            "O",
            "O",
            "O",
            "O",
            "O",
            "O",
            "O",
            "O",
            "O",
            "O",
            "O",
            "O",
            "O",
            "O",
            "O",
            "B",
            "O",
            "O",
            "B",
            "O",
            "O",
            "O",
            "O",
            "O",
            "O",
            "O",
            "O",
            "O",
            "O",
            "O",
            "O",
            "O",
            "O",
            "O",
            "O",
            "O",
            "O",
            "O",
            "O",
            "O",
            "O",
            "O"
        ]
    },
    {
        "words": [
            "The",
            "real",
            "picture",
            "looks",
            "more",
            "like",
            "this",
            "\u25cf",
            "Alpha",
            "21264",
            "CPU",
            "with",
            "3-level",
            "page",
            "table",
            ":",
            "In",
            "the",
            "end",
            ",",
            "the",
            "PTE",
            "(",
            "Page",
            "Table",
            "Entry",
            ")",
            "is",
            "all",
            "you",
            "need",
            "for",
            "a",
            "translation",
            ".",
            "Ptr",
            "to",
            "level",
            "2",
            "Ptr",
            "to",
            "level",
            "3",
            "How",
            "can",
            "I",
            "make",
            "access",
            "to",
            "it",
            "faster",
            "?",
            "Where",
            "have",
            "I",
            "heard",
            "that",
            "before",
            "...",
            "making",
            "accesses",
            "faster\u2026",
            "I",
            "wonder\u2026",
            "15"
        ],
        "labels": [
            "O",
            "O",
            "O",
            "O",
            "O",
            "O",
            "O",
            "O",
            "O",
            "O",
            "B",
            "O",
            "O",
            "O",
            "O",
            "O",
            "O",
            "O",
            "O",
            "O",
            "O",
            "O",
            "O",
            "B",
            "I",
            "I",
            "O",
            "O",
            "O",
            "O",
            "O",
            "O",
            "O",
            "O",
            "O",
            "O",
            "O",
            "O",
            "O",
            "O",
            "O",
            "O",
            "O",
            "O",
            "O",
            "O",
            "O",
            "O",
            "O",
            "O",
            "O",
            "O",
            "O",
            "O",
            "O",
            "O",
            "O",
            "O",
            "O",
            "O",
            "O",
            "O",
            "O",
            "O",
            "O"
        ]
    },
    {
        "words": [
            "The",
            "TLB",
            ":",
            "A",
            "Cache",
            "for",
            "Page",
            "Tables"
        ],
        "labels": [
            "O",
            "B",
            "O",
            "O",
            "B",
            "O",
            "B",
            "O"
        ]
    },
    {
        "words": [
            "TLB",
            "(",
            "Translation",
            "Lookaside",
            "Buffer",
            "\u25cf",
            "TLB",
            ":",
            "A",
            "cache",
            "that",
            "contains",
            "frequently",
            "accessed",
            "page",
            "table",
            "entries",
            "\u25cf",
            "TLB",
            "just",
            "like",
            "other",
            "caches",
            "resides",
            "within",
            "the",
            "CPU",
            "\u25cf",
            "On",
            "a",
            "TLB",
            "hit",
            ":",
            "o",
            "No",
            "need",
            "to",
            "access",
            "page",
            "table",
            "in",
            "memory",
            "\u25cf",
            "On",
            "a",
            "TBL",
            "miss",
            ":",
            "o",
            "Load",
            "PTE",
            "from",
            "page",
            "table",
            "o",
            "That",
            "means",
            "\u201c",
            "walking",
            "\u201d",
            "the",
            "hierarchical",
            "page",
            "table",
            "17"
        ],
        "labels": [
            "B",
            "O",
            "B",
            "I",
            "I",
            "O",
            "B",
            "O",
            "O",
            "O",
            "O",
            "O",
            "O",
            "O",
            "O",
            "O",
            "O",
            "O",
            "B",
            "O",
            "O",
            "O",
            "O",
            "O",
            "O",
            "O",
            "B",
            "O",
            "O",
            "O",
            "B",
            "I",
            "O",
            "O",
            "O",
            "O",
            "O",
            "O",
            "O",
            "O",
            "O",
            "O",
            "O",
            "O",
            "O",
            "O",
            "O",
            "O",
            "O",
            "O",
            "O",
            "O",
            "O",
            "O",
            "O",
            "O",
            "O",
            "O",
            "O",
            "O",
            "O",
            "O",
            "O",
            "O",
            "O"
        ]
    },
    {
        "words": [
            "Page",
            "Table",
            "Walking",
            "\u25cf",
            "On",
            "a",
            "TLB",
            "miss",
            ",",
            "the",
            "CPU",
            "must",
            "\u201c",
            "walk",
            "\u201d",
            "the",
            "page",
            "table",
            ":",
            "\u25cf",
            "Two",
            "options",
            ":",
            "1",
            ".",
            "Software",
            "option",
            "o",
            "Miss",
            "raises",
            "OS",
            "exception",
            "o",
            "OS",
            "exception",
            "handler",
            "Ptr",
            "to",
            "level",
            "2",
            "fills",
            "the",
            "TLB",
            "with",
            "PTE",
            "Ptr",
            "to",
            "level",
            "3",
            "2",
            ".",
            "Hardware",
            "option",
            "o",
            "CPU",
            "has",
            "special",
            "circuitry",
            "to",
            "walk",
            "page",
            "table",
            "(",
            "the",
            "page",
            "table",
            "walker",
            ")",
            "\u2192",
            "Faster",
            "than",
            "SW",
            "option",
            "18"
        ],
        "labels": [
            "B",
            "I",
            "I",
            "O",
            "O",
            "O",
            "B",
            "I",
            "O",
            "O",
            "B",
            "O",
            "O",
            "O",
            "O",
            "O",
            "O",
            "O",
            "O",
            "O",
            "O",
            "O",
            "O",
            "O",
            "O",
            "B",
            "O",
            "O",
            "O",
            "O",
            "B",
            "O",
            "O",
            "B",
            "O",
            "O",
            "O",
            "O",
            "O",
            "O",
            "O",
            "O",
            "B",
            "O",
            "O",
            "O",
            "O",
            "O",
            "O",
            "O",
            "O",
            "B",
            "O",
            "O",
            "B",
            "O",
            "O",
            "O",
            "O",
            "O",
            "O",
            "O",
            "O",
            "O",
            "O",
            "O",
            "O",
            "O",
            "O",
            "O",
            "O",
            "B",
            "O",
            "O"
        ]
    },
    {
        "words": [
            "Memory",
            "Access",
            "Flowchart",
            "Virtual",
            "page",
            "Page",
            "offset",
            "number",
            "TLB",
            "Cache",
            "Physical",
            "address",
            "To",
            "memory",
            "\u2022",
            "Page",
            "table",
            "walk",
            "to",
            "get",
            "the",
            "PT",
            "entry",
            "into",
            "the",
            "TLB",
            "(",
            "SW",
            "or",
            "HW",
            ")",
            "\u2022",
            "If",
            "PT",
            "walk",
            "indicates",
            "page",
            "is",
            "Note",
            "that",
            "there",
            "can",
            "not",
            "be",
            "a",
            "not",
            "in",
            "memory",
            ",",
            "then",
            "service",
            "page",
            "fault",
            "in",
            "case",
            "of",
            "a",
            "TLB",
            "hit",
            "page",
            "fault",
            "(",
            "OS",
            "handler",
            ")",
            "\u2013",
            "when",
            "page",
            "is",
            "swapped",
            "to",
            "disk",
            ",",
            "the",
            "TLB",
            "is",
            "flushed",
            "or",
            ",",
            "depending",
            "May",
            "need",
            "to",
            "write",
            "on",
            "being",
            "back",
            "a",
            "dirty",
            "block",
            "write",
            "back",
            "or",
            "write",
            "through",
            "19"
        ],
        "labels": [
            "B",
            "I",
            "O",
            "O",
            "O",
            "B",
            "O",
            "O",
            "B",
            "B",
            "B",
            "I",
            "O",
            "O",
            "O",
            "B",
            "I",
            "O",
            "O",
            "O",
            "O",
            "O",
            "O",
            "O",
            "O",
            "B",
            "O",
            "B",
            "O",
            "B",
            "O",
            "O",
            "O",
            "O",
            "O",
            "O",
            "O",
            "O",
            "O",
            "O",
            "O",
            "O",
            "O",
            "O",
            "O",
            "O",
            "O",
            "O",
            "O",
            "O",
            "O",
            "O",
            "O",
            "O",
            "O",
            "O",
            "O",
            "B",
            "I",
            "O",
            "O",
            "O",
            "B",
            "O",
            "O",
            "O",
            "O",
            "O",
            "O",
            "O",
            "O",
            "O",
            "O",
            "O",
            "B",
            "O",
            "O",
            "O",
            "O",
            "O",
            "O",
            "O",
            "O",
            "O",
            "O",
            "O",
            "O",
            "O",
            "O",
            "O",
            "O",
            "O",
            "O",
            "O",
            "O",
            "O"
        ]
    },
    {
        "words": [
            "Close-up",
            "on",
            "the",
            "TLB",
            "\u25cf",
            "The",
            "TLB",
            "holds",
            "PTEs",
            "\u2013",
            "mappings",
            "from",
            "VAs",
            "to",
            "PAs",
            ",",
            "along",
            "with",
            "other",
            "info",
            "used",
            "for",
            "protection",
            "and",
            "paging",
            ".",
            "VA",
            "VA",
            "Page",
            "(",
            "Tag",
            ")",
            "V",
            "D",
            "Pres",
            "Ref",
            "Prot",
            "PA",
            "Page",
            "PA",
            "00008",
            "1",
            "0",
            "0",
            "1",
            "RX",
            "03BFA",
            "FFFF3",
            "1",
            "1",
            "1",
            "1",
            "RW",
            "19400",
            "\u2026",
            "\u2026",
            "\u2026",
            "\u2026",
            "\u2026",
            "\u2026",
            "\u2026",
            "0",
            "valid",
            "bit",
            "triggers",
            "TLB",
            "Miss",
            ".",
            "0",
            "present",
            "bit",
            "triggers",
            "Page",
            "Fault",
            ".",
            "D-Read",
            ",",
            "D-Write",
            ",",
            "or",
            "I-Fetch",
            "?",
            "Exception",
            "if",
            "invalid",
            "!",
            "20"
        ],
        "labels": [
            "O",
            "O",
            "O",
            "B",
            "O",
            "O",
            "B",
            "O",
            "O",
            "O",
            "O",
            "O",
            "O",
            "O",
            "O",
            "O",
            "O",
            "O",
            "O",
            "O",
            "O",
            "O",
            "O",
            "O",
            "O",
            "O",
            "O",
            "O",
            "B",
            "O",
            "B",
            "O",
            "O",
            "O",
            "O",
            "O",
            "O",
            "O",
            "B",
            "O",
            "O",
            "O",
            "O",
            "O",
            "O",
            "O",
            "O",
            "O",
            "O",
            "O",
            "O",
            "O",
            "O",
            "O",
            "O",
            "O",
            "O",
            "O",
            "O",
            "O",
            "O",
            "O",
            "O",
            "O",
            "O",
            "B",
            "I",
            "O",
            "O",
            "O",
            "O",
            "O",
            "B",
            "I",
            "O",
            "O",
            "O",
            "O",
            "O",
            "O",
            "O",
            "O",
            "O",
            "O",
            "O",
            "O",
            "O"
        ]
    },
    {
        "words": [
            "TLBs",
            "in",
            "Real",
            "Processors",
            "21"
        ],
        "labels": [
            "O",
            "O",
            "O",
            "O",
            "O"
        ]
    },
    {
        "words": [
            "Caching",
            "Makes",
            "Everything",
            "Faster",
            "CPU",
            "Virtual",
            "address",
            "from",
            "lw/sw",
            "instructions",
            "or",
            "from",
            "program",
            "counter",
            "(",
            "PC",
            ")",
            "page",
            "page",
            "VA",
            "Page",
            "#",
            "Page",
            "offset",
            "page",
            "Block",
            "of",
            "a",
            "page",
            "Physical",
            "Virtual",
            "TLB",
            "Cache",
            "Physical",
            "Memory",
            "Address",
            "HDD/SSD",
            "address",
            "space",
            "PTE",
            "TLB",
            "miss",
            "PT",
            "walker",
            "Page",
            "PTE",
            "into",
            "TLB",
            "table",
            "Page",
            "fault",
            "Oh",
            "no",
            "!",
            "OS",
            "Page",
            "Fault",
            "Handler",
            "22"
        ],
        "labels": [
            "B",
            "O",
            "O",
            "O",
            "B",
            "B",
            "I",
            "O",
            "O",
            "O",
            "O",
            "O",
            "O",
            "O",
            "O",
            "O",
            "O",
            "O",
            "O",
            "O",
            "B",
            "O",
            "B",
            "O",
            "O",
            "B",
            "O",
            "O",
            "O",
            "O",
            "O",
            "B",
            "B",
            "B",
            "I",
            "O",
            "O",
            "O",
            "O",
            "O",
            "B",
            "I",
            "O",
            "O",
            "B",
            "O",
            "O",
            "B",
            "O",
            "B",
            "I",
            "O",
            "O",
            "O",
            "B",
            "B",
            "I",
            "I",
            "O"
        ]
    },
    {
        "words": [
            "Overall",
            "Memory",
            "System",
            "Design",
            "\u25cf",
            "Fast",
            "memory",
            "access",
            "is",
            "possible",
            "through",
            "SW",
            "/",
            "HW",
            "collaboration",
            ":",
            "Address",
            "Translation",
            "Caching",
            "Paging",
            "(",
            "HW",
            "/",
            "SW",
            ")",
            "(",
            "HW",
            ")",
            "(",
            "SW",
            ")",
            "VA",
            "PA",
            "PA",
            "TLB",
            "Datapath",
            "Caches",
            "DRAM",
            "HDD/SSD",
            "Pages",
            "Words",
            "Blocks",
            "PT",
            "/bytes",
            "23"
        ],
        "labels": [
            "O",
            "B",
            "I",
            "O",
            "O",
            "O",
            "O",
            "O",
            "O",
            "O",
            "O",
            "B",
            "O",
            "B",
            "O",
            "O",
            "B",
            "I",
            "B",
            "B",
            "O",
            "B",
            "O",
            "B",
            "O",
            "O",
            "B",
            "O",
            "O",
            "B",
            "O",
            "O",
            "O",
            "O",
            "B",
            "B",
            "O",
            "B",
            "O",
            "O",
            "B",
            "O",
            "O",
            "O",
            "O"
        ]
    }
]