[
    {
        "words": [
            "Turing",
            "Machine",
            "02",
            "Thumrongsak",
            "Kosiyatrakul",
            "tkosiyat",
            "@",
            "cs.pitt.edu",
            "Thumrongsak",
            "Kosiyatrakul",
            "tkosiyat",
            "@",
            "cs.pitt.edu",
            "Turing",
            "Machine",
            "02"
        ],
        "labels": [
            "O",
            "O",
            "O",
            "O",
            "O",
            "O",
            "O",
            "O",
            "O",
            "O",
            "O",
            "O",
            "O",
            "O",
            "O",
            "O"
        ]
    },
    {
        "words": [
            "Turing",
            "Machine",
            "Example",
            "Design",
            "a",
            "Turing",
            "machine",
            "that",
            "recognizes",
            "the",
            "language",
            "B",
            "where",
            "B",
            "=",
            "{",
            "w",
            "#",
            "w",
            "|",
            "w",
            "\u2208",
            "\u03a3\u2217",
            "}",
            "On",
            "input",
            "string",
            "w",
            ":",
            "1",
            "Zig-zag",
            "across",
            "the",
            "tape",
            "to",
            "corresponding",
            "positions",
            "on",
            "either",
            "side",
            "of",
            "the",
            "#",
            "symbol",
            "to",
            "check",
            "whether",
            "those",
            "positions",
            "contain",
            "the",
            "same",
            "symbol",
            ".",
            "If",
            "they",
            "do",
            "not",
            ",",
            "or",
            "if",
            "no",
            "#",
            "is",
            "found",
            ",",
            "reject",
            ".",
            "Cross",
            "off",
            "symbols",
            "as",
            "they",
            "are",
            "checked",
            "to",
            "keep",
            "track",
            "of",
            "which",
            "symbols",
            "correspond",
            ".",
            "2",
            "When",
            "all",
            "symbols",
            "to",
            "the",
            "left",
            "of",
            "the",
            "#",
            "have",
            "been",
            "crossed",
            "off",
            ",",
            "check",
            "for",
            "any",
            "remaining",
            "symbols",
            "to",
            "the",
            "right",
            "of",
            "the",
            "#",
            ".",
            "If",
            "any",
            "symbols",
            "remain",
            ",",
            "reject",
            ";",
            "otherwise",
            ",",
            "accept",
            ".",
            "Thumrongsak",
            "Kosiyatrakul",
            "tkosiyat",
            "@",
            "cs.pitt.edu",
            "Turing",
            "Machine",
            "02"
        ],
        "labels": [
            "O",
            "O",
            "O",
            "O",
            "O",
            "O",
            "O",
            "O",
            "O",
            "O",
            "O",
            "O",
            "O",
            "O",
            "O",
            "O",
            "O",
            "O",
            "O",
            "O",
            "O",
            "O",
            "O",
            "O",
            "O",
            "O",
            "O",
            "O",
            "O",
            "O",
            "O",
            "O",
            "O",
            "O",
            "O",
            "O",
            "O",
            "O",
            "O",
            "O",
            "O",
            "O",
            "O",
            "O",
            "O",
            "O",
            "O",
            "O",
            "O",
            "O",
            "O",
            "O",
            "O",
            "O",
            "O",
            "O",
            "O",
            "O",
            "O",
            "O",
            "O",
            "O",
            "O",
            "O",
            "O",
            "O",
            "O",
            "O",
            "O",
            "O",
            "O",
            "O",
            "O",
            "O",
            "O",
            "O",
            "O",
            "O",
            "O",
            "O",
            "O",
            "O",
            "O",
            "O",
            "O",
            "O",
            "O",
            "O",
            "O",
            "O",
            "O",
            "O",
            "O",
            "O",
            "O",
            "O",
            "O",
            "O",
            "O",
            "O",
            "O",
            "O",
            "O",
            "O",
            "O",
            "O",
            "O",
            "O",
            "O",
            "O",
            "O",
            "O",
            "O",
            "O",
            "O",
            "O",
            "O",
            "O",
            "O",
            "O",
            "O",
            "O",
            "O",
            "O",
            "O",
            "O",
            "O",
            "O",
            "O"
        ]
    },
    {
        "words": [
            "Turing",
            "Machine",
            "M1",
            "A",
            "Turing",
            "machine",
            "that",
            "decides",
            "B",
            "=",
            "{",
            "w",
            "#",
            "w",
            "|",
            "w",
            "\u2208",
            "\u03a3\u2217",
            "}",
            ".",
            "q1",
            "x",
            ",",
            "1",
            "R",
            "\u2192",
            "\u2192",
            "#",
            "\u2192R",
            "0",
            "x",
            ",",
            "R",
            "0",
            ",",
            "1",
            "\u2192",
            "R",
            "q2",
            "q8",
            "x\u2192R",
            "q3",
            "0",
            ",",
            "1",
            "\u2192",
            "R",
            "#",
            "\u2192R",
            "t",
            "\u2192R",
            "#",
            "\u2192R",
            "x\u2192R",
            "q4",
            "qaccept",
            "q5",
            "x\u2192R",
            "0",
            "L",
            "\u2192",
            "x",
            ",",
            "L",
            "\u2192",
            "x",
            ",",
            "1",
            "q6",
            "0",
            ",",
            "1",
            ",",
            "x",
            "\u2192",
            "L",
            "#",
            "\u2192L",
            "x\u2192R",
            "q7",
            "0",
            ",",
            "1",
            "\u2192",
            "L",
            "Thumrongsak",
            "Kosiyatrakul",
            "tkosiyat",
            "@",
            "cs.pitt.edu",
            "Turing",
            "Machine",
            "02"
        ],
        "labels": [
            "O",
            "O",
            "O",
            "O",
            "O",
            "O",
            "O",
            "O",
            "O",
            "O",
            "O",
            "O",
            "O",
            "O",
            "O",
            "O",
            "O",
            "O",
            "O",
            "O",
            "O",
            "O",
            "O",
            "O",
            "O",
            "O",
            "O",
            "O",
            "O",
            "O",
            "O",
            "O",
            "O",
            "O",
            "O",
            "O",
            "O",
            "O",
            "O",
            "O",
            "O",
            "O",
            "O",
            "O",
            "O",
            "O",
            "O",
            "O",
            "O",
            "O",
            "O",
            "O",
            "O",
            "O",
            "O",
            "O",
            "O",
            "O",
            "O",
            "O",
            "O",
            "O",
            "O",
            "O",
            "O",
            "O",
            "O",
            "O",
            "O",
            "O",
            "O",
            "O",
            "O",
            "O",
            "O",
            "O",
            "O",
            "O",
            "O",
            "O",
            "O",
            "O",
            "O",
            "O",
            "O",
            "O",
            "O",
            "O",
            "O",
            "O",
            "O",
            "O",
            "O"
        ]
    },
    {
        "words": [
            "Turing",
            "Machine",
            "M1",
            "\u03a3",
            "=",
            "{",
            "0",
            ",",
            "1",
            ",",
            "#",
            "}",
            "\u0393",
            "=",
            "{",
            "0",
            ",",
            "1",
            ",",
            "#",
            ",",
            "x",
            ",",
            "t",
            "}",
            "1",
            "\u2192",
            "x",
            ",",
            "R",
            "Read",
            "1",
            ",",
            "write",
            "x",
            ",",
            "and",
            "move",
            "the",
            "tape",
            "head",
            "to",
            "the",
            "right",
            "direction",
            "#",
            "\u2192R",
            "A",
            "shorthand",
            "notation",
            "for",
            "#",
            "\u2192",
            "#",
            ",",
            "R",
            "Read",
            "#",
            ",",
            "write",
            "#",
            ",",
            "and",
            "move",
            "the",
            "tape",
            "head",
            "to",
            "the",
            "right",
            "direction",
            "0",
            ",",
            "1",
            "\u2192",
            "L",
            "A",
            "shorthand",
            "notation",
            "representing",
            "two",
            "transitions",
            ":",
            "0",
            "\u2192",
            "L",
            "which",
            "is",
            "0",
            "\u2192",
            "0",
            ",",
            "L",
            "1",
            "\u2192",
            "L",
            "which",
            "is",
            "1",
            "\u2192",
            "1",
            ",",
            "L",
            "qreject",
            "is",
            "omitted",
            "All",
            "missing",
            "exiting",
            "arrows",
            "go",
            "to",
            "qreject",
            "Assume",
            "that",
            "it",
            "moves",
            "the",
            "tape",
            "head",
            "to",
            "the",
            "right",
            "direction",
            "before",
            "entering",
            "qreject",
            "without",
            "writing",
            "a",
            "symbol",
            "(",
            "writing",
            "the",
            "same",
            "symbol",
            "it",
            "read",
            ")",
            "Thumrongsak",
            "Kosiyatrakul",
            "tkosiyat",
            "@",
            "cs.pitt.edu",
            "Turing",
            "Machine",
            "02"
        ],
        "labels": [
            "O",
            "O",
            "O",
            "O",
            "O",
            "O",
            "O",
            "O",
            "O",
            "O",
            "O",
            "O",
            "O",
            "O",
            "O",
            "O",
            "O",
            "O",
            "O",
            "O",
            "O",
            "O",
            "O",
            "O",
            "O",
            "O",
            "O",
            "O",
            "O",
            "O",
            "O",
            "O",
            "O",
            "O",
            "O",
            "O",
            "O",
            "O",
            "O",
            "O",
            "O",
            "O",
            "O",
            "O",
            "O",
            "O",
            "O",
            "O",
            "O",
            "O",
            "O",
            "O",
            "O",
            "O",
            "O",
            "O",
            "O",
            "O",
            "O",
            "O",
            "O",
            "O",
            "O",
            "O",
            "O",
            "O",
            "O",
            "O",
            "O",
            "O",
            "O",
            "O",
            "O",
            "O",
            "O",
            "O",
            "O",
            "O",
            "O",
            "O",
            "O",
            "O",
            "O",
            "O",
            "O",
            "O",
            "O",
            "O",
            "O",
            "O",
            "O",
            "O",
            "O",
            "O",
            "O",
            "O",
            "O",
            "O",
            "O",
            "O",
            "O",
            "O",
            "O",
            "O",
            "O",
            "O",
            "O",
            "O",
            "O",
            "O",
            "O",
            "O",
            "O",
            "O",
            "O",
            "O",
            "O",
            "O",
            "O",
            "O",
            "O",
            "O",
            "O",
            "O",
            "O",
            "O",
            "O",
            "O",
            "O",
            "O",
            "O",
            "O",
            "O",
            "O",
            "O",
            "O",
            "O",
            "O",
            "O",
            "O",
            "O",
            "O",
            "O",
            "O",
            "O",
            "O",
            "O"
        ]
    },
    {
        "words": [
            "Turing",
            "Machine",
            "M1",
            "Computing",
            "01",
            "#",
            "01",
            "q1",
            "01",
            "#",
            "01",
            "q1",
            "xq2",
            "1",
            "#",
            "01",
            "x1q2",
            "#",
            "01",
            "x",
            ",",
            "1",
            "x1",
            "#",
            "q4",
            "01",
            "R",
            "\u2192",
            "\u2192",
            "#",
            "\u2192R",
            "0",
            "x",
            ",",
            "R",
            "x1q6",
            "#",
            "x1",
            "xq7",
            "1",
            "#",
            "x1",
            "q7",
            "x1",
            "#",
            "x1",
            "0",
            ",",
            "1",
            "\u2192",
            "R",
            "q2",
            "q8",
            "x\u2192R",
            "q3",
            "0",
            ",",
            "1",
            "\u2192",
            "R",
            "xq1",
            "1",
            "#",
            "x1",
            "#",
            "\u2192R",
            "t",
            "\u2192R",
            "#",
            "\u2192R",
            "xxq3",
            "#",
            "x1",
            "xx",
            "#",
            "q5",
            "x1",
            "x\u2192R",
            "q4",
            "qaccept",
            "q5",
            "x\u2192R",
            "xx",
            "#",
            "xq5",
            "1",
            "xx",
            "#",
            "q6",
            "xx",
            "xxq6",
            "#",
            "xx",
            "0",
            "\u2192",
            "x",
            ",",
            "L",
            "xq7",
            "x",
            "#",
            "xx",
            "L",
            "\u2192",
            "xxq1",
            "#",
            "xx",
            "x",
            ",",
            "1",
            "xx",
            "#",
            "q8",
            "xx",
            "q6",
            "0",
            ",",
            "1",
            ",",
            "x",
            "\u2192",
            "L",
            "xx",
            "#",
            "xq8",
            "x",
            "xx",
            "#",
            "xxq8",
            "t",
            "#",
            "\u2192L",
            "xx",
            "#",
            "xxtqaccept",
            "x\u2192R",
            "q7",
            "0",
            ",",
            "1",
            "\u2192",
            "L",
            "Thumrongsak",
            "Kosiyatrakul",
            "tkosiyat",
            "@",
            "cs.pitt.edu",
            "Turing",
            "Machine",
            "02"
        ],
        "labels": [
            "O",
            "O",
            "O",
            "O",
            "O",
            "O",
            "O",
            "O",
            "O",
            "O",
            "O",
            "O",
            "O",
            "O",
            "O",
            "O",
            "O",
            "O",
            "O",
            "O",
            "O",
            "O",
            "O",
            "O",
            "O",
            "O",
            "O",
            "O",
            "O",
            "O",
            "O",
            "O",
            "O",
            "O",
            "O",
            "O",
            "O",
            "O",
            "O",
            "O",
            "O",
            "O",
            "O",
            "O",
            "O",
            "O",
            "O",
            "O",
            "O",
            "O",
            "O",
            "O",
            "O",
            "O",
            "O",
            "O",
            "O",
            "O",
            "O",
            "O",
            "O",
            "O",
            "O",
            "O",
            "O",
            "O",
            "O",
            "O",
            "O",
            "O",
            "O",
            "O",
            "O",
            "O",
            "O",
            "O",
            "O",
            "O",
            "O",
            "O",
            "O",
            "O",
            "O",
            "O",
            "O",
            "O",
            "O",
            "O",
            "O",
            "O",
            "O",
            "O",
            "O",
            "O",
            "O",
            "O",
            "O",
            "O",
            "O",
            "O",
            "O",
            "O",
            "O",
            "O",
            "O",
            "O",
            "O",
            "O",
            "O",
            "O",
            "O",
            "O",
            "O",
            "O",
            "O",
            "O",
            "O",
            "O",
            "O",
            "O",
            "O",
            "O",
            "O",
            "O",
            "O",
            "O",
            "O",
            "O",
            "O",
            "O",
            "O",
            "O",
            "O",
            "O",
            "O",
            "O",
            "O",
            "O",
            "O",
            "O",
            "O",
            "O",
            "O",
            "O",
            "O",
            "O",
            "O",
            "O",
            "O",
            "O"
        ]
    },
    {
        "words": [
            "Turing",
            "Machine",
            "M1",
            "Computing",
            "01",
            "#",
            "10",
            "q1",
            "x",
            ",",
            "1",
            "R",
            "\u2192",
            "\u2192",
            "#",
            "\u2192R",
            "0",
            "x",
            ",",
            "R",
            "0",
            ",",
            "1",
            "\u2192",
            "R",
            "q2",
            "q8",
            "x\u2192R",
            "q3",
            "0",
            ",",
            "1",
            "\u2192",
            "R",
            "q1",
            "01",
            "#",
            "10",
            "#",
            "\u2192R",
            "t",
            "\u2192R",
            "#",
            "\u2192R",
            "xq2",
            "1",
            "#",
            "10",
            "x1q2",
            "#",
            "10",
            "x\u2192R",
            "q4",
            "qaccept",
            "q5",
            "x\u2192R",
            "x1",
            "#",
            "q4",
            "10",
            "x1",
            "#",
            "1qreject",
            "0",
            "0",
            "x",
            ",",
            "\u2192",
            "L",
            "L",
            "\u2192",
            "x",
            ",",
            "1",
            "q6",
            "0",
            ",",
            "1",
            ",",
            "x",
            "\u2192",
            "L",
            "#",
            "\u2192L",
            "x\u2192R",
            "q7",
            "0",
            ",",
            "1",
            "\u2192",
            "L",
            "Thumrongsak",
            "Kosiyatrakul",
            "tkosiyat",
            "@",
            "cs.pitt.edu",
            "Turing",
            "Machine",
            "02"
        ],
        "labels": [
            "O",
            "O",
            "O",
            "O",
            "O",
            "O",
            "O",
            "O",
            "O",
            "O",
            "O",
            "O",
            "O",
            "O",
            "O",
            "O",
            "O",
            "O",
            "O",
            "O",
            "O",
            "O",
            "O",
            "O",
            "O",
            "O",
            "O",
            "O",
            "O",
            "O",
            "O",
            "O",
            "O",
            "O",
            "O",
            "O",
            "O",
            "O",
            "O",
            "O",
            "O",
            "O",
            "O",
            "O",
            "O",
            "O",
            "O",
            "O",
            "O",
            "O",
            "O",
            "O",
            "O",
            "O",
            "O",
            "O",
            "O",
            "O",
            "O",
            "O",
            "O",
            "O",
            "O",
            "O",
            "O",
            "O",
            "O",
            "O",
            "O",
            "O",
            "O",
            "O",
            "O",
            "O",
            "O",
            "O",
            "O",
            "O",
            "O",
            "O",
            "O",
            "O",
            "O",
            "O",
            "O",
            "O",
            "O",
            "O",
            "O",
            "O",
            "O",
            "O",
            "O",
            "O",
            "O",
            "O",
            "O",
            "O",
            "O"
        ]
    },
    {
        "words": [
            "Turing",
            "Machine",
            "M1",
            "Computing",
            "01",
            "(",
            "no",
            "#",
            "symbol",
            ")",
            "q1",
            "x",
            ",",
            "1",
            "R",
            "\u2192",
            "\u2192",
            "#",
            "\u2192R",
            "0",
            "x",
            ",",
            "R",
            "0",
            ",",
            "1",
            "\u2192",
            "R",
            "q2",
            "q8",
            "x\u2192R",
            "q3",
            "0",
            ",",
            "1",
            "\u2192",
            "R",
            "q1",
            "01",
            "#",
            "\u2192R",
            "t",
            "\u2192R",
            "#",
            "\u2192R",
            "xq2",
            "1",
            "x\u2192R",
            "q4",
            "qaccept",
            "q5",
            "x\u2192R",
            "x1q2",
            "t",
            "x1tqreject",
            "0",
            "x",
            ",",
            "\u2192",
            "L",
            "L",
            "\u2192",
            "x",
            ",",
            "1",
            "q6",
            "0",
            ",",
            "1",
            ",",
            "x",
            "\u2192",
            "L",
            "#",
            "\u2192L",
            "x\u2192R",
            "q7",
            "0",
            ",",
            "1",
            "\u2192",
            "L",
            "Thumrongsak",
            "Kosiyatrakul",
            "tkosiyat",
            "@",
            "cs.pitt.edu",
            "Turing",
            "Machine",
            "02"
        ],
        "labels": [
            "O",
            "O",
            "O",
            "O",
            "O",
            "O",
            "O",
            "O",
            "O",
            "O",
            "O",
            "O",
            "O",
            "O",
            "O",
            "O",
            "O",
            "O",
            "O",
            "O",
            "O",
            "O",
            "O",
            "O",
            "O",
            "O",
            "O",
            "O",
            "O",
            "O",
            "O",
            "O",
            "O",
            "O",
            "O",
            "O",
            "O",
            "O",
            "O",
            "O",
            "O",
            "O",
            "O",
            "O",
            "O",
            "O",
            "O",
            "O",
            "O",
            "O",
            "O",
            "O",
            "O",
            "O",
            "O",
            "O",
            "O",
            "O",
            "O",
            "O",
            "O",
            "O",
            "O",
            "O",
            "O",
            "O",
            "O",
            "O",
            "O",
            "O",
            "O",
            "O",
            "O",
            "O",
            "O",
            "O",
            "O",
            "O",
            "O",
            "O",
            "O",
            "O",
            "O",
            "O",
            "O",
            "O",
            "O",
            "O",
            "O",
            "O"
        ]
    },
    {
        "words": [
            "Turing",
            "Machine",
            "Example",
            "Design",
            "a",
            "Turing",
            "machine",
            "that",
            "recognizes",
            "the",
            "language",
            "A",
            "where",
            "n",
            "A",
            "=",
            "{",
            "02",
            "|",
            "n",
            "\u2265",
            "0",
            "}",
            "On",
            "input",
            "string",
            "w",
            ":",
            "1",
            "Sweep",
            "left",
            "to",
            "right",
            "across",
            "the",
            "tape",
            ",",
            "crossing",
            "off",
            "every",
            "other",
            "0",
            "2",
            "If",
            "in",
            "stage",
            "1",
            "the",
            "tape",
            "contained",
            "a",
            "single",
            "0",
            ",",
            "accept",
            "3",
            "If",
            "in",
            "stage",
            "1",
            "the",
            "tape",
            "contained",
            "more",
            "than",
            "a",
            "single",
            "0",
            "and",
            "the",
            "number",
            "of",
            "0s",
            "was",
            "odd",
            ",",
            "reject",
            "4",
            "Return",
            "the",
            "head",
            "to",
            "the",
            "left-hand",
            "end",
            "of",
            "the",
            "tape",
            "5",
            "Go",
            "to",
            "stage",
            "1",
            "Thumrongsak",
            "Kosiyatrakul",
            "tkosiyat",
            "@",
            "cs.pitt.edu",
            "Turing",
            "Machine",
            "02"
        ],
        "labels": [
            "O",
            "O",
            "O",
            "O",
            "O",
            "O",
            "O",
            "O",
            "O",
            "O",
            "O",
            "O",
            "O",
            "O",
            "O",
            "O",
            "O",
            "O",
            "O",
            "O",
            "O",
            "O",
            "O",
            "O",
            "O",
            "O",
            "O",
            "O",
            "O",
            "O",
            "O",
            "O",
            "O",
            "O",
            "O",
            "O",
            "O",
            "O",
            "O",
            "O",
            "O",
            "O",
            "O",
            "O",
            "O",
            "O",
            "O",
            "O",
            "O",
            "O",
            "O",
            "O",
            "O",
            "O",
            "O",
            "O",
            "O",
            "O",
            "O",
            "O",
            "O",
            "O",
            "O",
            "O",
            "O",
            "O",
            "O",
            "O",
            "O",
            "O",
            "O",
            "O",
            "O",
            "O",
            "O",
            "O",
            "O",
            "O",
            "O",
            "O",
            "O",
            "O",
            "O",
            "O",
            "O",
            "O",
            "O",
            "O",
            "O",
            "O",
            "O",
            "O",
            "O",
            "O",
            "O",
            "O",
            "O",
            "O",
            "O",
            "O",
            "O"
        ]
    },
    {
        "words": [
            "Moving",
            "the",
            "Tape",
            "Head",
            "Back",
            "Suppose",
            "we",
            "want",
            "to",
            "move",
            "the",
            "tape",
            "head",
            "back",
            "to",
            "the",
            "left",
            "most",
            "end",
            "of",
            "the",
            "tape",
            "Need",
            "a",
            "state",
            "to",
            "do",
            "that",
            "0",
            ",",
            "1",
            ",",
            "x",
            "\u2192",
            "L",
            "This",
            "will",
            "result",
            "in",
            "an",
            "infinite",
            "loop",
            "Recall",
            "that",
            "if",
            "the",
            "tape",
            "head",
            "is",
            "at",
            "the",
            "left-most",
            "square",
            "and",
            "the",
            "transition",
            "is",
            "L",
            ",",
            "it",
            "will",
            "stay",
            "at",
            "the",
            "same",
            "place",
            "There",
            "is",
            "no",
            "signal",
            "telling",
            "a",
            "TM",
            "that",
            "its",
            "tape",
            "head",
            "is",
            "currently",
            "at",
            "the",
            "left-most",
            "square",
            "The",
            "trick",
            "is",
            "to",
            "mark",
            "the",
            "left-most",
            "symbol",
            "(",
            "depending",
            "on",
            "\u0393",
            ")",
            "Turn",
            "0",
            "or",
            "1",
            "to",
            "t",
            "Turn",
            "0",
            "to",
            "0\u0307",
            "or",
            "x",
            "Turn",
            "1",
            "to",
            "1\u0307",
            "or",
            "t",
            "Thumrongsak",
            "Kosiyatrakul",
            "tkosiyat",
            "@",
            "cs.pitt.edu",
            "Turing",
            "Machine",
            "02"
        ],
        "labels": [
            "O",
            "O",
            "O",
            "O",
            "O",
            "O",
            "O",
            "O",
            "O",
            "O",
            "O",
            "O",
            "O",
            "O",
            "O",
            "O",
            "O",
            "O",
            "O",
            "O",
            "O",
            "O",
            "O",
            "O",
            "O",
            "O",
            "O",
            "O",
            "O",
            "O",
            "O",
            "O",
            "O",
            "O",
            "O",
            "O",
            "O",
            "O",
            "O",
            "O",
            "O",
            "O",
            "O",
            "O",
            "O",
            "O",
            "O",
            "O",
            "O",
            "O",
            "O",
            "O",
            "O",
            "O",
            "O",
            "O",
            "O",
            "O",
            "O",
            "O",
            "O",
            "O",
            "O",
            "O",
            "O",
            "O",
            "O",
            "O",
            "O",
            "O",
            "O",
            "O",
            "O",
            "O",
            "O",
            "O",
            "O",
            "O",
            "O",
            "O",
            "O",
            "O",
            "O",
            "O",
            "O",
            "O",
            "O",
            "O",
            "O",
            "O",
            "O",
            "O",
            "O",
            "O",
            "O",
            "O",
            "O",
            "O",
            "O",
            "O",
            "O",
            "O",
            "O",
            "O",
            "O",
            "O",
            "O",
            "O",
            "O",
            "O",
            "O",
            "O",
            "O",
            "O",
            "O",
            "O",
            "O",
            "O",
            "O",
            "O",
            "O",
            "O"
        ]
    },
    {
        "words": [
            "Turing",
            "Machine",
            "M2",
            "n",
            "A",
            "Turing",
            "machine",
            "that",
            "decides",
            "A",
            "=",
            "{",
            "02",
            "|",
            "n",
            "\u2265",
            "0",
            "}",
            ".",
            "0\u2192L",
            "x\u2192L",
            "q5",
            "R",
            "t",
            "\u2192",
            "\u2192",
            "x\u2192R",
            "x\u2192R",
            "t",
            "L",
            "q1",
            "q2",
            "q3",
            "0",
            "\u2192",
            "t",
            ",",
            "R",
            "0",
            "\u2192",
            "x",
            ",",
            "R",
            "t\u2192R",
            "t",
            "\u2192R",
            "0\u2192R",
            "0",
            "\u2192",
            "x",
            ",",
            "R",
            "x\u2192R",
            "qreject",
            "qaccept",
            "q4",
            "x\u2192R",
            "t",
            "\u2192R",
            "Thumrongsak",
            "Kosiyatrakul",
            "tkosiyat",
            "@",
            "cs.pitt.edu",
            "Turing",
            "Machine",
            "02"
        ],
        "labels": [
            "O",
            "O",
            "O",
            "O",
            "O",
            "O",
            "O",
            "O",
            "O",
            "O",
            "O",
            "O",
            "O",
            "O",
            "O",
            "O",
            "O",
            "O",
            "O",
            "O",
            "O",
            "O",
            "O",
            "O",
            "O",
            "O",
            "O",
            "O",
            "O",
            "O",
            "O",
            "O",
            "O",
            "O",
            "O",
            "O",
            "O",
            "O",
            "O",
            "O",
            "O",
            "O",
            "O",
            "O",
            "O",
            "O",
            "O",
            "O",
            "O",
            "O",
            "O",
            "O",
            "O",
            "O",
            "O",
            "O",
            "O",
            "O",
            "O",
            "O",
            "O",
            "O",
            "O",
            "O",
            "O",
            "O",
            "O"
        ]
    },
    {
        "words": [
            "Turing",
            "Machine",
            "M2",
            "Computing",
            "0000",
            "q1",
            "0000",
            "t",
            "q2",
            "000",
            "txq3",
            "00",
            "tx0q4",
            "0",
            "tx0xq3",
            "t",
            "0\u2192L",
            "x\u2192L",
            "tx0q5",
            "x",
            "txq5",
            "0x",
            "q5",
            "R",
            "t",
            "tq5",
            "x0x",
            "\u2192",
            "\u2192",
            "x\u2192R",
            "x\u2192R",
            "t",
            "L",
            "q5",
            "tx0x",
            "tq2",
            "x0x",
            "q1",
            "q2",
            "q3",
            "0",
            "\u2192",
            "t",
            ",",
            "R",
            "0",
            "\u2192",
            "x",
            ",",
            "R",
            "txq2",
            "0x",
            "txxq3",
            "x",
            "t\u2192R",
            "txxxq3",
            "t",
            "t",
            "\u2192R",
            "0\u2192R",
            "0",
            "\u2192",
            "x",
            ",",
            "R",
            "x\u2192R",
            "txxq5",
            "x",
            "txq5",
            "xx",
            "qreject",
            "qaccept",
            "q4",
            "x\u2192R",
            "tq5",
            "xxx",
            "q5",
            "txxx",
            "tq2",
            "xxx",
            "t",
            "\u2192R",
            "txq2",
            "xx",
            "txxq2",
            "x",
            "txxxq2",
            "t",
            "txxxtqaccept",
            "Thumrongsak",
            "Kosiyatrakul",
            "tkosiyat",
            "@",
            "cs.pitt.edu",
            "Turing",
            "Machine",
            "02"
        ],
        "labels": [
            "O",
            "O",
            "O",
            "O",
            "O",
            "O",
            "O",
            "O",
            "O",
            "O",
            "O",
            "O",
            "O",
            "O",
            "O",
            "O",
            "O",
            "O",
            "O",
            "O",
            "O",
            "O",
            "O",
            "O",
            "O",
            "O",
            "O",
            "O",
            "O",
            "O",
            "O",
            "O",
            "O",
            "O",
            "O",
            "O",
            "O",
            "O",
            "O",
            "O",
            "O",
            "O",
            "O",
            "O",
            "O",
            "O",
            "O",
            "O",
            "O",
            "O",
            "O",
            "O",
            "O",
            "O",
            "O",
            "O",
            "O",
            "O",
            "O",
            "O",
            "O",
            "O",
            "O",
            "O",
            "O",
            "O",
            "O",
            "O",
            "O",
            "O",
            "O",
            "O",
            "O",
            "O",
            "O",
            "O",
            "O",
            "O",
            "O",
            "O",
            "O",
            "O",
            "O",
            "O",
            "O",
            "O",
            "O",
            "O",
            "O",
            "O",
            "O",
            "O",
            "O",
            "O",
            "O",
            "O",
            "O"
        ]
    },
    {
        "words": [
            "Turing",
            "Machine",
            "M2",
            "Computing",
            "000",
            "0\u2192L",
            "x\u2192L",
            "q5",
            "R",
            "t",
            "\u2192",
            "\u2192",
            "x\u2192R",
            "x\u2192R",
            "t",
            "L",
            "q1",
            "000",
            "q1",
            "q2",
            "q3",
            "t",
            "q2",
            "00",
            "0",
            "\u2192",
            "t",
            ",",
            "R",
            "0",
            "\u2192",
            "x",
            ",",
            "R",
            "txq3",
            "0",
            "tx0q4",
            "t",
            "t\u2192R",
            "t",
            "\u2192R",
            "0\u2192R",
            "0",
            "\u2192",
            "x",
            ",",
            "R",
            "x\u2192R",
            "tx0tqreject",
            "qreject",
            "qaccept",
            "q4",
            "x\u2192R",
            "t",
            "\u2192R",
            "Thumrongsak",
            "Kosiyatrakul",
            "tkosiyat",
            "@",
            "cs.pitt.edu",
            "Turing",
            "Machine",
            "02"
        ],
        "labels": [
            "O",
            "O",
            "O",
            "O",
            "O",
            "O",
            "O",
            "O",
            "O",
            "O",
            "O",
            "O",
            "O",
            "O",
            "O",
            "O",
            "O",
            "O",
            "O",
            "O",
            "O",
            "O",
            "O",
            "O",
            "O",
            "O",
            "O",
            "O",
            "O",
            "O",
            "O",
            "O",
            "O",
            "O",
            "O",
            "O",
            "O",
            "O",
            "O",
            "O",
            "O",
            "O",
            "O",
            "O",
            "O",
            "O",
            "O",
            "O",
            "O",
            "O",
            "O",
            "O",
            "O",
            "O",
            "O",
            "O",
            "O",
            "O",
            "O",
            "O",
            "O",
            "O",
            "O"
        ]
    },
    {
        "words": [
            "Designing",
            "a",
            "TM",
            "Designing",
            "a",
            "TM",
            "in",
            "a",
            "form",
            "of",
            "a",
            "state",
            "diagram",
            "is",
            "hard",
            "Need",
            "to",
            "keep",
            "in",
            "mind",
            "out",
            "the",
            "content",
            "of",
            "the",
            "tape",
            "Need",
            "to",
            "worry",
            "about",
            "moving",
            "tape",
            "head",
            "But",
            "for",
            "a",
            "simple",
            "problem",
            ",",
            "it",
            "is",
            "not",
            "that",
            "bad",
            "Let",
            "\u2019",
            "s",
            "create",
            "a",
            "TM",
            "that",
            "shift",
            "all",
            "symbols",
            "on",
            "the",
            "tape",
            "to",
            "the",
            "right",
            "by",
            "one",
            "square",
            "by",
            "inserting",
            "the",
            "blank",
            "symbol",
            "at",
            "the",
            "left-most",
            "square",
            "and",
            "move",
            "the",
            "tape",
            "head",
            "back",
            "to",
            "the",
            "left-most",
            "square",
            "Let",
            "\u03a3",
            "=",
            "{",
            "0",
            ",",
            "1",
            "}",
            "and",
            "\u0393",
            "=",
            "{",
            "0",
            ",",
            "1",
            ",",
            "t",
            "}",
            "Here",
            "are",
            "some",
            "input/output",
            "(",
            "on",
            "the",
            "tape",
            ")",
            "Input",
            "Output",
            "01101",
            "t01101",
            "0",
            "t0",
            "111",
            "t111",
            "\u03b5",
            "\u03b5",
            "Note",
            "that",
            "this",
            "TM",
            "always",
            "accepts",
            "all",
            "strings",
            "over",
            "\u03a3",
            "Thumrongsak",
            "Kosiyatrakul",
            "tkosiyat",
            "@",
            "cs.pitt.edu",
            "Turing",
            "Machine",
            "02"
        ],
        "labels": [
            "O",
            "O",
            "O",
            "O",
            "O",
            "O",
            "O",
            "O",
            "O",
            "O",
            "O",
            "O",
            "O",
            "O",
            "O",
            "O",
            "O",
            "O",
            "O",
            "O",
            "O",
            "O",
            "O",
            "O",
            "O",
            "O",
            "O",
            "O",
            "O",
            "O",
            "O",
            "O",
            "O",
            "O",
            "O",
            "O",
            "O",
            "O",
            "O",
            "O",
            "O",
            "O",
            "O",
            "O",
            "O",
            "O",
            "O",
            "O",
            "O",
            "O",
            "O",
            "O",
            "O",
            "O",
            "O",
            "O",
            "O",
            "O",
            "O",
            "O",
            "O",
            "O",
            "O",
            "O",
            "O",
            "O",
            "O",
            "O",
            "O",
            "O",
            "O",
            "O",
            "O",
            "O",
            "O",
            "O",
            "O",
            "O",
            "O",
            "O",
            "O",
            "O",
            "O",
            "O",
            "O",
            "O",
            "O",
            "O",
            "O",
            "O",
            "O",
            "O",
            "O",
            "O",
            "O",
            "O",
            "O",
            "O",
            "O",
            "O",
            "O",
            "O",
            "O",
            "O",
            "O",
            "O",
            "O",
            "O",
            "O",
            "O",
            "O",
            "O",
            "O",
            "O",
            "O",
            "O",
            "O",
            "O",
            "O",
            "O",
            "O",
            "O",
            "O",
            "O",
            "O",
            "O",
            "O",
            "O",
            "O",
            "O",
            "O",
            "O",
            "O",
            "O",
            "O",
            "O",
            "O"
        ]
    },
    {
        "words": [
            "Designing",
            "a",
            "TM",
            "Solution",
            "0\u2192R",
            "q1",
            "0",
            "\u2192",
            "t",
            ",",
            "R",
            "t",
            "\u2192",
            "0",
            ",",
            "L",
            "1",
            "\u2192",
            "0",
            ",",
            "R",
            "0",
            "\u2192",
            "1",
            ",",
            "R",
            "q0",
            "q3",
            "0",
            ",",
            "1",
            "\u2192",
            "L",
            "t",
            "\u2192L",
            "1",
            "\u2192",
            "t",
            ",",
            "R",
            "t",
            "\u2192",
            "1",
            ",",
            "L",
            "qaccept",
            "q2",
            "1\u2192R",
            "t",
            "\u2192L",
            "Thumrongsak",
            "Kosiyatrakul",
            "tkosiyat",
            "@",
            "cs.pitt.edu",
            "Turing",
            "Machine",
            "02"
        ],
        "labels": [
            "O",
            "O",
            "O",
            "O",
            "O",
            "O",
            "O",
            "O",
            "O",
            "O",
            "O",
            "O",
            "O",
            "O",
            "O",
            "O",
            "O",
            "O",
            "O",
            "O",
            "O",
            "O",
            "O",
            "O",
            "O",
            "O",
            "O",
            "O",
            "O",
            "O",
            "O",
            "O",
            "O",
            "O",
            "O",
            "O",
            "O",
            "O",
            "O",
            "O",
            "O",
            "O",
            "O",
            "O",
            "O",
            "O",
            "O",
            "O",
            "O",
            "O",
            "O",
            "O",
            "O",
            "O",
            "O",
            "O",
            "O",
            "O"
        ]
    }
]