[
    {
        "words": [
            "Time",
            "Complexity",
            "04",
            "Thumrongsak",
            "Kosiyatrakul",
            "tkosiyat",
            "@",
            "cs.pitt.edu",
            "Thumrongsak",
            "Kosiyatrakul",
            "tkosiyat",
            "@",
            "cs.pitt.edu",
            "Time",
            "Complexity",
            "04"
        ],
        "labels": [
            "O",
            "O",
            "O",
            "O",
            "O",
            "O",
            "O",
            "O",
            "O",
            "O",
            "O",
            "O",
            "O",
            "O",
            "O",
            "O"
        ]
    },
    {
        "words": [
            "NP-COMPLETENESS",
            "NP-Complete",
            "is",
            "a",
            "class",
            "of",
            "problems",
            "discovered",
            "by",
            "Cook",
            "and",
            "Levin",
            "Complexity",
            "of",
            "these",
            "problems",
            "are",
            "closely",
            "related",
            "If",
            "a",
            "polynomial",
            "time",
            "algorithm",
            "exists",
            "for",
            "a",
            "problem",
            "in",
            "this",
            "class",
            ",",
            "problems",
            "of",
            "entire",
            "class",
            "can",
            "be",
            "solved",
            "in",
            "polynomial",
            "time",
            "Thumrongsak",
            "Kosiyatrakul",
            "tkosiyat",
            "@",
            "cs.pitt.edu",
            "Time",
            "Complexity",
            "04"
        ],
        "labels": [
            "O",
            "O",
            "O",
            "O",
            "O",
            "O",
            "O",
            "O",
            "O",
            "O",
            "O",
            "O",
            "O",
            "O",
            "O",
            "O",
            "O",
            "O",
            "O",
            "O",
            "O",
            "O",
            "O",
            "O",
            "O",
            "O",
            "O",
            "O",
            "O",
            "O",
            "O",
            "O",
            "O",
            "O",
            "O",
            "O",
            "O",
            "O",
            "O",
            "O",
            "O",
            "O",
            "O",
            "O",
            "O",
            "O",
            "O",
            "O",
            "O",
            "O"
        ]
    },
    {
        "words": [
            "Polynomial",
            "Time",
            "Reducibility",
            "Definition",
            "7.28",
            "A",
            "function",
            "f",
            ":",
            "\u03a3\u2217",
            "\u2192",
            "\u03a3\u2217",
            "is",
            "a",
            "polynomial",
            "time",
            "computable",
            "function",
            "if",
            "some",
            "polynomial",
            "time",
            "Turing",
            "machine",
            "M",
            "exists",
            "that",
            "halts",
            "with",
            "just",
            "f",
            "(",
            "w",
            ")",
            "on",
            "its",
            "tape",
            ",",
            "when",
            "started",
            "on",
            "any",
            "input",
            "w",
            ".",
            "Definition",
            "7.29",
            "Language",
            "A",
            "is",
            "polynomial",
            "time",
            "mapping",
            "reducible",
            ",",
            "or",
            "simply",
            "polynomial",
            "time",
            "reducible",
            ",",
            "to",
            "language",
            "B",
            ",",
            "written",
            "A",
            "\u2264p",
            "B",
            ",",
            "if",
            "a",
            "polynomial",
            "time",
            "computable",
            "function",
            "f",
            ":",
            "\u03a3\u2217",
            "\u2192",
            "\u03a3\u2217",
            "exists",
            ",",
            "where",
            "for",
            "every",
            "w",
            ",",
            "w",
            "\u2208",
            "A",
            "\u2194",
            "f",
            "(",
            "w",
            ")",
            "\u2208",
            "B",
            ".",
            "The",
            "function",
            "f",
            "is",
            "called",
            "the",
            "polynomial",
            "time",
            "reduction",
            "of",
            "A",
            "to",
            "B",
            ".",
            "Thumrongsak",
            "Kosiyatrakul",
            "tkosiyat",
            "@",
            "cs.pitt.edu",
            "Time",
            "Complexity",
            "04"
        ],
        "labels": [
            "O",
            "O",
            "O",
            "O",
            "O",
            "O",
            "O",
            "O",
            "O",
            "O",
            "O",
            "O",
            "O",
            "O",
            "O",
            "O",
            "O",
            "O",
            "O",
            "O",
            "O",
            "O",
            "O",
            "O",
            "O",
            "O",
            "O",
            "O",
            "O",
            "O",
            "O",
            "O",
            "O",
            "O",
            "O",
            "O",
            "O",
            "O",
            "O",
            "O",
            "O",
            "O",
            "O",
            "O",
            "O",
            "O",
            "O",
            "O",
            "O",
            "O",
            "O",
            "O",
            "O",
            "O",
            "O",
            "O",
            "O",
            "O",
            "O",
            "O",
            "O",
            "O",
            "O",
            "O",
            "O",
            "O",
            "O",
            "O",
            "O",
            "O",
            "O",
            "O",
            "O",
            "O",
            "O",
            "O",
            "O",
            "O",
            "O",
            "O",
            "O",
            "O",
            "O",
            "O",
            "O",
            "O",
            "O",
            "O",
            "O",
            "O",
            "O",
            "O",
            "O",
            "O",
            "O",
            "O",
            "O",
            "O",
            "O",
            "O",
            "O",
            "O",
            "O",
            "O",
            "O",
            "O",
            "O",
            "O",
            "O",
            "O",
            "O",
            "O",
            "O",
            "O",
            "O",
            "O",
            "O",
            "O",
            "O",
            "O",
            "O"
        ]
    },
    {
        "words": [
            "Polynomial",
            "Time",
            "Reducibility",
            "Recall",
            "the",
            "property",
            "from",
            "previous",
            "slide",
            ":",
            "w",
            "\u2208",
            "A",
            "\u2194",
            "f",
            "(",
            "w",
            ")",
            "\u2208",
            "B",
            "This",
            "is",
            "exactly",
            "the",
            "same",
            "as",
            "mapping",
            "reducibility",
            "property",
            "Recall",
            "that",
            "if",
            "A",
            "\u2264m",
            "B",
            "and",
            "B",
            "is",
            "decidable",
            ",",
            "A",
            "is",
            "decidable",
            "A",
            "\u2264p",
            "B",
            "gives",
            "you",
            "exactly",
            "the",
            "same",
            "as",
            "A",
            "\u2264m",
            "B",
            "with",
            "one",
            "extra",
            "property",
            "that",
            "the",
            "reduction",
            "f",
            "runs",
            "in",
            "polynomial",
            "time",
            "Thumrongsak",
            "Kosiyatrakul",
            "tkosiyat",
            "@",
            "cs.pitt.edu",
            "Time",
            "Complexity",
            "04"
        ],
        "labels": [
            "O",
            "O",
            "O",
            "O",
            "O",
            "O",
            "O",
            "O",
            "O",
            "O",
            "O",
            "O",
            "O",
            "O",
            "O",
            "O",
            "O",
            "O",
            "O",
            "O",
            "O",
            "O",
            "O",
            "O",
            "O",
            "O",
            "O",
            "O",
            "O",
            "O",
            "O",
            "O",
            "O",
            "O",
            "O",
            "O",
            "O",
            "O",
            "O",
            "O",
            "O",
            "O",
            "O",
            "O",
            "O",
            "O",
            "O",
            "O",
            "O",
            "O",
            "O",
            "O",
            "O",
            "O",
            "O",
            "O",
            "O",
            "O",
            "O",
            "O",
            "O",
            "O",
            "O",
            "O",
            "O",
            "O",
            "O",
            "O",
            "O",
            "O",
            "O",
            "O",
            "O",
            "O",
            "O"
        ]
    },
    {
        "words": [
            "Polynomial",
            "Time",
            "Reducibility",
            "Theorem",
            "7.31",
            "If",
            "A",
            "\u2264p",
            "B",
            "and",
            "B",
            "\u2208",
            "P",
            ",",
            "then",
            "A",
            "\u2208",
            "P",
            ".",
            "If",
            "you",
            "can",
            "convert",
            "an",
            "instance",
            "of",
            "a",
            "problem",
            "A",
            "into",
            "an",
            "instance",
            "of",
            "a",
            "problem",
            "B",
            "in",
            "polynomial",
            "time",
            "If",
            "the",
            "problem",
            "B",
            "can",
            "be",
            "solved",
            "in",
            "polynomial",
            "time",
            "The",
            "problem",
            "A",
            "can",
            "be",
            "solved",
            "in",
            "polynomial",
            "time",
            "Thumrongsak",
            "Kosiyatrakul",
            "tkosiyat",
            "@",
            "cs.pitt.edu",
            "Time",
            "Complexity",
            "04"
        ],
        "labels": [
            "O",
            "O",
            "O",
            "O",
            "O",
            "O",
            "O",
            "O",
            "O",
            "O",
            "O",
            "O",
            "O",
            "O",
            "O",
            "O",
            "O",
            "O",
            "O",
            "O",
            "O",
            "O",
            "O",
            "O",
            "O",
            "O",
            "O",
            "O",
            "O",
            "O",
            "O",
            "O",
            "O",
            "O",
            "O",
            "O",
            "O",
            "O",
            "O",
            "O",
            "O",
            "O",
            "O",
            "O",
            "O",
            "O",
            "O",
            "O",
            "O",
            "O",
            "O",
            "O",
            "O",
            "O",
            "O",
            "O",
            "O",
            "O",
            "O",
            "O",
            "O",
            "O",
            "O",
            "O",
            "O",
            "O"
        ]
    },
    {
        "words": [
            "Polynomial",
            "Time",
            "Reducibility",
            "Theorem",
            "7.31",
            "If",
            "A",
            "\u2264p",
            "B",
            "and",
            "B",
            "\u2208",
            "P",
            ",",
            "then",
            "A",
            "\u2208",
            "P",
            ".",
            "Proof",
            ":",
            "Assume",
            "that",
            "A",
            "\u2264p",
            "B",
            "There",
            "exists",
            "a",
            "polynomial",
            "time",
            "reduction",
            "f",
            "satisfying",
            ":",
            "w",
            "\u2208",
            "A",
            "\u2194",
            "f",
            "(",
            "w",
            ")",
            "\u2208",
            "B",
            "Assume",
            "that",
            "B",
            "\u2208",
            "P",
            "There",
            "exists",
            "a",
            "TM",
            "MB",
            "that",
            "decides",
            "B",
            "MB",
            "runs",
            "in",
            "polynomial",
            "time",
            "We",
            "need",
            "to",
            "show",
            "that",
            "we",
            "can",
            "decide",
            "A",
            "in",
            "polynomial",
            "time",
            "Need",
            "a",
            "TM",
            "MA",
            "that",
            "decides",
            "A",
            "in",
            "polynomial",
            "time",
            "Thumrongsak",
            "Kosiyatrakul",
            "tkosiyat",
            "@",
            "cs.pitt.edu",
            "Time",
            "Complexity",
            "04"
        ],
        "labels": [
            "O",
            "O",
            "O",
            "O",
            "O",
            "O",
            "O",
            "O",
            "O",
            "O",
            "O",
            "O",
            "O",
            "O",
            "O",
            "O",
            "O",
            "O",
            "O",
            "O",
            "O",
            "O",
            "O",
            "O",
            "O",
            "O",
            "O",
            "O",
            "O",
            "O",
            "O",
            "O",
            "O",
            "O",
            "O",
            "O",
            "O",
            "O",
            "O",
            "O",
            "O",
            "O",
            "O",
            "O",
            "O",
            "O",
            "O",
            "O",
            "O",
            "O",
            "O",
            "O",
            "O",
            "O",
            "O",
            "O",
            "O",
            "O",
            "O",
            "O",
            "O",
            "O",
            "O",
            "O",
            "O",
            "O",
            "O",
            "O",
            "O",
            "O",
            "O",
            "O",
            "O",
            "O",
            "O",
            "O",
            "O",
            "O",
            "O",
            "O",
            "O",
            "O",
            "O",
            "O",
            "O",
            "O",
            "O",
            "O",
            "O",
            "O",
            "O",
            "O",
            "O"
        ]
    },
    {
        "words": [
            "Polynomial",
            "Time",
            "Reducibility",
            "This",
            "TM",
            "MA",
            "decides",
            "A",
            ":",
            "MA",
            "=",
            "\u201c",
            "On",
            "input",
            "w",
            ":",
            "1",
            "Compute",
            "f",
            "(",
            "w",
            ")",
            "where",
            "f",
            "is",
            "a",
            "polynomial",
            "time",
            "reduction",
            "from",
            "A",
            "to",
            "B",
            ".",
            "2",
            "Run",
            "MB",
            "(",
            "a",
            "decider",
            "of",
            "B",
            ")",
            "on",
            "f",
            "(",
            "w",
            ")",
            ".",
            "3",
            "If",
            "MB",
            "accepts",
            "f",
            "(",
            "w",
            ")",
            ",",
            "accept",
            ".",
            "If",
            "MB",
            "rejects",
            "f",
            "(",
            "w",
            ")",
            ",",
            "reject",
            ".",
            "\u201d",
            "Prove",
            "that",
            "MA",
            "is",
            "a",
            "decider",
            "for",
            "A",
            ":",
            "w\u2208A",
            "f",
            "(",
            "w",
            ")",
            "\u2208",
            "B",
            "MB",
            "accepts",
            "f",
            "(",
            "w",
            ")",
            "MA",
            "accepts",
            "w",
            "w",
            "6\u2208",
            "A",
            "f",
            "(",
            "w",
            ")",
            "6\u2208",
            "B",
            "MB",
            "rejects",
            "f",
            "(",
            "w",
            ")",
            "MA",
            "rejects",
            "w",
            "Since",
            "f",
            "runs",
            "in",
            "polynomial",
            "time",
            "and",
            "MB",
            "can",
            "decide",
            "B",
            "in",
            "polynomial",
            "time",
            ",",
            "MA",
            "runs",
            "in",
            "polynomial",
            "time",
            "Since",
            "MA",
            "decides",
            "A",
            "in",
            "polynomial",
            "time",
            ",",
            "A",
            "\u2208",
            "P",
            "Thumrongsak",
            "Kosiyatrakul",
            "tkosiyat",
            "@",
            "cs.pitt.edu",
            "Time",
            "Complexity",
            "04"
        ],
        "labels": [
            "O",
            "O",
            "O",
            "O",
            "O",
            "O",
            "O",
            "O",
            "O",
            "O",
            "O",
            "O",
            "O",
            "O",
            "O",
            "O",
            "O",
            "O",
            "O",
            "O",
            "O",
            "O",
            "O",
            "O",
            "O",
            "O",
            "O",
            "O",
            "O",
            "O",
            "O",
            "O",
            "O",
            "O",
            "O",
            "O",
            "O",
            "O",
            "O",
            "O",
            "O",
            "O",
            "O",
            "O",
            "O",
            "O",
            "O",
            "O",
            "O",
            "O",
            "O",
            "O",
            "O",
            "O",
            "O",
            "O",
            "O",
            "O",
            "O",
            "O",
            "O",
            "O",
            "O",
            "O",
            "O",
            "O",
            "O",
            "O",
            "O",
            "O",
            "O",
            "O",
            "O",
            "O",
            "O",
            "O",
            "O",
            "O",
            "O",
            "O",
            "O",
            "O",
            "O",
            "O",
            "O",
            "O",
            "O",
            "O",
            "O",
            "O",
            "O",
            "O",
            "O",
            "O",
            "O",
            "O",
            "O",
            "O",
            "O",
            "O",
            "O",
            "O",
            "O",
            "O",
            "O",
            "O",
            "O",
            "O",
            "O",
            "O",
            "O",
            "O",
            "O",
            "O",
            "O",
            "O",
            "O",
            "O",
            "O",
            "O",
            "O",
            "O",
            "O",
            "O",
            "O",
            "O",
            "O",
            "O",
            "O",
            "O",
            "O",
            "O",
            "O",
            "O",
            "O",
            "O",
            "O",
            "O",
            "O",
            "O",
            "O",
            "O",
            "O",
            "O",
            "O",
            "O",
            "O",
            "O",
            "O",
            "O",
            "O",
            "O",
            "O"
        ]
    },
    {
        "words": [
            "Satisfiability",
            "Problem",
            "A",
            "formula",
            "\u03c6",
            "can",
            "be",
            "construed",
            "from",
            "boolean",
            "variables",
            "and",
            "boolean",
            "operators",
            "(",
            "\u2227",
            ",",
            "\u2228",
            ",",
            "and",
            "\u00ac",
            ")",
            "Sometimes",
            "we",
            "use",
            "x",
            "instead",
            "of",
            "\u00acx",
            "for",
            "a",
            "boolean",
            "variable",
            "x",
            "For",
            "simplicity",
            ",",
            "this",
            "textbook",
            "uses",
            "1",
            "for",
            "true",
            "and",
            "0",
            "for",
            "false",
            "For",
            "example",
            ",",
            "\u03c6",
            "=",
            "(",
            "x",
            "\u2227",
            "y",
            ")",
            "\u2228",
            "(",
            "x",
            "\u2227",
            "z",
            ")",
            "A",
            "formula",
            "is",
            "satisfiable",
            "if",
            "there",
            "exists",
            "an",
            "assignment",
            "of",
            "0s",
            "and",
            "1s",
            "to",
            "the",
            "variables",
            "which",
            "makes",
            "the",
            "formula",
            "evaluate",
            "to",
            "1",
            "In",
            "the",
            "above",
            "example",
            ",",
            "\u03c6",
            "is",
            "1",
            "when",
            "x",
            "=",
            "0",
            ",",
            "y",
            "=",
            "1",
            ",",
            "and",
            "z",
            "=",
            "0",
            ".",
            "The",
            "satisfiability",
            "problem",
            "is",
            "defined",
            "formally",
            "as",
            "follows",
            ":",
            "SAT",
            "=",
            "{",
            "h\u03c6i",
            "|",
            "\u03c6",
            "is",
            "a",
            "satisfiable",
            "Boolean",
            "formula",
            "}",
            "Thumrongsak",
            "Kosiyatrakul",
            "tkosiyat",
            "@",
            "cs.pitt.edu",
            "Time",
            "Complexity",
            "04"
        ],
        "labels": [
            "O",
            "O",
            "O",
            "O",
            "O",
            "O",
            "O",
            "O",
            "O",
            "O",
            "O",
            "O",
            "O",
            "O",
            "O",
            "O",
            "O",
            "O",
            "O",
            "O",
            "O",
            "O",
            "O",
            "O",
            "O",
            "O",
            "O",
            "O",
            "O",
            "O",
            "O",
            "O",
            "O",
            "O",
            "O",
            "O",
            "O",
            "O",
            "O",
            "O",
            "O",
            "O",
            "O",
            "O",
            "O",
            "O",
            "O",
            "O",
            "O",
            "O",
            "O",
            "O",
            "O",
            "O",
            "O",
            "O",
            "O",
            "O",
            "O",
            "O",
            "O",
            "O",
            "O",
            "O",
            "O",
            "O",
            "O",
            "O",
            "O",
            "O",
            "O",
            "O",
            "O",
            "O",
            "O",
            "O",
            "O",
            "O",
            "O",
            "O",
            "O",
            "O",
            "O",
            "O",
            "O",
            "O",
            "O",
            "O",
            "O",
            "O",
            "O",
            "O",
            "O",
            "O",
            "O",
            "O",
            "O",
            "O",
            "O",
            "O",
            "O",
            "O",
            "O",
            "O",
            "O",
            "O",
            "O",
            "O",
            "O",
            "O",
            "O",
            "O",
            "O",
            "O",
            "O",
            "O",
            "O",
            "O",
            "O",
            "O",
            "O",
            "O",
            "O",
            "O",
            "O",
            "O",
            "O",
            "O",
            "O",
            "O",
            "O",
            "O",
            "O",
            "O",
            "O",
            "O",
            "O"
        ]
    },
    {
        "words": [
            "Conjunctive",
            "Normal",
            "Form",
            "(",
            "CNF",
            ")",
            "We",
            "will",
            "use",
            "a",
            "special",
            "form",
            "of",
            "boolean",
            "formula",
            "called",
            "Conjunctive",
            "Normal",
            "Form",
            "(",
            "cnf",
            ")",
            "A",
            "literal",
            "is",
            "a",
            "Boolean",
            "variable",
            "or",
            "a",
            "negation",
            "of",
            "a",
            "boolean",
            "variable",
            ",",
            "as",
            "in",
            "x",
            "or",
            "x",
            "A",
            "clause",
            "is",
            "several",
            "literals",
            "connected",
            "with",
            "\u2228s",
            "(",
            "x1",
            "\u2228",
            "x2",
            "\u2228",
            "x3",
            "\u2228",
            "x4",
            ")",
            "A",
            "cnf-formula",
            "comprises",
            "several",
            "clauses",
            "connected",
            "with",
            "\u2227s",
            "(",
            "x1",
            "\u2228",
            "x2",
            "\u2228",
            "x3",
            "\u2228",
            "x4",
            ")",
            "\u2227",
            "(",
            "x3",
            "\u2228",
            "x5",
            "\u2228",
            "x6",
            ")",
            "\u2227",
            "(",
            "x3",
            "\u2228",
            "x6",
            ")",
            "A",
            "3cnf-formula",
            "is",
            "a",
            "cnf-formula",
            "where",
            "all",
            "the",
            "clauses",
            "have",
            "exactly",
            "three",
            "literals",
            ",",
            "as",
            "in",
            "(",
            "x1",
            "\u2228",
            "x2",
            "\u2228",
            "x3",
            ")",
            "\u2227",
            "(",
            "x3",
            "\u2228",
            "x5",
            "\u2228",
            "x6",
            ")",
            "\u2227",
            "(",
            "x3",
            "\u2228",
            "x6",
            "\u2228",
            "x4",
            ")",
            "\u2227",
            "(",
            "x4",
            "\u2228",
            "x5",
            "\u2228",
            "x6",
            ")",
            "Let",
            "3SAT",
            "=",
            "{",
            "h\u03c6i",
            "|",
            "\u03c6",
            "is",
            "a",
            "satisfiable",
            "3cnf-formula",
            "}",
            "Thumrongsak",
            "Kosiyatrakul",
            "tkosiyat",
            "@",
            "cs.pitt.edu",
            "Time",
            "Complexity",
            "04"
        ],
        "labels": [
            "O",
            "O",
            "O",
            "O",
            "O",
            "O",
            "O",
            "O",
            "O",
            "O",
            "O",
            "O",
            "O",
            "O",
            "O",
            "O",
            "O",
            "O",
            "O",
            "O",
            "O",
            "O",
            "O",
            "O",
            "O",
            "O",
            "O",
            "O",
            "O",
            "O",
            "O",
            "O",
            "O",
            "O",
            "O",
            "O",
            "O",
            "O",
            "O",
            "O",
            "O",
            "O",
            "O",
            "O",
            "O",
            "O",
            "O",
            "O",
            "O",
            "O",
            "O",
            "O",
            "O",
            "O",
            "O",
            "O",
            "O",
            "O",
            "O",
            "O",
            "O",
            "O",
            "O",
            "O",
            "O",
            "O",
            "O",
            "O",
            "O",
            "O",
            "O",
            "O",
            "O",
            "O",
            "O",
            "O",
            "O",
            "O",
            "O",
            "O",
            "O",
            "O",
            "O",
            "O",
            "O",
            "O",
            "O",
            "O",
            "O",
            "O",
            "O",
            "O",
            "O",
            "O",
            "O",
            "O",
            "O",
            "O",
            "O",
            "O",
            "O",
            "O",
            "O",
            "O",
            "O",
            "O",
            "O",
            "O",
            "O",
            "O",
            "O",
            "O",
            "O",
            "O",
            "O",
            "O",
            "O",
            "O",
            "O",
            "O",
            "O",
            "O",
            "O",
            "O",
            "O",
            "O",
            "O",
            "O",
            "O",
            "O",
            "O",
            "O",
            "O",
            "O",
            "O",
            "O",
            "O",
            "O",
            "O",
            "O",
            "O",
            "O",
            "O",
            "O",
            "O",
            "O",
            "O",
            "O",
            "O",
            "O",
            "O",
            "O",
            "O",
            "O",
            "O",
            "O"
        ]
    },
    {
        "words": [
            "3SAT",
            "\u2264p",
            "CLIQUE",
            "Is",
            "3SAT",
            "\u2264p",
            "CLIQUE",
            "?",
            "We",
            "need",
            "to",
            "create",
            "a",
            "polynomial",
            "time",
            "reduction",
            "f",
            ":",
            "\u03a3\u2217",
            "\u2192",
            "\u03a3\u2217",
            "such",
            "that",
            "w",
            "\u2208",
            "3SAT",
            "\u2194",
            "f",
            "(",
            "w",
            ")",
            "\u2208",
            "CLIQUE",
            "Recall",
            "3SAT",
            "and",
            "CLIQUE",
            ":",
            "3SAT",
            "=",
            "{",
            "h\u03c6i",
            "|",
            "\u03c6",
            "is",
            "a",
            "satisfiable",
            "3cnf-formula",
            "}",
            "CLIQUE",
            "=",
            "{",
            "hG",
            ",",
            "ki",
            "|",
            "G",
            "is",
            "an",
            "undirected",
            "graph",
            "with",
            "a",
            "k-clique",
            "}",
            "These",
            "are",
            "two",
            "totally",
            "different",
            "problems",
            "We",
            "need",
            "to",
            "convert",
            "h\u03c6i",
            "to",
            "hG",
            ",",
            "ki",
            "such",
            "that",
            "\u03c6",
            "is",
            "satisfiable",
            "if",
            "and",
            "only",
            "if",
            "graph",
            "G",
            "contains",
            "k-clique",
            "for",
            "some",
            "k",
            "Thumrongsak",
            "Kosiyatrakul",
            "tkosiyat",
            "@",
            "cs.pitt.edu",
            "Time",
            "Complexity",
            "04"
        ],
        "labels": [
            "O",
            "O",
            "O",
            "O",
            "O",
            "O",
            "O",
            "O",
            "O",
            "O",
            "O",
            "O",
            "O",
            "O",
            "O",
            "O",
            "O",
            "O",
            "O",
            "O",
            "O",
            "O",
            "O",
            "O",
            "O",
            "O",
            "O",
            "O",
            "O",
            "O",
            "O",
            "O",
            "O",
            "O",
            "O",
            "O",
            "O",
            "O",
            "O",
            "O",
            "O",
            "O",
            "O",
            "O",
            "O",
            "O",
            "O",
            "O",
            "O",
            "O",
            "O",
            "O",
            "O",
            "O",
            "O",
            "O",
            "O",
            "O",
            "O",
            "O",
            "O",
            "O",
            "O",
            "O",
            "O",
            "O",
            "O",
            "O",
            "O",
            "O",
            "O",
            "O",
            "O",
            "O",
            "O",
            "O",
            "O",
            "O",
            "O",
            "O",
            "O",
            "O",
            "O",
            "O",
            "O",
            "O",
            "O",
            "O",
            "O",
            "O",
            "O",
            "O",
            "O",
            "O",
            "O",
            "O",
            "O",
            "O",
            "O",
            "O",
            "O",
            "O",
            "O",
            "O"
        ]
    },
    {
        "words": [
            "3SAT",
            "\u2264p",
            "CLIQUE",
            "A",
            "3cnf-formula",
            "is",
            "of",
            "the",
            "form",
            "\u03c6",
            "=",
            "c1",
            "\u2227",
            "c2",
            "\u2227",
            ".",
            ".",
            ".",
            "cn",
            "for",
            "some",
            "n\u22651",
            "\u03c6",
            "is",
            "evaluated",
            "to",
            "1",
            "if",
            "ci",
            "=",
            "1",
            "for",
            "every",
            "1",
            "\u2264",
            "i",
            "\u2264",
            "n",
            "Every",
            "clause",
            "ci",
            "in",
            "\u03c6",
            "depends",
            "on",
            "other",
            "clauses",
            "cj",
            "in",
            "\u03c6",
            "to",
            "be",
            "1",
            "to",
            "make",
            "\u03c6",
            "evaluated",
            "to",
            "1",
            "Each",
            "clause",
            "c",
            "in",
            "a",
            "3cnf-formula",
            "is",
            "of",
            "the",
            "form",
            "c",
            "=",
            "(",
            "xp",
            "\u2228",
            "xq",
            "\u2228",
            "xr",
            ")",
            "for",
            "literals",
            "xp",
            ",",
            "xq",
            ",",
            "and",
            "xr",
            "The",
            "clause",
            "c",
            "is",
            "evaluated",
            "to",
            "1",
            "if",
            "one",
            "of",
            "its",
            "literal",
            "is",
            "1",
            "If",
            "a",
            "literal",
            "in",
            "a",
            "clause",
            "is",
            "1",
            ",",
            "for",
            "\u03c6",
            "to",
            "be",
            "evaluated",
            "to",
            "1",
            ",",
            "it",
            "depends",
            "on",
            "at",
            "least",
            "one",
            "literal",
            "in",
            "other",
            "clauses",
            "to",
            "be",
            "1",
            "Note",
            "that",
            "it",
            "can",
            "not",
            "depend",
            "on",
            "its",
            "negation",
            "literals",
            "It",
            "does",
            "not",
            "depend",
            "on",
            "the",
            "other",
            "two",
            "literals",
            "in",
            "its",
            "clause",
            "since",
            "its",
            "clause",
            "is",
            "already",
            "evaluated",
            "to",
            "1",
            "This",
            "create",
            "relations",
            "among",
            "n",
            "literals",
            "(",
            "one",
            "from",
            "each",
            "clause",
            ")",
            "which",
            "can",
            "be",
            "represented",
            "using",
            "edges",
            "in",
            "an",
            "indirected",
            "graph",
            "Thumrongsak",
            "Kosiyatrakul",
            "tkosiyat",
            "@",
            "cs.pitt.edu",
            "Time",
            "Complexity",
            "04"
        ],
        "labels": [
            "O",
            "O",
            "O",
            "O",
            "O",
            "O",
            "O",
            "O",
            "O",
            "O",
            "O",
            "O",
            "O",
            "O",
            "O",
            "O",
            "O",
            "O",
            "O",
            "O",
            "O",
            "O",
            "O",
            "O",
            "O",
            "O",
            "O",
            "O",
            "O",
            "O",
            "O",
            "O",
            "O",
            "O",
            "O",
            "O",
            "O",
            "O",
            "O",
            "O",
            "O",
            "O",
            "O",
            "O",
            "O",
            "O",
            "O",
            "O",
            "O",
            "O",
            "O",
            "O",
            "O",
            "O",
            "O",
            "O",
            "O",
            "O",
            "O",
            "O",
            "O",
            "O",
            "O",
            "O",
            "O",
            "O",
            "O",
            "O",
            "O",
            "O",
            "O",
            "O",
            "O",
            "O",
            "O",
            "O",
            "O",
            "O",
            "O",
            "O",
            "O",
            "O",
            "O",
            "O",
            "O",
            "O",
            "O",
            "O",
            "O",
            "O",
            "O",
            "O",
            "O",
            "O",
            "O",
            "O",
            "O",
            "O",
            "O",
            "O",
            "O",
            "O",
            "O",
            "O",
            "O",
            "O",
            "O",
            "O",
            "O",
            "O",
            "O",
            "O",
            "O",
            "O",
            "O",
            "O",
            "O",
            "O",
            "O",
            "O",
            "O",
            "O",
            "O",
            "O",
            "O",
            "O",
            "O",
            "O",
            "O",
            "O",
            "O",
            "O",
            "O",
            "O",
            "O",
            "O",
            "O",
            "O",
            "O",
            "O",
            "O",
            "O",
            "O",
            "O",
            "O",
            "O",
            "O",
            "O",
            "O",
            "O",
            "O",
            "O",
            "O",
            "O",
            "O",
            "O",
            "O",
            "O",
            "O",
            "O",
            "O",
            "O",
            "O",
            "O",
            "O",
            "O",
            "O",
            "O",
            "O",
            "O",
            "O",
            "O",
            "O",
            "O",
            "O",
            "O",
            "O",
            "O",
            "O",
            "O",
            "O",
            "O",
            "O",
            "O",
            "O",
            "O",
            "O",
            "O",
            "O",
            "O"
        ]
    },
    {
        "words": [
            "3SAT",
            "\u2264p",
            "CLIQUE",
            "Let",
            "\u03c6",
            "be",
            "a",
            "formula",
            "with",
            "k",
            "clauses",
            "as",
            "\u03c6",
            "=",
            "(",
            "a1",
            "\u2228",
            "b1",
            "\u2228",
            "c1",
            ")",
            "\u2227",
            "(",
            "a2",
            "\u2228",
            "b2",
            "\u2228",
            "c2",
            ")",
            "\u2227",
            "\u00b7",
            "\u00b7",
            "\u00b7",
            "\u2227",
            "(",
            "ak",
            "\u2228",
            "bk",
            "\u2228",
            "ck",
            ")",
            "Nodes",
            "in",
            "G",
            "are",
            "organized",
            "in",
            "k",
            "groups",
            "of",
            "tree",
            "nodes",
            "each",
            "call",
            "triples",
            "Each",
            "triple",
            "corresponds",
            "to",
            "one",
            "of",
            "the",
            "clauses",
            "in",
            "\u03c6",
            "Each",
            "node",
            "in",
            "a",
            "triple",
            "corresponds",
            "to",
            "a",
            "literal",
            "in",
            "its",
            "associated",
            "clause",
            "Edges",
            "connect",
            "every",
            "two",
            "nodes",
            "in",
            "G",
            "except",
            "the",
            "following",
            ":",
            "No",
            "edge",
            "among",
            "nodes",
            "in",
            "the",
            "same",
            "triple",
            "No",
            "edge",
            "is",
            "present",
            "between",
            "two",
            "nodes",
            "with",
            "contradictory",
            "labels",
            ",",
            "as",
            "in",
            "x2",
            "and",
            "x2",
            "Thumrongsak",
            "Kosiyatrakul",
            "tkosiyat",
            "@",
            "cs.pitt.edu",
            "Time",
            "Complexity",
            "04"
        ],
        "labels": [
            "O",
            "O",
            "O",
            "O",
            "O",
            "O",
            "O",
            "O",
            "O",
            "O",
            "O",
            "O",
            "O",
            "O",
            "O",
            "O",
            "O",
            "O",
            "O",
            "O",
            "O",
            "O",
            "O",
            "O",
            "O",
            "O",
            "O",
            "O",
            "O",
            "O",
            "O",
            "O",
            "O",
            "O",
            "O",
            "O",
            "O",
            "O",
            "O",
            "O",
            "O",
            "O",
            "O",
            "O",
            "O",
            "O",
            "O",
            "O",
            "O",
            "O",
            "O",
            "O",
            "O",
            "O",
            "O",
            "O",
            "O",
            "O",
            "O",
            "O",
            "O",
            "O",
            "O",
            "O",
            "O",
            "O",
            "O",
            "O",
            "O",
            "O",
            "O",
            "O",
            "O",
            "O",
            "O",
            "O",
            "O",
            "O",
            "O",
            "O",
            "O",
            "O",
            "O",
            "O",
            "O",
            "O",
            "O",
            "O",
            "O",
            "O",
            "O",
            "O",
            "O",
            "O",
            "O",
            "O",
            "O",
            "O",
            "O",
            "O",
            "O",
            "O",
            "O",
            "O",
            "O",
            "O",
            "O",
            "O",
            "O",
            "O",
            "O",
            "O",
            "O",
            "O",
            "O",
            "O",
            "O",
            "O",
            "O",
            "O",
            "O"
        ]
    },
    {
        "words": [
            "3SAT",
            "\u2264p",
            "CLIQUE",
            "x1",
            "x2",
            "x2",
            "x1",
            "x1",
            "x1",
            "x2",
            "x2",
            "x2",
            "\u03c6",
            "=",
            "(",
            "x1",
            "\u2228",
            "x1",
            "\u2228",
            "x2",
            ")",
            "\u2227",
            "(",
            "x1",
            "\u2228",
            "x2",
            "\u2228",
            "x2",
            ")",
            "\u2227",
            "(",
            "x1",
            "\u2228",
            "x2",
            "\u2228",
            "x2",
            ")",
            "3SAT",
            "\u2264p",
            "CLIQUE",
            "If",
            "a",
            "boolean",
            "3cnf",
            "formular",
            "\u03c6",
            "with",
            "k",
            "clauses",
            "is",
            "satisfiable",
            ",",
            "the",
            "graph",
            "converted",
            "from",
            "\u03c6",
            "will",
            "contain",
            "k",
            "clique",
            "Thumrongsak",
            "Kosiyatrakul",
            "tkosiyat",
            "@",
            "cs.pitt.edu",
            "Time",
            "Complexity",
            "04"
        ],
        "labels": [
            "O",
            "O",
            "O",
            "O",
            "O",
            "O",
            "O",
            "O",
            "O",
            "O",
            "O",
            "O",
            "O",
            "O",
            "O",
            "O",
            "O",
            "O",
            "O",
            "O",
            "O",
            "O",
            "O",
            "O",
            "O",
            "O",
            "O",
            "O",
            "O",
            "O",
            "O",
            "O",
            "O",
            "O",
            "O",
            "O",
            "O",
            "O",
            "O",
            "O",
            "O",
            "O",
            "O",
            "O",
            "O",
            "O",
            "O",
            "O",
            "O",
            "O",
            "O",
            "O",
            "O",
            "O",
            "O",
            "O",
            "O",
            "O",
            "O",
            "O",
            "O",
            "O",
            "O",
            "O",
            "O",
            "O",
            "O",
            "O",
            "O"
        ]
    },
    {
        "words": [
            "3SAT",
            "\u2264p",
            "CLIQUE",
            "If",
            "\u03c6",
            "is",
            "satisfiable",
            ",",
            "there",
            "exists",
            "an",
            "assignment",
            "that",
            "makes",
            "\u03c6",
            "=",
            "1",
            "For",
            "each",
            "clause",
            ",",
            "select",
            "exactly",
            "one",
            "true",
            "literal",
            "based",
            "on",
            "the",
            "assignment",
            "If",
            "there",
            "are",
            "k",
            "clauses",
            ",",
            "selected",
            "literals",
            "form",
            "k-clique",
            "If",
            "graph",
            "G",
            "has",
            "a",
            "k-clique",
            "Each",
            "node",
            "in",
            "k-clique",
            "corresponds",
            "to",
            "a",
            "node",
            "(",
            "literal",
            ")",
            "in",
            "a",
            "triple",
            "(",
            "clause",
            ")",
            "Assign",
            "true",
            "to",
            "those",
            "literals",
            "Recall",
            "the",
            "theorem",
            "7.31",
            ":",
            "If",
            "A",
            "\u2264p",
            "B",
            "and",
            "B",
            "\u2208",
            "P",
            ",",
            "then",
            "A",
            "\u2208",
            "P",
            "If",
            "we",
            "can",
            "solve",
            "CLIQUE",
            "in",
            "polynomial",
            "time",
            ",",
            "we",
            "can",
            "solve",
            "3SAT",
            "in",
            "polynomial",
            "time",
            "by",
            "simply",
            "convert",
            "h\u03c6i",
            "to",
            "hG",
            ",",
            "ki",
            "(",
            "in",
            "polynomial",
            "time",
            ")",
            "and",
            "then",
            "solve",
            "it",
            "Thumrongsak",
            "Kosiyatrakul",
            "tkosiyat",
            "@",
            "cs.pitt.edu",
            "Time",
            "Complexity",
            "04"
        ],
        "labels": [
            "O",
            "O",
            "O",
            "O",
            "O",
            "O",
            "O",
            "O",
            "O",
            "O",
            "O",
            "O",
            "O",
            "O",
            "O",
            "O",
            "O",
            "O",
            "O",
            "O",
            "O",
            "O",
            "O",
            "O",
            "O",
            "O",
            "O",
            "O",
            "O",
            "O",
            "O",
            "O",
            "O",
            "O",
            "O",
            "O",
            "O",
            "O",
            "O",
            "O",
            "O",
            "O",
            "O",
            "O",
            "O",
            "O",
            "O",
            "O",
            "O",
            "O",
            "O",
            "O",
            "O",
            "O",
            "O",
            "O",
            "O",
            "O",
            "O",
            "O",
            "O",
            "O",
            "O",
            "O",
            "O",
            "O",
            "O",
            "O",
            "O",
            "O",
            "O",
            "O",
            "O",
            "O",
            "O",
            "O",
            "O",
            "O",
            "O",
            "O",
            "O",
            "O",
            "O",
            "O",
            "O",
            "O",
            "O",
            "O",
            "O",
            "O",
            "O",
            "O",
            "O",
            "O",
            "O",
            "O",
            "O",
            "O",
            "O",
            "O",
            "O",
            "O",
            "O",
            "O",
            "O",
            "O",
            "O",
            "O",
            "O",
            "O",
            "O",
            "O",
            "O",
            "O",
            "O",
            "O",
            "O",
            "O",
            "O",
            "O",
            "O",
            "O",
            "O",
            "O",
            "O",
            "O",
            "O"
        ]
    },
    {
        "words": [
            "NP-Completeness",
            "Recall",
            "that",
            "NP-Complete",
            "is",
            "a",
            "class",
            "of",
            "problems",
            "that",
            "are",
            "closely",
            "related",
            "If",
            "you",
            "can",
            "solve",
            "one",
            "problem",
            "in",
            "this",
            "class",
            "in",
            "polynomial",
            "time",
            ",",
            "all",
            "problems",
            "in",
            "this",
            "class",
            "can",
            "be",
            "solved",
            "in",
            "polynomial",
            "time",
            "Definition",
            "7.34",
            "A",
            "language",
            "B",
            "is",
            "NP-Complete",
            "if",
            "it",
            "satisfies",
            "two",
            "conditions",
            ":",
            "1",
            "B",
            "is",
            "in",
            "NP",
            ",",
            "and",
            "2",
            "Every",
            "language",
            "A",
            "in",
            "NP",
            "is",
            "polynomial",
            "time",
            "reducible",
            "to",
            "B",
            ".",
            "Thumrongsak",
            "Kosiyatrakul",
            "tkosiyat",
            "@",
            "cs.pitt.edu",
            "Time",
            "Complexity",
            "04"
        ],
        "labels": [
            "O",
            "O",
            "O",
            "O",
            "O",
            "O",
            "O",
            "O",
            "O",
            "O",
            "O",
            "O",
            "O",
            "O",
            "O",
            "O",
            "O",
            "O",
            "O",
            "O",
            "O",
            "O",
            "O",
            "O",
            "O",
            "O",
            "O",
            "O",
            "O",
            "O",
            "O",
            "O",
            "O",
            "O",
            "O",
            "O",
            "O",
            "O",
            "O",
            "O",
            "O",
            "O",
            "O",
            "O",
            "O",
            "O",
            "O",
            "O",
            "O",
            "O",
            "O",
            "O",
            "O",
            "O",
            "O",
            "O",
            "O",
            "O",
            "O",
            "O",
            "O",
            "O",
            "O",
            "O",
            "O",
            "O",
            "O",
            "O",
            "O",
            "O",
            "O",
            "O",
            "O",
            "O",
            "O",
            "O",
            "O",
            "O"
        ]
    },
    {
        "words": [
            "NP-Completeness",
            "In",
            "other",
            "words",
            ",",
            "to",
            "show",
            "that",
            "a",
            "language",
            "B",
            "is",
            "NP-Complete",
            "we",
            "need",
            "to",
            "show",
            "the",
            "following",
            ":",
            "1",
            "Show",
            "that",
            "B",
            "is",
            "in",
            "NP",
            "which",
            "can",
            "be",
            "done",
            "by",
            "one",
            "of",
            "the",
            "following",
            ":",
            "1",
            "Show",
            "a",
            "polynomial",
            "time",
            "verifier",
            "V",
            "for",
            "B",
            ",",
            "or",
            "2",
            "Show",
            "a",
            "NTM",
            "N",
            "that",
            "decide",
            "B",
            "in",
            "polynomial",
            "time",
            "2",
            "Show",
            "that",
            "every",
            "language",
            "A",
            "in",
            "NP",
            "is",
            "polynomial",
            "time",
            "reducible",
            "to",
            "B",
            "Show",
            "an",
            "polynomial",
            "time",
            "reduction",
            "f",
            ":",
            "\u03a3\u2217",
            "\u2192",
            "\u03a3\u2217",
            "satisfying",
            "w",
            "\u2208",
            "A",
            "\u2194",
            "f",
            "(",
            "w",
            ")",
            "\u2208",
            "B",
            "for",
            "every",
            "language",
            "A",
            "\u2208",
            "NP",
            "Thumrongsak",
            "Kosiyatrakul",
            "tkosiyat",
            "@",
            "cs.pitt.edu",
            "Time",
            "Complexity",
            "04"
        ],
        "labels": [
            "O",
            "O",
            "O",
            "O",
            "O",
            "O",
            "O",
            "O",
            "O",
            "O",
            "O",
            "O",
            "O",
            "O",
            "O",
            "O",
            "O",
            "O",
            "O",
            "O",
            "O",
            "O",
            "O",
            "O",
            "O",
            "O",
            "O",
            "O",
            "O",
            "O",
            "O",
            "O",
            "O",
            "O",
            "O",
            "O",
            "O",
            "O",
            "O",
            "O",
            "O",
            "O",
            "O",
            "O",
            "O",
            "O",
            "O",
            "O",
            "O",
            "O",
            "O",
            "O",
            "O",
            "O",
            "O",
            "O",
            "O",
            "O",
            "O",
            "O",
            "O",
            "O",
            "O",
            "O",
            "O",
            "O",
            "O",
            "O",
            "O",
            "O",
            "O",
            "O",
            "O",
            "O",
            "O",
            "O",
            "O",
            "O",
            "O",
            "O",
            "O",
            "O",
            "O",
            "O",
            "O",
            "O",
            "O",
            "O",
            "O",
            "O",
            "O",
            "O",
            "O",
            "O",
            "O",
            "O",
            "O",
            "O",
            "O",
            "O",
            "O",
            "O",
            "O",
            "O",
            "O",
            "O",
            "O",
            "O"
        ]
    },
    {
        "words": [
            "SAT",
            "is",
            "NP-Complete",
            "So",
            ",",
            "to",
            "show",
            "that",
            "SAT",
            "is",
            "NP-Complete",
            ",",
            "we",
            "need",
            "to",
            "show",
            "the",
            "following",
            ":",
            "1",
            "SAT",
            "\u2208",
            "NP",
            "Simply",
            "construct",
            "a",
            "NTM",
            "that",
            "generates",
            "all",
            "possible",
            "assignments",
            "If",
            "one",
            "of",
            "them",
            "evaluated",
            "to",
            "1",
            ",",
            "accept",
            "2",
            "Show",
            "that",
            "a",
            "every",
            "language",
            "A",
            "in",
            "NP",
            "is",
            "polynomial",
            "time",
            "reducible",
            "to",
            "SAT",
            "Unfortunately",
            ",",
            "there",
            "are",
            "a",
            "lot",
            "of",
            "languages",
            "in",
            "NP",
            "But",
            "if",
            "we",
            "have",
            "an",
            "NP-Complete",
            "language",
            "B",
            "B",
            "is",
            "in",
            "NP",
            "Every",
            "language",
            "A",
            "\u2208",
            "NP",
            ",",
            "A",
            "\u2264p",
            "B",
            "If",
            "we",
            "can",
            "show",
            "that",
            "B",
            "\u2264p",
            "SAT",
            ",",
            "every",
            "language",
            "A",
            "\u2208",
            "NP",
            ",",
            "A",
            "\u2264p",
            "SAT",
            "But",
            "we",
            "do",
            "not",
            "have",
            "an",
            "NP-Complete",
            "problem",
            "yet",
            "Thumrongsak",
            "Kosiyatrakul",
            "tkosiyat",
            "@",
            "cs.pitt.edu",
            "Time",
            "Complexity",
            "04"
        ],
        "labels": [
            "O",
            "O",
            "O",
            "O",
            "O",
            "O",
            "O",
            "O",
            "O",
            "O",
            "O",
            "O",
            "O",
            "O",
            "O",
            "O",
            "O",
            "O",
            "O",
            "O",
            "O",
            "O",
            "O",
            "O",
            "O",
            "O",
            "O",
            "O",
            "O",
            "O",
            "O",
            "O",
            "O",
            "O",
            "O",
            "O",
            "O",
            "O",
            "O",
            "O",
            "O",
            "O",
            "O",
            "O",
            "O",
            "O",
            "O",
            "O",
            "O",
            "O",
            "O",
            "O",
            "O",
            "O",
            "O",
            "O",
            "O",
            "O",
            "O",
            "O",
            "O",
            "O",
            "O",
            "O",
            "O",
            "O",
            "O",
            "O",
            "O",
            "O",
            "O",
            "O",
            "O",
            "O",
            "O",
            "O",
            "O",
            "O",
            "O",
            "O",
            "O",
            "O",
            "O",
            "O",
            "O",
            "O",
            "O",
            "O",
            "O",
            "O",
            "O",
            "O",
            "O",
            "O",
            "O",
            "O",
            "O",
            "O",
            "O",
            "O",
            "O",
            "O",
            "O",
            "O",
            "O",
            "O",
            "O",
            "O",
            "O",
            "O",
            "O",
            "O",
            "O",
            "O",
            "O",
            "O",
            "O",
            "O",
            "O",
            "O",
            "O",
            "O"
        ]
    },
    {
        "words": [
            "SAT",
            "is",
            "NP-Complete",
            "Suppose",
            "a",
            "language",
            "A",
            "is",
            "in",
            "NP",
            "There",
            "exists",
            "a",
            "NTM",
            "M",
            "that",
            "decides",
            "A",
            "in",
            "polynomial",
            "time",
            "Note",
            "that",
            "we",
            "do",
            "not",
            "specify",
            "what",
            "is",
            "the",
            "language",
            "A",
            "and",
            "what",
            "is",
            "the",
            "description",
            "of",
            "NTM",
            "M",
            "The",
            "language",
            "A",
            "can",
            "be",
            "any",
            "language",
            "that",
            "is",
            "in",
            "NP",
            "and",
            "M",
            "is",
            "an",
            "NTM",
            "that",
            "decides",
            "A",
            "in",
            "polynomial",
            "time",
            "What",
            "we",
            "need",
            "is",
            "to",
            "show",
            "that",
            "A",
            "\u2264p",
            "SAT",
            "?",
            "Since",
            "we",
            "do",
            "not",
            "know",
            "what",
            "is",
            "the",
            "language",
            "A",
            ",",
            "we",
            "can",
            "not",
            "simply",
            "use",
            "the",
            "description",
            "of",
            "A",
            "Even",
            "though",
            "we",
            "do",
            "not",
            "have",
            "the",
            "description",
            "of",
            "NTM",
            "M",
            "but",
            "we",
            "know",
            "the",
            "following",
            ":",
            "M",
            "is",
            "a",
            "nondeterministic",
            "Turing",
            "machine",
            "NTM",
            "M",
            "is",
            "a",
            "decider",
            "for",
            "the",
            "language",
            "A",
            "Thumrongsak",
            "Kosiyatrakul",
            "tkosiyat",
            "@",
            "cs.pitt.edu",
            "Time",
            "Complexity",
            "04"
        ],
        "labels": [
            "O",
            "O",
            "O",
            "O",
            "O",
            "O",
            "O",
            "O",
            "O",
            "O",
            "O",
            "O",
            "O",
            "O",
            "O",
            "O",
            "O",
            "O",
            "O",
            "O",
            "O",
            "O",
            "O",
            "O",
            "O",
            "O",
            "O",
            "O",
            "O",
            "O",
            "O",
            "O",
            "O",
            "O",
            "O",
            "O",
            "O",
            "O",
            "O",
            "O",
            "O",
            "O",
            "O",
            "O",
            "O",
            "O",
            "O",
            "O",
            "O",
            "O",
            "O",
            "O",
            "O",
            "O",
            "O",
            "O",
            "O",
            "O",
            "O",
            "O",
            "O",
            "O",
            "O",
            "O",
            "O",
            "O",
            "O",
            "O",
            "O",
            "O",
            "O",
            "O",
            "O",
            "O",
            "O",
            "O",
            "O",
            "O",
            "O",
            "O",
            "O",
            "O",
            "O",
            "O",
            "O",
            "O",
            "O",
            "O",
            "O",
            "O",
            "O",
            "O",
            "O",
            "O",
            "O",
            "O",
            "O",
            "O",
            "O",
            "O",
            "O",
            "O",
            "O",
            "O",
            "O",
            "O",
            "O",
            "O",
            "O",
            "O",
            "O",
            "O",
            "O",
            "O",
            "O",
            "O",
            "O",
            "O",
            "O",
            "O",
            "O",
            "O",
            "O",
            "O",
            "O",
            "O",
            "O",
            "O",
            "O",
            "O",
            "O",
            "O",
            "O"
        ]
    },
    {
        "words": [
            "SAT",
            "is",
            "NP-Complete",
            "About",
            "NTM",
            "M",
            "that",
            "decides",
            "A",
            "If",
            "M",
            "accepts",
            "w",
            "w\u2208A",
            "the",
            "accepting",
            "computation",
            "history",
            "for",
            "M",
            "on",
            "input",
            "w",
            "exists",
            "If",
            "M",
            "rejects",
            "w",
            "w",
            "6\u2208",
            "A",
            "the",
            "accepting",
            "computation",
            "history",
            "for",
            "M",
            "on",
            "input",
            "w",
            "does",
            "not",
            "exists",
            "This",
            "is",
            "an",
            "NTM",
            ",",
            "there",
            "can",
            "be",
            "multiple",
            "computation",
            "histories",
            "We",
            "need",
            "to",
            "use",
            "reduction",
            "via",
            "computation",
            "histories",
            "Convert",
            "computation",
            "histories",
            "of",
            "M",
            "on",
            "input",
            "w",
            "to",
            "a",
            "formula",
            "\u03c6",
            "such",
            "that",
            "If",
            "the",
            "accepting",
            "computation",
            "history",
            "for",
            "M",
            "on",
            "input",
            "w",
            "exists",
            ",",
            "\u03c6",
            "is",
            "satisfiable",
            "(",
            "\u03c6",
            "\u2208",
            "SAT",
            ")",
            "If",
            "the",
            "accepting",
            "computation",
            "history",
            "for",
            "M",
            "on",
            "input",
            "w",
            "does",
            "not",
            "exists",
            ",",
            "\u03c6",
            "is",
            "not",
            "satisfiable",
            "(",
            "\u03c6",
            "6\u2208",
            "SAT",
            ")",
            "Cook-Levin",
            "Theorem",
            "shows",
            "the",
            "method",
            "describe",
            "above",
            "and",
            "conclude",
            "that",
            "SAT",
            "is",
            "NP-Complete",
            ".",
            "Thumrongsak",
            "Kosiyatrakul",
            "tkosiyat",
            "@",
            "cs.pitt.edu",
            "Time",
            "Complexity",
            "04"
        ],
        "labels": [
            "O",
            "O",
            "O",
            "O",
            "O",
            "O",
            "O",
            "O",
            "O",
            "O",
            "O",
            "O",
            "O",
            "O",
            "O",
            "O",
            "O",
            "O",
            "O",
            "O",
            "O",
            "O",
            "O",
            "O",
            "O",
            "O",
            "O",
            "O",
            "O",
            "O",
            "O",
            "O",
            "O",
            "O",
            "O",
            "O",
            "O",
            "O",
            "O",
            "O",
            "O",
            "O",
            "O",
            "O",
            "O",
            "O",
            "O",
            "O",
            "O",
            "O",
            "O",
            "O",
            "O",
            "O",
            "O",
            "O",
            "O",
            "O",
            "O",
            "O",
            "O",
            "O",
            "O",
            "O",
            "O",
            "O",
            "O",
            "O",
            "O",
            "O",
            "O",
            "O",
            "O",
            "O",
            "O",
            "O",
            "O",
            "O",
            "O",
            "O",
            "O",
            "O",
            "O",
            "O",
            "O",
            "O",
            "O",
            "O",
            "O",
            "O",
            "O",
            "O",
            "O",
            "O",
            "O",
            "O",
            "O",
            "O",
            "O",
            "O",
            "O",
            "O",
            "O",
            "O",
            "O",
            "O",
            "O",
            "O",
            "O",
            "O",
            "O",
            "O",
            "O",
            "O",
            "O",
            "O",
            "O",
            "O",
            "O",
            "O",
            "O",
            "O",
            "O",
            "O",
            "O",
            "O",
            "O",
            "O",
            "O",
            "O",
            "O",
            "O",
            "O",
            "O",
            "O",
            "O",
            "O",
            "O",
            "O",
            "O",
            "O"
        ]
    },
    {
        "words": [
            "3SAT",
            "is",
            "NP-Complete",
            "Since",
            "we",
            "already",
            "know",
            "that",
            "SAT",
            "is",
            "NP-Complete",
            ",",
            "to",
            "show",
            "that",
            "3SAT",
            "is",
            "NP-Complete",
            ",",
            "we",
            "need",
            "to",
            "show",
            "the",
            "following",
            ":",
            "1",
            "3SAT",
            "\u2208",
            "NP",
            ":",
            "Construct",
            "an",
            "NTM",
            "that",
            "generates",
            "all",
            "possible",
            "assignments",
            "If",
            "one",
            "of",
            "them",
            "evaluate",
            "to",
            "1",
            ",",
            "accept",
            "2",
            "SAT",
            "\u2264p",
            "3SAT",
            ":",
            "Convert",
            "the",
            "formula",
            "\u03c6",
            "into",
            "a",
            "3cnf",
            "f",
            "(",
            "\u03c6",
            ")",
            "satisfying",
            "\u03c6",
            "\u2208",
            "SAT",
            "\u2194",
            "f",
            "(",
            "\u03c6",
            ")",
            "\u2208",
            "3SAT",
            "where",
            "f",
            "is",
            "a",
            "polynomial",
            "time",
            "reduction",
            "from",
            "SAT",
            "to",
            "3SAT",
            "Thumrongsak",
            "Kosiyatrakul",
            "tkosiyat",
            "@",
            "cs.pitt.edu",
            "Time",
            "Complexity",
            "04"
        ],
        "labels": [
            "O",
            "O",
            "O",
            "O",
            "O",
            "O",
            "O",
            "O",
            "O",
            "O",
            "O",
            "O",
            "O",
            "O",
            "O",
            "O",
            "O",
            "O",
            "O",
            "O",
            "O",
            "O",
            "O",
            "O",
            "O",
            "O",
            "O",
            "O",
            "O",
            "O",
            "O",
            "O",
            "O",
            "O",
            "O",
            "O",
            "O",
            "O",
            "O",
            "O",
            "O",
            "O",
            "O",
            "O",
            "O",
            "O",
            "O",
            "O",
            "O",
            "O",
            "O",
            "O",
            "O",
            "O",
            "O",
            "O",
            "O",
            "O",
            "O",
            "O",
            "O",
            "O",
            "O",
            "O",
            "O",
            "O",
            "O",
            "O",
            "O",
            "O",
            "O",
            "O",
            "O",
            "O",
            "O",
            "O",
            "O",
            "O",
            "O",
            "O",
            "O",
            "O",
            "O",
            "O",
            "O",
            "O",
            "O",
            "O",
            "O",
            "O",
            "O",
            "O",
            "O",
            "O"
        ]
    },
    {
        "words": [
            "From",
            "SAT",
            "to",
            "3SAT",
            "If",
            "a",
            "clause",
            "has",
            "less",
            "than",
            "three",
            "literal",
            ",",
            "add",
            "one",
            "or",
            "two",
            "literals",
            "from",
            "the",
            "same",
            "clause",
            "x1",
            "(",
            "x1",
            "\u2228",
            "x1",
            "\u2228",
            "x1",
            ")",
            "(",
            "x1",
            "\u2228",
            "x2",
            ")",
            "(",
            "x1",
            "\u2228",
            "x1",
            "\u2228",
            "x2",
            ")",
            "(",
            "x1",
            "\u2228",
            "x2",
            ")",
            "(",
            "x1",
            "\u2228",
            "x2",
            "\u2228",
            "x2",
            ")",
            "These",
            "results",
            "are",
            "logically",
            "equivalent",
            "with",
            "their",
            "original",
            "clauses",
            "If",
            "a",
            "clause",
            "has",
            "more",
            "than",
            "tree",
            "literals",
            ",",
            "split",
            "it",
            "into",
            "a",
            "number",
            "of",
            "clauses",
            "of",
            "three",
            "literals",
            "each",
            ".",
            "(",
            "x1",
            "\u2228",
            "x2",
            "\u2228",
            "x3",
            "\u2228",
            "x4",
            ")",
            "(",
            "x1",
            "\u2228",
            "x2",
            "\u2228",
            "z",
            ")",
            "\u2227",
            "(",
            "z",
            "\u2228",
            "x3",
            "\u2228",
            "x4",
            ")",
            "This",
            "is",
            "not",
            "logically",
            "equivalent",
            "It",
            "is",
            "equivalent",
            "in",
            "terms",
            "of",
            "satisfiability",
            "Thumrongsak",
            "Kosiyatrakul",
            "tkosiyat",
            "@",
            "cs.pitt.edu",
            "Time",
            "Complexity",
            "04"
        ],
        "labels": [
            "O",
            "O",
            "O",
            "O",
            "O",
            "O",
            "O",
            "O",
            "O",
            "O",
            "O",
            "O",
            "O",
            "O",
            "O",
            "O",
            "O",
            "O",
            "O",
            "O",
            "O",
            "O",
            "O",
            "O",
            "O",
            "O",
            "O",
            "O",
            "O",
            "O",
            "O",
            "O",
            "O",
            "O",
            "O",
            "O",
            "O",
            "O",
            "O",
            "O",
            "O",
            "O",
            "O",
            "O",
            "O",
            "O",
            "O",
            "O",
            "O",
            "O",
            "O",
            "O",
            "O",
            "O",
            "O",
            "O",
            "O",
            "O",
            "O",
            "O",
            "O",
            "O",
            "O",
            "O",
            "O",
            "O",
            "O",
            "O",
            "O",
            "O",
            "O",
            "O",
            "O",
            "O",
            "O",
            "O",
            "O",
            "O",
            "O",
            "O",
            "O",
            "O",
            "O",
            "O",
            "O",
            "O",
            "O",
            "O",
            "O",
            "O",
            "O",
            "O",
            "O",
            "O",
            "O",
            "O",
            "O",
            "O",
            "O",
            "O",
            "O",
            "O",
            "O",
            "O",
            "O",
            "O",
            "O",
            "O",
            "O",
            "O",
            "O",
            "O",
            "O",
            "O",
            "O",
            "O",
            "O",
            "O",
            "O",
            "O",
            "O",
            "O",
            "O",
            "O",
            "O",
            "O",
            "O",
            "O"
        ]
    },
    {
        "words": [
            "Additional",
            "NP-Complete",
            "Problems",
            "CLIQUE",
            "is",
            "NP-Complete",
            "We",
            "already",
            "show",
            "that",
            "3SAT",
            "\u2264p",
            "CLIQUE",
            "VERTEX",
            "\u2212COVER",
            "is",
            "NP-Complete",
            "where",
            "VERTEX",
            "\u2212COVER",
            "=",
            "{",
            "hG",
            ",",
            "ki",
            "|",
            "G",
            "is",
            "an",
            "undirected",
            "graph",
            "that",
            "has",
            "a",
            "k-node",
            "vertex",
            "cover",
            "}",
            "Textbook",
            "shows",
            "that",
            "3SAT",
            "\u2264p",
            "VERTEX",
            "\u2212COVER",
            "HAMPATH",
            "is",
            "NP-Complete",
            "Textbook",
            "shows",
            "that",
            "3SAT",
            "\u2264p",
            "HAMPATH",
            "SUBSET",
            "\u2212SUM",
            "is",
            "NP-Complete",
            "Textbook",
            "shows",
            "that",
            "3SAT",
            "\u2264p",
            "SUBSET",
            "\u2212SUM",
            "Thumrongsak",
            "Kosiyatrakul",
            "tkosiyat",
            "@",
            "cs.pitt.edu",
            "Time",
            "Complexity",
            "04"
        ],
        "labels": [
            "O",
            "O",
            "O",
            "O",
            "O",
            "O",
            "O",
            "O",
            "O",
            "O",
            "O",
            "O",
            "O",
            "O",
            "O",
            "O",
            "O",
            "O",
            "O",
            "O",
            "O",
            "O",
            "O",
            "O",
            "O",
            "O",
            "O",
            "O",
            "O",
            "O",
            "O",
            "O",
            "O",
            "O",
            "O",
            "O",
            "O",
            "O",
            "O",
            "O",
            "O",
            "O",
            "O",
            "O",
            "O",
            "O",
            "O",
            "O",
            "O",
            "O",
            "O",
            "O",
            "O",
            "O",
            "O",
            "O",
            "O",
            "O",
            "O",
            "O",
            "O",
            "O",
            "O",
            "O",
            "O",
            "O",
            "O",
            "O",
            "O",
            "O",
            "O",
            "O",
            "O"
        ]
    }
]