[
    {
        "words": [
            "Finite",
            "Automata",
            "05",
            "Thumrongsak",
            "Kosiyatrakul",
            "tkosiyat",
            "@",
            "cs.pitt.edu",
            "Thumrongsak",
            "Kosiyatrakul",
            "tkosiyat",
            "@",
            "cs.pitt.edu",
            "Finite",
            "Automata",
            "05"
        ],
        "labels": [
            "O",
            "O",
            "O",
            "O",
            "O",
            "O",
            "O",
            "O",
            "O",
            "O",
            "O",
            "O",
            "O",
            "O",
            "O",
            "O"
        ]
    },
    {
        "words": [
            "Regular",
            "Language",
            "Question",
            ":",
            "Given",
            "a",
            "regular",
            "language",
            ",",
            "can",
            "it",
            "be",
            "expressed",
            "by",
            "a",
            "regular",
            "expression",
            "?",
            "There",
            "are",
            "infinite",
            "number",
            "of",
            "regular",
            "languages",
            "Luckily",
            ",",
            "all",
            "of",
            "them",
            "have",
            "one",
            "thing",
            "in",
            "common",
            "Each",
            "of",
            "them",
            "has",
            "some",
            "finite-state",
            "machines",
            "that",
            "recognize",
            "it",
            "So",
            ",",
            "to",
            "try",
            "to",
            "answer",
            "the",
            "above",
            "question",
            ",",
            "we",
            "need",
            "to",
            "show",
            "a",
            "way",
            "to",
            "convert",
            "a",
            "finite-state",
            "machine",
            "into",
            "a",
            "regular",
            "expression",
            "that",
            "expresses",
            "the",
            "language",
            "of",
            "the",
            "machine",
            "Thumrongsak",
            "Kosiyatrakul",
            "tkosiyat",
            "@",
            "cs.pitt.edu",
            "Finite",
            "Automata",
            "05"
        ],
        "labels": [
            "O",
            "O",
            "O",
            "O",
            "O",
            "O",
            "O",
            "O",
            "O",
            "O",
            "O",
            "O",
            "O",
            "O",
            "O",
            "O",
            "O",
            "O",
            "O",
            "O",
            "O",
            "O",
            "O",
            "O",
            "O",
            "O",
            "O",
            "O",
            "O",
            "O",
            "O",
            "O",
            "O",
            "O",
            "O",
            "O",
            "O",
            "O",
            "O",
            "O",
            "O",
            "O",
            "O",
            "O",
            "O",
            "O",
            "O",
            "O",
            "O",
            "O",
            "O",
            "O",
            "O",
            "O",
            "O",
            "O",
            "O",
            "O",
            "O",
            "O",
            "O",
            "O",
            "O",
            "O",
            "O",
            "O",
            "O",
            "O",
            "O",
            "O",
            "O",
            "O",
            "O",
            "O",
            "O",
            "O",
            "O",
            "O",
            "O",
            "O",
            "O",
            "O",
            "O",
            "O",
            "O"
        ]
    },
    {
        "words": [
            "Generalized",
            "Nondeterministic",
            "Finite",
            "Automaton",
            "A",
            "Generalized",
            "Nondeterministic",
            "Finite",
            "Automaton",
            "(",
            "GNFA",
            ")",
            "N",
            "of",
            "a",
            "DFA",
            "M",
            "is",
            "a",
            "special",
            "NFA",
            "where",
            "L",
            "(",
            "N",
            ")",
            "=",
            "L",
            "(",
            "M",
            ")",
            "N",
            "has",
            "exactly",
            "one",
            "accept",
            "state",
            "all",
            "transitions",
            "of",
            "N",
            "are",
            "regular",
            "expressions",
            "To",
            "transition",
            "from",
            "one",
            "state",
            "to",
            "another",
            ",",
            "you",
            "need",
            "a",
            "string",
            "in",
            "the",
            "language",
            "expressed",
            "by",
            "the",
            "regular",
            "expression",
            "instead",
            "of",
            "a",
            "symbol",
            "Example",
            ":",
            "0\u2217",
            "\u222a",
            "11\u2217",
            "0",
            "q2",
            "q5",
            "At",
            "q2",
            ",",
            "if",
            "you",
            "encounter",
            "a",
            "string",
            "in",
            "the",
            "language",
            "0\u2217",
            "\u222a",
            "11\u2217",
            "0",
            ",",
            "move",
            "to",
            "state",
            "q5",
            "0\u2217",
            "\u222a",
            "11\u2217",
            "0",
            "=",
            "{",
            "\u03b5",
            ",",
            "0",
            ",",
            "00",
            ",",
            ".",
            ".",
            ".",
            "}",
            "\u222a",
            "{",
            "10",
            ",",
            "110",
            ",",
            "1110",
            ",",
            ".",
            ".",
            ".",
            "}",
            "Thumrongsak",
            "Kosiyatrakul",
            "tkosiyat",
            "@",
            "cs.pitt.edu",
            "Finite",
            "Automata",
            "05"
        ],
        "labels": [
            "O",
            "O",
            "O",
            "O",
            "O",
            "O",
            "O",
            "O",
            "O",
            "O",
            "O",
            "O",
            "O",
            "O",
            "O",
            "O",
            "O",
            "O",
            "O",
            "O",
            "O",
            "O",
            "O",
            "O",
            "O",
            "O",
            "O",
            "O",
            "O",
            "O",
            "O",
            "O",
            "O",
            "O",
            "O",
            "O",
            "O",
            "O",
            "O",
            "O",
            "O",
            "O",
            "O",
            "O",
            "O",
            "O",
            "O",
            "O",
            "O",
            "O",
            "O",
            "O",
            "O",
            "O",
            "O",
            "O",
            "O",
            "O",
            "O",
            "O",
            "O",
            "O",
            "O",
            "O",
            "O",
            "O",
            "O",
            "O",
            "O",
            "O",
            "O",
            "O",
            "O",
            "O",
            "O",
            "O",
            "O",
            "O",
            "O",
            "O",
            "O",
            "O",
            "O",
            "O",
            "O",
            "O",
            "O",
            "O",
            "O",
            "O",
            "O",
            "O",
            "O",
            "O",
            "O",
            "O",
            "O",
            "O",
            "O",
            "O",
            "O",
            "O",
            "O",
            "O",
            "O",
            "O",
            "O",
            "O",
            "O",
            "O",
            "O",
            "O",
            "O",
            "O",
            "O",
            "O",
            "O",
            "O",
            "O",
            "O",
            "O",
            "O",
            "O",
            "O",
            "O",
            "O",
            "O",
            "O",
            "O",
            "O",
            "O",
            "O"
        ]
    },
    {
        "words": [
            "Converting",
            "a",
            "DFA",
            "to",
            "a",
            "GNFA",
            "1",
            "Start",
            "with",
            "a",
            "DFA",
            "M",
            "2",
            "Add",
            "a",
            "new",
            "start",
            "state",
            "s",
            "with",
            "an",
            "\u03b5",
            "arrow",
            "to",
            "the",
            "original",
            "start",
            "state",
            "of",
            "M",
            "3",
            "Add",
            "a",
            "new",
            "accept",
            "state",
            "a",
            "From",
            "every",
            "accept",
            "state",
            "of",
            "M",
            ",",
            "add",
            "an",
            "\u03b5",
            "arrow",
            "to",
            "the",
            "new",
            "accept",
            "state",
            "Change",
            "all",
            "original",
            "accept",
            "states",
            "of",
            "M",
            "to",
            "non-accept",
            "states",
            "4",
            "Turn",
            "transition",
            "labels",
            "to",
            "regular",
            "expressions",
            "(",
            "rule",
            "#",
            "1",
            "of",
            "regular",
            "expression",
            ")",
            "5",
            "Add",
            "necessary",
            "transition",
            "arrows",
            "Change",
            "multiple",
            "arrows",
            "or",
            "multiple",
            "labels",
            "to",
            "a",
            "single",
            "arrow",
            "while",
            "label",
            "is",
            "the",
            "union",
            "of",
            "the",
            "previous",
            "labels",
            "a",
            "a\u222ab",
            "b",
            "0",
            ",",
            "1",
            "0\u222a1",
            "Thumrongsak",
            "Kosiyatrakul",
            "tkosiyat",
            "@",
            "cs.pitt.edu",
            "Finite",
            "Automata",
            "05"
        ],
        "labels": [
            "O",
            "O",
            "O",
            "O",
            "O",
            "O",
            "O",
            "O",
            "O",
            "O",
            "O",
            "O",
            "O",
            "O",
            "O",
            "O",
            "O",
            "O",
            "O",
            "O",
            "O",
            "O",
            "O",
            "O",
            "O",
            "O",
            "O",
            "O",
            "O",
            "O",
            "O",
            "O",
            "O",
            "O",
            "O",
            "O",
            "O",
            "O",
            "O",
            "O",
            "O",
            "O",
            "O",
            "O",
            "O",
            "O",
            "O",
            "O",
            "O",
            "O",
            "O",
            "O",
            "O",
            "O",
            "O",
            "O",
            "O",
            "O",
            "O",
            "O",
            "O",
            "O",
            "O",
            "O",
            "O",
            "O",
            "O",
            "O",
            "O",
            "O",
            "O",
            "O",
            "O",
            "O",
            "O",
            "O",
            "O",
            "O",
            "O",
            "O",
            "O",
            "O",
            "O",
            "O",
            "O",
            "O",
            "O",
            "O",
            "O",
            "O",
            "O",
            "O",
            "O",
            "O",
            "O",
            "O",
            "O",
            "O",
            "O",
            "O",
            "O",
            "O",
            "O",
            "O",
            "O",
            "O",
            "O",
            "O",
            "O",
            "O",
            "O",
            "O",
            "O",
            "O",
            "O",
            "O",
            "O"
        ]
    },
    {
        "words": [
            "Converting",
            "a",
            "DFA",
            "to",
            "a",
            "GNFA",
            "(",
            "Example",
            ")",
            "A",
            "DFA",
            "b",
            "a",
            "1",
            "2",
            "a",
            "b",
            "a",
            "b",
            "3",
            "Thumrongsak",
            "Kosiyatrakul",
            "tkosiyat",
            "@",
            "cs.pitt.edu",
            "Finite",
            "Automata",
            "05"
        ],
        "labels": [
            "O",
            "O",
            "O",
            "O",
            "O",
            "O",
            "O",
            "O",
            "O",
            "O",
            "O",
            "O",
            "O",
            "O",
            "O",
            "O",
            "O",
            "O",
            "O",
            "O",
            "O",
            "O",
            "O",
            "O",
            "O",
            "O",
            "O",
            "O"
        ]
    },
    {
        "words": [
            "Converting",
            "a",
            "DFA",
            "to",
            "a",
            "GNFA",
            "(",
            "Example",
            ")",
            "Add",
            "a",
            "new",
            "start",
            "state",
            "s",
            "b",
            "a",
            "1",
            "2",
            "a",
            "b",
            "s",
            "a",
            "b",
            "3",
            "Thumrongsak",
            "Kosiyatrakul",
            "tkosiyat",
            "@",
            "cs.pitt.edu",
            "Finite",
            "Automata",
            "05"
        ],
        "labels": [
            "O",
            "O",
            "O",
            "O",
            "O",
            "O",
            "O",
            "O",
            "O",
            "O",
            "O",
            "O",
            "O",
            "O",
            "O",
            "O",
            "O",
            "O",
            "O",
            "O",
            "O",
            "O",
            "O",
            "O",
            "O",
            "O",
            "O",
            "O",
            "O",
            "O",
            "O",
            "O",
            "O"
        ]
    },
    {
        "words": [
            "Converting",
            "a",
            "DFA",
            "to",
            "a",
            "GNFA",
            "(",
            "Example",
            ")",
            "\u03b5",
            "from",
            "s",
            "to",
            "the",
            "original",
            "start",
            "state",
            "b",
            "a",
            "1",
            "2",
            "\u03b5",
            "a",
            "b",
            "s",
            "a",
            "b",
            "3",
            "Thumrongsak",
            "Kosiyatrakul",
            "tkosiyat",
            "@",
            "cs.pitt.edu",
            "Finite",
            "Automata",
            "05"
        ],
        "labels": [
            "O",
            "O",
            "O",
            "O",
            "O",
            "O",
            "O",
            "O",
            "O",
            "O",
            "O",
            "O",
            "O",
            "O",
            "O",
            "O",
            "O",
            "O",
            "O",
            "O",
            "O",
            "O",
            "O",
            "O",
            "O",
            "O",
            "O",
            "O",
            "O",
            "O",
            "O",
            "O",
            "O",
            "O",
            "O",
            "O"
        ]
    },
    {
        "words": [
            "Converting",
            "a",
            "DFA",
            "to",
            "a",
            "GNFA",
            "(",
            "Example",
            ")",
            "Add",
            "a",
            "new",
            "accept",
            "state",
            "a",
            "b",
            "a",
            "1",
            "2",
            "\u03b5",
            "a",
            "b",
            "s",
            "a",
            "a",
            "b",
            "3",
            "Thumrongsak",
            "Kosiyatrakul",
            "tkosiyat",
            "@",
            "cs.pitt.edu",
            "Finite",
            "Automata",
            "05"
        ],
        "labels": [
            "O",
            "O",
            "O",
            "O",
            "O",
            "O",
            "O",
            "O",
            "O",
            "O",
            "O",
            "O",
            "O",
            "O",
            "O",
            "O",
            "O",
            "O",
            "O",
            "O",
            "O",
            "O",
            "O",
            "O",
            "O",
            "O",
            "O",
            "O",
            "O",
            "O",
            "O",
            "O",
            "O",
            "O",
            "O"
        ]
    },
    {
        "words": [
            "Converting",
            "a",
            "DFA",
            "to",
            "a",
            "GNFA",
            "(",
            "Example",
            ")",
            "\u03b5",
            "from",
            "all",
            "accepts",
            "state",
            "to",
            "a",
            "b",
            "a",
            "1",
            "2",
            "\u03b5",
            "\u03b5",
            "a",
            "b",
            "s",
            "a",
            "a",
            "b",
            "3",
            "\u03b5",
            "Thumrongsak",
            "Kosiyatrakul",
            "tkosiyat",
            "@",
            "cs.pitt.edu",
            "Finite",
            "Automata",
            "05"
        ],
        "labels": [
            "O",
            "O",
            "O",
            "O",
            "O",
            "O",
            "O",
            "O",
            "O",
            "O",
            "O",
            "O",
            "O",
            "O",
            "O",
            "O",
            "O",
            "O",
            "O",
            "O",
            "O",
            "O",
            "O",
            "O",
            "O",
            "O",
            "O",
            "O",
            "O",
            "O",
            "O",
            "O",
            "O",
            "O",
            "O",
            "O",
            "O",
            "O"
        ]
    },
    {
        "words": [
            "Converting",
            "a",
            "DFA",
            "to",
            "a",
            "GNFA",
            "(",
            "Example",
            ")",
            "All",
            "original",
            "accept",
            "states",
            "to",
            "non-accept",
            "state",
            "b",
            "a",
            "1",
            "2",
            "\u03b5",
            "\u03b5",
            "a",
            "b",
            "s",
            "a",
            "a",
            "b",
            "3",
            "\u03b5",
            "Thumrongsak",
            "Kosiyatrakul",
            "tkosiyat",
            "@",
            "cs.pitt.edu",
            "Finite",
            "Automata",
            "05"
        ],
        "labels": [
            "O",
            "O",
            "O",
            "O",
            "O",
            "O",
            "O",
            "O",
            "O",
            "O",
            "O",
            "O",
            "O",
            "O",
            "O",
            "O",
            "O",
            "O",
            "O",
            "O",
            "O",
            "O",
            "O",
            "O",
            "O",
            "O",
            "O",
            "O",
            "O",
            "O",
            "O",
            "O",
            "O",
            "O",
            "O",
            "O",
            "O",
            "O"
        ]
    },
    {
        "words": [
            "GNFA",
            "to",
            "Regular",
            "Expression",
            "Note",
            "that",
            "by",
            "converting",
            "a",
            "DFA",
            "and",
            "an",
            "equivalent",
            "GNFA",
            ",",
            "the",
            "language",
            "of",
            "the",
            "machine",
            "remain",
            "unchanged",
            "Next",
            ",",
            "we",
            "are",
            "going",
            "to",
            "remove",
            "original",
            "states",
            "of",
            "DFA",
            "one",
            "at",
            "a",
            "time",
            "until",
            "there",
            "are",
            "only",
            "two",
            "states",
            "left",
            "When",
            "a",
            "state",
            "is",
            "removed",
            ",",
            "we",
            "have",
            "to",
            "make",
            "sure",
            "that",
            "the",
            "language",
            "of",
            "the",
            "machine",
            "is",
            "not",
            "changed",
            "The",
            "new",
            "start",
            "state",
            "s",
            "and",
            "the",
            "new",
            "accept",
            "state",
            "a",
            "Example",
            ":",
            "3\u2212state",
            "5\u2212state",
            "4\u2212state",
            "DFA",
            "GNFA",
            "GNFA",
            "regular",
            "2\u2212state",
            "3\u2212state",
            "expression",
            "GNFA",
            "GNFA",
            "The",
            "transition",
            "from",
            "s",
            "to",
            "a",
            "is",
            "a",
            "regular",
            "expression",
            "that",
            "expresses",
            "the",
            "language",
            "of",
            "the",
            "original",
            "DFA",
            "Thumrongsak",
            "Kosiyatrakul",
            "tkosiyat",
            "@",
            "cs.pitt.edu",
            "Finite",
            "Automata",
            "05"
        ],
        "labels": [
            "O",
            "O",
            "O",
            "O",
            "O",
            "O",
            "O",
            "O",
            "O",
            "O",
            "O",
            "O",
            "O",
            "O",
            "O",
            "O",
            "O",
            "O",
            "O",
            "O",
            "O",
            "O",
            "O",
            "O",
            "O",
            "O",
            "O",
            "O",
            "O",
            "O",
            "O",
            "O",
            "O",
            "O",
            "O",
            "O",
            "O",
            "O",
            "O",
            "O",
            "O",
            "O",
            "O",
            "O",
            "O",
            "O",
            "O",
            "O",
            "O",
            "O",
            "O",
            "O",
            "O",
            "O",
            "O",
            "O",
            "O",
            "O",
            "O",
            "O",
            "O",
            "O",
            "O",
            "O",
            "O",
            "O",
            "O",
            "O",
            "O",
            "O",
            "O",
            "O",
            "O",
            "O",
            "O",
            "O",
            "O",
            "O",
            "O",
            "O",
            "O",
            "O",
            "O",
            "O",
            "O",
            "O",
            "O",
            "O",
            "O",
            "O",
            "O",
            "O",
            "O",
            "O",
            "O",
            "O",
            "O",
            "O",
            "O",
            "O",
            "O",
            "O",
            "O",
            "O",
            "O",
            "O",
            "O",
            "O",
            "O",
            "O",
            "O",
            "O",
            "O",
            "O",
            "O"
        ]
    },
    {
        "words": [
            "Reducing",
            "Number",
            "of",
            "States",
            "of",
            "GNFA",
            "Removing",
            "qrip",
            "R4",
            "qi",
            "qj",
            "R1",
            "R3",
            "qrip",
            "R2",
            "How",
            "to",
            "go",
            "from",
            "qi",
            "to",
            "qj",
            "?",
            "qi",
            "\u2192",
            "qj",
            "using",
            "a",
            "string",
            "in",
            "R4",
            "qi",
            "\u2192",
            "qrip",
            "\u2192",
            "qj",
            "qi",
            "\u2192",
            "qrip",
            "using",
            "a",
            "string",
            "in",
            "R1",
            "qrip",
            "\u2192",
            "qrip",
            "using",
            "a",
            "string",
            "in",
            "R2",
            "any",
            "number",
            "of",
            "times",
            "(",
            "R2\u2217",
            ")",
            "qrip",
            "\u2192",
            "qj",
            "using",
            "a",
            "string",
            "in",
            "R3",
            "From",
            "qi",
            "to",
            "qj",
            "by",
            "any",
            "strings",
            "in",
            "R1",
            "R2\u2217",
            "R3",
            "\u222a",
            "R4",
            "Thumrongsak",
            "Kosiyatrakul",
            "tkosiyat",
            "@",
            "cs.pitt.edu",
            "Finite",
            "Automata",
            "05"
        ],
        "labels": [
            "O",
            "O",
            "O",
            "O",
            "O",
            "O",
            "O",
            "O",
            "O",
            "O",
            "O",
            "O",
            "O",
            "O",
            "O",
            "O",
            "O",
            "O",
            "O",
            "O",
            "O",
            "O",
            "O",
            "O",
            "O",
            "O",
            "O",
            "O",
            "O",
            "O",
            "O",
            "O",
            "O",
            "O",
            "O",
            "O",
            "O",
            "O",
            "O",
            "O",
            "O",
            "O",
            "O",
            "O",
            "O",
            "O",
            "O",
            "O",
            "O",
            "O",
            "O",
            "O",
            "O",
            "O",
            "O",
            "O",
            "O",
            "O",
            "O",
            "O",
            "O",
            "O",
            "O",
            "O",
            "O",
            "O",
            "O",
            "O",
            "O",
            "O",
            "O",
            "O",
            "O",
            "O",
            "O",
            "O",
            "O",
            "O",
            "O",
            "O",
            "O",
            "O",
            "O",
            "O",
            "O",
            "O",
            "O",
            "O"
        ]
    },
    {
        "words": [
            "Reducing",
            "Number",
            "of",
            "States",
            "of",
            "GNFA",
            "Removing",
            "qrip",
            "R4",
            "qi",
            "qj",
            "R1",
            "R2",
            "\u2217",
            "R3",
            "\u222a",
            "R4",
            "R1",
            "R3",
            "qi",
            "qj",
            "qrip",
            "R2",
            "To",
            "remove",
            "qrip",
            "1",
            "Search",
            "for",
            "all",
            "possible",
            "paths",
            "from",
            "a",
            "state",
            "q",
            "to",
            "qrip",
            "and",
            "to",
            "a",
            "state",
            "r",
            "q",
            "\u2192",
            "qrip",
            "\u2192",
            "r",
            "2",
            "Turn",
            "all",
            "paths",
            "from",
            "previous",
            "step",
            "to",
            "regular",
            "expressions",
            "3",
            "Remove",
            "qrip",
            "which",
            "results",
            "in",
            "q",
            "\u2192",
            "r",
            "4",
            "Insert",
            "paths",
            "q",
            "\u2192",
            "r",
            "back",
            "with",
            "their",
            "regular",
            "expressions",
            "Thumrongsak",
            "Kosiyatrakul",
            "tkosiyat",
            "@",
            "cs.pitt.edu",
            "Finite",
            "Automata",
            "05"
        ],
        "labels": [
            "O",
            "O",
            "O",
            "O",
            "O",
            "O",
            "O",
            "O",
            "O",
            "O",
            "O",
            "O",
            "O",
            "O",
            "O",
            "O",
            "O",
            "O",
            "O",
            "O",
            "O",
            "O",
            "O",
            "O",
            "O",
            "O",
            "O",
            "O",
            "O",
            "O",
            "O",
            "O",
            "O",
            "O",
            "O",
            "O",
            "O",
            "O",
            "O",
            "O",
            "O",
            "O",
            "O",
            "O",
            "O",
            "O",
            "O",
            "O",
            "O",
            "O",
            "O",
            "O",
            "O",
            "O",
            "O",
            "O",
            "O",
            "O",
            "O",
            "O",
            "O",
            "O",
            "O",
            "O",
            "O",
            "O",
            "O",
            "O",
            "O",
            "O",
            "O",
            "O",
            "O",
            "O",
            "O",
            "O",
            "O",
            "O",
            "O",
            "O",
            "O",
            "O",
            "O",
            "O",
            "O",
            "O"
        ]
    },
    {
        "words": [
            "Example",
            "DFA",
            "1",
            "a",
            "b",
            "2",
            "a",
            ",",
            "b",
            "{",
            "w",
            "|",
            "w",
            "contains",
            "at",
            "least",
            "one",
            "b",
            "}",
            "Thumrongsak",
            "Kosiyatrakul",
            "tkosiyat",
            "@",
            "cs.pitt.edu",
            "Finite",
            "Automata",
            "05"
        ],
        "labels": [
            "O",
            "O",
            "O",
            "O",
            "O",
            "O",
            "O",
            "O",
            "O",
            "O",
            "O",
            "O",
            "O",
            "O",
            "O",
            "O",
            "O",
            "O",
            "O",
            "O",
            "O",
            "O",
            "O",
            "O",
            "O",
            "O",
            "O"
        ]
    },
    {
        "words": [
            "Example",
            "DFA",
            "to",
            "GNFA",
            "\u03b5",
            "1",
            "a",
            "s",
            "1",
            "a",
            "b",
            "b",
            "\u03b5",
            "2",
            "a",
            ",",
            "b",
            "a",
            "2",
            "aUb",
            "{",
            "w",
            "|",
            "w",
            "contains",
            "at",
            "least",
            "one",
            "b",
            "}",
            "Thumrongsak",
            "Kosiyatrakul",
            "tkosiyat",
            "@",
            "cs.pitt.edu",
            "Finite",
            "Automata",
            "05"
        ],
        "labels": [
            "O",
            "O",
            "O",
            "O",
            "O",
            "O",
            "O",
            "O",
            "O",
            "O",
            "O",
            "O",
            "O",
            "O",
            "O",
            "O",
            "O",
            "O",
            "O",
            "O",
            "O",
            "O",
            "O",
            "O",
            "O",
            "O",
            "O",
            "O",
            "O",
            "O",
            "O",
            "O",
            "O",
            "O",
            "O",
            "O",
            "O",
            "O"
        ]
    },
    {
        "words": [
            "Example",
            "Get",
            "rid",
            "of",
            "state",
            "2",
            "\u03b5",
            "1",
            "a",
            "s",
            "1",
            "a",
            "b",
            "b",
            "\u03b5",
            "2",
            "a",
            ",",
            "b",
            "a",
            "2",
            "aUb",
            "\u03b5",
            "s",
            "1",
            "a",
            "b",
            "(",
            "a",
            "U",
            "b",
            ")",
            "*",
            "a",
            "{",
            "w",
            "|",
            "w",
            "contains",
            "at",
            "least",
            "one",
            "b",
            "}",
            "Thumrongsak",
            "Kosiyatrakul",
            "tkosiyat",
            "@",
            "cs.pitt.edu",
            "Finite",
            "Automata",
            "05"
        ],
        "labels": [
            "O",
            "O",
            "O",
            "O",
            "O",
            "O",
            "O",
            "O",
            "O",
            "O",
            "O",
            "O",
            "O",
            "O",
            "O",
            "O",
            "O",
            "O",
            "O",
            "O",
            "O",
            "O",
            "O",
            "O",
            "O",
            "O",
            "O",
            "O",
            "O",
            "O",
            "O",
            "O",
            "O",
            "O",
            "O",
            "O",
            "O",
            "O",
            "O",
            "O",
            "O",
            "O",
            "O",
            "O",
            "O",
            "O",
            "O",
            "O",
            "O",
            "O",
            "O",
            "O"
        ]
    },
    {
        "words": [
            "Example",
            "Get",
            "rid",
            "of",
            "state",
            "1",
            "\u03b5",
            "1",
            "a",
            "s",
            "1",
            "a",
            "b",
            "b",
            "\u03b5",
            "2",
            "a",
            ",",
            "b",
            "a",
            "2",
            "aUb",
            "\u03b5",
            "s",
            "1",
            "a",
            "s",
            "b",
            "(",
            "a",
            "U",
            "b",
            ")",
            "*",
            "a",
            "*",
            "b",
            "(",
            "a",
            "U",
            "b",
            ")",
            "*",
            "a",
            "a",
            "{",
            "w",
            "|",
            "w",
            "contains",
            "at",
            "least",
            "one",
            "b",
            "}",
            "Thumrongsak",
            "Kosiyatrakul",
            "tkosiyat",
            "@",
            "cs.pitt.edu",
            "Finite",
            "Automata",
            "05"
        ],
        "labels": [
            "O",
            "O",
            "O",
            "O",
            "O",
            "O",
            "O",
            "O",
            "O",
            "O",
            "O",
            "O",
            "O",
            "O",
            "O",
            "O",
            "O",
            "O",
            "O",
            "O",
            "O",
            "O",
            "O",
            "O",
            "O",
            "O",
            "O",
            "O",
            "O",
            "O",
            "O",
            "O",
            "O",
            "O",
            "O",
            "O",
            "O",
            "O",
            "O",
            "O",
            "O",
            "O",
            "O",
            "O",
            "O",
            "O",
            "O",
            "O",
            "O",
            "O",
            "O",
            "O",
            "O",
            "O",
            "O",
            "O",
            "O",
            "O",
            "O",
            "O",
            "O",
            "O",
            "O"
        ]
    },
    {
        "words": [
            "Example",
            "DFA",
            "to",
            "GNFA",
            "b",
            "b",
            "a",
            "a",
            "1",
            "2",
            "1",
            "2",
            "\u03b5",
            "\u03b5",
            "a",
            "a",
            "b",
            "b",
            "a",
            "s",
            "a",
            "a",
            "b",
            "b",
            "3",
            "3",
            "\u03b5",
            "Thumrongsak",
            "Kosiyatrakul",
            "tkosiyat",
            "@",
            "cs.pitt.edu",
            "Finite",
            "Automata",
            "05"
        ],
        "labels": [
            "O",
            "O",
            "O",
            "O",
            "O",
            "O",
            "O",
            "O",
            "O",
            "O",
            "O",
            "O",
            "O",
            "O",
            "O",
            "O",
            "O",
            "O",
            "O",
            "O",
            "O",
            "O",
            "O",
            "O",
            "O",
            "O",
            "O",
            "O",
            "O",
            "O",
            "O",
            "O",
            "O",
            "O",
            "O"
        ]
    },
    {
        "words": [
            "Example",
            "Get",
            "rid",
            "of",
            "state",
            "1",
            "b",
            "aa",
            "U",
            "b",
            "a",
            "1",
            "2",
            "2",
            "\u03b5",
            "\u03b5",
            "a",
            "\u03b5",
            "a",
            "ab",
            "b",
            "s",
            "a",
            "a",
            "s",
            "ba",
            "U",
            "a",
            "a",
            "b",
            "3",
            "\u03b5",
            "b",
            "3",
            "\u03b5",
            "bb",
            "Paths",
            "that",
            "go",
            "through",
            "state",
            "1",
            "(",
            "q",
            "\u2192",
            "1",
            "\u2192",
            "r",
            ")",
            "s\u21921\u21922",
            "\u03b5a",
            "=",
            "a",
            "s\u21921\u21923",
            "\u03b5b",
            "=",
            "b",
            "2\u21921\u21922",
            "aa",
            "2\u21921\u21923",
            "ab",
            "3\u21921\u21922",
            "ba",
            "3\u21921\u21923",
            "bb",
            "Thumrongsak",
            "Kosiyatrakul",
            "tkosiyat",
            "@",
            "cs.pitt.edu",
            "Finite",
            "Automata",
            "05"
        ],
        "labels": [
            "O",
            "O",
            "O",
            "O",
            "O",
            "O",
            "O",
            "O",
            "O",
            "O",
            "O",
            "O",
            "O",
            "O",
            "O",
            "O",
            "O",
            "O",
            "O",
            "O",
            "O",
            "O",
            "O",
            "O",
            "O",
            "O",
            "O",
            "O",
            "O",
            "O",
            "O",
            "O",
            "O",
            "O",
            "O",
            "O",
            "O",
            "O",
            "O",
            "O",
            "O",
            "O",
            "O",
            "O",
            "O",
            "O",
            "O",
            "O",
            "O",
            "O",
            "O",
            "O",
            "O",
            "O",
            "O",
            "O",
            "O",
            "O",
            "O",
            "O",
            "O",
            "O",
            "O",
            "O",
            "O",
            "O",
            "O",
            "O",
            "O",
            "O",
            "O",
            "O",
            "O"
        ]
    },
    {
        "words": [
            "Example",
            "Get",
            "rid",
            "of",
            "state",
            "2",
            "aa",
            "U",
            "b",
            "a",
            "(",
            "aa",
            "U",
            "b",
            ")",
            "*",
            "s",
            "a",
            "2",
            "a",
            "\u03b5",
            "ab",
            "s",
            "ba",
            "U",
            "a",
            "a",
            "a",
            "(",
            "aa",
            "U",
            "b",
            ")",
            "*",
            "ab",
            "U",
            "b",
            "(",
            "ba",
            "U",
            "a",
            ")",
            "(",
            "aa",
            "U",
            "b",
            ")",
            "*",
            "U",
            "\u03b5",
            "b",
            "3",
            "\u03b5",
            "3",
            "bb",
            "(",
            "ba",
            "U",
            "a",
            ")",
            "(",
            "aa",
            "U",
            "b",
            ")",
            "*",
            "ab",
            "U",
            "bb",
            "Paths",
            "that",
            "go",
            "through",
            "state",
            "2",
            "(",
            "q",
            "\u2192",
            "2",
            "\u2192",
            "r",
            ")",
            "s\u21922\u2192a",
            "a",
            "(",
            "aa",
            "\u222a",
            "b",
            ")",
            "\u2217",
            "\u03b5",
            "=",
            "a",
            "(",
            "aa",
            "\u222a",
            "b",
            ")",
            "\u2217",
            "s\u21922\u21923",
            "a",
            "(",
            "aa",
            "\u222a",
            "b",
            ")",
            "\u2217",
            "ab",
            "3\u21922\u2192a",
            "(",
            "ba",
            "\u222a",
            "a",
            ")",
            "(",
            "aa",
            "\u222a",
            "b",
            ")",
            "\u2217",
            "\u03b5",
            "=",
            "(",
            "ba",
            "\u222a",
            "a",
            ")",
            "(",
            "aa",
            "\u222a",
            "b",
            ")",
            "\u2217",
            "3\u21922\u21923",
            "(",
            "ba",
            "\u222a",
            "a",
            ")",
            "(",
            "aa",
            "\u222a",
            "b",
            ")",
            "\u2217",
            "ab",
            "Thumrongsak",
            "Kosiyatrakul",
            "tkosiyat",
            "@",
            "cs.pitt.edu",
            "Finite",
            "Automata",
            "05"
        ],
        "labels": [
            "O",
            "O",
            "O",
            "O",
            "O",
            "O",
            "O",
            "O",
            "O",
            "O",
            "O",
            "O",
            "O",
            "O",
            "O",
            "O",
            "O",
            "O",
            "O",
            "O",
            "O",
            "O",
            "O",
            "O",
            "O",
            "O",
            "O",
            "O",
            "O",
            "O",
            "O",
            "O",
            "O",
            "O",
            "O",
            "O",
            "O",
            "O",
            "O",
            "O",
            "O",
            "O",
            "O",
            "O",
            "O",
            "O",
            "O",
            "O",
            "O",
            "O",
            "O",
            "O",
            "O",
            "O",
            "O",
            "O",
            "O",
            "O",
            "O",
            "O",
            "O",
            "O",
            "O",
            "O",
            "O",
            "O",
            "O",
            "O",
            "O",
            "O",
            "O",
            "O",
            "O",
            "O",
            "O",
            "O",
            "O",
            "O",
            "O",
            "O",
            "O",
            "O",
            "O",
            "O",
            "O",
            "O",
            "O",
            "O",
            "O",
            "O",
            "O",
            "O",
            "O",
            "O",
            "O",
            "O",
            "O",
            "O",
            "O",
            "O",
            "O",
            "O",
            "O",
            "O",
            "O",
            "O",
            "O",
            "O",
            "O",
            "O",
            "O",
            "O",
            "O",
            "O",
            "O",
            "O",
            "O",
            "O",
            "O",
            "O",
            "O",
            "O",
            "O",
            "O",
            "O",
            "O",
            "O",
            "O",
            "O",
            "O",
            "O",
            "O",
            "O",
            "O",
            "O",
            "O",
            "O",
            "O",
            "O",
            "O",
            "O",
            "O",
            "O",
            "O",
            "O",
            "O",
            "O",
            "O",
            "O",
            "O",
            "O",
            "O",
            "O",
            "O"
        ]
    },
    {
        "words": [
            "Example",
            "Get",
            "rid",
            "of",
            "state",
            "3",
            "a",
            "(",
            "aa",
            "U",
            "b",
            ")",
            "*",
            "s",
            "a",
            "a",
            "(",
            "aa",
            "U",
            "b",
            ")",
            "*",
            "ab",
            "U",
            "b",
            "(",
            "ba",
            "U",
            "a",
            ")",
            "(",
            "aa",
            "U",
            "b",
            ")",
            "*",
            "U",
            "\u03b5",
            "s",
            "a",
            "3",
            "(",
            "a",
            "(",
            "aa",
            "U",
            "b",
            ")",
            "*",
            "ab",
            "U",
            "b",
            ")",
            "(",
            "(",
            "ba",
            "U",
            "a",
            ")",
            "(",
            "aa",
            "U",
            "b",
            ")",
            "*",
            "ab",
            "U",
            "bb",
            ")",
            "*",
            "(",
            "(",
            "ba",
            "U",
            "a",
            ")",
            "(",
            "aa",
            "U",
            "b",
            ")",
            "*",
            "U",
            "\u03b5",
            ")",
            "U",
            "a",
            "(",
            "aa",
            "U",
            "b",
            ")",
            "*",
            "(",
            "ba",
            "U",
            "a",
            ")",
            "(",
            "aa",
            "U",
            "b",
            ")",
            "*",
            "ab",
            "U",
            "bb",
            "Paths",
            "that",
            "go",
            "through",
            "state",
            "3",
            "(",
            "q",
            "\u2192",
            "3",
            "\u2192",
            "r",
            ")",
            "s\u21923\u2192a",
            "(",
            "a",
            "(",
            "aa\u222ab",
            ")",
            "\u2217",
            "ab\u222ab",
            ")",
            "(",
            "(",
            "ba\u222aa",
            ")",
            "(",
            "aa\u222ab",
            ")",
            "\u2217",
            "ab\u222abb",
            ")",
            "\u2217",
            "(",
            "(",
            "ba\u222aa",
            ")",
            "(",
            "aa\u222ab",
            ")",
            "\u2217",
            "\u222a\u03b5",
            ")",
            "Thumrongsak",
            "Kosiyatrakul",
            "tkosiyat",
            "@",
            "cs.pitt.edu",
            "Finite",
            "Automata",
            "05"
        ],
        "labels": [
            "O",
            "O",
            "O",
            "O",
            "O",
            "O",
            "O",
            "O",
            "O",
            "O",
            "O",
            "O",
            "O",
            "O",
            "O",
            "O",
            "O",
            "O",
            "O",
            "O",
            "O",
            "O",
            "O",
            "O",
            "O",
            "O",
            "O",
            "O",
            "O",
            "O",
            "O",
            "O",
            "O",
            "O",
            "O",
            "O",
            "O",
            "O",
            "O",
            "O",
            "O",
            "O",
            "O",
            "O",
            "O",
            "O",
            "O",
            "O",
            "O",
            "O",
            "O",
            "O",
            "O",
            "O",
            "O",
            "O",
            "O",
            "O",
            "O",
            "O",
            "O",
            "O",
            "O",
            "O",
            "O",
            "O",
            "O",
            "O",
            "O",
            "O",
            "O",
            "O",
            "O",
            "O",
            "O",
            "O",
            "O",
            "O",
            "O",
            "O",
            "O",
            "O",
            "O",
            "O",
            "O",
            "O",
            "O",
            "O",
            "O",
            "O",
            "O",
            "O",
            "O",
            "O",
            "O",
            "O",
            "O",
            "O",
            "O",
            "O",
            "O",
            "O",
            "O",
            "O",
            "O",
            "O",
            "O",
            "O",
            "O",
            "O",
            "O",
            "O",
            "O",
            "O",
            "O",
            "O",
            "O",
            "O",
            "O",
            "O",
            "O",
            "O",
            "O",
            "O",
            "O",
            "O",
            "O",
            "O",
            "O",
            "O",
            "O",
            "O",
            "O",
            "O",
            "O",
            "O",
            "O",
            "O",
            "O",
            "O",
            "O",
            "O",
            "O",
            "O",
            "O",
            "O",
            "O",
            "O",
            "O",
            "O",
            "O",
            "O",
            "O",
            "O",
            "O",
            "O",
            "O",
            "O"
        ]
    },
    {
        "words": [
            "Theorem",
            "1.54",
            "Earlier",
            ",",
            "we",
            "show",
            "that",
            "every",
            "regular",
            "expression",
            "expresses",
            "a",
            "regular",
            "language",
            "We",
            "just",
            "show",
            "that",
            "every",
            "state",
            "diagram",
            "of",
            "a",
            "DFA",
            "can",
            "be",
            "converted",
            "into",
            "an",
            "equivalent",
            "regular",
            "expression",
            "Theorem",
            "(",
            "1.54",
            ")",
            "A",
            "language",
            "is",
            "regular",
            "if",
            "and",
            "only",
            "if",
            "some",
            "regular",
            "expression",
            "describes",
            "it",
            ".",
            "Problem",
            ":",
            "If",
            "you",
            "can",
            "not",
            "express",
            "a",
            "language",
            "using",
            "a",
            "regular",
            "expression",
            ",",
            "it",
            "does",
            "not",
            "mean",
            "it",
            "is",
            "not",
            "regular",
            "The",
            "language",
            "is",
            "so",
            "complicate",
            "that",
            "it",
            "needs",
            "a",
            "very",
            "long",
            "and",
            "complicate",
            "regular",
            "expression",
            "Thumrongsak",
            "Kosiyatrakul",
            "tkosiyat",
            "@",
            "cs.pitt.edu",
            "Finite",
            "Automata",
            "05"
        ],
        "labels": [
            "O",
            "O",
            "O",
            "O",
            "O",
            "O",
            "O",
            "O",
            "O",
            "O",
            "O",
            "O",
            "O",
            "O",
            "O",
            "O",
            "O",
            "O",
            "O",
            "O",
            "O",
            "O",
            "O",
            "O",
            "O",
            "O",
            "O",
            "O",
            "O",
            "O",
            "O",
            "O",
            "O",
            "O",
            "O",
            "O",
            "O",
            "O",
            "O",
            "O",
            "O",
            "O",
            "O",
            "O",
            "O",
            "O",
            "O",
            "O",
            "O",
            "O",
            "O",
            "O",
            "O",
            "O",
            "O",
            "O",
            "O",
            "O",
            "O",
            "O",
            "O",
            "O",
            "O",
            "O",
            "O",
            "O",
            "O",
            "O",
            "O",
            "O",
            "O",
            "O",
            "O",
            "O",
            "O",
            "O",
            "O",
            "O",
            "O",
            "O",
            "O",
            "O",
            "O",
            "O",
            "O",
            "O",
            "O",
            "O",
            "O",
            "O",
            "O",
            "O",
            "O",
            "O",
            "O"
        ]
    },
    {
        "words": [
            "Finite",
            "Automaton",
            "and",
            "Algorithm",
            "For",
            "every",
            "finite",
            "automaton",
            ",",
            "there",
            "is",
            "an",
            "equivalent",
            "algorithm",
            "For",
            "example",
            ",",
            "consider",
            "a",
            "machine",
            "where",
            "its",
            "language",
            "is",
            "the",
            "set",
            "of",
            "all",
            "strings",
            "over",
            "0",
            "and",
            "1",
            "that",
            "consist",
            "of",
            "an",
            "odd",
            "number",
            "of",
            "1s",
            ".",
            "0",
            "0",
            "1",
            "q0",
            "q1",
            "1",
            "The",
            "above",
            "machine",
            "can",
            "be",
            "converted",
            "into",
            "a",
            "Java",
            "method",
            "that",
            "Takes",
            "a",
            "string",
            "of",
            "0s",
            "and",
            "1s",
            "as",
            "an",
            "argument",
            "Returns",
            "true",
            "(",
            "accept",
            ")",
            "of",
            "the",
            "input",
            "string",
            "consisting",
            "of",
            "an",
            "odd",
            "number",
            "of",
            "1s",
            ".",
            "Otherwise",
            ",",
            "returns",
            "false",
            "(",
            "reject",
            ")",
            ".",
            "Thumrongsak",
            "Kosiyatrakul",
            "tkosiyat",
            "@",
            "cs.pitt.edu",
            "Finite",
            "Automata",
            "05"
        ],
        "labels": [
            "O",
            "O",
            "O",
            "O",
            "O",
            "O",
            "O",
            "O",
            "O",
            "O",
            "O",
            "O",
            "O",
            "O",
            "O",
            "O",
            "O",
            "O",
            "O",
            "O",
            "O",
            "O",
            "O",
            "O",
            "O",
            "O",
            "O",
            "O",
            "O",
            "O",
            "O",
            "O",
            "O",
            "O",
            "O",
            "O",
            "O",
            "O",
            "O",
            "O",
            "O",
            "O",
            "O",
            "O",
            "O",
            "O",
            "O",
            "O",
            "O",
            "O",
            "O",
            "O",
            "O",
            "O",
            "O",
            "O",
            "O",
            "O",
            "O",
            "O",
            "O",
            "O",
            "O",
            "O",
            "O",
            "O",
            "O",
            "O",
            "O",
            "O",
            "O",
            "O",
            "O",
            "O",
            "O",
            "O",
            "O",
            "O",
            "O",
            "O",
            "O",
            "O",
            "O",
            "O",
            "O",
            "O",
            "O",
            "O",
            "O",
            "O",
            "O",
            "O",
            "O",
            "O",
            "O",
            "O",
            "O",
            "O",
            "O",
            "O",
            "O",
            "O"
        ]
    },
    {
        "words": [
            "Finite",
            "Automata",
            "and",
            "Algorithm",
            "public",
            "boolean",
            "isAccepted",
            "(",
            "String",
            "input",
            ")",
            "{",
            "String",
            "state",
            "=",
            "``",
            "q0",
            "''",
            ";",
            "int",
            "length",
            "=",
            "input.length",
            "(",
            ")",
            ";",
            "for",
            "(",
            "int",
            "i",
            "=",
            "0",
            ";",
            "i",
            "<",
            "length",
            ";",
            "i++",
            ")",
            "{",
            "char",
            "c",
            "=",
            "input.charAt",
            "(",
            "i",
            ")",
            ";",
            "if",
            "(",
            "state.equals",
            "(",
            "``",
            "q0",
            "''",
            ")",
            "&",
            "&",
            "c",
            "==",
            "\u2019",
            "0",
            "\u2019",
            ")",
            "state",
            "=",
            "``",
            "q0",
            "''",
            ";",
            "else",
            "if",
            "(",
            "state.equals",
            "(",
            "``",
            "q0",
            "''",
            ")",
            "&",
            "&",
            "c",
            "==",
            "\u2019",
            "1",
            "\u2019",
            ")",
            "state",
            "=",
            "``",
            "q1",
            "''",
            ";",
            "else",
            "if",
            "(",
            "state.equals",
            "(",
            "``",
            "q1",
            "''",
            ")",
            "&",
            "&",
            "c",
            "==",
            "\u2019",
            "0",
            "\u2019",
            ")",
            "state",
            "=",
            "``",
            "q1",
            "''",
            ";",
            "else",
            "if",
            "(",
            "state.equals",
            "(",
            "``",
            "q1",
            "''",
            ")",
            "&",
            "&",
            "c",
            "==",
            "\u2019",
            "1",
            "\u2019",
            ")",
            "state",
            "=",
            "``",
            "q0",
            "''",
            ";",
            "}",
            "if",
            "(",
            "state.equals",
            "(",
            "``",
            "q1",
            "''",
            ")",
            ")",
            "return",
            "true",
            ";",
            "else",
            "return",
            "false",
            ";",
            "}",
            "Thumrongsak",
            "Kosiyatrakul",
            "tkosiyat",
            "@",
            "cs.pitt.edu",
            "Finite",
            "Automata",
            "05"
        ],
        "labels": [
            "O",
            "O",
            "O",
            "O",
            "O",
            "O",
            "O",
            "O",
            "O",
            "O",
            "O",
            "O",
            "O",
            "O",
            "O",
            "O",
            "O",
            "O",
            "O",
            "O",
            "O",
            "O",
            "O",
            "O",
            "O",
            "O",
            "O",
            "O",
            "O",
            "O",
            "O",
            "O",
            "O",
            "O",
            "O",
            "O",
            "O",
            "O",
            "O",
            "O",
            "O",
            "O",
            "O",
            "O",
            "O",
            "O",
            "O",
            "O",
            "O",
            "O",
            "O",
            "O",
            "O",
            "O",
            "O",
            "O",
            "O",
            "O",
            "O",
            "O",
            "O",
            "O",
            "O",
            "O",
            "O",
            "O",
            "O",
            "O",
            "O",
            "O",
            "O",
            "O",
            "O",
            "O",
            "O",
            "O",
            "O",
            "O",
            "O",
            "O",
            "O",
            "O",
            "O",
            "O",
            "O",
            "O",
            "O",
            "O",
            "O",
            "O",
            "O",
            "O",
            "O",
            "O",
            "O",
            "O",
            "O",
            "O",
            "O",
            "O",
            "O",
            "O",
            "O",
            "O",
            "O",
            "O",
            "O",
            "O",
            "O",
            "O",
            "O",
            "O",
            "O",
            "O",
            "O",
            "O",
            "O",
            "O",
            "O",
            "O",
            "O",
            "O",
            "O",
            "O",
            "O",
            "O",
            "O",
            "O",
            "O",
            "O",
            "O",
            "O",
            "O",
            "O",
            "O",
            "O",
            "O",
            "O",
            "O",
            "O",
            "O",
            "O",
            "O",
            "O",
            "O",
            "O",
            "O",
            "O",
            "O",
            "O",
            "O",
            "O",
            "O",
            "O",
            "O",
            "O",
            "O",
            "O",
            "O",
            "O",
            "O",
            "O",
            "O",
            "O",
            "O"
        ]
    },
    {
        "words": [
            "Limitation",
            "of",
            "Finite",
            "Automaton",
            "Finite",
            "Automaton",
            "only",
            "captures",
            "a",
            "small",
            "subset",
            "of",
            "algorithms",
            "Problems",
            "that",
            "associated",
            "with",
            "Regular",
            "languages",
            "Not",
            "all",
            "language",
            "can",
            "be",
            "recognized",
            "by",
            "a",
            "finite",
            "state",
            "machine",
            "Such",
            "languages",
            "is",
            "called",
            "Nonregular",
            "Languages",
            "Example",
            ":",
            "B",
            "=",
            "{",
            "0n",
            "1n",
            "|",
            "n",
            "\u2265",
            "0",
            "}",
            "B",
            "=",
            "{",
            "\u03b5",
            ",",
            "01",
            ",",
            "0011",
            ",",
            "000111",
            ",",
            ".",
            ".",
            ".",
            "}",
            "The",
            "machine",
            "need",
            "to",
            "be",
            "able",
            "to",
            "remember",
            "how",
            "many",
            "0s",
            "and",
            "how",
            "many",
            "1s",
            "it",
            "sees",
            "so",
            "far",
            "We",
            "need",
            "an",
            "infinite",
            "number",
            "of",
            "states",
            "If",
            "you",
            "can",
            "not",
            "express",
            "a",
            "language",
            "using",
            "regular",
            "expression",
            ",",
            "it",
            "does",
            "not",
            "mean",
            "it",
            "is",
            "not",
            "a",
            "regular",
            "language",
            "Too",
            "complicate",
            "and",
            "requires",
            "a",
            "huge",
            "number",
            "of",
            "states",
            "We",
            "need",
            "a",
            "way",
            "to",
            "determine",
            "whether",
            "a",
            "language",
            "is",
            "not",
            "regular",
            ".",
            "Thumrongsak",
            "Kosiyatrakul",
            "tkosiyat",
            "@",
            "cs.pitt.edu",
            "Finite",
            "Automata",
            "05"
        ],
        "labels": [
            "O",
            "O",
            "O",
            "O",
            "O",
            "O",
            "O",
            "O",
            "O",
            "O",
            "O",
            "O",
            "O",
            "O",
            "O",
            "O",
            "O",
            "O",
            "O",
            "O",
            "O",
            "O",
            "O",
            "O",
            "O",
            "O",
            "O",
            "O",
            "O",
            "O",
            "O",
            "O",
            "O",
            "O",
            "O",
            "O",
            "O",
            "O",
            "O",
            "O",
            "O",
            "O",
            "O",
            "O",
            "O",
            "O",
            "O",
            "O",
            "O",
            "O",
            "O",
            "O",
            "O",
            "O",
            "O",
            "O",
            "O",
            "O",
            "O",
            "O",
            "O",
            "O",
            "O",
            "O",
            "O",
            "O",
            "O",
            "O",
            "O",
            "O",
            "O",
            "O",
            "O",
            "O",
            "O",
            "O",
            "O",
            "O",
            "O",
            "O",
            "O",
            "O",
            "O",
            "O",
            "O",
            "O",
            "O",
            "O",
            "O",
            "O",
            "O",
            "O",
            "O",
            "O",
            "O",
            "O",
            "O",
            "O",
            "O",
            "O",
            "O",
            "O",
            "O",
            "O",
            "O",
            "O",
            "O",
            "O",
            "O",
            "O",
            "O",
            "O",
            "O",
            "O",
            "O",
            "O",
            "O",
            "O",
            "O",
            "O",
            "O",
            "O",
            "O",
            "O",
            "O",
            "O",
            "O",
            "O",
            "O",
            "O",
            "O",
            "O",
            "O",
            "O",
            "O",
            "O",
            "O",
            "O",
            "O",
            "O"
        ]
    }
]