[
    {
        "words": [
            "Discrete",
            "Structures",
            "for",
            "Computer",
            "Science",
            "William",
            "Garrison",
            "bill",
            "@",
            "cs.pitt.edu",
            "6311",
            "Sennott",
            "Square",
            "Lecture",
            "#",
            "2",
            ":",
            "Propositional",
            "Logic",
            "Based",
            "on",
            "materials",
            "developed",
            "by",
            "Dr.",
            "Adam",
            "Lee"
        ],
        "labels": [
            "O",
            "O",
            "O",
            "O",
            "O",
            "O",
            "O",
            "O",
            "O",
            "O",
            "O",
            "O",
            "O",
            "O",
            "O",
            "O",
            "O",
            "B",
            "I",
            "O",
            "O",
            "O",
            "O",
            "O",
            "O",
            "O",
            "O"
        ]
    },
    {
        "words": [
            "Today",
            "\u2019",
            "s",
            "Topic",
            ":",
            "Propositional",
            "Logic",
            "n",
            "What",
            "is",
            "a",
            "proposition",
            "?",
            "n",
            "Logical",
            "connectives",
            "and",
            "truth",
            "tables",
            "n",
            "Translating",
            "between",
            "English",
            "and",
            "propositional",
            "logic"
        ],
        "labels": [
            "O",
            "O",
            "O",
            "O",
            "O",
            "B",
            "I",
            "O",
            "O",
            "O",
            "O",
            "B",
            "O",
            "O",
            "B",
            "I",
            "O",
            "B",
            "I",
            "O",
            "O",
            "O",
            "O",
            "O",
            "B",
            "I"
        ]
    },
    {
        "words": [
            "Logic",
            "is",
            "the",
            "basis",
            "of",
            "all",
            "mathematical",
            "and",
            "analytical",
            "reasoning",
            "Given",
            "a",
            "collection",
            "of",
            "known",
            "truths",
            ",",
            "logic",
            "allows",
            "us",
            "to",
            "deduce",
            "new",
            "truths",
            "Example",
            "Base",
            "facts",
            ":",
            "If",
            "it",
            "is",
            "raining",
            ",",
            "I",
            "will",
            "not",
            "go",
            "outside",
            "If",
            "I",
            "am",
            "inside",
            ",",
            "Lisa",
            "will",
            "stay",
            "home",
            "Lisa",
            "and",
            "I",
            "always",
            "play",
            "video",
            "games",
            "if",
            "we",
            "are",
            "together",
            "during",
            "the",
            "weekend",
            "Today",
            "is",
            "a",
            "rainy",
            "Saturday",
            "Conclusion",
            ":",
            "Lisa",
            "and",
            "I",
            "will",
            "play",
            "video",
            "games",
            "today",
            "Logic",
            "allows",
            "us",
            "to",
            "advance",
            "mathematics",
            "through",
            "an",
            "iterative",
            "process",
            "of",
            "conjecture",
            "and",
            "proof"
        ],
        "labels": [
            "B",
            "O",
            "O",
            "O",
            "O",
            "O",
            "O",
            "O",
            "O",
            "O",
            "O",
            "O",
            "O",
            "O",
            "O",
            "O",
            "O",
            "B",
            "O",
            "O",
            "O",
            "O",
            "O",
            "O",
            "O",
            "O",
            "O",
            "O",
            "O",
            "O",
            "O",
            "O",
            "O",
            "O",
            "O",
            "O",
            "O",
            "O",
            "O",
            "O",
            "O",
            "O",
            "O",
            "O",
            "O",
            "O",
            "O",
            "O",
            "O",
            "O",
            "O",
            "O",
            "O",
            "O",
            "O",
            "O",
            "O",
            "O",
            "O",
            "O",
            "O",
            "O",
            "O",
            "O",
            "O",
            "O",
            "O",
            "O",
            "O",
            "O",
            "O",
            "O",
            "O",
            "O",
            "O",
            "O",
            "B",
            "O",
            "O",
            "O",
            "O",
            "O",
            "O",
            "O",
            "O",
            "O",
            "O",
            "B",
            "O",
            "B"
        ]
    },
    {
        "words": [
            "Propositional",
            "logic",
            "is",
            "a",
            "very",
            "simple",
            "logic",
            "Definition",
            ":",
            "A",
            "proposition",
            "is",
            "a",
            "precise",
            "statement",
            "that",
            "is",
            "either",
            "true",
            "or",
            "false",
            ",",
            "but",
            "not",
            "both",
            ".",
            "Examples",
            ":",
            "l",
            "2",
            "+",
            "2",
            "=",
            "4",
            "(",
            "true",
            ")",
            "l",
            "All",
            "dogs",
            "have",
            "3",
            "legs",
            "(",
            "false",
            ")",
            "l",
            "x2",
            "<",
            "0",
            "(",
            "false",
            ")",
            "l",
            "Washington",
            ",",
            "D.C.",
            "is",
            "the",
            "capital",
            "of",
            "the",
            "USA",
            "(",
            "true",
            ")"
        ],
        "labels": [
            "B",
            "I",
            "O",
            "O",
            "O",
            "O",
            "B",
            "O",
            "O",
            "O",
            "B",
            "O",
            "O",
            "O",
            "O",
            "O",
            "O",
            "O",
            "O",
            "O",
            "O",
            "O",
            "O",
            "O",
            "O",
            "O",
            "O",
            "O",
            "O",
            "O",
            "O",
            "O",
            "O",
            "O",
            "O",
            "O",
            "O",
            "O",
            "O",
            "O",
            "O",
            "O",
            "O",
            "O",
            "O",
            "O",
            "O",
            "O",
            "O",
            "O",
            "O",
            "O",
            "O",
            "O",
            "O",
            "O",
            "O",
            "O",
            "O",
            "O",
            "O",
            "O",
            "O",
            "O",
            "O",
            "O"
        ]
    },
    {
        "words": [
            "Not",
            "all",
            "statements",
            "are",
            "propositions",
            "n",
            "Charlie",
            "is",
            "handsome",
            "l",
            "\u201c",
            "Handsome",
            "\u201d",
            "is",
            "a",
            "subjective",
            "term",
            ".",
            "n",
            "x3",
            "<",
            "0",
            "l",
            "True",
            "if",
            "x",
            "<",
            "0",
            ",",
            "false",
            "otherwise",
            ".",
            "n",
            "Springfield",
            "is",
            "the",
            "capital",
            "l",
            "True",
            "in",
            "Illinois",
            ",",
            "false",
            "in",
            "Massachusetts",
            "."
        ],
        "labels": [
            "O",
            "O",
            "O",
            "O",
            "B",
            "O",
            "O",
            "O",
            "O",
            "O",
            "O",
            "O",
            "O",
            "O",
            "O",
            "O",
            "O",
            "O",
            "O",
            "O",
            "O",
            "O",
            "O",
            "O",
            "O",
            "O",
            "O",
            "O",
            "O",
            "O",
            "O",
            "O",
            "O",
            "O",
            "O",
            "O",
            "O",
            "O",
            "O",
            "O",
            "O",
            "O",
            "O",
            "O",
            "O",
            "O"
        ]
    },
    {
        "words": [
            "We",
            "can",
            "use",
            "logical",
            "connectives",
            "to",
            "build",
            "complex",
            "propositions",
            "We",
            "will",
            "discuss",
            "the",
            "following",
            "logical",
            "connectives",
            ":",
            "l",
            "\u00ac",
            "(",
            "not",
            ")",
            "l",
            "\u00d9",
            "(",
            "conjunction",
            "/",
            "and",
            ")",
            "l",
            "\u00da",
            "(",
            "disjunction",
            "/",
            "or",
            ")",
            "l",
            "\u00c5",
            "(",
            "exclusive",
            "disjunction",
            "/",
            "xor",
            ")",
            "l",
            "\u00ae",
            "(",
            "implication",
            ")",
            "l",
            "\u00ab",
            "(",
            "biconditional",
            ")"
        ],
        "labels": [
            "O",
            "O",
            "O",
            "B",
            "I",
            "O",
            "O",
            "O",
            "B",
            "O",
            "O",
            "O",
            "O",
            "O",
            "O",
            "B",
            "I",
            "O",
            "O",
            "O",
            "B",
            "O",
            "O",
            "O",
            "O",
            "B",
            "O",
            "O",
            "O",
            "O",
            "O",
            "O",
            "B",
            "O",
            "O",
            "O",
            "O",
            "O",
            "O",
            "B",
            "I",
            "O",
            "B",
            "O",
            "O",
            "O",
            "O",
            "B",
            "O",
            "O",
            "O",
            "O",
            "B",
            "O"
        ]
    },
    {
        "words": [
            "Negation",
            "The",
            "negation",
            "of",
            "a",
            "proposition",
            "is",
            "true",
            "iff",
            "the",
            "proposition",
            "is",
            "false",
            "What",
            "we",
            "know",
            "What",
            "we",
            "want",
            "to",
            "know",
            "One",
            "row",
            "for",
            "p",
            "\u00acp",
            "each",
            "possible",
            "value",
            "of",
            "\u201c",
            "what",
            "T",
            "F",
            "we",
            "know",
            "\u201d",
            "F",
            "T",
            "The",
            "truth",
            "table",
            "for",
            "negation",
            "(",
            "I",
            "\u2019",
            "ll",
            "sometimes",
            "use",
            "\u22a4",
            "and",
            "\u22a5",
            ")"
        ],
        "labels": [
            "B",
            "O",
            "B",
            "O",
            "O",
            "B",
            "O",
            "O",
            "O",
            "O",
            "B",
            "O",
            "O",
            "O",
            "O",
            "O",
            "O",
            "O",
            "O",
            "O",
            "O",
            "O",
            "O",
            "O",
            "O",
            "O",
            "O",
            "O",
            "O",
            "O",
            "O",
            "O",
            "O",
            "O",
            "O",
            "O",
            "O",
            "O",
            "O",
            "O",
            "B",
            "I",
            "O",
            "B",
            "O",
            "O",
            "O",
            "O",
            "O",
            "O",
            "O",
            "O",
            "O",
            "O"
        ]
    },
    {
        "words": [
            "Negation",
            "Examples",
            "Negate",
            "the",
            "following",
            "propositions",
            "l",
            "Today",
            "is",
            "Monday",
            "\u27a3Today",
            "is",
            "not",
            "Monday",
            "l",
            "21",
            "*",
            "2",
            "=",
            "42",
            "\u27a321",
            "*",
            "2",
            "\u00b9",
            "42",
            "What",
            "is",
            "the",
            "truth",
            "value",
            "of",
            "the",
            "following",
            "propositions",
            "l",
            "\u00ac",
            "(",
            "9",
            "is",
            "a",
            "prime",
            "number",
            ")",
            "\u27a3true",
            "l",
            "\u00ac",
            "(",
            "Pittsburgh",
            "is",
            "in",
            "Pennsylvania",
            ")",
            "\u27a3false"
        ],
        "labels": [
            "B",
            "O",
            "B",
            "O",
            "O",
            "B",
            "O",
            "O",
            "O",
            "O",
            "O",
            "O",
            "O",
            "O",
            "O",
            "O",
            "O",
            "O",
            "O",
            "O",
            "O",
            "O",
            "O",
            "O",
            "O",
            "O",
            "O",
            "O",
            "B",
            "I",
            "O",
            "O",
            "O",
            "B",
            "O",
            "O",
            "O",
            "O",
            "O",
            "O",
            "B",
            "I",
            "O",
            "O",
            "O",
            "O",
            "O",
            "O",
            "O",
            "O",
            "O",
            "O",
            "O"
        ]
    },
    {
        "words": [
            "Conjunction",
            "The",
            "conjunction",
            "of",
            "two",
            "propositions",
            "is",
            "true",
            "iff",
            "both",
            "propositions",
            "are",
            "true",
            "p",
            "q",
            "p\u00d9q",
            "T",
            "T",
            "T",
            "T",
            "F",
            "F",
            "F",
            "T",
            "F",
            "F",
            "F",
            "F",
            "The",
            "truth",
            "table",
            "for",
            "conjunction",
            "22",
            "=",
            "4",
            "rows",
            "since",
            "we",
            "know",
            "both",
            "p",
            "and",
            "q",
            "!"
        ],
        "labels": [
            "B",
            "O",
            "B",
            "O",
            "O",
            "B",
            "O",
            "O",
            "O",
            "O",
            "B",
            "O",
            "O",
            "O",
            "O",
            "O",
            "O",
            "O",
            "O",
            "O",
            "O",
            "O",
            "O",
            "O",
            "O",
            "O",
            "O",
            "O",
            "O",
            "O",
            "O",
            "O",
            "B",
            "O",
            "O",
            "O",
            "O",
            "O",
            "O",
            "O",
            "O",
            "O",
            "O",
            "O",
            "O"
        ]
    },
    {
        "words": [
            "Disjunction",
            "The",
            "disjunction",
            "of",
            "two",
            "propositions",
            "is",
            "true",
            "iff",
            "at",
            "least",
            "one",
            "proposition",
            "is",
            "true",
            "p",
            "q",
            "p\u00daq",
            "T",
            "T",
            "T",
            "T",
            "F",
            "T",
            "F",
            "T",
            "T",
            "F",
            "F",
            "F",
            "The",
            "truth",
            "table",
            "for",
            "disjunction"
        ],
        "labels": [
            "B",
            "O",
            "B",
            "O",
            "O",
            "B",
            "O",
            "O",
            "O",
            "O",
            "O",
            "O",
            "B",
            "O",
            "O",
            "O",
            "O",
            "O",
            "O",
            "O",
            "O",
            "O",
            "O",
            "O",
            "O",
            "O",
            "O",
            "O",
            "O",
            "O",
            "O",
            "B",
            "I",
            "O",
            "B"
        ]
    },
    {
        "words": [
            "Conjunction",
            "and",
            "disjunction",
            "examples",
            "This",
            "symbol",
            "means",
            "\u201c",
            "is",
            "defined",
            "as",
            "\u201d",
            "or",
            "\u201c",
            "is",
            "equivalent",
            "to",
            "\u201d",
            "Let",
            ":",
            "(",
            "sometimes",
            "I",
            "\u2019",
            "ll",
            "use",
            "\u225c",
            ")",
            "l",
            "p",
            "\u00ba",
            "x2",
            "\u2265",
            "0",
            "l",
            "q",
            "\u00ba",
            "A",
            "lion",
            "weighs",
            "less",
            "than",
            "a",
            "mouse",
            "l",
            "r",
            "\u00ba",
            "10",
            "<",
            "7",
            "l",
            "s",
            "\u00ba",
            "Pittsburgh",
            "is",
            "located",
            "in",
            "Pennsylvania",
            "What",
            "are",
            "the",
            "truth",
            "values",
            "of",
            "these",
            "expressions",
            ":",
            "l",
            "p\u00d9q",
            "false",
            "l",
            "p\u00d9s",
            "true",
            "l",
            "p\u00daq",
            "true",
            "l",
            "q\u00dar",
            "false"
        ],
        "labels": [
            "B",
            "O",
            "B",
            "O",
            "O",
            "O",
            "O",
            "O",
            "O",
            "O",
            "O",
            "O",
            "O",
            "O",
            "O",
            "O",
            "O",
            "O",
            "O",
            "O",
            "O",
            "O",
            "O",
            "O",
            "O",
            "O",
            "O",
            "O",
            "O",
            "O",
            "O",
            "O",
            "O",
            "O",
            "O",
            "O",
            "O",
            "O",
            "O",
            "O",
            "O",
            "O",
            "O",
            "O",
            "O",
            "O",
            "O",
            "O",
            "O",
            "O",
            "O",
            "O",
            "O",
            "O",
            "O",
            "O",
            "O",
            "O",
            "O",
            "O",
            "O",
            "B",
            "I",
            "O",
            "O",
            "O",
            "O",
            "O",
            "O",
            "O",
            "O",
            "O",
            "O",
            "O",
            "O",
            "O",
            "O",
            "O",
            "O"
        ]
    },
    {
        "words": [
            "In-class",
            "Exercises",
            "Problem",
            "1",
            ":",
            "Let",
            "p",
            "\u00ba",
            "2+2=5",
            ",",
            "q",
            "\u00ba",
            "eagles",
            "can",
            "fly",
            ",",
            "r",
            "\u00ba",
            "1=1",
            ".",
            "Determine",
            "the",
            "value",
            "for",
            "each",
            "of",
            "the",
            "following",
            ":",
            "l",
            "p\u00d9q",
            "l",
            "\u00acp",
            "\u00da",
            "q",
            "l",
            "p",
            "\u00da",
            "(",
            "q",
            "\u00d9",
            "r",
            ")",
            "l",
            "(",
            "p",
            "\u00da",
            "q",
            ")",
            "\u00d9",
            "(",
            "\u00acr",
            "\u00da",
            "\u00acp",
            ")"
        ],
        "labels": [
            "O",
            "O",
            "O",
            "O",
            "O",
            "O",
            "O",
            "O",
            "O",
            "O",
            "O",
            "O",
            "O",
            "O",
            "O",
            "O",
            "O",
            "O",
            "O",
            "O",
            "O",
            "O",
            "O",
            "O",
            "O",
            "O",
            "O",
            "O",
            "O",
            "O",
            "O",
            "O",
            "O",
            "O",
            "O",
            "O",
            "O",
            "O",
            "O",
            "O",
            "O",
            "O",
            "O",
            "O",
            "O",
            "O",
            "O",
            "O",
            "O",
            "O",
            "O",
            "O",
            "O",
            "O",
            "O"
        ]
    },
    {
        "words": [
            "Exclusive",
            "or",
            "(",
            "XOR",
            ")",
            "The",
            "exclusive",
            "or",
            "of",
            "two",
            "propositions",
            "is",
            "true",
            "iff",
            "exactly",
            "one",
            "proposition",
            "is",
            "true",
            "p",
            "q",
            "p\u00c5q",
            "T",
            "T",
            "F",
            "T",
            "F",
            "T",
            "F",
            "T",
            "T",
            "F",
            "F",
            "F",
            "The",
            "truth",
            "table",
            "for",
            "exclusive",
            "or",
            "Note",
            ":",
            "Exclusive",
            "or",
            "is",
            "typically",
            "used",
            "to",
            "natural",
            "language",
            "to",
            "identify",
            "choices",
            ".",
            "For",
            "example",
            "\u201c",
            "You",
            "may",
            "have",
            "a",
            "soup",
            "or",
            "salad",
            "with",
            "your",
            "entree",
            ".",
            "\u201d"
        ],
        "labels": [
            "B",
            "I",
            "O",
            "B",
            "O",
            "O",
            "B",
            "I",
            "O",
            "O",
            "B",
            "O",
            "O",
            "O",
            "O",
            "O",
            "B",
            "O",
            "O",
            "O",
            "O",
            "O",
            "O",
            "O",
            "O",
            "O",
            "O",
            "O",
            "O",
            "O",
            "O",
            "O",
            "O",
            "O",
            "O",
            "B",
            "I",
            "O",
            "B",
            "I",
            "O",
            "O",
            "B",
            "I",
            "O",
            "O",
            "O",
            "O",
            "O",
            "O",
            "O",
            "O",
            "O",
            "O",
            "O",
            "O",
            "O",
            "O",
            "O",
            "O",
            "O",
            "O",
            "O",
            "O",
            "O",
            "O",
            "O",
            "O",
            "O"
        ]
    },
    {
        "words": [
            "Implication",
            "The",
            "implication",
            "p",
            "\u00ae",
            "q",
            "is",
            "false",
            "if",
            "p",
            "is",
            "true",
            "and",
            "q",
            "is",
            "false",
            ",",
            "and",
            "true",
            "otherwise",
            "Terminology",
            "l",
            "p",
            "is",
            "called",
            "the",
            "hypothesis",
            "l",
            "q",
            "is",
            "called",
            "the",
            "conclusion",
            "p",
            "q",
            "p\u00aeq",
            "T",
            "T",
            "T",
            "T",
            "F",
            "F",
            "F",
            "T",
            "T",
            "F",
            "F",
            "T",
            "The",
            "truth",
            "table",
            "for",
            "implication"
        ],
        "labels": [
            "B",
            "O",
            "B",
            "O",
            "O",
            "O",
            "O",
            "O",
            "O",
            "O",
            "O",
            "O",
            "O",
            "O",
            "O",
            "O",
            "O",
            "O",
            "O",
            "O",
            "O",
            "O",
            "O",
            "O",
            "O",
            "O",
            "B",
            "O",
            "O",
            "O",
            "O",
            "O",
            "B",
            "O",
            "O",
            "O",
            "O",
            "O",
            "O",
            "O",
            "O",
            "O",
            "O",
            "O",
            "O",
            "O",
            "O",
            "O",
            "O",
            "B",
            "I",
            "O",
            "O"
        ]
    },
    {
        "words": [
            "Implication",
            "(",
            "cont",
            ".",
            ")",
            "The",
            "implication",
            "p",
            "\u00ae",
            "q",
            "can",
            "be",
            "read",
            "in",
            "a",
            "number",
            "of",
            "(",
            "equivalent",
            ")",
            "ways",
            ":",
            "l",
            "If",
            "p",
            "then",
            "q",
            "l",
            "p",
            "only",
            "if",
            "q",
            "l",
            "p",
            "is",
            "sufficient",
            "for",
            "q",
            "l",
            "q",
            "whenever",
            "p"
        ],
        "labels": [
            "B",
            "O",
            "O",
            "O",
            "O",
            "O",
            "B",
            "O",
            "O",
            "O",
            "O",
            "O",
            "O",
            "O",
            "O",
            "O",
            "O",
            "O",
            "O",
            "O",
            "O",
            "O",
            "O",
            "O",
            "O",
            "O",
            "O",
            "O",
            "O",
            "O",
            "O",
            "O",
            "O",
            "O",
            "O",
            "O",
            "O",
            "O",
            "O",
            "O",
            "O",
            "O"
        ]
    },
    {
        "words": [
            "Implication",
            "examples",
            "Let",
            ":",
            "l",
            "p",
            "\u00ba",
            "Jane",
            "gets",
            "a",
            "100",
            "%",
            "on",
            "her",
            "final",
            "exam",
            "l",
            "q",
            "\u00ba",
            "Jane",
            "gets",
            "an",
            "A",
            "on",
            "her",
            "final",
            "exam",
            "What",
            "are",
            "the",
            "truth",
            "values",
            "of",
            "these",
            "implications",
            ":",
            "lp\u00aeq",
            "true",
            "lq\u00aep",
            "false"
        ],
        "labels": [
            "B",
            "O",
            "O",
            "O",
            "O",
            "O",
            "O",
            "O",
            "O",
            "O",
            "O",
            "O",
            "O",
            "O",
            "O",
            "O",
            "O",
            "O",
            "O",
            "O",
            "O",
            "O",
            "O",
            "O",
            "O",
            "O",
            "O",
            "O",
            "O",
            "O",
            "B",
            "I",
            "O",
            "O",
            "O",
            "B",
            "O",
            "O",
            "O",
            "O"
        ]
    },
    {
        "words": [
            "Other",
            "conditional",
            "statements",
            "Given",
            "an",
            "implication",
            "p",
            "\u00ae",
            "q",
            ":",
            "l",
            "q",
            "\u00ae",
            "p",
            "is",
            "its",
            "converse",
            "l",
            "\u00acq",
            "\u00ae",
            "\u00acp",
            "is",
            "its",
            "contrapositive",
            "l",
            "\u00acp",
            "\u00ae",
            "\u00acq",
            "is",
            "its",
            "inverse",
            "Why",
            "might",
            "this",
            "be",
            "useful",
            "?",
            "Note",
            ":",
            "An",
            "implication",
            "and",
            "its",
            "contrapositive",
            "always",
            "have",
            "the",
            "same",
            "truth",
            "value"
        ],
        "labels": [
            "O",
            "B",
            "I",
            "O",
            "O",
            "B",
            "O",
            "O",
            "O",
            "O",
            "O",
            "O",
            "O",
            "O",
            "O",
            "O",
            "B",
            "O",
            "O",
            "O",
            "O",
            "O",
            "O",
            "B",
            "O",
            "O",
            "O",
            "O",
            "O",
            "O",
            "B",
            "O",
            "O",
            "O",
            "O",
            "O",
            "O",
            "O",
            "O",
            "O",
            "B",
            "O",
            "O",
            "B",
            "O",
            "O",
            "O",
            "O",
            "B",
            "I"
        ]
    },
    {
        "words": [
            "Biconditional",
            "The",
            "biconditional",
            "p",
            "\u00ab",
            "q",
            "is",
            "true",
            "if",
            "and",
            "only",
            "if",
            "p",
            "and",
            "q",
            "assume",
            "the",
            "same",
            "truth",
            "value",
            "p",
            "q",
            "p",
            "\u00ab",
            "q",
            "T",
            "T",
            "T",
            "T",
            "F",
            "F",
            "F",
            "T",
            "F",
            "F",
            "F",
            "T",
            "The",
            "truth",
            "table",
            "for",
            "the",
            "biconditional",
            "Note",
            ":",
            "The",
            "biconditional",
            "statement",
            "p",
            "\u00ab",
            "q",
            "is",
            "often",
            "read",
            "as",
            "\u201c",
            "p",
            "if",
            "and",
            "only",
            "if",
            "q",
            "\u201d",
            "or",
            "\u201c",
            "p",
            "is",
            "a",
            "necessary",
            "and",
            "sufficient",
            "condition",
            "for",
            "q",
            ".",
            "\u201d"
        ],
        "labels": [
            "B",
            "O",
            "B",
            "O",
            "O",
            "O",
            "O",
            "O",
            "O",
            "O",
            "O",
            "O",
            "O",
            "O",
            "O",
            "O",
            "O",
            "O",
            "B",
            "I",
            "O",
            "O",
            "O",
            "O",
            "O",
            "O",
            "O",
            "O",
            "O",
            "O",
            "O",
            "O",
            "O",
            "O",
            "O",
            "O",
            "O",
            "O",
            "B",
            "I",
            "O",
            "O",
            "B",
            "O",
            "O",
            "O",
            "B",
            "O",
            "O",
            "O",
            "O",
            "O",
            "O",
            "O",
            "O",
            "O",
            "O",
            "O",
            "O",
            "O",
            "O",
            "O",
            "O",
            "O",
            "O",
            "O",
            "O",
            "O",
            "O",
            "O",
            "O",
            "O",
            "O",
            "O",
            "O",
            "O"
        ]
    },
    {
        "words": [
            "Truth",
            "tables",
            "can",
            "also",
            "be",
            "made",
            "for",
            "more",
            "complex",
            "expressions",
            "Example",
            ":",
            "What",
            "is",
            "the",
            "truth",
            "table",
            "for",
            "(",
            "p",
            "\u00d9",
            "q",
            ")",
            "\u00ae",
            "\u00acr",
            "?",
            "Subexpressions",
            "of",
            "What",
            "we",
            "want",
            "to",
            "know",
            "\u201c",
            "what",
            "we",
            "want",
            "to",
            "know",
            "\u201d",
            "p",
            "q",
            "r",
            "p\u00d9q",
            "\u00acr",
            "(",
            "p",
            "\u00d9",
            "q",
            ")",
            "\u00ae",
            "\u00acr",
            "T",
            "T",
            "T",
            "T",
            "F",
            "F",
            "T",
            "T",
            "F",
            "T",
            "T",
            "T",
            "8r",
            "T",
            "F",
            "T",
            "F",
            "F",
            "T",
            "ows",
            "T",
            "F",
            "F",
            "F",
            "T",
            "T",
            "23",
            "=",
            "F",
            "T",
            "T",
            "F",
            "F",
            "T",
            "F",
            "T",
            "F",
            "F",
            "T",
            "T",
            "F",
            "F",
            "T",
            "F",
            "F",
            "T",
            "F",
            "F",
            "F",
            "F",
            "T",
            "T"
        ],
        "labels": [
            "B",
            "I",
            "O",
            "O",
            "O",
            "O",
            "O",
            "O",
            "O",
            "O",
            "O",
            "O",
            "O",
            "O",
            "O",
            "B",
            "I",
            "O",
            "O",
            "O",
            "O",
            "O",
            "O",
            "O",
            "O",
            "O",
            "O",
            "O",
            "O",
            "O",
            "O",
            "O",
            "O",
            "O",
            "O",
            "O",
            "O",
            "O",
            "O",
            "O",
            "O",
            "O",
            "O",
            "O",
            "O",
            "O",
            "O",
            "O",
            "O",
            "O",
            "O",
            "O",
            "O",
            "O",
            "O",
            "O",
            "O",
            "O",
            "O",
            "O",
            "O",
            "O",
            "O",
            "O",
            "O",
            "O",
            "O",
            "O",
            "O",
            "O",
            "O",
            "O",
            "O",
            "O",
            "O",
            "O",
            "O",
            "O",
            "O",
            "O",
            "O",
            "O",
            "O",
            "O",
            "O",
            "O",
            "O",
            "O",
            "O",
            "O",
            "O",
            "O",
            "O",
            "O",
            "O",
            "O",
            "O",
            "O",
            "O",
            "O",
            "O",
            "O",
            "O",
            "O"
        ]
    },
    {
        "words": [
            "Like",
            "mathematical",
            "operators",
            ",",
            "logical",
            "operators",
            "are",
            "assigned",
            "precedence",
            "levels",
            "1",
            ".",
            "Negation",
            "l",
            "\u00acq",
            "\u00da",
            "r",
            "means",
            "(",
            "\u00acq",
            ")",
            "\u00da",
            "r",
            ",",
            "not",
            "\u00ac",
            "(",
            "q",
            "\u00da",
            "r",
            ")",
            "2",
            ".",
            "Conjunction",
            "3",
            ".",
            "Disjunction",
            "l",
            "q",
            "\u00d9",
            "r",
            "\u00da",
            "s",
            "means",
            "(",
            "q",
            "\u00d9",
            "r",
            ")",
            "\u00da",
            "s",
            ",",
            "not",
            "q",
            "\u00d9",
            "(",
            "r",
            "\u00da",
            "s",
            ")",
            "4",
            ".",
            "Implication",
            "l",
            "q",
            "\u00d9",
            "r",
            "\u00ae",
            "s",
            "means",
            "(",
            "q",
            "\u00d9",
            "r",
            ")",
            "\u00ae",
            "s",
            ",",
            "not",
            "q",
            "\u00d9",
            "(",
            "r",
            "\u00ae",
            "s",
            ")",
            "5",
            ".",
            "Biconditional",
            "In",
            "general",
            ",",
            "we",
            "will",
            "try",
            "to",
            "use",
            "parenthesis",
            "to",
            "disambiguate",
            "these",
            "types",
            "of",
            "expressions",
            "."
        ],
        "labels": [
            "O",
            "O",
            "O",
            "O",
            "B",
            "I",
            "O",
            "O",
            "B",
            "I",
            "O",
            "O",
            "B",
            "O",
            "O",
            "O",
            "O",
            "O",
            "O",
            "O",
            "O",
            "O",
            "O",
            "O",
            "O",
            "O",
            "O",
            "O",
            "O",
            "O",
            "O",
            "O",
            "O",
            "B",
            "O",
            "O",
            "B",
            "O",
            "O",
            "O",
            "O",
            "O",
            "O",
            "O",
            "O",
            "O",
            "O",
            "O",
            "O",
            "O",
            "O",
            "O",
            "O",
            "O",
            "O",
            "O",
            "O",
            "O",
            "O",
            "O",
            "O",
            "O",
            "B",
            "O",
            "O",
            "O",
            "O",
            "O",
            "O",
            "O",
            "O",
            "O",
            "O",
            "O",
            "O",
            "O",
            "O",
            "O",
            "O",
            "O",
            "O",
            "O",
            "O",
            "O",
            "O",
            "O",
            "O",
            "O",
            "B",
            "O",
            "O",
            "O",
            "O",
            "O",
            "O",
            "O",
            "O",
            "O",
            "O",
            "O",
            "O",
            "O",
            "O",
            "O",
            "O"
        ]
    },
    {
        "words": [
            "In-class",
            "Exercises",
            "Problem",
            "2",
            ":",
            "Show",
            "that",
            "an",
            "implication",
            "p",
            "\u00ae",
            "q",
            "and",
            "its",
            "contrapositive",
            "\u00acq",
            "\u00ae",
            "\u00acp",
            "always",
            "have",
            "the",
            "same",
            "value",
            "l",
            "Hint",
            ":",
            "Construct",
            "two",
            "truth",
            "tables",
            "Problem",
            "3",
            ":",
            "Construct",
            "the",
            "truth",
            "table",
            "for",
            "the",
            "compound",
            "proposition",
            "p",
            "\u00d9",
            "(",
            "\u00acq",
            "\u00da",
            "r",
            ")",
            "\u00ae",
            "s"
        ],
        "labels": [
            "O",
            "O",
            "O",
            "O",
            "O",
            "O",
            "O",
            "O",
            "B",
            "O",
            "O",
            "O",
            "O",
            "O",
            "B",
            "O",
            "O",
            "O",
            "O",
            "O",
            "O",
            "O",
            "O",
            "O",
            "O",
            "O",
            "O",
            "O",
            "B",
            "I",
            "O",
            "O",
            "O",
            "O",
            "O",
            "B",
            "I",
            "O",
            "O",
            "B",
            "I",
            "O",
            "O",
            "O",
            "O",
            "O",
            "O",
            "O",
            "O",
            "O"
        ]
    },
    {
        "words": [
            "English",
            "sentences",
            "can",
            "often",
            "be",
            "translated",
            "into",
            "propositional",
            "sentences",
            "But",
            "why",
            "would",
            "we",
            "do",
            "that",
            "?",
            "Reasoning",
            "about",
            "law",
            "Philosophy",
            "and",
            "epistemology",
            "Verifying",
            "complex",
            "system",
            "specifications"
        ],
        "labels": [
            "O",
            "O",
            "O",
            "O",
            "O",
            "O",
            "O",
            "B",
            "O",
            "O",
            "O",
            "O",
            "O",
            "O",
            "O",
            "O",
            "O",
            "O",
            "O",
            "O",
            "O",
            "O",
            "O",
            "O",
            "O",
            "O"
        ]
    },
    {
        "words": [
            "Example",
            "#",
            "1",
            "Example",
            ":",
            "You",
            "can",
            "see",
            "an",
            "R-rated",
            "movie",
            "only",
            "if",
            "you",
            "are",
            "over",
            "17",
            "or",
            "you",
            "are",
            "accompanied",
            "by",
            "your",
            "legal",
            "guardian",
            ".",
            "Find",
            "logical",
            "connectives",
            "Let",
            ":",
            "l",
            "r",
            "\u00ba",
            "\u201c",
            "You",
            "can",
            "see",
            "an",
            "R-rated",
            "movie",
            "\u201d",
            "Translate",
            "fragments",
            "l",
            "o",
            "\u00ba",
            "\u201c",
            "You",
            "are",
            "over",
            "17",
            "\u201d",
            "l",
            "a",
            "\u00ba",
            "\u201c",
            "You",
            "are",
            "accompanied",
            "by",
            "your",
            "legal",
            "guardian",
            "\u201d",
            "Translation",
            ":",
            "r",
            "\u00ae",
            "(",
            "o",
            "\u00da",
            "a",
            ")",
            "Create",
            "logical",
            "expression"
        ],
        "labels": [
            "O",
            "O",
            "O",
            "O",
            "O",
            "O",
            "O",
            "O",
            "O",
            "O",
            "O",
            "O",
            "O",
            "O",
            "O",
            "O",
            "O",
            "O",
            "O",
            "O",
            "O",
            "O",
            "O",
            "O",
            "O",
            "O",
            "O",
            "B",
            "I",
            "O",
            "O",
            "O",
            "O",
            "O",
            "O",
            "O",
            "O",
            "O",
            "O",
            "O",
            "O",
            "O",
            "O",
            "O",
            "O",
            "O",
            "O",
            "O",
            "O",
            "O",
            "O",
            "O",
            "O",
            "O",
            "O",
            "O",
            "O",
            "O",
            "O",
            "O",
            "O",
            "O",
            "O",
            "O",
            "O",
            "O",
            "O",
            "O",
            "O",
            "O",
            "O",
            "O",
            "O",
            "O",
            "O",
            "B",
            "I"
        ]
    },
    {
        "words": [
            "Example",
            "#",
            "2",
            "Example",
            ":",
            "You",
            "can",
            "have",
            "free",
            "coffee",
            "if",
            "you",
            "are",
            "senior",
            "citizen",
            "and",
            "it",
            "is",
            "a",
            "Tuesday",
            "Let",
            ":",
            "n",
            "c",
            "\u00ba",
            "\u201c",
            "You",
            "can",
            "have",
            "free",
            "coffee",
            "\u201d",
            "n",
            "s",
            "\u00ba",
            "\u201c",
            "You",
            "are",
            "a",
            "senior",
            "citizen",
            "\u201d",
            "n",
            "t",
            "\u00ba",
            "\u201c",
            "It",
            "is",
            "a",
            "Tuesday",
            "\u201d",
            "Translation",
            ":",
            "(",
            "s",
            "\u00d9",
            "t",
            ")",
            "\u00ae",
            "c"
        ],
        "labels": [
            "O",
            "O",
            "O",
            "O",
            "O",
            "O",
            "O",
            "O",
            "O",
            "O",
            "O",
            "O",
            "O",
            "O",
            "O",
            "O",
            "O",
            "O",
            "O",
            "O",
            "O",
            "O",
            "O",
            "O",
            "O",
            "O",
            "O",
            "O",
            "O",
            "O",
            "O",
            "O",
            "O",
            "O",
            "O",
            "O",
            "O",
            "O",
            "O",
            "O",
            "O",
            "O",
            "O",
            "O",
            "O",
            "O",
            "O",
            "O",
            "O",
            "O",
            "O",
            "O",
            "O",
            "O",
            "O",
            "O",
            "O",
            "O",
            "O",
            "O"
        ]
    },
    {
        "words": [
            "Example",
            "#",
            "3",
            "Example",
            ":",
            "If",
            "you",
            "are",
            "under",
            "17",
            "and",
            "are",
            "not",
            "accompanied",
            "by",
            "your",
            "legal",
            "guardian",
            ",",
            "then",
            "you",
            "can",
            "not",
            "see",
            "the",
            "R-rated",
            "movie",
            ".",
            "Let",
            ":",
            "n",
            "r",
            "\u00ba",
            "\u201c",
            "You",
            "can",
            "see",
            "the",
            "R-rated",
            "movie",
            "\u201d",
            "n",
            "u",
            "\u00ba",
            "\u201c",
            "You",
            "are",
            "under",
            "17",
            "\u201d",
            "n",
            "a",
            "\u00ba",
            "\u201c",
            "You",
            "are",
            "accompanied",
            "by",
            "your",
            "legal",
            "guardian",
            "\u201d",
            "Translation",
            ":",
            "(",
            "u",
            "\u00d9",
            "\u00aca",
            ")",
            "\u00ae",
            "\u00acr",
            "Note",
            ":",
            "The",
            "above",
            "translation",
            "is",
            "the",
            "contrapositive",
            "of",
            "the",
            "translation",
            "from",
            "example",
            "1",
            "!"
        ],
        "labels": [
            "O",
            "O",
            "O",
            "O",
            "O",
            "O",
            "O",
            "O",
            "O",
            "O",
            "O",
            "O",
            "O",
            "O",
            "O",
            "O",
            "O",
            "O",
            "O",
            "O",
            "O",
            "O",
            "O",
            "O",
            "O",
            "O",
            "O",
            "O",
            "O",
            "O",
            "O",
            "O",
            "O",
            "O",
            "O",
            "O",
            "O",
            "O",
            "O",
            "O",
            "O",
            "O",
            "O",
            "O",
            "O",
            "O",
            "O",
            "O",
            "O",
            "O",
            "O",
            "O",
            "O",
            "O",
            "O",
            "O",
            "O",
            "O",
            "O",
            "O",
            "O",
            "O",
            "O",
            "O",
            "O",
            "O",
            "O",
            "O",
            "O",
            "O",
            "O",
            "O",
            "O",
            "O",
            "O",
            "O",
            "O",
            "O",
            "B",
            "O",
            "O",
            "O",
            "O",
            "O",
            "O",
            "O"
        ]
    },
    {
        "words": [
            "Logic",
            "also",
            "helps",
            "us",
            "understand",
            "bitwise",
            "operations",
            "n",
            "Computers",
            "represent",
            "data",
            "as",
            "sequences",
            "of",
            "bits",
            "l",
            "e.g.",
            ",",
            "0101",
            "1101",
            "1010",
            "1111",
            "n",
            "Bitwise",
            "logical",
            "operations",
            "are",
            "often",
            "used",
            "to",
            "manipulate",
            "these",
            "data",
            "n",
            "If",
            "we",
            "treat",
            "1",
            "as",
            "true",
            "and",
            "0",
            "as",
            "false",
            ",",
            "our",
            "logic",
            "truth",
            "tables",
            "tell",
            "us",
            "how",
            "to",
            "carry",
            "out",
            "bitwise",
            "logical",
            "operations"
        ],
        "labels": [
            "B",
            "O",
            "O",
            "O",
            "O",
            "B",
            "I",
            "O",
            "O",
            "O",
            "O",
            "O",
            "O",
            "O",
            "O",
            "O",
            "O",
            "O",
            "O",
            "O",
            "O",
            "O",
            "B",
            "I",
            "I",
            "O",
            "O",
            "O",
            "O",
            "O",
            "O",
            "O",
            "O",
            "O",
            "O",
            "O",
            "O",
            "O",
            "O",
            "O",
            "O",
            "O",
            "O",
            "O",
            "O",
            "O",
            "O",
            "O",
            "O",
            "O",
            "O",
            "O",
            "O",
            "O",
            "O",
            "B",
            "I",
            "I"
        ]
    },
    {
        "words": [
            "Bitwise",
            "logic",
            "examples",
            "1010",
            "1110",
            "\u00da",
            "1010",
            "1110",
            "\u00d9",
            "1110",
            "1010",
            "1110",
            "1010",
            "1010",
            "1010",
            "1110",
            "1110",
            "\u00c5",
            "1010",
            "1110",
            "1110",
            "1010",
            "0100",
            "0100"
        ],
        "labels": [
            "B",
            "I",
            "I",
            "O",
            "O",
            "O",
            "O",
            "O",
            "O",
            "O",
            "O",
            "O",
            "O",
            "O",
            "O",
            "O",
            "O",
            "O",
            "O",
            "O",
            "O",
            "O",
            "O",
            "O"
        ]
    },
    {
        "words": [
            "In-class",
            "Exercises",
            "Problem",
            "4",
            ":",
            "Translate",
            "the",
            "following",
            "sentences",
            "l",
            "If",
            "it",
            "is",
            "raining",
            "and",
            "today",
            "is",
            "Saturday",
            "then",
            "I",
            "will",
            "either",
            "play",
            "video",
            "games",
            "or",
            "watch",
            "a",
            "movie",
            "l",
            "You",
            "get",
            "a",
            "free",
            "salad",
            "only",
            "if",
            "you",
            "order",
            "off",
            "of",
            "the",
            "extended",
            "menu",
            "and",
            "it",
            "is",
            "a",
            "Wednesday",
            "Problem",
            "5",
            ":",
            "Solve",
            "the",
            "following",
            "bitwise",
            "problems",
            "\u00c5",
            "1011",
            "1000",
            "1010",
            "0110",
            "\u00d9",
            "1011",
            "1000",
            "1010",
            "0110"
        ],
        "labels": [
            "O",
            "O",
            "O",
            "O",
            "O",
            "O",
            "O",
            "O",
            "O",
            "O",
            "O",
            "O",
            "O",
            "O",
            "O",
            "O",
            "O",
            "O",
            "O",
            "O",
            "O",
            "O",
            "O",
            "O",
            "O",
            "O",
            "O",
            "O",
            "O",
            "O",
            "O",
            "O",
            "O",
            "O",
            "O",
            "O",
            "O",
            "O",
            "O",
            "O",
            "O",
            "O",
            "O",
            "O",
            "O",
            "O",
            "O",
            "O",
            "O",
            "O",
            "O",
            "O",
            "O",
            "O",
            "O",
            "O",
            "O",
            "O",
            "O",
            "O",
            "O",
            "O",
            "O",
            "O",
            "O",
            "O",
            "O"
        ]
    },
    {
        "words": [
            "Final",
            "Thoughts",
            "n",
            "Propositional",
            "logic",
            "is",
            "a",
            "simple",
            "logic",
            "that",
            "allows",
            "us",
            "to",
            "reason",
            "about",
            "a",
            "variety",
            "of",
            "concepts",
            "n",
            "In",
            "recitation",
            ":",
            "l",
            "More",
            "examples",
            "and",
            "practice",
            "problems",
            "l",
            "Be",
            "sure",
            "to",
            "attend",
            "!",
            "n",
            "Next",
            ":",
            "l",
            "Logic",
            "puzzles",
            "and",
            "logical",
            "equivalences",
            "l",
            "Please",
            "read",
            "sections",
            "1.2",
            "and",
            "1.3",
            "\u27a3In",
            "general",
            ":",
            "do",
            "the",
            "assigned",
            "reading",
            "!"
        ],
        "labels": [
            "O",
            "O",
            "O",
            "B",
            "I",
            "O",
            "O",
            "O",
            "B",
            "O",
            "O",
            "O",
            "O",
            "O",
            "O",
            "O",
            "O",
            "O",
            "O",
            "O",
            "O",
            "O",
            "O",
            "O",
            "O",
            "O",
            "O",
            "O",
            "O",
            "O",
            "O",
            "O",
            "O",
            "O",
            "O",
            "O",
            "O",
            "O",
            "O",
            "B",
            "I",
            "O",
            "B",
            "I",
            "O",
            "O",
            "O",
            "O",
            "O",
            "O",
            "O",
            "O",
            "O",
            "O",
            "O",
            "O",
            "O",
            "O",
            "O"
        ]
    }
]