[
    {
        "words": [
            "Discrete",
            "Structures",
            "for",
            "Computer",
            "Science",
            "William",
            "Garrison",
            "bill",
            "@",
            "cs.pitt.edu",
            "6311",
            "Sennott",
            "Square",
            "Lecture",
            "#",
            "6",
            ":",
            "Rules",
            "of",
            "Inference",
            "Based",
            "on",
            "materials",
            "developed",
            "by",
            "Dr.",
            "Adam",
            "Lee"
        ],
        "labels": [
            "O",
            "O",
            "O",
            "O",
            "O",
            "O",
            "O",
            "O",
            "O",
            "O",
            "O",
            "O",
            "O",
            "O",
            "O",
            "O",
            "O",
            "B",
            "I",
            "I",
            "O",
            "O",
            "O",
            "O",
            "O",
            "O",
            "O",
            "O"
        ]
    },
    {
        "words": [
            "Today",
            "\u2019",
            "s",
            "topics",
            "n",
            "Rules",
            "of",
            "inference",
            "l",
            "Logical",
            "equivalences",
            "allowed",
            "us",
            "to",
            "rewrite",
            "and",
            "simplify",
            "single",
            "logical",
            "statements",
            ".",
            "l",
            "How",
            "do",
            "we",
            "deduce",
            "new",
            "information",
            "by",
            "combining",
            "information",
            "from",
            "(",
            "perhaps",
            "multiple",
            ")",
            "known",
            "truths",
            "?"
        ],
        "labels": [
            "O",
            "O",
            "O",
            "O",
            "O",
            "B",
            "I",
            "I",
            "O",
            "B",
            "I",
            "O",
            "O",
            "O",
            "O",
            "O",
            "O",
            "O",
            "B",
            "I",
            "O",
            "O",
            "O",
            "O",
            "O",
            "O",
            "O",
            "O",
            "O",
            "O",
            "O",
            "O",
            "O",
            "O",
            "O",
            "O",
            "O",
            "O",
            "O"
        ]
    },
    {
        "words": [
            "What",
            "have",
            "we",
            "learned",
            "?",
            "Where",
            "are",
            "we",
            "going",
            "?",
            "Propositional",
            "logic",
            "(",
            "representation",
            ")",
            "Predicate",
            "logic",
            "(",
            "refined",
            "representation",
            ")",
            "Quantifiers",
            "(",
            "generalization",
            ")",
            "Inference",
            "and",
            "proof",
            "(",
            "deriving",
            "new",
            "knowledge",
            "!",
            ")"
        ],
        "labels": [
            "O",
            "O",
            "O",
            "O",
            "O",
            "O",
            "O",
            "O",
            "O",
            "O",
            "B",
            "I",
            "O",
            "O",
            "O",
            "B",
            "I",
            "O",
            "O",
            "O",
            "O",
            "B",
            "O",
            "O",
            "O",
            "B",
            "O",
            "B",
            "O",
            "O",
            "O",
            "O",
            "O",
            "O"
        ]
    },
    {
        "words": [
            "Writing",
            "valid",
            "proofs",
            "is",
            "a",
            "subtle",
            "art",
            "This",
            "is",
            "called",
            "\u201c",
            "research",
            "\u201d",
            "Step",
            "1",
            ":",
            "Discover",
            "and",
            "formalize",
            "the",
            "property",
            "that",
            "you",
            "wish",
            "to",
            "prove",
            "Step",
            "2",
            ":",
            "Formalize",
            "the",
            "ground",
            "truths",
            "(",
            "axioms",
            ")",
            "that",
            "you",
            "will",
            "use",
            "to",
            "prove",
            "this",
            "property",
            "Subtle",
            ",",
            "but",
            "not",
            "terribly",
            "difficult",
            "Step",
            "3",
            ":",
            "Show",
            "that",
            "the",
            "property",
            "in",
            "question",
            "follows",
            "from",
            "the",
            "truth",
            "of",
            "your",
            "axioms",
            "This",
            "is",
            "the",
            "hard",
            "part\u2026"
        ],
        "labels": [
            "O",
            "O",
            "B",
            "O",
            "O",
            "O",
            "O",
            "O",
            "O",
            "O",
            "O",
            "O",
            "O",
            "O",
            "O",
            "O",
            "O",
            "O",
            "O",
            "O",
            "O",
            "O",
            "O",
            "O",
            "O",
            "O",
            "O",
            "O",
            "O",
            "O",
            "O",
            "O",
            "O",
            "O",
            "B",
            "O",
            "O",
            "O",
            "O",
            "O",
            "O",
            "O",
            "O",
            "O",
            "O",
            "O",
            "O",
            "O",
            "O",
            "O",
            "O",
            "O",
            "O",
            "O",
            "O",
            "O",
            "O",
            "O",
            "O",
            "O",
            "O",
            "O",
            "O",
            "O",
            "O",
            "B",
            "O",
            "O",
            "O",
            "O",
            "O"
        ]
    },
    {
        "words": [
            "What",
            "is",
            "science",
            "without",
            "jargon",
            "?",
            "A",
            "conjecture",
            "is",
            "a",
            "statement",
            "that",
            "is",
            "thought",
            "to",
            "be",
            "true",
            ".",
            "A",
            "proof",
            "is",
            "a",
            "valid",
            "argument",
            "that",
            "establishes",
            "the",
            "truth",
            "of",
            "a",
            "given",
            "statement",
            "(",
            "i.e.",
            ",",
            "a",
            "conjecture",
            ")",
            "The",
            "truth",
            "of",
            "the",
            "conclusion",
            "follows",
            "from",
            "the",
            "truth",
            "of",
            "the",
            "preceding",
            "statements",
            "A",
            "sequence",
            "of",
            "statements",
            "ending",
            "with",
            "a",
            "conclusion",
            "After",
            "a",
            "proof",
            "has",
            "been",
            "found",
            "for",
            "a",
            "given",
            "conjecture",
            ",",
            "it",
            "becomes",
            "a",
            "theorem"
        ],
        "labels": [
            "O",
            "O",
            "O",
            "O",
            "O",
            "O",
            "O",
            "B",
            "O",
            "O",
            "O",
            "O",
            "O",
            "O",
            "O",
            "O",
            "O",
            "O",
            "O",
            "B",
            "O",
            "O",
            "B",
            "B",
            "O",
            "O",
            "O",
            "O",
            "O",
            "O",
            "O",
            "O",
            "O",
            "O",
            "O",
            "O",
            "B",
            "O",
            "O",
            "O",
            "O",
            "O",
            "B",
            "O",
            "O",
            "O",
            "O",
            "O",
            "O",
            "O",
            "O",
            "O",
            "O",
            "O",
            "O",
            "O",
            "O",
            "O",
            "B",
            "O",
            "O",
            "B",
            "O",
            "O",
            "O",
            "O",
            "O",
            "O",
            "B",
            "O",
            "O",
            "O",
            "O",
            "B"
        ]
    },
    {
        "words": [
            "A",
            "tale",
            "of",
            "two",
            "proof",
            "techniques",
            "In",
            "a",
            "formal",
            "proof",
            ",",
            "each",
            "step",
            "of",
            "the",
            "proof",
            "clearly",
            "follows",
            "from",
            "the",
            "postulates",
            "and",
            "axioms",
            "assumed",
            "in",
            "the",
            "conjecture",
            ".",
            "Statements",
            "that",
            "are",
            "assumed",
            "to",
            "be",
            "true",
            "In",
            "an",
            "informal",
            "proof",
            ",",
            "one",
            "step",
            "in",
            "the",
            "proof",
            "may",
            "consist",
            "of",
            "multiple",
            "derivations",
            ",",
            "portions",
            "of",
            "the",
            "proof",
            "may",
            "be",
            "skipped",
            "or",
            "assumed",
            "correct",
            ",",
            "and",
            "axioms",
            "may",
            "not",
            "be",
            "explicitly",
            "stated",
            "."
        ],
        "labels": [
            "O",
            "O",
            "O",
            "O",
            "B",
            "I",
            "O",
            "O",
            "B",
            "I",
            "O",
            "O",
            "O",
            "O",
            "O",
            "B",
            "O",
            "O",
            "O",
            "O",
            "B",
            "O",
            "B",
            "O",
            "O",
            "O",
            "B",
            "O",
            "O",
            "O",
            "O",
            "O",
            "O",
            "O",
            "O",
            "O",
            "O",
            "B",
            "I",
            "O",
            "O",
            "O",
            "O",
            "O",
            "B",
            "O",
            "O",
            "O",
            "O",
            "B",
            "O",
            "O",
            "O",
            "O",
            "B",
            "O",
            "O",
            "O",
            "O",
            "O",
            "O",
            "O",
            "O",
            "B",
            "O",
            "O",
            "O",
            "O",
            "O",
            "O"
        ]
    },
    {
        "words": [
            "How",
            "can",
            "we",
            "formalize",
            "an",
            "argument",
            "?",
            "Consider",
            "the",
            "following",
            "argument",
            ":",
            "\u201c",
            "If",
            "you",
            "have",
            "an",
            "account",
            ",",
            "you",
            "can",
            "access",
            "the",
            "network",
            "\u201d",
            "\u201c",
            "You",
            "have",
            "an",
            "account",
            "\u201d",
            "Therefore",
            ",",
            "\u201c",
            "You",
            "can",
            "access",
            "the",
            "network",
            "\u201d",
            "Premises",
            "Conclusion",
            "This",
            "argument",
            "seems",
            "valid",
            ",",
            "but",
            "how",
            "can",
            "we",
            "demonstrate",
            "this",
            "formally",
            "?",
            "?"
        ],
        "labels": [
            "O",
            "O",
            "O",
            "O",
            "O",
            "O",
            "O",
            "O",
            "O",
            "O",
            "O",
            "O",
            "O",
            "O",
            "O",
            "O",
            "O",
            "O",
            "O",
            "O",
            "O",
            "O",
            "O",
            "O",
            "O",
            "O",
            "O",
            "O",
            "O",
            "O",
            "O",
            "O",
            "O",
            "O",
            "O",
            "O",
            "O",
            "O",
            "O",
            "O",
            "B",
            "B",
            "O",
            "B",
            "O",
            "B",
            "O",
            "O",
            "O",
            "O",
            "O",
            "O",
            "O",
            "O",
            "O",
            "O"
        ]
    },
    {
        "words": [
            "Let",
            "\u2019",
            "s",
            "analyze",
            "the",
            "form",
            "of",
            "our",
            "argument",
            "p",
            "q",
            "\u201c",
            "If",
            "you",
            "have",
            "an",
            "account",
            ",",
            "then",
            "you",
            "can",
            "access",
            "the",
            "network",
            "\u201d",
            "\u201c",
            "You",
            "have",
            "an",
            "account",
            "\u201d",
            "Therefore",
            ",",
            "\u201c",
            "You",
            "can",
            "access",
            "the",
            "network",
            "\u201d",
            "This",
            "is",
            "called",
            "a",
            "\u201c",
            "rule",
            "of",
            "inference",
            "\u201d",
            "p\u2192q",
            "p",
            "\u2234q"
        ],
        "labels": [
            "O",
            "O",
            "O",
            "O",
            "O",
            "O",
            "O",
            "O",
            "B",
            "O",
            "O",
            "O",
            "O",
            "O",
            "O",
            "O",
            "O",
            "O",
            "O",
            "O",
            "O",
            "O",
            "O",
            "O",
            "O",
            "O",
            "O",
            "O",
            "O",
            "O",
            "O",
            "O",
            "O",
            "O",
            "O",
            "O",
            "O",
            "O",
            "O",
            "O",
            "O",
            "O",
            "O",
            "O",
            "O",
            "B",
            "I",
            "I",
            "O",
            "O",
            "O",
            "O"
        ]
    },
    {
        "words": [
            "Rules",
            "of",
            "inference",
            "are",
            "logically",
            "valid",
            "ways",
            "to",
            "draw",
            "conclusions",
            "when",
            "constructing",
            "a",
            "formal",
            "proof",
            "The",
            "previous",
            "rule",
            "is",
            "called",
            "modus",
            "ponens",
            "l",
            "Rule",
            "of",
            "inference",
            ":",
            "p",
            "\u2192",
            "q",
            "p",
            "\u2234q",
            "l",
            "Informally",
            ":",
            "Given",
            "an",
            "implication",
            "p",
            "\u2192",
            "q",
            ",",
            "if",
            "we",
            "know",
            "that",
            "p",
            "is",
            "true",
            ",",
            "then",
            "q",
            "is",
            "also",
            "true",
            "But",
            "why",
            "can",
            "we",
            "trust",
            "modus",
            "ponens",
            "?",
            "l",
            "Tautology",
            ":",
            "(",
            "(",
            "p",
            "\u2192",
            "q",
            ")",
            "\u2227",
            "p",
            ")",
            "\u2192",
            "q",
            "l",
            "Truth",
            "table",
            ":",
            "p",
            "q",
            "p\u2192q",
            "T",
            "T",
            "T",
            "T",
            "F",
            "F",
            "F",
            "T",
            "T",
            "Any",
            "time",
            "that",
            "p\u2192q",
            "and",
            "p",
            "F",
            "F",
            "T",
            "are",
            "both",
            "true",
            ",",
            "q",
            "is",
            "also",
            "true",
            "!"
        ],
        "labels": [
            "B",
            "I",
            "I",
            "O",
            "O",
            "B",
            "O",
            "O",
            "O",
            "B",
            "O",
            "O",
            "O",
            "B",
            "I",
            "O",
            "O",
            "O",
            "O",
            "O",
            "B",
            "I",
            "O",
            "B",
            "I",
            "I",
            "O",
            "O",
            "O",
            "O",
            "O",
            "O",
            "O",
            "O",
            "O",
            "O",
            "O",
            "O",
            "O",
            "O",
            "O",
            "O",
            "O",
            "O",
            "O",
            "O",
            "O",
            "O",
            "O",
            "O",
            "O",
            "O",
            "O",
            "O",
            "O",
            "O",
            "O",
            "O",
            "O",
            "O",
            "O",
            "B",
            "I",
            "O",
            "B",
            "O",
            "O",
            "O",
            "O",
            "O",
            "O",
            "O",
            "O",
            "O",
            "O",
            "O",
            "O",
            "O",
            "B",
            "I",
            "O",
            "O",
            "O",
            "O",
            "O",
            "O",
            "O",
            "O",
            "O",
            "O",
            "O",
            "O",
            "O",
            "O",
            "O",
            "O",
            "O",
            "O",
            "O",
            "O",
            "O",
            "O",
            "O",
            "O",
            "O",
            "O",
            "O",
            "O",
            "O",
            "O",
            "O"
        ]
    },
    {
        "words": [
            "There",
            "are",
            "lots",
            "of",
            "other",
            "rules",
            "of",
            "inference",
            "that",
            "we",
            "can",
            "use",
            "!",
            "Addition",
            "l",
            "Tautology",
            ":",
            "p",
            "\u2192",
            "(",
            "p",
            "\u2228",
            "q",
            ")",
            "l",
            "Rule",
            "of",
            "inference",
            ":",
            "p",
            "\u2234p\u2228q",
            "l",
            "Example",
            ":",
            "\u201c",
            "It",
            "is",
            "raining",
            "now",
            ",",
            "therefore",
            "it",
            "is",
            "raining",
            "now",
            "or",
            "it",
            "is",
            "snowing",
            "now",
            ".",
            "\u201d",
            "Simplification",
            "l",
            "Tautology",
            ":",
            "p",
            "\u2227",
            "q",
            "\u2192",
            "p",
            "l",
            "Rule",
            "of",
            "inference",
            ":",
            "p\u2227q",
            "\u2234p",
            "l",
            "Example",
            ":",
            "\u201c",
            "It",
            "is",
            "cold",
            "outside",
            "and",
            "it",
            "is",
            "snowing",
            ".",
            "Therefore",
            ",",
            "it",
            "is",
            "cold",
            "outside",
            ".",
            "\u201d"
        ],
        "labels": [
            "O",
            "O",
            "O",
            "O",
            "O",
            "B",
            "I",
            "I",
            "O",
            "O",
            "O",
            "O",
            "O",
            "B",
            "O",
            "B",
            "O",
            "O",
            "O",
            "O",
            "O",
            "O",
            "O",
            "O",
            "O",
            "B",
            "I",
            "I",
            "O",
            "O",
            "O",
            "O",
            "O",
            "O",
            "O",
            "O",
            "O",
            "O",
            "O",
            "O",
            "O",
            "O",
            "O",
            "O",
            "O",
            "O",
            "O",
            "O",
            "O",
            "O",
            "O",
            "O",
            "B",
            "O",
            "B",
            "O",
            "O",
            "O",
            "O",
            "O",
            "O",
            "O",
            "B",
            "I",
            "I",
            "O",
            "O",
            "O",
            "O",
            "O",
            "O",
            "O",
            "O",
            "O",
            "O",
            "O",
            "O",
            "O",
            "O",
            "O",
            "O",
            "O",
            "O",
            "O",
            "O",
            "O",
            "O",
            "O",
            "O"
        ]
    },
    {
        "words": [
            "There",
            "are",
            "lots",
            "of",
            "other",
            "rules",
            "of",
            "inference",
            "that",
            "we",
            "can",
            "use",
            "!",
            "Modus",
            "tollens",
            "l",
            "Tautology",
            ":",
            "[",
            "\u00acq",
            "\u2227",
            "(",
            "p",
            "\u2192",
            "q",
            ")",
            "]",
            "\u2192",
            "\u00acp",
            "l",
            "Rule",
            "of",
            "inference",
            ":",
            "p",
            "\u2192",
            "q",
            "\u00acq",
            "\u2234",
            "\u00acp",
            "l",
            "Example",
            ":",
            "\u201c",
            "If",
            "I",
            "am",
            "hungry",
            ",",
            "then",
            "I",
            "will",
            "eat",
            ".",
            "I",
            "am",
            "not",
            "eating",
            ".",
            "Therefore",
            ",",
            "I",
            "am",
            "not",
            "hungry",
            ".",
            "\u201d",
            "Hypothetical",
            "syllogism",
            "l",
            "Tautology",
            ":",
            "[",
            "(",
            "p",
            "\u2192",
            "q",
            ")",
            "\u2227",
            "(",
            "q",
            "\u2192",
            "r",
            ")",
            "]",
            "\u2192",
            "(",
            "p",
            "\u2192",
            "r",
            ")",
            "l",
            "Rule",
            "of",
            "inference",
            ":",
            "(",
            "p",
            "\u2192",
            "q",
            ")",
            "(",
            "q",
            "\u2192",
            "r",
            ")",
            "\u2234",
            "(",
            "p",
            "\u2192",
            "r",
            ")",
            "l",
            "Example",
            ":",
            "\u201c",
            "If",
            "I",
            "eat",
            "a",
            "big",
            "meal",
            ",",
            "then",
            "I",
            "feel",
            "full",
            ".",
            "If",
            "I",
            "feel",
            "full",
            ",",
            "then",
            "I",
            "am",
            "happy",
            ".",
            "Therefore",
            ",",
            "if",
            "I",
            "eat",
            "a",
            "big",
            "meal",
            ",",
            "then",
            "I",
            "am",
            "happy",
            ".",
            "\u201d"
        ],
        "labels": [
            "O",
            "O",
            "O",
            "O",
            "O",
            "B",
            "I",
            "I",
            "O",
            "O",
            "O",
            "O",
            "O",
            "B",
            "I",
            "O",
            "B",
            "O",
            "O",
            "O",
            "O",
            "O",
            "O",
            "O",
            "O",
            "O",
            "O",
            "O",
            "O",
            "O",
            "B",
            "I",
            "I",
            "O",
            "O",
            "O",
            "O",
            "O",
            "O",
            "O",
            "O",
            "O",
            "O",
            "O",
            "O",
            "O",
            "O",
            "O",
            "O",
            "O",
            "O",
            "O",
            "O",
            "O",
            "O",
            "O",
            "O",
            "O",
            "O",
            "O",
            "O",
            "O",
            "O",
            "O",
            "O",
            "O",
            "O",
            "B",
            "I",
            "O",
            "B",
            "O",
            "O",
            "O",
            "O",
            "O",
            "O",
            "O",
            "O",
            "O",
            "O",
            "O",
            "O",
            "O",
            "O",
            "O",
            "O",
            "O",
            "O",
            "O",
            "O",
            "O",
            "B",
            "I",
            "I",
            "O",
            "O",
            "O",
            "O",
            "O",
            "O",
            "O",
            "O",
            "O",
            "O",
            "O",
            "O",
            "O",
            "O",
            "O",
            "O",
            "O",
            "O",
            "O",
            "O",
            "O",
            "O",
            "O",
            "O",
            "O",
            "O",
            "O",
            "O",
            "O",
            "O",
            "O",
            "O",
            "O",
            "O",
            "O",
            "O",
            "O",
            "O",
            "O",
            "O",
            "O",
            "O",
            "O",
            "O",
            "O",
            "O",
            "O",
            "O",
            "O",
            "O",
            "O",
            "O",
            "O",
            "O",
            "O",
            "O",
            "O",
            "O"
        ]
    },
    {
        "words": [
            "There",
            "are",
            "lots",
            "of",
            "other",
            "rules",
            "of",
            "inference",
            "that",
            "we",
            "can",
            "use",
            "!",
            "Disjunctive",
            "syllogism",
            "l",
            "Tautology",
            ":",
            "[",
            "\u00acp",
            "\u2227",
            "(",
            "p",
            "\u2228",
            "q",
            ")",
            "]",
            "\u2192",
            "q",
            "l",
            "Rule",
            "of",
            "inference",
            ":",
            "p",
            "\u2228",
            "q",
            "\u00acp",
            "\u2234q",
            "l",
            "Example",
            ":",
            "\u201c",
            "Either",
            "the",
            "heat",
            "is",
            "broken",
            ",",
            "or",
            "I",
            "have",
            "a",
            "fever",
            ".",
            "The",
            "heat",
            "is",
            "not",
            "broken",
            ",",
            "therefore",
            "I",
            "have",
            "a",
            "fever",
            ".",
            "\u201d",
            "Conjunction",
            "l",
            "Tautology",
            ":",
            "[",
            "(",
            "p",
            ")",
            "\u2227",
            "(",
            "q",
            ")",
            "]",
            "\u2192",
            "(",
            "p",
            "\u2227",
            "q",
            ")",
            "l",
            "Rule",
            "of",
            "inference",
            ":",
            "p",
            "q",
            "\u2234",
            "(",
            "p",
            "\u2227",
            "q",
            ")",
            "l",
            "Example",
            ":",
            "\u201c",
            "Jack",
            "is",
            "tall",
            ".",
            "Jack",
            "is",
            "skinny",
            ".",
            "Therefore",
            ",",
            "Jack",
            "is",
            "tall",
            "and",
            "skinny",
            ".",
            "\u201d"
        ],
        "labels": [
            "O",
            "O",
            "O",
            "O",
            "O",
            "B",
            "I",
            "I",
            "O",
            "O",
            "O",
            "O",
            "O",
            "B",
            "I",
            "O",
            "B",
            "O",
            "O",
            "O",
            "O",
            "O",
            "O",
            "O",
            "O",
            "O",
            "O",
            "O",
            "O",
            "O",
            "B",
            "I",
            "I",
            "O",
            "O",
            "O",
            "O",
            "O",
            "O",
            "O",
            "O",
            "O",
            "O",
            "O",
            "O",
            "O",
            "O",
            "O",
            "O",
            "O",
            "O",
            "O",
            "O",
            "O",
            "O",
            "O",
            "O",
            "O",
            "O",
            "O",
            "O",
            "O",
            "O",
            "O",
            "O",
            "O",
            "O",
            "O",
            "B",
            "O",
            "B",
            "O",
            "O",
            "O",
            "O",
            "O",
            "O",
            "O",
            "O",
            "O",
            "O",
            "O",
            "O",
            "O",
            "O",
            "O",
            "O",
            "O",
            "B",
            "I",
            "I",
            "O",
            "O",
            "O",
            "O",
            "O",
            "O",
            "O",
            "O",
            "O",
            "O",
            "O",
            "O",
            "O",
            "O",
            "O",
            "O",
            "O",
            "O",
            "O",
            "O",
            "O",
            "O",
            "O",
            "O",
            "O",
            "O",
            "O",
            "O",
            "O",
            "O"
        ]
    },
    {
        "words": [
            "There",
            "are",
            "lots",
            "of",
            "other",
            "rules",
            "of",
            "inference",
            "that",
            "we",
            "can",
            "use",
            "!",
            "Resolution",
            "l",
            "Tautology",
            ":",
            "[",
            "(",
            "p",
            "\u2228",
            "q",
            ")",
            "\u2227",
            "(",
            "\u00acp",
            "\u2228",
            "r",
            ")",
            "]",
            "\u2192",
            "(",
            "q",
            "\u2228",
            "r",
            ")",
            "l",
            "Rule",
            "of",
            "inference",
            ":",
            "p",
            "\u2228",
            "q",
            "\u00acp",
            "\u2228",
            "r",
            "\u2234q\u2228r",
            "l",
            "Example",
            ":",
            "\u201c",
            "If",
            "it",
            "is",
            "not",
            "raining",
            ",",
            "I",
            "will",
            "ride",
            "my",
            "bike",
            ".",
            "If",
            "it",
            "is",
            "raining",
            ",",
            "I",
            "will",
            "lift",
            "weights",
            ".",
            "Therefore",
            ",",
            "I",
            "will",
            "ride",
            "my",
            "bike",
            "or",
            "lift",
            "weights",
            "\u201d",
            "Special",
            "cases",
            ":",
            "1",
            ".",
            "If",
            "r",
            "=",
            "q",
            ",",
            "we",
            "get",
            "p\u2228q",
            "\u00acp",
            "\u2228",
            "q",
            "\u2234q",
            "2",
            ".",
            "If",
            "r",
            "=",
            "F",
            ",",
            "we",
            "get",
            "p\u2228q",
            "\u00acp",
            "\u2234q"
        ],
        "labels": [
            "O",
            "O",
            "O",
            "O",
            "O",
            "B",
            "I",
            "I",
            "O",
            "O",
            "O",
            "O",
            "O",
            "B",
            "O",
            "B",
            "O",
            "O",
            "O",
            "O",
            "O",
            "O",
            "O",
            "O",
            "O",
            "O",
            "O",
            "O",
            "O",
            "O",
            "O",
            "O",
            "O",
            "O",
            "O",
            "O",
            "O",
            "B",
            "I",
            "I",
            "O",
            "O",
            "O",
            "O",
            "O",
            "O",
            "O",
            "O",
            "O",
            "O",
            "O",
            "O",
            "O",
            "O",
            "O",
            "O",
            "O",
            "O",
            "O",
            "O",
            "O",
            "O",
            "O",
            "O",
            "O",
            "O",
            "O",
            "O",
            "O",
            "O",
            "O",
            "O",
            "O",
            "O",
            "O",
            "O",
            "O",
            "O",
            "O",
            "O",
            "O",
            "O",
            "O",
            "O",
            "O",
            "O",
            "O",
            "O",
            "O",
            "O",
            "O",
            "O",
            "O",
            "O",
            "O",
            "O",
            "O",
            "O",
            "O",
            "O",
            "O",
            "O",
            "O",
            "O",
            "O",
            "O",
            "O",
            "O",
            "O",
            "O",
            "O",
            "O",
            "O",
            "O"
        ]
    },
    {
        "words": [
            "In-class",
            "exercises",
            "See",
            "Top",
            "Hat"
        ],
        "labels": [
            "O",
            "O",
            "O",
            "O",
            "O"
        ]
    },
    {
        "words": [
            "We",
            "can",
            "use",
            "rules",
            "of",
            "inference",
            "to",
            "build",
            "valid",
            "arguments",
            "If",
            "it",
            "is",
            "raining",
            ",",
            "I",
            "will",
            "stay",
            "inside",
            ".",
            "If",
            "I",
            "am",
            "inside",
            ",",
            "Lisa",
            "will",
            "stay",
            "home",
            ".",
            "If",
            "Lisa",
            "stays",
            "home",
            "and",
            "it",
            "is",
            "a",
            "Saturday",
            ",",
            "then",
            "we",
            "will",
            "play",
            "video",
            "games",
            ".",
            "Today",
            "is",
            "Saturday",
            ".",
            "It",
            "is",
            "raining",
            ".",
            "Let",
            ":",
            "\t",
            "Hypotheses",
            ":",
            "l",
            "r",
            "\u2261",
            "It",
            "is",
            "raining",
            "\t",
            "l",
            "r\u2192i",
            "l",
            "i",
            "\u2261",
            "I",
            "am",
            "inside",
            "\t",
            "l",
            "i\u2192l",
            "l",
            "l",
            "\u2261",
            "Lisa",
            "will",
            "stay",
            "home",
            "\t",
            "l",
            "l\u2227s\u2192p",
            "l",
            "p",
            "\u2261",
            "we",
            "will",
            "play",
            "video",
            "games",
            "\t",
            "l",
            "s",
            "l",
            "s",
            "\u2261",
            "it",
            "is",
            "Saturday",
            "\t",
            "l",
            "r"
        ],
        "labels": [
            "O",
            "O",
            "O",
            "B",
            "I",
            "I",
            "O",
            "O",
            "B",
            "B",
            "O",
            "O",
            "O",
            "O",
            "O",
            "O",
            "O",
            "O",
            "O",
            "O",
            "O",
            "O",
            "O",
            "O",
            "O",
            "O",
            "O",
            "O",
            "O",
            "O",
            "O",
            "O",
            "O",
            "O",
            "O",
            "O",
            "O",
            "O",
            "O",
            "O",
            "O",
            "O",
            "O",
            "O",
            "O",
            "O",
            "O",
            "O",
            "O",
            "O",
            "O",
            "O",
            "O",
            "O",
            "O",
            "O",
            "O",
            "O",
            "B",
            "O",
            "O",
            "O",
            "O",
            "O",
            "O",
            "O",
            "O",
            "O",
            "O",
            "O",
            "O",
            "O",
            "O",
            "O",
            "O",
            "O",
            "O",
            "O",
            "O",
            "O",
            "O",
            "O",
            "O",
            "O",
            "O",
            "O",
            "O",
            "O",
            "O",
            "O",
            "O",
            "O",
            "O",
            "O",
            "O",
            "O",
            "O",
            "O",
            "O",
            "O",
            "O",
            "O",
            "O",
            "O",
            "O",
            "O",
            "O",
            "O"
        ]
    },
    {
        "words": [
            "We",
            "can",
            "use",
            "rules",
            "of",
            "inference",
            "to",
            "build",
            "valid",
            "arguments",
            "Let",
            ":",
            "\t",
            "Hypotheses",
            ":",
            "l",
            "r",
            "\u2261",
            "It",
            "is",
            "raining",
            "l",
            "r\u2192i",
            "l",
            "i",
            "\u2261",
            "I",
            "am",
            "inside",
            "\t",
            "l",
            "i\u2192l",
            "l",
            "l",
            "\u2261",
            "Lisa",
            "will",
            "stay",
            "home",
            "\t",
            "l",
            "l\u2227s\u2192p",
            "l",
            "p",
            "\u2261",
            "we",
            "will",
            "play",
            "video",
            "games",
            "\t",
            "l",
            "s",
            "l",
            "s",
            "\u2261",
            "it",
            "is",
            "Saturday",
            "\t",
            "l",
            "r",
            "Step",
            ":",
            "1.",
            "r\u2192i",
            "hypothesis",
            "2.",
            "i\u2192l",
            "hypothesis",
            "3.",
            "r\u2192l",
            "hypothetical",
            "syllogism",
            "with",
            "1",
            "and",
            "2",
            "4.",
            "r",
            "hypothesis",
            "5.",
            "l",
            "modus",
            "ponens",
            "with",
            "3",
            "and",
            "4",
            "6.",
            "s",
            "hypothesis",
            "7.",
            "l\u2227s",
            "conjunction",
            "of",
            "5",
            "and",
            "6",
            "8.",
            "l\u2227s\u2192p",
            "hypothesis",
            "9.",
            "p",
            "modus",
            "ponens",
            "with",
            "7",
            "and",
            "8",
            "I",
            "will",
            "play",
            "video",
            "games",
            "!"
        ],
        "labels": [
            "O",
            "O",
            "O",
            "B",
            "I",
            "I",
            "O",
            "O",
            "B",
            "B",
            "O",
            "O",
            "O",
            "B",
            "O",
            "O",
            "O",
            "O",
            "O",
            "O",
            "O",
            "O",
            "O",
            "O",
            "O",
            "O",
            "O",
            "O",
            "O",
            "O",
            "O",
            "O",
            "O",
            "O",
            "O",
            "O",
            "O",
            "O",
            "O",
            "O",
            "O",
            "O",
            "O",
            "O",
            "O",
            "O",
            "O",
            "O",
            "O",
            "O",
            "O",
            "O",
            "O",
            "O",
            "O",
            "O",
            "O",
            "O",
            "O",
            "O",
            "O",
            "O",
            "O",
            "O",
            "O",
            "O",
            "B",
            "O",
            "O",
            "B",
            "O",
            "O",
            "B",
            "I",
            "O",
            "O",
            "O",
            "O",
            "O",
            "O",
            "B",
            "O",
            "O",
            "B",
            "I",
            "O",
            "O",
            "O",
            "O",
            "O",
            "O",
            "B",
            "O",
            "O",
            "B",
            "O",
            "O",
            "O",
            "O",
            "O",
            "O",
            "B",
            "O",
            "O",
            "B",
            "I",
            "O",
            "O",
            "O",
            "O",
            "O",
            "O",
            "O",
            "O",
            "O",
            "O"
        ]
    },
    {
        "words": [
            "We",
            "also",
            "have",
            "rules",
            "of",
            "inference",
            "for",
            "statements",
            "with",
            "quantifiers",
            "Universal",
            "Instantiation",
            "l",
            "Intuition",
            ":",
            "If",
            "we",
            "know",
            "that",
            "P",
            "(",
            "x",
            ")",
            "is",
            "true",
            "for",
            "all",
            "x",
            ",",
            "then",
            "P",
            "(",
            "c",
            ")",
            "is",
            "true",
            "for",
            "a",
            "particular",
            "c",
            "l",
            "Rule",
            "of",
            "inference",
            ":",
            "\u2200x",
            "P",
            "(",
            "x",
            ")",
            "\u2234",
            "P",
            "(",
            "c",
            ")",
            "Universal",
            "Generalization",
            "l",
            "Intuition",
            ":",
            "If",
            "we",
            "can",
            "show",
            "that",
            "P",
            "(",
            "c",
            ")",
            "is",
            "true",
            "for",
            "an",
            "arbitrary",
            "c",
            ",",
            "then",
            "we",
            "can",
            "conclude",
            "that",
            "P",
            "(",
            "x",
            ")",
            "is",
            "true",
            "for",
            "any",
            "specific",
            "x",
            "l",
            "Rule",
            "of",
            "inference",
            ":",
            "P",
            "(",
            "c",
            ")",
            "\u2234",
            "\u2200xP",
            "(",
            "x",
            ")",
            "Note",
            "that",
            "\u201c",
            "arbitrary",
            "\u201d",
            "does",
            "not",
            "mean",
            "\u201c",
            "randomly",
            "chosen.",
            "\u201d",
            "It",
            "means",
            "that",
            "we",
            "can",
            "not",
            "make",
            "any",
            "assumptions",
            "about",
            "c",
            "other",
            "than",
            "the",
            "fact",
            "that",
            "it",
            "comes",
            "from",
            "the",
            "appropriate",
            "domain",
            "."
        ],
        "labels": [
            "O",
            "O",
            "O",
            "B",
            "I",
            "I",
            "O",
            "O",
            "O",
            "I",
            "B",
            "I",
            "O",
            "O",
            "O",
            "O",
            "O",
            "O",
            "O",
            "O",
            "O",
            "O",
            "O",
            "O",
            "O",
            "O",
            "O",
            "O",
            "O",
            "O",
            "O",
            "O",
            "O",
            "O",
            "O",
            "O",
            "O",
            "O",
            "O",
            "O",
            "O",
            "B",
            "I",
            "I",
            "O",
            "O",
            "O",
            "O",
            "O",
            "O",
            "O",
            "O",
            "O",
            "O",
            "O",
            "B",
            "I",
            "O",
            "O",
            "O",
            "O",
            "O",
            "O",
            "O",
            "O",
            "O",
            "O",
            "O",
            "O",
            "O",
            "O",
            "O",
            "O",
            "O",
            "O",
            "O",
            "O",
            "O",
            "O",
            "O",
            "O",
            "O",
            "O",
            "O",
            "O",
            "O",
            "O",
            "O",
            "O",
            "O",
            "O",
            "O",
            "B",
            "I",
            "I",
            "O",
            "O",
            "O",
            "O",
            "O",
            "O",
            "O",
            "O",
            "O",
            "O",
            "O",
            "O",
            "O",
            "O",
            "O",
            "O",
            "O",
            "O",
            "O",
            "O",
            "O",
            "O",
            "O",
            "O",
            "O",
            "O",
            "O",
            "O",
            "O",
            "O",
            "O",
            "O",
            "O",
            "O",
            "O",
            "O",
            "O",
            "O",
            "O",
            "O",
            "O",
            "O",
            "O",
            "O",
            "B"
        ]
    },
    {
        "words": [
            "We",
            "also",
            "have",
            "rules",
            "of",
            "inference",
            "for",
            "statements",
            "with",
            "quantifiers",
            "Existential",
            "Instantiation",
            "l",
            "Intuition",
            ":",
            "If",
            "we",
            "know",
            "that",
            "\u2203x",
            "P",
            "(",
            "x",
            ")",
            "is",
            "true",
            ",",
            "then",
            "we",
            "know",
            "that",
            "P",
            "(",
            "c",
            ")",
            "is",
            "true",
            "for",
            "some",
            "c",
            "l",
            "Rule",
            "of",
            "inference",
            ":",
            "\u2203x",
            "P",
            "(",
            "x",
            ")",
            "\u2234",
            "P",
            "(",
            "c",
            ")",
            "Again",
            ",",
            "we",
            "can",
            "not",
            "make",
            "assumptions",
            "about",
            "c",
            "other",
            "than",
            "the",
            "fact",
            "that",
            "it",
            "exists",
            "and",
            "is",
            "from",
            "the",
            "appropriate",
            "domain",
            ".",
            "Existential",
            "Generalization",
            "l",
            "Intuition",
            ":",
            "If",
            "we",
            "can",
            "show",
            "that",
            "P",
            "(",
            "c",
            ")",
            "is",
            "true",
            "for",
            "a",
            "particular",
            "c",
            ",",
            "then",
            "we",
            "can",
            "conclude",
            "that",
            "\u2203x",
            "P",
            "(",
            "x",
            ")",
            "is",
            "true",
            "l",
            "Rule",
            "of",
            "inference",
            ":",
            "P",
            "(",
            "c",
            ")",
            "\u2234",
            "\u2203xP",
            "(",
            "x",
            ")"
        ],
        "labels": [
            "O",
            "O",
            "O",
            "B",
            "I",
            "I",
            "O",
            "O",
            "O",
            "O",
            "B",
            "I",
            "O",
            "O",
            "O",
            "O",
            "O",
            "O",
            "O",
            "O",
            "O",
            "O",
            "O",
            "O",
            "O",
            "O",
            "O",
            "O",
            "O",
            "O",
            "O",
            "O",
            "O",
            "O",
            "O",
            "O",
            "O",
            "O",
            "O",
            "O",
            "O",
            "B",
            "I",
            "I",
            "O",
            "O",
            "O",
            "O",
            "O",
            "O",
            "O",
            "O",
            "O",
            "O",
            "O",
            "O",
            "O",
            "O",
            "O",
            "O",
            "O",
            "O",
            "O",
            "O",
            "O",
            "O",
            "O",
            "O",
            "O",
            "O",
            "O",
            "O",
            "O",
            "O",
            "O",
            "O",
            "B",
            "O",
            "B",
            "I",
            "O",
            "O",
            "O",
            "O",
            "O",
            "O",
            "O",
            "O",
            "O",
            "O",
            "O",
            "O",
            "O",
            "O",
            "O",
            "O",
            "O",
            "O",
            "O",
            "O",
            "O",
            "O",
            "O",
            "O",
            "O",
            "O",
            "O",
            "O",
            "O",
            "O",
            "O",
            "O",
            "B",
            "I",
            "I",
            "O",
            "O",
            "O",
            "O",
            "O",
            "O",
            "O",
            "O",
            "O",
            "O"
        ]
    },
    {
        "words": [
            "Hungry",
            "dogs",
            "redux",
            "Given",
            ":",
            "Kody",
            "is",
            "one",
            "of",
            "my",
            "dogs",
            "M",
            "(",
            "Kody",
            ")",
            "Given",
            ":",
            "All",
            "of",
            "my",
            "dogs",
            "like",
            "peanut",
            "butter",
            "M",
            "(",
            "x",
            ")",
            "P",
            "(",
            "x",
            ")",
            "1",
            ".",
            "\u2200x",
            "[",
            "M",
            "(",
            "x",
            ")",
            "\u2192",
            "P",
            "(",
            "x",
            ")",
            "]",
            "hypothesis",
            "2",
            ".",
            "M",
            "(",
            "Kody",
            ")",
            "hypothesis",
            "3",
            ".",
            "M",
            "(",
            "Kody",
            ")",
            "\u2192",
            "P",
            "(",
            "Kody",
            ")",
            "universal",
            "instantiation",
            "from",
            "1",
            "4",
            ".",
            "P",
            "(",
            "Kody",
            ")",
            "modus",
            "ponens",
            "from",
            "2",
            "and",
            "3"
        ],
        "labels": [
            "O",
            "O",
            "O",
            "O",
            "O",
            "O",
            "O",
            "O",
            "O",
            "O",
            "O",
            "O",
            "O",
            "O",
            "O",
            "O",
            "O",
            "O",
            "O",
            "O",
            "O",
            "O",
            "O",
            "O",
            "O",
            "O",
            "O",
            "O",
            "O",
            "O",
            "O",
            "O",
            "O",
            "O",
            "O",
            "O",
            "O",
            "O",
            "O",
            "O",
            "O",
            "O",
            "O",
            "O",
            "O",
            "O",
            "B",
            "O",
            "O",
            "O",
            "O",
            "O",
            "O",
            "B",
            "O",
            "O",
            "O",
            "O",
            "O",
            "O",
            "O",
            "O",
            "O",
            "O",
            "O",
            "B",
            "I",
            "O",
            "O",
            "O",
            "O",
            "O",
            "O",
            "O",
            "O",
            "B",
            "I",
            "O",
            "O",
            "O",
            "O"
        ]
    },
    {
        "words": [
            "Reasoning",
            "about",
            "our",
            "class",
            "Show",
            "that",
            "the",
            "premises",
            "\u201c",
            "A",
            "student",
            "in",
            "this",
            "class",
            "has",
            "not",
            "read",
            "the",
            "book",
            "\u201d",
            "and",
            "\u201c",
            "everyone",
            "in",
            "this",
            "class",
            "turned",
            "in",
            "HW1",
            "\u201d",
            "imply",
            "the",
            "conclusion",
            "\u201c",
            "Someone",
            "who",
            "turned",
            "in",
            "HW1",
            "has",
            "not",
            "read",
            "the",
            "book",
            ".",
            "\u201d",
            "Let",
            ":",
            "\n",
            "Premises",
            ":",
            "l",
            "C",
            "(",
            "x",
            ")",
            "\u2261",
            "x",
            "is",
            "in",
            "this",
            "class",
            "\t",
            "l",
            "\u2203x",
            "[",
            "C",
            "(",
            "x",
            ")",
            "\u2227",
            "\u00acB",
            "(",
            "x",
            ")",
            "]",
            "l",
            "B",
            "(",
            "x",
            ")",
            "\u2261",
            "x",
            "has",
            "read",
            "the",
            "book",
            "\t",
            "l",
            "\u2200x",
            "[",
            "C",
            "(",
            "x",
            ")",
            "\u2192",
            "T",
            "(",
            "x",
            ")",
            "]",
            "l",
            "T",
            "(",
            "x",
            ")",
            "\u2261",
            "x",
            "turned",
            "in",
            "HW1"
        ],
        "labels": [
            "O",
            "O",
            "O",
            "O",
            "O",
            "O",
            "O",
            "O",
            "O",
            "O",
            "O",
            "O",
            "O",
            "O",
            "O",
            "O",
            "O",
            "O",
            "O",
            "O",
            "O",
            "O",
            "O",
            "O",
            "O",
            "O",
            "O",
            "O",
            "O",
            "O",
            "O",
            "O",
            "B",
            "O",
            "O",
            "O",
            "O",
            "O",
            "O",
            "O",
            "O",
            "O",
            "O",
            "O",
            "O",
            "O",
            "O",
            "O",
            "O",
            "B",
            "O",
            "O",
            "O",
            "O",
            "O",
            "O",
            "O",
            "O",
            "O",
            "O",
            "O",
            "O",
            "O",
            "O",
            "O",
            "O",
            "O",
            "O",
            "O",
            "O",
            "O",
            "O",
            "O",
            "O",
            "O",
            "O",
            "O",
            "O",
            "O",
            "O",
            "O",
            "O",
            "O",
            "O",
            "O",
            "O",
            "O",
            "O",
            "O",
            "O",
            "O",
            "O",
            "O",
            "O",
            "O",
            "O",
            "O",
            "O",
            "O",
            "O",
            "O",
            "O",
            "O",
            "O",
            "O",
            "O",
            "O",
            "O",
            "O",
            "O",
            "O"
        ]
    },
    {
        "words": [
            "Reasoning",
            "about",
            "our",
            "class",
            "Let",
            ":",
            "l",
            "C",
            "(",
            "x",
            ")",
            "\u2261",
            "x",
            "is",
            "in",
            "this",
            "class",
            "\n",
            "l",
            "B",
            "(",
            "x",
            ")",
            "\u2261",
            "x",
            "has",
            "read",
            "the",
            "book",
            "\n",
            "l",
            "T",
            "(",
            "x",
            ")",
            "\u2261",
            "x",
            "turned",
            "in",
            "HW1",
            "Premises",
            ":",
            "\n",
            "l",
            "\u2203x",
            "[",
            "C",
            "(",
            "x",
            ")",
            "\u2227",
            "\u00acB",
            "(",
            "x",
            ")",
            "]",
            "l",
            "\u2200x",
            "[",
            "C",
            "(",
            "x",
            ")",
            "\u2192",
            "T",
            "(",
            "x",
            ")",
            "]",
            "Steps",
            ":",
            "1",
            ".",
            "\u2203x",
            "[",
            "C",
            "(",
            "x",
            ")",
            "\u2227",
            "\u00acB",
            "(",
            "x",
            ")",
            "]",
            "hypothesis",
            "2",
            ".",
            "C",
            "(",
            "a",
            ")",
            "\u2227",
            "\u00acB",
            "(",
            "a",
            ")",
            "existential",
            "instantiation",
            "from",
            "1",
            "3",
            ".",
            "C",
            "(",
            "a",
            ")",
            "simplification",
            "from",
            "2",
            "4",
            ".",
            "\u2200x",
            "[",
            "C",
            "(",
            "x",
            ")",
            "\u2192",
            "T",
            "(",
            "x",
            ")",
            "]",
            "hypothesis",
            "5",
            ".",
            "C",
            "(",
            "a",
            ")",
            "\u2192",
            "T",
            "(",
            "a",
            ")",
            "universal",
            "instantiation",
            "from",
            "4",
            "6",
            ".",
            "T",
            "(",
            "a",
            ")",
            "modus",
            "ponens",
            "from",
            "5",
            "and",
            "3",
            "7",
            ".",
            "\u00acB",
            "(",
            "a",
            ")",
            "simplification",
            "from",
            "2",
            "8",
            ".",
            "T",
            "(",
            "a",
            ")",
            "\u2227",
            "\u00acB",
            "(",
            "a",
            ")",
            "conjunction",
            "of",
            "6",
            "and",
            "7",
            "9",
            ".",
            "\u2203x",
            "[",
            "T",
            "(",
            "x",
            ")",
            "\u2227",
            "\u00acB",
            "(",
            "x",
            ")",
            "]",
            "existential",
            "generalization",
            "from",
            "8"
        ],
        "labels": [
            "O",
            "O",
            "O",
            "O",
            "O",
            "O",
            "O",
            "O",
            "O",
            "O",
            "O",
            "O",
            "O",
            "O",
            "O",
            "O",
            "O",
            "O",
            "O",
            "O",
            "O",
            "O",
            "O",
            "O",
            "O",
            "O",
            "O",
            "O",
            "O",
            "O",
            "O",
            "O",
            "O",
            "O",
            "O",
            "O",
            "O",
            "O",
            "O",
            "O",
            "B",
            "O",
            "O",
            "O",
            "O",
            "O",
            "O",
            "O",
            "O",
            "O",
            "O",
            "O",
            "O",
            "O",
            "O",
            "O",
            "O",
            "O",
            "O",
            "O",
            "O",
            "O",
            "O",
            "O",
            "O",
            "O",
            "O",
            "O",
            "O",
            "O",
            "O",
            "O",
            "O",
            "O",
            "O",
            "O",
            "O",
            "O",
            "O",
            "O",
            "O",
            "O",
            "O",
            "O",
            "O",
            "B",
            "O",
            "O",
            "O",
            "O",
            "O",
            "O",
            "O",
            "O",
            "O",
            "O",
            "O",
            "B",
            "I",
            "O",
            "O",
            "O",
            "O",
            "O",
            "O",
            "O",
            "O",
            "B",
            "O",
            "O",
            "O",
            "O",
            "O",
            "O",
            "O",
            "O",
            "O",
            "O",
            "O",
            "O",
            "O",
            "O",
            "O",
            "O",
            "B",
            "O",
            "O",
            "O",
            "O",
            "O",
            "O",
            "O",
            "O",
            "O",
            "O",
            "O",
            "B",
            "I",
            "O",
            "O",
            "O",
            "O",
            "O",
            "O",
            "O",
            "O",
            "B",
            "I",
            "O",
            "O",
            "O",
            "O",
            "O",
            "O",
            "O",
            "O",
            "O",
            "O",
            "B",
            "O",
            "O",
            "O",
            "O",
            "O",
            "O",
            "O",
            "O",
            "O",
            "O",
            "O",
            "O",
            "O",
            "B",
            "O",
            "O",
            "O",
            "O",
            "O",
            "O",
            "O",
            "O",
            "O",
            "O",
            "O",
            "O",
            "O",
            "O",
            "O",
            "O",
            "O",
            "O",
            "B",
            "I",
            "O",
            "O"
        ]
    },
    {
        "words": [
            "In-class",
            "exercises",
            "Problem",
            "2",
            ":",
            "Show",
            "that",
            "the",
            "premises",
            "\u201c",
            "Everyone",
            "in",
            "this",
            "discrete",
            "math",
            "class",
            "has",
            "taken",
            "a",
            "course",
            "in",
            "computer",
            "science",
            "\u201d",
            "and",
            "\u201c",
            "Melissa",
            "is",
            "a",
            "student",
            "in",
            "this",
            "discrete",
            "math",
            "class",
            "\u201d",
            "lead",
            "to",
            "the",
            "conclusion",
            "\u201c",
            "Melissa",
            "has",
            "taken",
            "a",
            "course",
            "in",
            "computer",
            "science",
            ".",
            "\u201d"
        ],
        "labels": [
            "O",
            "O",
            "O",
            "O",
            "O",
            "O",
            "O",
            "O",
            "B",
            "O",
            "O",
            "O",
            "O",
            "O",
            "O",
            "O",
            "O",
            "O",
            "O",
            "O",
            "O",
            "O",
            "O",
            "O",
            "O",
            "O",
            "O",
            "O",
            "O",
            "O",
            "O",
            "O",
            "O",
            "O",
            "O",
            "O",
            "O",
            "O",
            "O",
            "O",
            "O",
            "O",
            "O",
            "O",
            "O",
            "O",
            "O",
            "O",
            "O",
            "O",
            "O"
        ]
    },
    {
        "words": [
            "Final",
            "Thoughts",
            "n",
            "Until",
            "today",
            ",",
            "we",
            "had",
            "look",
            "at",
            "representing",
            "different",
            "types",
            "of",
            "logical",
            "statements",
            "n",
            "Rules",
            "of",
            "inference",
            "allow",
            "us",
            "to",
            "derive",
            "new",
            "results",
            "by",
            "reasoning",
            "about",
            "known",
            "truths",
            "n",
            "Next",
            "time",
            ":",
            "l",
            "Proof",
            "techniques",
            "l",
            "Please",
            "read",
            "section",
            "1.8"
        ],
        "labels": [
            "O",
            "O",
            "O",
            "O",
            "O",
            "O",
            "O",
            "O",
            "O",
            "O",
            "O",
            "O",
            "O",
            "O",
            "B",
            "I",
            "O",
            "B",
            "I",
            "I",
            "O",
            "O",
            "O",
            "O",
            "O",
            "O",
            "O",
            "O",
            "O",
            "O",
            "O",
            "O",
            "O",
            "O",
            "O",
            "O",
            "B",
            "I",
            "O",
            "O",
            "O",
            "O",
            "O"
        ]
    },
    {
        "words": [],
        "labels": []
    }
]