[
    {
        "words": [
            "Discrete",
            "Structures",
            "for",
            "Computer",
            "Science",
            "William",
            "Garrison",
            "bill",
            "@",
            "cs.pitt.edu",
            "6311",
            "Sennott",
            "Square",
            "Lecture",
            "#",
            "7",
            ":",
            "Proof",
            "Techniques",
            "Based",
            "on",
            "materials",
            "developed",
            "by",
            "Dr.",
            "Adam",
            "Lee"
        ],
        "labels": [
            "O",
            "O",
            "O",
            "O",
            "O",
            "O",
            "O",
            "O",
            "O",
            "O",
            "O",
            "O",
            "O",
            "O",
            "O",
            "O",
            "O",
            "B",
            "I",
            "O",
            "O",
            "O",
            "O",
            "O",
            "O",
            "O",
            "O"
        ]
    },
    {
        "words": [
            "Today",
            "'s",
            "topics",
            "n",
            "Proof",
            "techniques",
            "l",
            "How",
            "can",
            "I",
            "prove",
            "an",
            "implication",
            "is",
            "true",
            "?",
            "l",
            "What",
            "forms",
            "can",
            "an",
            "informal",
            "proof",
            "take",
            "?",
            "n",
            "Proof",
            "strategies",
            "l",
            "Which",
            "proof",
            "techniques",
            "should",
            "I",
            "try",
            "?",
            "l",
            "How",
            "do",
            "I",
            "find",
            "a",
            "proof",
            "without",
            "trying",
            "every",
            "proof",
            "technique",
            "?"
        ],
        "labels": [
            "O",
            "O",
            "O",
            "O",
            "B",
            "I",
            "O",
            "O",
            "O",
            "O",
            "O",
            "O",
            "B",
            "O",
            "O",
            "O",
            "O",
            "O",
            "O",
            "O",
            "O",
            "B",
            "I",
            "O",
            "O",
            "O",
            "B",
            "I",
            "O",
            "O",
            "B",
            "I",
            "O",
            "O",
            "O",
            "O",
            "O",
            "O",
            "O",
            "O",
            "O",
            "O",
            "O",
            "O",
            "O",
            "O",
            "B",
            "I",
            "O"
        ]
    },
    {
        "words": [
            "Mathematical",
            "theorems",
            "are",
            "often",
            "stated",
            "in",
            "the",
            "form",
            "of",
            "an",
            "implication",
            "Example",
            ":",
            "If",
            "x",
            ">",
            "y",
            ",",
            "where",
            "x",
            "and",
            "y",
            "are",
            "positive",
            "real",
            "numbers",
            ",",
            "then",
            "x2",
            ">",
            "y2",
            ".",
            "l",
            "\u2200x",
            ",",
            "y",
            "[",
            "(",
            "x",
            ">",
            "0",
            ")",
            "\u2227",
            "(",
            "y",
            ">",
            "0",
            ")",
            "\u2227",
            "(",
            "x",
            ">",
            "y",
            ")",
            "\u2192",
            "(",
            "x2",
            ">",
            "y2",
            ")",
            "]",
            "l",
            "\u2200x",
            ",",
            "y",
            "P",
            "(",
            "x",
            ",",
            "y",
            ")",
            "\u2192",
            "Q",
            "(",
            "x",
            ",",
            "y",
            ")",
            "We",
            "will",
            "discuss",
            "three",
            "applicable",
            "proof",
            "methods",
            ":",
            "l",
            "Direct",
            "proof",
            "l",
            "Proof",
            "by",
            "contraposition",
            "l",
            "Proof",
            "by",
            "contradiction"
        ],
        "labels": [
            "O",
            "B",
            "O",
            "O",
            "O",
            "O",
            "O",
            "O",
            "O",
            "O",
            "B",
            "O",
            "O",
            "O",
            "O",
            "O",
            "O",
            "O",
            "O",
            "O",
            "O",
            "O",
            "O",
            "O",
            "O",
            "O",
            "O",
            "O",
            "O",
            "O",
            "O",
            "O",
            "O",
            "O",
            "O",
            "O",
            "O",
            "O",
            "O",
            "O",
            "O",
            "O",
            "O",
            "O",
            "O",
            "O",
            "O",
            "O",
            "O",
            "O",
            "O",
            "O",
            "O",
            "O",
            "O",
            "O",
            "O",
            "O",
            "O",
            "O",
            "O",
            "O",
            "O",
            "O",
            "O",
            "O",
            "O",
            "O",
            "O",
            "O",
            "O",
            "O",
            "O",
            "O",
            "O",
            "O",
            "O",
            "O",
            "O",
            "O",
            "O",
            "O",
            "O",
            "O",
            "O",
            "O",
            "O",
            "B",
            "I",
            "O",
            "B",
            "I",
            "I",
            "O",
            "B",
            "I",
            "I"
        ]
    },
    {
        "words": [
            "Direct",
            "proof",
            "In",
            "a",
            "direct",
            "proof",
            ",",
            "we",
            "prove",
            "p",
            "\u2192",
            "q",
            "by",
            "showing",
            "that",
            "if",
            "p",
            "is",
            "true",
            ",",
            "then",
            "q",
            "must",
            "necessarily",
            "be",
            "true",
            "Example",
            ":",
            "Prove",
            "that",
            "if",
            "n",
            "is",
            "an",
            "odd",
            "integer",
            ",",
            "then",
            "n2",
            "is",
            "an",
            "odd",
            "integer",
            ".",
            "Proof",
            ":",
            "l",
            "Assume",
            "that",
            "n",
            "is",
            "odd",
            ".",
            "That",
            "is",
            "n",
            "=",
            "(",
            "2k",
            "+",
            "1",
            ")",
            "for",
            "some",
            "integer",
            "k",
            ".",
            "l",
            "Note",
            "that",
            "n2",
            "=",
            "(",
            "2k+1",
            ")",
            "2",
            "=",
            "(",
            "4k2",
            "+",
            "4k",
            "+",
            "1",
            ")",
            "l",
            "We",
            "can",
            "factor",
            "the",
            "above",
            "to",
            "get",
            "2",
            "(",
            "2k2",
            "+",
            "2k",
            ")",
            "+",
            "1",
            "l",
            "Since",
            "the",
            "above",
            "quantity",
            "is",
            "one",
            "more",
            "than",
            "even",
            "number",
            ",",
            "we",
            "know",
            "that",
            "n2",
            "is",
            "odd",
            ".",
            "\u2610"
        ],
        "labels": [
            "B",
            "I",
            "O",
            "O",
            "B",
            "I",
            "O",
            "O",
            "O",
            "O",
            "O",
            "O",
            "O",
            "O",
            "O",
            "O",
            "O",
            "O",
            "O",
            "O",
            "O",
            "O",
            "O",
            "O",
            "O",
            "O",
            "O",
            "O",
            "O",
            "O",
            "O",
            "O",
            "O",
            "O",
            "O",
            "O",
            "O",
            "O",
            "O",
            "O",
            "O",
            "O",
            "O",
            "O",
            "O",
            "O",
            "O",
            "O",
            "O",
            "O",
            "O",
            "O",
            "O",
            "O",
            "O",
            "O",
            "O",
            "O",
            "O",
            "O",
            "O",
            "O",
            "O",
            "O",
            "O",
            "O",
            "O",
            "O",
            "O",
            "O",
            "O",
            "O",
            "O",
            "O",
            "O",
            "O",
            "O",
            "O",
            "O",
            "O",
            "O",
            "O",
            "O",
            "O",
            "O",
            "O",
            "O",
            "O",
            "O",
            "O",
            "O",
            "O",
            "O",
            "O",
            "O",
            "O",
            "O",
            "O",
            "O",
            "O",
            "O",
            "O",
            "O",
            "O",
            "O",
            "O",
            "O",
            "O",
            "O",
            "O",
            "O",
            "O",
            "O",
            "O",
            "O",
            "O",
            "O",
            "O",
            "O",
            "O"
        ]
    },
    {
        "words": [
            "Direct",
            "proofs",
            "are",
            "not",
            "always",
            "the",
            "easiest",
            "way",
            "to",
            "prove",
            "a",
            "given",
            "conjecture",
            ".",
            "In",
            "this",
            "case",
            ",",
            "we",
            "can",
            "try",
            "proof",
            "by",
            "contraposition",
            "How",
            "does",
            "this",
            "work",
            "?",
            "l",
            "Recall",
            "that",
            "p",
            "\u2192",
            "q",
            "\u2261",
            "\u00acq",
            "\u2192",
            "\u00acp",
            "l",
            "Therefore",
            ",",
            "a",
            "proof",
            "of",
            "\u00acq",
            "\u2192",
            "\u00acp",
            "is",
            "also",
            "a",
            "proof",
            "of",
            "p",
            "\u2192",
            "q",
            "Proof",
            "by",
            "contraposition",
            "is",
            "an",
            "indirect",
            "proof",
            "technique",
            "since",
            "we",
            "don",
            "\u2019",
            "t",
            "prove",
            "p",
            "\u2192",
            "q",
            "directly",
            ".",
            "Let",
            "\u2019",
            "s",
            "take",
            "a",
            "look",
            "at",
            "an",
            "example\u2026"
        ],
        "labels": [
            "B",
            "I",
            "O",
            "O",
            "O",
            "O",
            "O",
            "O",
            "O",
            "O",
            "O",
            "O",
            "O",
            "O",
            "O",
            "O",
            "O",
            "O",
            "O",
            "O",
            "O",
            "B",
            "I",
            "I",
            "O",
            "O",
            "O",
            "O",
            "O",
            "O",
            "O",
            "O",
            "O",
            "O",
            "O",
            "O",
            "O",
            "O",
            "O",
            "O",
            "O",
            "O",
            "O",
            "O",
            "O",
            "O",
            "O",
            "O",
            "O",
            "O",
            "O",
            "O",
            "O",
            "O",
            "O",
            "O",
            "B",
            "I",
            "I",
            "O",
            "O",
            "B",
            "I",
            "I",
            "O",
            "O",
            "O",
            "O",
            "O",
            "O",
            "O",
            "O",
            "O",
            "O",
            "O",
            "O",
            "O",
            "O",
            "O",
            "O",
            "O",
            "O",
            "O",
            "O"
        ]
    },
    {
        "words": [
            "Prove",
            ":",
            "If",
            "n",
            "is",
            "an",
            "integer",
            "and",
            "3n",
            "+",
            "2",
            "is",
            "odd",
            ",",
            "then",
            "n",
            "is",
            "odd",
            ".",
            "First",
            ",",
            "attempt",
            "a",
            "direct",
            "proof",
            ":",
            "l",
            "Assume",
            "that",
            "3n",
            "+",
            "2",
            "is",
            "odd",
            ",",
            "thus",
            "3n",
            "+",
            "2",
            "=",
            "2k",
            "+",
            "1",
            "for",
            "some",
            "k",
            "l",
            "Can",
            "solve",
            "to",
            "find",
            "that",
            "n",
            "=",
            "(",
            "2k",
            "\u2013",
            "1",
            ")",
            "/3",
            "Where",
            "do",
            "we",
            "go",
            "from",
            "here",
            "?",
            "!",
            "?",
            "Now",
            ",",
            "try",
            "proof",
            "by",
            "contraposition",
            ":",
            "l",
            "Assume",
            "n",
            "is",
            "even",
            ",",
            "so",
            "n",
            "=",
            "2k",
            "for",
            "some",
            "k",
            "l",
            "3",
            "(",
            "2k",
            ")",
            "+",
            "2",
            "=",
            "6k",
            "+",
            "2",
            "=",
            "2",
            "(",
            "3k",
            "+",
            "1",
            ")",
            "l",
            "So",
            ",",
            "3n",
            "+",
            "2",
            "is",
            "also",
            "even",
            ".",
            "l",
            "Since",
            "we",
            "proved",
            "\u00ac",
            "\u201c",
            "n",
            "is",
            "odd",
            "\u201d",
            "\u2192",
            "\u00ac",
            "\u201c",
            "3n+2",
            "is",
            "odd",
            "\u201d",
            ",",
            "we",
            "can",
            "conclude",
            "that",
            "\u201c",
            "3n",
            "+",
            "2",
            "is",
            "odd",
            "\u201d",
            "\u2192",
            "\u201c",
            "n",
            "is",
            "odd",
            "\u201d",
            "\u2610"
        ],
        "labels": [
            "O",
            "O",
            "O",
            "O",
            "O",
            "O",
            "O",
            "O",
            "O",
            "O",
            "O",
            "O",
            "O",
            "O",
            "O",
            "O",
            "O",
            "O",
            "O",
            "O",
            "O",
            "O",
            "O",
            "O",
            "O",
            "O",
            "O",
            "O",
            "O",
            "O",
            "O",
            "O",
            "O",
            "O",
            "O",
            "O",
            "O",
            "O",
            "O",
            "O",
            "O",
            "O",
            "O",
            "O",
            "O",
            "O",
            "O",
            "O",
            "O",
            "O",
            "O",
            "O",
            "O",
            "O",
            "O",
            "O",
            "O",
            "O",
            "O",
            "O",
            "O",
            "O",
            "O",
            "O",
            "O",
            "O",
            "O",
            "O",
            "O",
            "O",
            "O",
            "O",
            "B",
            "I",
            "I",
            "O",
            "O",
            "O",
            "O",
            "O",
            "O",
            "O",
            "O",
            "O",
            "O",
            "O",
            "O",
            "O",
            "O",
            "O",
            "O",
            "O",
            "O",
            "O",
            "O",
            "O",
            "O",
            "O",
            "O",
            "O",
            "O",
            "O",
            "O",
            "O",
            "O",
            "O",
            "O",
            "O",
            "O",
            "O",
            "O",
            "O",
            "O",
            "O",
            "O",
            "O",
            "O",
            "O",
            "O",
            "O",
            "O",
            "O",
            "O",
            "O",
            "O",
            "O",
            "O",
            "O",
            "O",
            "O",
            "O",
            "O",
            "O",
            "O",
            "O",
            "O",
            "O",
            "O",
            "O",
            "O",
            "O",
            "O",
            "O",
            "O",
            "O",
            "O",
            "O",
            "O",
            "O",
            "O",
            "O",
            "O",
            "O"
        ]
    },
    {
        "words": [
            "Proof",
            "by",
            "contradiction",
            "Given",
            "a",
            "conditional",
            "p",
            "\u2192",
            "q",
            ",",
            "the",
            "only",
            "way",
            "to",
            "reject",
            "this",
            "claim",
            "is",
            "to",
            "prove",
            "that",
            "p",
            "\u2227",
            "\u00acq",
            "is",
            "true",
            ".",
            "In",
            "a",
            "proof",
            "by",
            "contradiction",
            "we",
            ":",
            "1",
            ".",
            "Assume",
            "that",
            "p",
            "\u2227",
            "\u00acq",
            "is",
            "true",
            "2",
            ".",
            "Proceed",
            "with",
            "the",
            "proof",
            "3",
            ".",
            "If",
            "this",
            "assumption",
            "leads",
            "us",
            "to",
            "a",
            "contradiction",
            ",",
            "we",
            "can",
            "conclude",
            "that",
            "p",
            "\u2192",
            "q",
            "is",
            "true",
            "Let",
            "\u2019",
            "s",
            "revisit",
            "an",
            "earlier",
            "example\u2026"
        ],
        "labels": [
            "B",
            "I",
            "I",
            "O",
            "O",
            "O",
            "O",
            "O",
            "O",
            "O",
            "O",
            "O",
            "O",
            "O",
            "O",
            "O",
            "O",
            "O",
            "O",
            "O",
            "O",
            "O",
            "O",
            "O",
            "O",
            "O",
            "O",
            "O",
            "O",
            "B",
            "I",
            "I",
            "O",
            "O",
            "O",
            "O",
            "O",
            "O",
            "O",
            "O",
            "O",
            "O",
            "O",
            "O",
            "O",
            "O",
            "O",
            "O",
            "B",
            "O",
            "O",
            "O",
            "O",
            "O",
            "O",
            "O",
            "O",
            "O",
            "B",
            "O",
            "O",
            "O",
            "O",
            "O",
            "O",
            "O",
            "O",
            "O",
            "O",
            "O",
            "O",
            "O",
            "O",
            "O",
            "O",
            "O"
        ]
    },
    {
        "words": [
            "Prove",
            ":",
            "If",
            "n",
            "is",
            "an",
            "integer",
            "and",
            "3n",
            "+",
            "2",
            "is",
            "odd",
            ",",
            "then",
            "n",
            "is",
            "odd",
            ".",
            "Proof",
            ":",
            "l",
            "Assume",
            "the",
            "negation",
            ",",
            "that",
            "3n",
            "+",
            "2",
            "is",
            "odd",
            ",",
            "n",
            "is",
            "even",
            "(",
            "i.e.",
            ",",
            "n",
            "=",
            "2k",
            ")",
            "l",
            "3n",
            "+",
            "2",
            "=",
            "3",
            "(",
            "2k",
            ")",
            "+",
            "2",
            "=",
            "6k",
            "+",
            "2",
            "=",
            "2",
            "(",
            "3k",
            "+",
            "1",
            ")",
            "l",
            "The",
            "above",
            "statement",
            "tells",
            "us",
            "that",
            "3n",
            "+",
            "2",
            "is",
            "even",
            ",",
            "which",
            "is",
            "a",
            "contradiction",
            "of",
            "our",
            "assumption",
            "that",
            "3n",
            "+",
            "2",
            "is",
            "odd",
            ".",
            "l",
            "Therefore",
            ",",
            "we",
            "have",
            "shown",
            "that",
            "if",
            "3n",
            "+",
            "2",
            "is",
            "odd",
            ",",
            "then",
            "n",
            "is",
            "also",
            "odd",
            ".",
            "\u2610",
            "Note",
            "that",
            "the",
            "mechanics/algebra",
            "is",
            "the",
            "same",
            "!",
            "But",
            "the",
            "line",
            "of",
            "argumentation",
            "is",
            "different",
            "We",
            "can",
            "also",
            "use",
            "proof",
            "by",
            "contradiction",
            "in",
            "cases",
            "where",
            "were",
            "the",
            "theorem",
            "to",
            "be",
            "proved",
            "is",
            "not",
            "of",
            "the",
            "form",
            "p",
            "\u2192",
            "q"
        ],
        "labels": [
            "O",
            "O",
            "O",
            "O",
            "O",
            "O",
            "O",
            "O",
            "O",
            "O",
            "O",
            "O",
            "O",
            "O",
            "O",
            "O",
            "O",
            "O",
            "O",
            "O",
            "O",
            "O",
            "O",
            "O",
            "O",
            "O",
            "O",
            "O",
            "O",
            "O",
            "O",
            "O",
            "O",
            "O",
            "O",
            "O",
            "O",
            "O",
            "O",
            "O",
            "O",
            "O",
            "O",
            "O",
            "O",
            "O",
            "O",
            "O",
            "O",
            "O",
            "O",
            "O",
            "O",
            "O",
            "O",
            "O",
            "O",
            "O",
            "O",
            "O",
            "O",
            "O",
            "O",
            "O",
            "O",
            "O",
            "O",
            "O",
            "O",
            "O",
            "O",
            "O",
            "O",
            "O",
            "O",
            "O",
            "O",
            "O",
            "O",
            "O",
            "O",
            "B",
            "O",
            "O",
            "O",
            "O",
            "O",
            "O",
            "O",
            "O",
            "O",
            "O",
            "O",
            "O",
            "O",
            "O",
            "O",
            "O",
            "O",
            "O",
            "O",
            "O",
            "O",
            "O",
            "O",
            "O",
            "O",
            "O",
            "O",
            "O",
            "O",
            "O",
            "O",
            "O",
            "O",
            "O",
            "O",
            "O",
            "O",
            "O",
            "O",
            "O",
            "O",
            "O",
            "O",
            "O",
            "O",
            "O",
            "O",
            "O",
            "O",
            "O",
            "B",
            "I",
            "I",
            "O",
            "O",
            "O",
            "O",
            "O",
            "B",
            "O",
            "O",
            "O",
            "O",
            "O",
            "O",
            "O",
            "O",
            "O",
            "O",
            "O"
        ]
    },
    {
        "words": [
            "Prove",
            ":",
            "At",
            "least",
            "10",
            "of",
            "any",
            "64",
            "days",
            "fall",
            "on",
            "the",
            "same",
            "day",
            "of",
            "the",
            "week",
            "Proof",
            ":",
            "l",
            "Let",
            "p",
            "\u2261",
            "\u201c",
            "At",
            "least",
            "10",
            "of",
            "any",
            "64",
            "days",
            "fall",
            "on",
            "the",
            "same",
            "day",
            "of",
            "the",
            "week",
            "\u201d",
            "l",
            "Assume",
            "\u00acp",
            "is",
            "true",
            ",",
            "that",
            "is",
            "\u201c",
            "At",
            "most",
            "9",
            "of",
            "any",
            "64",
            "days",
            "fall",
            "on",
            "the",
            "same",
            "day",
            "of",
            "the",
            "week",
            "\u201d",
            "l",
            "Since",
            "there",
            "are",
            "7",
            "days",
            "in",
            "a",
            "week",
            ",",
            "at",
            "most",
            "7\u00d7",
            "9",
            "=",
            "63",
            "days",
            "can",
            "be",
            "chosen",
            "l",
            "This",
            "is",
            "a",
            "contradiction",
            "of",
            "the",
            "fact",
            "that",
            "we",
            "chose",
            "64",
            "days",
            "l",
            "Therefore",
            ",",
            "we",
            "can",
            "conclude",
            "that",
            "at",
            "least",
            "10",
            "of",
            "any",
            "64",
            "days",
            "fall",
            "on",
            "the",
            "same",
            "day",
            "of",
            "the",
            "week",
            ".",
            "\u2610",
            "This",
            "proof",
            "is",
            "an",
            "example",
            "of",
            "the",
            "pigeonhole",
            "principle",
            ",",
            "which",
            "we",
            "will",
            "study",
            "during",
            "our",
            "combinatorics",
            "unit",
            "."
        ],
        "labels": [
            "O",
            "O",
            "O",
            "O",
            "O",
            "O",
            "O",
            "O",
            "O",
            "O",
            "O",
            "O",
            "O",
            "O",
            "O",
            "O",
            "O",
            "O",
            "O",
            "O",
            "O",
            "O",
            "O",
            "O",
            "O",
            "O",
            "O",
            "O",
            "O",
            "O",
            "O",
            "O",
            "O",
            "O",
            "O",
            "O",
            "O",
            "O",
            "O",
            "O",
            "O",
            "O",
            "O",
            "O",
            "O",
            "O",
            "O",
            "O",
            "O",
            "O",
            "O",
            "O",
            "O",
            "O",
            "O",
            "O",
            "O",
            "O",
            "O",
            "O",
            "O",
            "O",
            "O",
            "O",
            "O",
            "O",
            "O",
            "O",
            "O",
            "O",
            "O",
            "O",
            "O",
            "O",
            "O",
            "O",
            "O",
            "O",
            "O",
            "O",
            "O",
            "O",
            "O",
            "O",
            "O",
            "O",
            "O",
            "O",
            "O",
            "B",
            "O",
            "O",
            "O",
            "O",
            "O",
            "O",
            "O",
            "O",
            "O",
            "O",
            "O",
            "O",
            "O",
            "O",
            "O",
            "O",
            "O",
            "O",
            "O",
            "O",
            "O",
            "O",
            "O",
            "O",
            "O",
            "O",
            "O",
            "O",
            "O",
            "O",
            "O",
            "O",
            "O",
            "O",
            "O",
            "O",
            "O",
            "O",
            "B",
            "I",
            "I",
            "O",
            "O",
            "O",
            "O",
            "O",
            "O",
            "O",
            "B",
            "O",
            "O"
        ]
    },
    {
        "words": [
            "In-class",
            "exercises",
            "Problem",
            "1",
            ":",
            "Prove",
            "the",
            "following",
            "claims",
            "a",
            ")",
            "Use",
            "a",
            "direct",
            "proof",
            "to",
            "show",
            "that",
            "the",
            "square",
            "of",
            "an",
            "even",
            "number",
            "is",
            "an",
            "even",
            "number",
            ".",
            "b",
            ")",
            "Show",
            "that",
            "if",
            "m",
            "+",
            "n",
            "and",
            "n",
            "+",
            "p",
            "are",
            "even",
            "integers",
            ",",
            "then",
            "the",
            "sum",
            "m",
            "+",
            "p",
            "is",
            "also",
            "an",
            "even",
            "integer",
            ".",
            "c",
            ")",
            "Use",
            "proof",
            "by",
            "contraposition",
            "to",
            "show",
            "that",
            "if",
            "n",
            "is",
            "an",
            "integer",
            "and",
            "n3",
            "+",
            "5",
            "is",
            "odd",
            ",",
            "then",
            "n",
            "is",
            "even",
            "."
        ],
        "labels": [
            "O",
            "O",
            "O",
            "O",
            "O",
            "O",
            "O",
            "O",
            "O",
            "O",
            "O",
            "O",
            "O",
            "B",
            "I",
            "O",
            "O",
            "O",
            "O",
            "O",
            "O",
            "O",
            "O",
            "O",
            "O",
            "O",
            "O",
            "O",
            "O",
            "O",
            "O",
            "O",
            "O",
            "O",
            "O",
            "O",
            "O",
            "O",
            "O",
            "O",
            "O",
            "O",
            "O",
            "O",
            "O",
            "O",
            "O",
            "O",
            "O",
            "O",
            "O",
            "O",
            "O",
            "O",
            "O",
            "O",
            "O",
            "O",
            "O",
            "O",
            "B",
            "I",
            "I",
            "O",
            "O",
            "O",
            "O",
            "O",
            "O",
            "O",
            "O",
            "O",
            "O",
            "O",
            "O",
            "O",
            "O",
            "O",
            "O",
            "O",
            "O",
            "O",
            "O"
        ]
    },
    {
        "words": [
            "Sadly",
            ",",
            "not",
            "all",
            "theorems",
            "are",
            "of",
            "the",
            "form",
            "p",
            "\u2192",
            "q",
            "Sometimes",
            ",",
            "we",
            "need",
            "to",
            "prove",
            "a",
            "theorem",
            "of",
            "the",
            "form",
            ":",
            "p1",
            "\u2228",
            "p2",
            "\u2228",
            "\u2026",
            "\u2228",
            "pn",
            "\u2192",
            "q",
            "Distributive",
            "law",
            "Note",
            ":",
            "p1",
            "\u2228",
            "p2",
            "\u2228",
            "\u2026",
            "\u2228",
            "pn",
            "\u2192",
            "q",
            "\u2261",
            "\u00ac",
            "(",
            "p1",
            "\u2228",
            "p2",
            "\u2228",
            "\u2026",
            "\u2228",
            "pn",
            ")",
            "\u2228",
            "q",
            "\u2261",
            "(",
            "\u00acp1",
            "\u2227",
            "\u00acp2",
            "\u2227",
            "\u2026",
            "\u2227",
            "\u00acpn",
            ")",
            "\u2228",
            "q",
            "\u2261",
            "(",
            "\u00acp1",
            "\u2228",
            "q",
            ")",
            "\u2227",
            "(",
            "\u00acp2",
            "\u2228",
            "q",
            ")",
            "\u2227",
            "\u2026",
            "\u2227",
            "(",
            "\u00acpn",
            "\u2228",
            "q",
            ")",
            "\u2261",
            "(",
            "p1",
            "\u2192",
            "q",
            ")",
            "\u2227",
            "(",
            "p2",
            "\u2192q",
            ")",
            "\u2227",
            "\u2026",
            "\u2227",
            "(",
            "pn",
            "\u2192",
            "q",
            ")",
            "So",
            ",",
            "we",
            "might",
            "need",
            "to",
            "examine",
            "multiple",
            "cases",
            "!"
        ],
        "labels": [
            "O",
            "O",
            "O",
            "O",
            "B",
            "O",
            "O",
            "O",
            "O",
            "O",
            "O",
            "O",
            "O",
            "O",
            "O",
            "O",
            "O",
            "O",
            "O",
            "O",
            "B",
            "O",
            "O",
            "O",
            "O",
            "O",
            "O",
            "O",
            "O",
            "O",
            "O",
            "O",
            "O",
            "B",
            "I",
            "O",
            "O",
            "O",
            "O",
            "O",
            "O",
            "O",
            "O",
            "O",
            "O",
            "O",
            "O",
            "O",
            "O",
            "O",
            "O",
            "O",
            "O",
            "O",
            "O",
            "O",
            "O",
            "O",
            "O",
            "O",
            "O",
            "O",
            "O",
            "O",
            "O",
            "O",
            "O",
            "O",
            "O",
            "O",
            "O",
            "O",
            "O",
            "O",
            "O",
            "O",
            "O",
            "O",
            "O",
            "O",
            "O",
            "O",
            "O",
            "O",
            "O",
            "O",
            "O",
            "O",
            "O",
            "O",
            "O",
            "O",
            "O",
            "O",
            "O",
            "O",
            "O",
            "O",
            "O",
            "O",
            "O",
            "O",
            "O",
            "O",
            "O",
            "O",
            "O",
            "O",
            "O",
            "O",
            "O",
            "O",
            "O",
            "O",
            "O",
            "O",
            "O",
            "B",
            "I",
            "O"
        ]
    },
    {
        "words": [
            "Prove",
            "that",
            "n2",
            "+",
            "1",
            "\u2265",
            "2n",
            "where",
            "n",
            "is",
            "a",
            "positive",
            "integer",
            "with",
            "1",
            "\u2264",
            "n",
            "\u2264",
            "4",
            "Proof",
            ":",
            "l",
            "n=",
            "1",
            ":",
            "(",
            "1",
            ")",
            "2",
            "+",
            "1",
            "=",
            "2",
            ",",
            "2",
            "(",
            "1",
            ")",
            "=",
            "2",
            ",",
            "and",
            "2",
            "\u2265",
            "2",
            "l",
            "n=",
            "2",
            ":",
            "(",
            "2",
            ")",
            "2",
            "+",
            "1",
            "=",
            "5",
            ",",
            "2",
            "(",
            "2",
            ")",
            "=",
            "4",
            ",",
            "and",
            "5",
            "\u2265",
            "4",
            "l",
            "n=",
            "3",
            ":",
            "(",
            "3",
            ")",
            "2",
            "+",
            "1",
            "=",
            "10",
            ",",
            "2",
            "(",
            "3",
            ")",
            "=",
            "6",
            ",",
            "and",
            "10",
            "\u2265",
            "6",
            "l",
            "n=",
            "4",
            ":",
            "(",
            "4",
            ")",
            "2",
            "+",
            "1",
            "=",
            "17",
            ",",
            "2",
            "(",
            "4",
            ")",
            "=",
            "8",
            ",",
            "and",
            "17",
            "\u2265",
            "8",
            "Since",
            "we",
            "have",
            "verified",
            "each",
            "case",
            ",",
            "we",
            "have",
            "shown",
            "that",
            "n2",
            "+",
            "1",
            "\u2265",
            "2n",
            "where",
            "n",
            "is",
            "a",
            "positive",
            "integer",
            "with",
            "1",
            "\u2264",
            "n",
            "\u2264",
            "4",
            ".",
            "\u2610",
            "With",
            "only",
            "4",
            "cases",
            "to",
            "consider",
            ",",
            "exhaustive",
            "proof",
            "was",
            "a",
            "good",
            "choice",
            "!"
        ],
        "labels": [
            "O",
            "O",
            "O",
            "O",
            "O",
            "O",
            "O",
            "O",
            "O",
            "O",
            "O",
            "O",
            "O",
            "O",
            "O",
            "O",
            "O",
            "O",
            "O",
            "O",
            "O",
            "O",
            "O",
            "O",
            "O",
            "O",
            "O",
            "O",
            "O",
            "O",
            "O",
            "O",
            "O",
            "O",
            "O",
            "O",
            "O",
            "O",
            "O",
            "O",
            "O",
            "O",
            "O",
            "O",
            "O",
            "O",
            "O",
            "O",
            "O",
            "O",
            "O",
            "O",
            "O",
            "O",
            "O",
            "O",
            "O",
            "O",
            "O",
            "O",
            "O",
            "O",
            "O",
            "O",
            "O",
            "O",
            "O",
            "O",
            "O",
            "O",
            "O",
            "O",
            "O",
            "O",
            "O",
            "O",
            "O",
            "O",
            "O",
            "O",
            "O",
            "O",
            "O",
            "O",
            "O",
            "O",
            "O",
            "O",
            "O",
            "O",
            "O",
            "O",
            "O",
            "O",
            "O",
            "O",
            "O",
            "O",
            "O",
            "O",
            "O",
            "O",
            "O",
            "O",
            "O",
            "O",
            "O",
            "O",
            "O",
            "O",
            "O",
            "O",
            "O",
            "O",
            "O",
            "O",
            "O",
            "O",
            "O",
            "O",
            "O",
            "O",
            "O",
            "O",
            "O",
            "O",
            "O",
            "O",
            "O",
            "O",
            "O",
            "O",
            "O",
            "O",
            "O",
            "O",
            "O",
            "O",
            "O",
            "O",
            "O",
            "O",
            "O",
            "O",
            "O",
            "O",
            "O",
            "O",
            "O",
            "O",
            "O",
            "O",
            "O",
            "O",
            "B",
            "I",
            "O",
            "O",
            "O",
            "O",
            "O"
        ]
    },
    {
        "words": [
            "Sometimes",
            ",",
            "exhaustive",
            "proof",
            "isn",
            "\u2019",
            "t",
            "an",
            "option",
            ",",
            "but",
            "we",
            "still",
            "need",
            "to",
            "examine",
            "multiple",
            "possibilities",
            "Example",
            ":",
            "Prove",
            "the",
            "triangle",
            "inequality",
            ".",
            "That",
            "is",
            ",",
            "if",
            "x",
            "and",
            "y",
            "are",
            "real",
            "numbers",
            ",",
            "then",
            "|x|",
            "+",
            "|y|",
            "\u2265",
            "|x",
            "+",
            "y|",
            ".",
            "Clearly",
            ",",
            "we",
            "can",
            "\u2019",
            "t",
            "use",
            "exhaustive",
            "proof",
            "here",
            "since",
            "there",
            "are",
            "infinitely",
            "many",
            "real",
            "numbers",
            "to",
            "consider",
            ".",
            "We",
            "also",
            "can",
            "\u2019",
            "t",
            "use",
            "a",
            "simple",
            "direct",
            "proof",
            "either",
            ",",
            "since",
            "our",
            "proof",
            "depends",
            "on",
            "the",
            "signs",
            "of",
            "x",
            "and",
            "y",
            "."
        ],
        "labels": [
            "O",
            "O",
            "B",
            "I",
            "O",
            "O",
            "O",
            "O",
            "O",
            "O",
            "O",
            "O",
            "O",
            "O",
            "O",
            "O",
            "O",
            "O",
            "O",
            "O",
            "O",
            "O",
            "O",
            "O",
            "O",
            "O",
            "O",
            "O",
            "O",
            "O",
            "O",
            "O",
            "O",
            "O",
            "O",
            "O",
            "O",
            "O",
            "O",
            "O",
            "O",
            "O",
            "O",
            "O",
            "O",
            "O",
            "O",
            "O",
            "O",
            "O",
            "O",
            "O",
            "O",
            "O",
            "O",
            "O",
            "O",
            "O",
            "O",
            "O",
            "O",
            "O",
            "O",
            "O",
            "O",
            "O",
            "O",
            "O",
            "O",
            "O",
            "O",
            "O",
            "O",
            "O",
            "O",
            "O",
            "O",
            "O",
            "O",
            "O",
            "O",
            "O",
            "O",
            "O",
            "O",
            "O",
            "O",
            "O",
            "O"
        ]
    },
    {
        "words": [
            "Example",
            ":",
            "Prove",
            "that",
            "if",
            "x",
            "and",
            "y",
            "are",
            "real",
            "numbers",
            ",",
            "then",
            "|x|",
            "+",
            "|y|",
            "\u2265",
            "|x",
            "+",
            "y|",
            ".",
            "n",
            "\u2026",
            "on",
            "the",
            "board",
            "!"
        ],
        "labels": [
            "O",
            "O",
            "O",
            "O",
            "O",
            "O",
            "O",
            "O",
            "O",
            "O",
            "O",
            "O",
            "O",
            "O",
            "O",
            "O",
            "O",
            "O",
            "O",
            "O",
            "O",
            "O",
            "O",
            "O",
            "O",
            "O",
            "O"
        ]
    },
    {
        "words": [
            "Making",
            "mistakes",
            "when",
            "using",
            "proof",
            "by",
            "cases",
            "is",
            "all",
            "too",
            "easy",
            "!",
            "Mistake",
            "1",
            ":",
            "Proof",
            "by",
            "\u201c",
            "a",
            "few",
            "cases",
            "\u201d",
            "is",
            "not",
            "equivalent",
            "to",
            "proof",
            "by",
            "cases",
            ".",
            "This",
            "is",
            "a",
            "\u201c",
            "there",
            "exists",
            "\u201d",
            "proof",
            ",",
            "not",
            "a",
            "\u201c",
            "for",
            "all",
            "\u201d",
            "proof",
            "!",
            "Example",
            ":",
            "Prove",
            "that",
            "all",
            "odd",
            "numbers",
            "are",
            "prime",
            ".",
            "\u201c",
            "Proof",
            ":",
            "\u201d",
            "l",
            "Case",
            "(",
            "i",
            ")",
            ":",
            "The",
            "number",
            "1",
            "is",
            "both",
            "odd",
            "and",
            "prime",
            "l",
            "Case",
            "(",
            "ii",
            ")",
            ":",
            "The",
            "number",
            "3",
            "is",
            "both",
            "odd",
            "and",
            "prime",
            "l",
            "Case",
            "(",
            "iii",
            ")",
            ":",
            "The",
            "number",
            "5",
            "is",
            "both",
            "odd",
            "and",
            "prime",
            "l",
            "Case",
            "(",
            "iv",
            ")",
            ":",
            "The",
            "number",
            "7",
            "is",
            "both",
            "odd",
            "and",
            "prime",
            "Thus",
            ",",
            "we",
            "have",
            "shown",
            "that",
            "odd",
            "numbers",
            "are",
            "prime",
            ".",
            "\u2610"
        ],
        "labels": [
            "O",
            "O",
            "O",
            "O",
            "B",
            "I",
            "I",
            "O",
            "O",
            "O",
            "O",
            "O",
            "O",
            "O",
            "O",
            "O",
            "O",
            "O",
            "O",
            "O",
            "O",
            "O",
            "O",
            "O",
            "O",
            "O",
            "B",
            "I",
            "I",
            "O",
            "O",
            "O",
            "O",
            "O",
            "O",
            "O",
            "O",
            "O",
            "O",
            "O",
            "O",
            "O",
            "O",
            "O",
            "O",
            "O",
            "O",
            "O",
            "O",
            "O",
            "O",
            "O",
            "O",
            "O",
            "O",
            "O",
            "O",
            "O",
            "O",
            "O",
            "O",
            "O",
            "O",
            "O",
            "O",
            "O",
            "O",
            "O",
            "O",
            "O",
            "O",
            "O",
            "O",
            "O",
            "O",
            "O",
            "O",
            "O",
            "O",
            "O",
            "O",
            "O",
            "O",
            "O",
            "O",
            "O",
            "O",
            "O",
            "O",
            "O",
            "O",
            "O",
            "O",
            "O",
            "O",
            "O",
            "O",
            "O",
            "O",
            "O",
            "O",
            "O",
            "O",
            "O",
            "O",
            "O",
            "O",
            "O",
            "O",
            "O",
            "O",
            "O",
            "O",
            "O",
            "O",
            "O",
            "O",
            "O",
            "O",
            "O",
            "O",
            "O",
            "O",
            "O",
            "O",
            "O",
            "O",
            "O",
            "O"
        ]
    },
    {
        "words": [
            "Making",
            "mistakes",
            "when",
            "using",
            "proof",
            "by",
            "cases",
            "is",
            "all",
            "too",
            "easy",
            "!",
            "Mistake",
            "2",
            ":",
            "Leaving",
            "out",
            "critical",
            "cases",
            ".",
            "Example",
            ":",
            "Prove",
            "that",
            "x2",
            ">",
            "0",
            "for",
            "all",
            "integers",
            "x",
            "\u201c",
            "Proof",
            ":",
            "\u201d",
            "l",
            "Case",
            "(",
            "i",
            ")",
            ":",
            "Assume",
            "that",
            "x",
            "<",
            "0",
            ".",
            "Since",
            "the",
            "product",
            "of",
            "two",
            "negative",
            "numbers",
            "is",
            "always",
            "positive",
            ",",
            "x2",
            ">",
            "0",
            ".",
            "l",
            "Case",
            "(",
            "ii",
            ")",
            ":",
            "Assume",
            "that",
            "x",
            ">",
            "0",
            ".",
            "Since",
            "the",
            "product",
            "of",
            "two",
            "positive",
            "numbers",
            "is",
            "always",
            "positive",
            ",",
            "x2",
            ">",
            "0",
            ".",
            "Since",
            "we",
            "have",
            "proven",
            "the",
            "claim",
            "for",
            "all",
            "cases",
            ",",
            "we",
            "can",
            "conclude",
            "that",
            "x2",
            ">",
            "0",
            "for",
            "all",
            "integers",
            "x",
            ".",
            "\u2610",
            "What",
            "about",
            "the",
            "case",
            "in",
            "which",
            "x",
            "=",
            "0",
            "?"
        ],
        "labels": [
            "O",
            "O",
            "O",
            "O",
            "B",
            "I",
            "I",
            "O",
            "O",
            "O",
            "O",
            "O",
            "O",
            "O",
            "O",
            "O",
            "O",
            "O",
            "O",
            "O",
            "O",
            "O",
            "O",
            "O",
            "O",
            "O",
            "O",
            "O",
            "O",
            "O",
            "O",
            "O",
            "O",
            "O",
            "O",
            "O",
            "O",
            "O",
            "O",
            "O",
            "O",
            "O",
            "O",
            "O",
            "O",
            "O",
            "O",
            "O",
            "O",
            "O",
            "O",
            "O",
            "O",
            "O",
            "O",
            "O",
            "O",
            "O",
            "O",
            "O",
            "O",
            "O",
            "O",
            "O",
            "O",
            "O",
            "O",
            "O",
            "O",
            "O",
            "O",
            "O",
            "O",
            "O",
            "O",
            "O",
            "O",
            "O",
            "O",
            "O",
            "O",
            "O",
            "O",
            "O",
            "O",
            "O",
            "O",
            "O",
            "O",
            "O",
            "O",
            "O",
            "O",
            "O",
            "O",
            "O",
            "O",
            "O",
            "O",
            "O",
            "O",
            "O",
            "O",
            "O",
            "O",
            "O",
            "O",
            "O",
            "O",
            "O",
            "O",
            "O",
            "O",
            "O",
            "O",
            "O",
            "O",
            "O",
            "O",
            "O",
            "O",
            "O"
        ]
    },
    {
        "words": [
            "Sometimes",
            "we",
            "need",
            "to",
            "prove",
            "the",
            "existence",
            "of",
            "a",
            "given",
            "element",
            "There",
            "are",
            "two",
            "ways",
            "to",
            "do",
            "this",
            "Prove",
            "the",
            "claim",
            "by",
            "showing",
            "how",
            "to",
            "construct",
            "an",
            "example",
            "The",
            "constructive",
            "approach",
            "Show",
            "that",
            "it",
            "is",
            "guaranteed",
            "that",
            "such",
            "an",
            "element",
            "exists",
            "The",
            "non-constructive",
            "approach"
        ],
        "labels": [
            "O",
            "O",
            "O",
            "O",
            "O",
            "O",
            "B",
            "O",
            "O",
            "O",
            "O",
            "O",
            "O",
            "O",
            "O",
            "O",
            "O",
            "O",
            "O",
            "O",
            "O",
            "O",
            "O",
            "O",
            "O",
            "O",
            "O",
            "O",
            "O",
            "B",
            "O",
            "O",
            "O",
            "O",
            "O",
            "O",
            "O",
            "O",
            "O",
            "O",
            "O",
            "O",
            "B",
            "O"
        ]
    },
    {
        "words": [
            "A",
            "constructive",
            "existence",
            "proof",
            "Prove",
            ":",
            "Show",
            "that",
            "there",
            "is",
            "a",
            "positive",
            "integer",
            "that",
            "can",
            "be",
            "written",
            "as",
            "the",
            "sum",
            "of",
            "cubes",
            "of",
            "positive",
            "integers",
            "in",
            "two",
            "different",
            "ways",
            ".",
            "Proof",
            ":",
            "1729",
            "=",
            "103",
            "+",
            "93",
            "=",
            "123",
            "+",
            "13",
            "\u2610",
            "Obviously",
            ",",
            "the",
            "claim",
            "has",
            "been",
            "proven",
            "because",
            "we",
            "have",
            "shown",
            "that",
            "a",
            "specific",
            "instance",
            "of",
            "the",
            "claim",
            "is",
            "valid",
            ".",
            "Constructive",
            "existence",
            "proofs",
            "are",
            "really",
            "just",
            "instances",
            "of",
            "\u201c",
            "existential",
            "generalization",
            ".",
            "\u201d"
        ],
        "labels": [
            "O",
            "B",
            "I",
            "I",
            "O",
            "O",
            "O",
            "O",
            "O",
            "O",
            "O",
            "O",
            "O",
            "O",
            "O",
            "O",
            "O",
            "O",
            "O",
            "O",
            "O",
            "O",
            "O",
            "O",
            "O",
            "O",
            "O",
            "O",
            "O",
            "O",
            "O",
            "O",
            "O",
            "O",
            "O",
            "O",
            "O",
            "O",
            "O",
            "O",
            "O",
            "O",
            "O",
            "O",
            "O",
            "O",
            "O",
            "O",
            "O",
            "O",
            "O",
            "O",
            "O",
            "O",
            "O",
            "O",
            "O",
            "O",
            "O",
            "O",
            "O",
            "O",
            "O",
            "B",
            "I",
            "I",
            "O",
            "O",
            "O",
            "O",
            "O",
            "O",
            "B",
            "I",
            "O",
            "O"
        ]
    },
    {
        "words": [
            "A",
            "non-constructive",
            "existence",
            "proof",
            "Prove",
            ":",
            "Show",
            "that",
            "there",
            "exist",
            "two",
            "irrational",
            "numbers",
            "x",
            "and",
            "y",
            "such",
            "that",
            "xy",
            "is",
            "rational",
            ".",
            "Proof",
            ":",
            "l",
            "We",
            "know",
            "that",
            "\u221a2",
            "is",
            "irrational",
            ",",
            "so",
            "let",
            "x",
            "=",
            "\u221a2",
            "l",
            "If",
            "\u221a2\u221a2",
            "is",
            "rational",
            ",",
            "then",
            "we",
            "are",
            "done",
            "!",
            "(",
            "i.e.",
            ",",
            "x",
            "=",
            "y",
            "=",
            "\u221a2",
            ")",
            "l",
            "If",
            "\u221a2\u221a2",
            "is",
            "irrational",
            ",",
            "then",
            "let",
            "x",
            "=",
            "\u221a2\u221a2",
            "and",
            "y",
            "=",
            "\u221a2",
            ",",
            "both",
            "of",
            "which",
            "are",
            "irrational",
            "l",
            "Now",
            ",",
            "xy",
            "=",
            "(",
            "\u221a2\u221a2",
            ")",
            "\u221a2",
            "=",
            "\u221a22",
            "=",
            "2",
            ",",
            "which",
            "is",
            "rational",
            "(",
            "i.e.",
            ",",
            "2",
            "=",
            "2/1",
            ")",
            "\u2610",
            "Note",
            ":",
            "We",
            "don",
            "\u2019",
            "t",
            "know",
            "whether",
            "\u221a2\u221a2",
            "is",
            "rational",
            "or",
            "irrational",
            ".",
            "However",
            ",",
            "in",
            "either",
            "case",
            ",",
            "we",
            "can",
            "use",
            "it",
            "to",
            "construct",
            "a",
            "rational",
            "number",
            "."
        ],
        "labels": [
            "O",
            "B",
            "I",
            "I",
            "O",
            "O",
            "O",
            "O",
            "O",
            "O",
            "O",
            "O",
            "O",
            "O",
            "O",
            "O",
            "O",
            "O",
            "O",
            "O",
            "O",
            "O",
            "O",
            "O",
            "O",
            "O",
            "O",
            "O",
            "O",
            "O",
            "O",
            "O",
            "O",
            "O",
            "O",
            "O",
            "O",
            "O",
            "O",
            "O",
            "O",
            "O",
            "O",
            "O",
            "O",
            "O",
            "O",
            "O",
            "O",
            "O",
            "O",
            "O",
            "O",
            "O",
            "O",
            "O",
            "O",
            "O",
            "O",
            "O",
            "O",
            "O",
            "O",
            "O",
            "O",
            "O",
            "O",
            "O",
            "O",
            "O",
            "O",
            "O",
            "O",
            "O",
            "O",
            "O",
            "O",
            "O",
            "O",
            "O",
            "O",
            "O",
            "O",
            "O",
            "O",
            "O",
            "O",
            "O",
            "O",
            "O",
            "O",
            "O",
            "O",
            "O",
            "O",
            "O",
            "O",
            "O",
            "O",
            "O",
            "O",
            "O",
            "O",
            "O",
            "O",
            "O",
            "O",
            "O",
            "O",
            "O",
            "O",
            "O",
            "O",
            "O",
            "O",
            "O",
            "O",
            "O",
            "O",
            "O",
            "O",
            "O",
            "O",
            "O",
            "O",
            "O",
            "O",
            "O",
            "O",
            "O",
            "O",
            "O",
            "O"
        ]
    },
    {
        "words": [
            "Sometimes",
            ",",
            "existence",
            "is",
            "not",
            "enough",
            "and",
            "we",
            "need",
            "to",
            "prove",
            "uniqueness",
            "This",
            "process",
            "has",
            "two",
            "steps",
            ":",
            "1",
            ".",
            "Provide",
            "an",
            "existence",
            "proof",
            "2",
            ".",
            "Show",
            "that",
            "any",
            "other",
            "solution",
            "to",
            "the",
            "problem",
            "is",
            "equivalent",
            "to",
            "the",
            "solution",
            "generated",
            "in",
            "step",
            "1",
            "Example",
            ":",
            "Prove",
            "that",
            "if",
            "a",
            "and",
            "b",
            "are",
            "real",
            "numbers",
            ",",
            "then",
            "there",
            "exists",
            "a",
            "unique",
            "real",
            "number",
            "r",
            "such",
            "that",
            "ar",
            "+",
            "b",
            "=",
            "0",
            "Existence",
            "Proof",
            ":",
            "l",
            "Note",
            "that",
            "r",
            "=",
            "-b/a",
            "is",
            "a",
            "solution",
            "to",
            "this",
            "equality",
            "since",
            "a",
            "(",
            "-b/a",
            ")",
            "+",
            "b",
            "=",
            "-b",
            "+",
            "b",
            "=",
            "0",
            ".",
            "l",
            "Assume",
            "that",
            "as",
            "+",
            "b",
            "=",
            "0",
            ",",
            "s",
            "\u2260",
            "r",
            "l",
            "Then",
            "as",
            "=",
            "-b",
            ",",
            "so",
            "s",
            "=",
            "-b/a",
            "=",
            "r",
            ",",
            "which",
            "is",
            "a",
            "contradiction",
            "\u2610",
            "Uniqueness"
        ],
        "labels": [
            "O",
            "O",
            "B",
            "O",
            "O",
            "O",
            "O",
            "O",
            "O",
            "O",
            "O",
            "B",
            "O",
            "O",
            "O",
            "O",
            "O",
            "O",
            "O",
            "O",
            "O",
            "O",
            "B",
            "I",
            "O",
            "O",
            "O",
            "O",
            "O",
            "O",
            "O",
            "O",
            "O",
            "O",
            "O",
            "O",
            "O",
            "O",
            "O",
            "O",
            "O",
            "O",
            "O",
            "O",
            "O",
            "O",
            "O",
            "O",
            "O",
            "O",
            "O",
            "O",
            "O",
            "O",
            "O",
            "O",
            "O",
            "O",
            "O",
            "O",
            "O",
            "O",
            "O",
            "O",
            "O",
            "O",
            "O",
            "O",
            "O",
            "O",
            "B",
            "O",
            "O",
            "O",
            "O",
            "O",
            "O",
            "O",
            "O",
            "O",
            "O",
            "O",
            "O",
            "O",
            "O",
            "O",
            "O",
            "O",
            "O",
            "O",
            "O",
            "O",
            "O",
            "O",
            "O",
            "O",
            "O",
            "O",
            "O",
            "O",
            "O",
            "O",
            "O",
            "O",
            "O",
            "O",
            "O",
            "O",
            "O",
            "O",
            "O",
            "O",
            "O",
            "O",
            "O",
            "O",
            "O",
            "O",
            "O",
            "O",
            "O",
            "O",
            "O",
            "O",
            "O",
            "O",
            "O",
            "B",
            "O",
            "B"
        ]
    },
    {
        "words": [
            "The",
            "scientific",
            "process",
            "is",
            "not",
            "always",
            "straightforward\u2026",
            "Gather",
            "evidence",
            ",",
            "Prove",
            "Conjecture",
            "prove",
            "lemmas",
            "theorem"
        ],
        "labels": [
            "O",
            "O",
            "O",
            "O",
            "O",
            "O",
            "O",
            "O",
            "O",
            "O",
            "O",
            "O",
            "O",
            "O",
            "O"
        ]
    },
    {
        "words": [
            "Proof",
            "strategies",
            "can",
            "help",
            "preserve",
            "your",
            "sanity",
            "Proof",
            "strategies",
            "help",
            "us\u2026",
            "Effectively",
            "use",
            "all",
            "of",
            "the",
            "Organize",
            "our",
            "problem",
            "tools",
            "at",
            "our",
            "disposal",
            "solving",
            "approach",
            "Develop",
            "a",
            "coherent",
            "plan",
            "of",
            "attack"
        ],
        "labels": [
            "B",
            "I",
            "O",
            "O",
            "O",
            "O",
            "O",
            "B",
            "I",
            "O",
            "O",
            "O",
            "O",
            "O",
            "O",
            "O",
            "O",
            "O",
            "O",
            "O",
            "O",
            "O",
            "O",
            "O",
            "O",
            "O",
            "O",
            "O",
            "O",
            "O",
            "O"
        ]
    },
    {
        "words": [
            "Types",
            "of",
            "proof",
            "strategy",
            "Today",
            "we",
            "\u2019",
            "ll",
            "discuss",
            "four",
            "types",
            "of",
            "strategy",
            ":",
            "1",
            ".",
            "Forward",
            "reasoning",
            "2",
            ".",
            "Backward",
            "reasoning",
            "3",
            ".",
            "Searching",
            "for",
            "counterexamples",
            "4",
            ".",
            "Adapting",
            "existing",
            "proofs"
        ],
        "labels": [
            "O",
            "O",
            "O",
            "O",
            "O",
            "O",
            "O",
            "O",
            "O",
            "O",
            "O",
            "O",
            "O",
            "O",
            "O",
            "O",
            "B",
            "I",
            "O",
            "O",
            "B",
            "I",
            "O",
            "O",
            "B",
            "I",
            "I",
            "O",
            "O",
            "B",
            "I",
            "I"
        ]
    },
    {
        "words": [
            "Sometimes",
            "forward",
            "reasoning",
            "doesn",
            "\u2019",
            "t",
            "work",
            "In",
            "these",
            "cases",
            ",",
            "it",
            "is",
            "often",
            "helpful",
            "to",
            "reason",
            "backwards",
            ",",
            "starting",
            "with",
            "the",
            "goal",
            "that",
            "we",
            "want",
            "to",
            "prove",
            ".",
            "Example",
            ":",
            "Prove",
            "that",
            "given",
            "two",
            "distinct",
            "positive",
            "real",
            "numbers",
            "x",
            "and",
            "y",
            ",",
            "the",
            "arithmetic",
            "mean",
            "of",
            "x",
            "and",
            "y",
            "is",
            "always",
            "greater",
            "than",
            "the",
            "geometric",
            "mean",
            "of",
            "x",
            "and",
            "y",
            ".",
            "(",
            "x",
            "+",
            "y",
            ")",
            "/2",
            "\u221a",
            "(",
            "xy",
            ")",
            "Sanity",
            "check",
            ":",
            "Let",
            "x=8",
            "and",
            "y=4",
            ".",
            "(",
            "8+4",
            ")",
            "/2",
            "=",
            "6",
            ".",
            "\u221a",
            "(",
            "8\u00d74",
            ")",
            "=",
            "\u221a",
            "(",
            "32",
            ")",
            "\u2245",
            "5.66",
            ".",
            "6",
            ">",
            "5.66"
        ],
        "labels": [
            "O",
            "B",
            "I",
            "O",
            "O",
            "O",
            "O",
            "O",
            "O",
            "O",
            "O",
            "O",
            "O",
            "O",
            "O",
            "O",
            "O",
            "O",
            "O",
            "O",
            "O",
            "O",
            "O",
            "O",
            "O",
            "O",
            "O",
            "O",
            "O",
            "O",
            "O",
            "O",
            "O",
            "O",
            "O",
            "O",
            "O",
            "O",
            "O",
            "O",
            "O",
            "O",
            "O",
            "O",
            "O",
            "O",
            "O",
            "O",
            "O",
            "O",
            "O",
            "O",
            "O",
            "O",
            "O",
            "O",
            "O",
            "O",
            "O",
            "O",
            "O",
            "O",
            "O",
            "O",
            "O",
            "O",
            "O",
            "O",
            "O",
            "O",
            "O",
            "O",
            "O",
            "O",
            "O",
            "O",
            "O",
            "O",
            "O",
            "O",
            "O",
            "O",
            "O",
            "O",
            "O",
            "O",
            "O",
            "O",
            "O",
            "O",
            "O",
            "O",
            "O",
            "O",
            "O",
            "O",
            "O",
            "O",
            "O",
            "O",
            "O",
            "O"
        ]
    },
    {
        "words": [
            "Prove",
            "that",
            "(",
            "x+y",
            ")",
            "/2",
            ">",
            "\u221a",
            "(",
            "xy",
            ")",
            "for",
            "all",
            "distinct",
            "pairs",
            "of",
            "positive",
            "real",
            "numbers",
            "x",
            "and",
            "y",
            ".",
            "Proof",
            ":",
            "(",
            "x",
            "+",
            "y",
            ")",
            "/2",
            ">",
            "\u221a",
            "(",
            "xy",
            ")",
            "(",
            "x",
            "+",
            "y",
            ")",
            "2/4",
            ">",
            "xy",
            "(",
            "x",
            "+",
            "y",
            ")",
            "2",
            ">",
            "4xy",
            "x2",
            "+",
            "2xy",
            "+",
            "y2",
            ">",
            "4xy",
            "x2",
            "-",
            "2xy",
            "+",
            "y2",
            ">",
            "0",
            "(",
            "x",
            "\u2013",
            "y",
            ")",
            "2",
            ">",
            "0",
            "Since",
            "(",
            "x",
            "\u2013",
            "y",
            ")",
            "2",
            ">",
            "0",
            "whenever",
            "x",
            "\u2260",
            "y",
            ",",
            "the",
            "final",
            "inequality",
            "is",
            "true",
            ".",
            "Since",
            "all",
            "of",
            "these",
            "inequalities",
            "are",
            "equivalent",
            ",",
            "it",
            "follows",
            "that",
            "(",
            "x",
            "+",
            "y",
            ")",
            "/2",
            ">",
            "\u221a",
            "(",
            "xy",
            ")",
            ".",
            "\u2610"
        ],
        "labels": [
            "O",
            "O",
            "O",
            "O",
            "O",
            "O",
            "O",
            "O",
            "O",
            "O",
            "O",
            "O",
            "O",
            "O",
            "O",
            "O",
            "O",
            "O",
            "O",
            "O",
            "O",
            "O",
            "O",
            "O",
            "O",
            "O",
            "O",
            "O",
            "O",
            "O",
            "O",
            "O",
            "O",
            "O",
            "O",
            "O",
            "O",
            "O",
            "O",
            "O",
            "O",
            "O",
            "O",
            "O",
            "O",
            "O",
            "O",
            "O",
            "O",
            "O",
            "O",
            "O",
            "O",
            "O",
            "O",
            "O",
            "O",
            "O",
            "O",
            "O",
            "O",
            "O",
            "O",
            "O",
            "O",
            "O",
            "O",
            "O",
            "O",
            "O",
            "O",
            "O",
            "O",
            "O",
            "O",
            "O",
            "O",
            "O",
            "O",
            "O",
            "O",
            "O",
            "O",
            "O",
            "O",
            "O",
            "O",
            "O",
            "O",
            "O",
            "O",
            "O",
            "O",
            "O",
            "O",
            "O",
            "O",
            "O",
            "O",
            "O",
            "O",
            "O",
            "O",
            "O",
            "O",
            "O",
            "O",
            "O",
            "O",
            "O",
            "O",
            "O",
            "O",
            "O",
            "O",
            "O",
            "O",
            "O"
        ]
    },
    {
        "words": [
            "Other",
            "times",
            ",",
            "searching",
            "for",
            "a",
            "counterexample",
            "is",
            "helpful",
            "Proof",
            "by",
            "counterexample",
            "is",
            "helpful",
            "if",
            ":",
            "l",
            "Proof",
            "attempts",
            "repeatedly",
            "fail",
            "l",
            "The",
            "conjecture",
            "to",
            "be",
            "proven",
            "looks",
            "\u201c",
            "funny",
            "\u201d",
            "Example",
            ":",
            "Prove",
            "that",
            "every",
            "positive",
            "integer",
            "is",
            "the",
            "sum",
            "of",
            "two",
            "squares",
            ".",
            "This",
            "seems",
            "suspicious",
            "to",
            "me",
            ",",
            "since",
            "other",
            "factorizations",
            "(",
            "e.g.",
            ",",
            "prime",
            "factorizations",
            ")",
            "can",
            "be",
            "complex",
            ".",
            "Counterexample",
            ":",
            "3",
            "is",
            "not",
            "the",
            "sum",
            "of",
            "two",
            "squares",
            ",",
            "so",
            "the",
            "claim",
            "is",
            "false",
            ".",
            "\u2610"
        ],
        "labels": [
            "O",
            "O",
            "O",
            "B",
            "I",
            "I",
            "I",
            "O",
            "O",
            "B",
            "I",
            "I",
            "O",
            "O",
            "O",
            "O",
            "O",
            "O",
            "O",
            "O",
            "O",
            "O",
            "O",
            "B",
            "O",
            "O",
            "O",
            "O",
            "O",
            "O",
            "O",
            "O",
            "O",
            "O",
            "O",
            "O",
            "O",
            "O",
            "O",
            "O",
            "O",
            "O",
            "O",
            "O",
            "O",
            "O",
            "O",
            "O",
            "O",
            "O",
            "O",
            "O",
            "O",
            "O",
            "O",
            "O",
            "O",
            "O",
            "O",
            "O",
            "O",
            "O",
            "O",
            "O",
            "B",
            "O",
            "O",
            "O",
            "O",
            "O",
            "O",
            "O",
            "O",
            "O",
            "O",
            "O",
            "O",
            "O",
            "O",
            "O",
            "O",
            "O"
        ]
    },
    {
        "words": [
            "These",
            "four",
            "proof",
            "strategies",
            "are",
            "just",
            "a",
            "start",
            "!",
            "A",
            "great",
            "tool",
            "for",
            "programmers",
            "AND",
            "logicians",
            "!",
            "When",
            "trying",
            "to",
            "prove",
            "a",
            "new",
            "conjecture",
            ",",
            "a",
            "good",
            "\u201c",
            "meta",
            "strategy",
            "\u201d",
            "is",
            "to",
            ":",
            "1",
            ".",
            "If",
            "possible",
            ",",
            "try",
            "to",
            "reuse",
            "an",
            "existing",
            "proof",
            "(",
            "analogy",
            "!",
            ")",
            "2",
            ".",
            "If",
            "the",
            "conjecture",
            "looks",
            "fishy",
            ",",
            "check",
            "for",
            "a",
            "counterexample",
            "3",
            ".",
            "Attempt",
            "a",
            "\u201c",
            "real",
            "\u201d",
            "proof",
            "a",
            ")",
            "Apply",
            "the",
            "forward",
            "reasoning",
            "strategy",
            "b",
            ")",
            "Or",
            ",",
            "apply",
            "the",
            "backward",
            "reasoning",
            "strategy",
            "c",
            ")",
            "Possibly",
            "alternate",
            "between",
            "forward",
            "and",
            "backward",
            "reasoning",
            "Unfortunately",
            ",",
            "not",
            "every",
            "proof",
            "can",
            "be",
            "solved",
            "using",
            "this",
            "nice",
            "little",
            "meta",
            "strategy\u2026",
            "In",
            "fact",
            ",",
            "there",
            "are",
            "many",
            ",",
            "many",
            "proof",
            "strategies",
            "out",
            "there",
            ",",
            "and",
            "NONE",
            "of",
            "them",
            "can",
            "be",
            "guaranteed",
            "to",
            "find",
            "a",
            "proof",
            "!",
            "!",
            "!"
        ],
        "labels": [
            "O",
            "O",
            "B",
            "I",
            "O",
            "O",
            "O",
            "O",
            "O",
            "O",
            "O",
            "O",
            "O",
            "O",
            "O",
            "O",
            "O",
            "O",
            "O",
            "O",
            "O",
            "O",
            "O",
            "B",
            "O",
            "O",
            "O",
            "O",
            "O",
            "O",
            "O",
            "O",
            "O",
            "O",
            "O",
            "O",
            "O",
            "O",
            "O",
            "O",
            "O",
            "B",
            "I",
            "I",
            "I",
            "O",
            "O",
            "O",
            "O",
            "O",
            "O",
            "O",
            "O",
            "B",
            "O",
            "O",
            "O",
            "B",
            "I",
            "I",
            "I",
            "O",
            "O",
            "O",
            "O",
            "O",
            "O",
            "O",
            "B",
            "O",
            "O",
            "O",
            "O",
            "B",
            "I",
            "I",
            "O",
            "O",
            "O",
            "O",
            "O",
            "O",
            "B",
            "I",
            "I",
            "O",
            "O",
            "O",
            "O",
            "O",
            "B",
            "O",
            "B",
            "I",
            "O",
            "O",
            "O",
            "B",
            "O",
            "O",
            "O",
            "O",
            "O",
            "O",
            "O",
            "O",
            "O",
            "O",
            "O",
            "O",
            "O",
            "O",
            "O",
            "O",
            "O",
            "O",
            "B",
            "I",
            "O",
            "O",
            "O",
            "O",
            "O",
            "O",
            "O",
            "O",
            "O",
            "O",
            "O",
            "O",
            "O",
            "B",
            "O",
            "O",
            "O"
        ]
    },
    {
        "words": [
            "In-class",
            "exercises",
            "Problem",
            "2",
            ":",
            "Prove",
            "that",
            "there",
            "exists",
            "a",
            "positive",
            "integer",
            "that",
            "is",
            "equal",
            "to",
            "the",
            "sum",
            "of",
            "all",
            "positive",
            "integers",
            "less",
            "than",
            "it",
            ".",
            "Is",
            "your",
            "proof",
            "constructive",
            "or",
            "non-constructive",
            "?",
            "Problem",
            "3",
            ":",
            "Prove",
            "that",
            "there",
            "is",
            "no",
            "positive",
            "integer",
            "n",
            "such",
            "that",
            "n2",
            "+",
            "n3",
            "=",
            "100",
            ".",
            "Problem",
            "4",
            ":",
            "Use",
            "proof",
            "by",
            "cases",
            "to",
            "show",
            "that",
            "min",
            "(",
            "a",
            ",",
            "min",
            "(",
            "b",
            ",",
            "c",
            ")",
            ")",
            "=",
            "min",
            "(",
            "min",
            "(",
            "a",
            ",",
            "b",
            ")",
            ",",
            "c",
            ")",
            "whenever",
            "a",
            ",",
            "b",
            ",",
            "and",
            "c",
            "are",
            "real",
            "numbers",
            "."
        ],
        "labels": [
            "O",
            "O",
            "O",
            "O",
            "O",
            "O",
            "O",
            "O",
            "O",
            "O",
            "O",
            "O",
            "O",
            "O",
            "O",
            "O",
            "O",
            "O",
            "O",
            "O",
            "O",
            "O",
            "O",
            "O",
            "O",
            "O",
            "O",
            "O",
            "O",
            "B",
            "B",
            "O",
            "B",
            "O",
            "O",
            "O",
            "O",
            "O",
            "O",
            "O",
            "O",
            "O",
            "O",
            "O",
            "O",
            "O",
            "O",
            "O",
            "O",
            "O",
            "O",
            "O",
            "O",
            "O",
            "O",
            "B",
            "I",
            "I",
            "O",
            "O",
            "O",
            "O",
            "O",
            "O",
            "O",
            "O",
            "O",
            "O",
            "O",
            "O",
            "O",
            "O",
            "O",
            "O",
            "O",
            "O",
            "O",
            "O",
            "O",
            "O",
            "O",
            "O",
            "O",
            "O",
            "O",
            "O",
            "O",
            "O",
            "O",
            "O",
            "O",
            "O",
            "O",
            "O",
            "O",
            "O"
        ]
    },
    {
        "words": [
            "Final",
            "Thoughts",
            "n",
            "Proving",
            "theorems",
            "is",
            "not",
            "always",
            "straightforward",
            "n",
            "Having",
            "several",
            "proof",
            "strategies",
            "at",
            "your",
            "disposal",
            "will",
            "make",
            "a",
            "huge",
            "difference",
            "in",
            "your",
            "success",
            "rate",
            "!",
            "n",
            "We",
            "are",
            "\u201c",
            "done",
            "\u201d",
            "with",
            "our",
            "intro",
            "to",
            "logic",
            "and",
            "proofs",
            "n",
            "Next",
            "lecture",
            ":",
            "l",
            "Intro",
            "to",
            "set",
            "theory",
            "l",
            "Please",
            "read",
            "sections",
            "2.1",
            "and",
            "2.2"
        ],
        "labels": [
            "O",
            "O",
            "O",
            "O",
            "B",
            "O",
            "O",
            "O",
            "O",
            "O",
            "O",
            "O",
            "B",
            "I",
            "O",
            "O",
            "O",
            "O",
            "O",
            "O",
            "O",
            "O",
            "O",
            "O",
            "O",
            "O",
            "O",
            "O",
            "O",
            "O",
            "O",
            "O",
            "O",
            "O",
            "O",
            "O",
            "O",
            "B",
            "O",
            "B",
            "O",
            "O",
            "O",
            "O",
            "O",
            "O",
            "O",
            "B",
            "I",
            "O",
            "O",
            "O",
            "O",
            "O",
            "O",
            "O"
        ]
    }
]