[
    {
        "words": [
            "Discrete",
            "Structures",
            "for",
            "Computer",
            "Science",
            "William",
            "Garrison",
            "bill",
            "@",
            "cs.pitt.edu",
            "6311",
            "Sennott",
            "Square",
            "Lecture",
            "#",
            "3",
            ":",
            "Logic",
            "Puzzles",
            "and",
            "Propositional",
            "Equivalence",
            "Based",
            "on",
            "materials",
            "developed",
            "by",
            "Dr.",
            "Adam",
            "Lee"
        ],
        "labels": [
            "O",
            "O",
            "O",
            "O",
            "O",
            "O",
            "O",
            "O",
            "O",
            "O",
            "O",
            "O",
            "O",
            "O",
            "O",
            "O",
            "O",
            "B",
            "I",
            "O",
            "B",
            "I",
            "O",
            "O",
            "O",
            "O",
            "O",
            "O",
            "O",
            "O"
        ]
    },
    {
        "words": [
            "Today",
            "\u2019",
            "s",
            "topics",
            "n",
            "Logic",
            "puzzles",
            "n",
            "Propositional",
            "equivalences"
        ],
        "labels": [
            "O",
            "O",
            "O",
            "O",
            "O",
            "B",
            "I",
            "O",
            "B",
            "I"
        ]
    },
    {
        "words": [
            "A",
            "technical",
            "support",
            "conundrum",
            "Alice",
            "and",
            "Bob",
            "are",
            "technical",
            "support",
            "agents",
            ".",
            "If",
            "an",
            "agent",
            "is",
            "having",
            "a",
            "bad",
            "day",
            ",",
            "he",
            "or",
            "she",
            "will",
            "always",
            "lie",
            "to",
            "you",
            ".",
            "If",
            "an",
            "agent",
            "is",
            "having",
            "a",
            "good",
            "day",
            ",",
            "he",
            "or",
            "she",
            "will",
            "always",
            "tell",
            "you",
            "the",
            "truth",
            ".",
            "Alice",
            "tells",
            "you",
            "that",
            "Bob",
            "is",
            "having",
            "a",
            "bad",
            "day",
            ".",
            "Bob",
            "tells",
            "you",
            "that",
            "he",
            "and",
            "Alice",
            "are",
            "both",
            "having",
            "the",
            "same",
            "type",
            "of",
            "day",
            ".",
            "Can",
            "you",
            "trust",
            "the",
            "advice",
            "you",
            "receive",
            "from",
            "Alice",
            "during",
            "your",
            "call",
            "?"
        ],
        "labels": [
            "O",
            "O",
            "O",
            "O",
            "O",
            "O",
            "O",
            "O",
            "O",
            "O",
            "O",
            "O",
            "O",
            "O",
            "O",
            "O",
            "O",
            "O",
            "O",
            "O",
            "O",
            "O",
            "O",
            "O",
            "O",
            "O",
            "O",
            "O",
            "O",
            "O",
            "O",
            "O",
            "O",
            "O",
            "O",
            "O",
            "O",
            "O",
            "O",
            "O",
            "O",
            "O",
            "O",
            "O",
            "O",
            "O",
            "O",
            "O",
            "O",
            "O",
            "O",
            "O",
            "O",
            "O",
            "O",
            "O",
            "O",
            "O",
            "O",
            "O",
            "O",
            "O",
            "O",
            "O",
            "O",
            "O",
            "O",
            "O",
            "O",
            "O",
            "O",
            "O",
            "O",
            "O",
            "O",
            "O",
            "O",
            "O",
            "O",
            "O",
            "O",
            "O",
            "O",
            "O",
            "O",
            "O",
            "O",
            "O",
            "O"
        ]
    },
    {
        "words": [
            "Solving",
            "logic",
            "puzzles",
            "is",
            "easy",
            "!",
            "Step",
            "1",
            ":",
            "Identify",
            "rules",
            "and",
            "constraints",
            "Step",
            "2",
            ":",
            "Assign",
            "propositions",
            "Step",
            "3",
            ":",
            "Make",
            "assumptions",
            "to",
            "key",
            "concepts",
            "and",
            "reason",
            "logically",
            "!"
        ],
        "labels": [
            "O",
            "B",
            "I",
            "O",
            "O",
            "O",
            "O",
            "O",
            "O",
            "O",
            "O",
            "O",
            "O",
            "O",
            "O",
            "O",
            "O",
            "B",
            "O",
            "O",
            "O",
            "O",
            "O",
            "O",
            "O",
            "O",
            "O",
            "O",
            "O",
            "O"
        ]
    },
    {
        "words": [
            "Technical",
            "support",
            "revisited",
            "Alice",
            "and",
            "Bob",
            "are",
            "technical",
            "support",
            "agents",
            ".",
            "If",
            "an",
            "agent",
            "is",
            "having",
            "a",
            "bad",
            "day",
            ",",
            "he",
            "or",
            "she",
            "will",
            "always",
            "lie",
            "to",
            "you",
            ".",
            "If",
            "an",
            "agent",
            "is",
            "having",
            "a",
            "good",
            "day",
            ",",
            "he",
            "or",
            "she",
            "will",
            "always",
            "tell",
            "you",
            "the",
            "truth",
            ".",
            "Alice",
            "tells",
            "you",
            "that",
            "Bob",
            "is",
            "having",
            "a",
            "bad",
            "day",
            ".",
            "Bob",
            "tells",
            "you",
            "that",
            "he",
            "and",
            "Alice",
            "are",
            "both",
            "having",
            "the",
            "same",
            "type",
            "of",
            "day",
            ".",
            "Can",
            "you",
            "trust",
            "the",
            "advice",
            "you",
            "receive",
            "from",
            "Alice",
            "during",
            "your",
            "call",
            "?",
            "Step",
            "1",
            ":",
            "Identify",
            "the",
            "rules",
            "of",
            "the",
            "puzzle",
            "l",
            "Good",
            "day",
            "=",
            "tell",
            "the",
            "truth",
            "l",
            "Bad",
            "day",
            "=",
            "lie",
            "!",
            "Step",
            "2",
            ":",
            "Assign",
            "propositions",
            "to",
            "the",
            "key",
            "concepts",
            "in",
            "the",
            "puzzle",
            "l",
            "a",
            "\u00ba",
            "\u201c",
            "Alice",
            "is",
            "having",
            "a",
            "good",
            "day",
            "\u201d",
            "l",
            "b",
            "\u00ba",
            "\u201c",
            "Bob",
            "is",
            "having",
            "a",
            "good",
            "day",
            "\u201d"
        ],
        "labels": [
            "O",
            "O",
            "O",
            "O",
            "O",
            "O",
            "O",
            "O",
            "O",
            "O",
            "O",
            "O",
            "O",
            "O",
            "O",
            "O",
            "O",
            "O",
            "O",
            "O",
            "O",
            "O",
            "O",
            "O",
            "O",
            "O",
            "O",
            "O",
            "O",
            "O",
            "O",
            "O",
            "O",
            "O",
            "O",
            "O",
            "O",
            "O",
            "O",
            "O",
            "O",
            "O",
            "O",
            "O",
            "O",
            "O",
            "O",
            "O",
            "O",
            "O",
            "O",
            "O",
            "O",
            "O",
            "O",
            "O",
            "O",
            "O",
            "O",
            "O",
            "O",
            "O",
            "O",
            "O",
            "O",
            "O",
            "O",
            "O",
            "O",
            "O",
            "O",
            "O",
            "O",
            "O",
            "O",
            "O",
            "O",
            "O",
            "O",
            "O",
            "O",
            "O",
            "O",
            "O",
            "O",
            "O",
            "O",
            "O",
            "O",
            "O",
            "O",
            "O",
            "O",
            "O",
            "O",
            "O",
            "O",
            "O",
            "O",
            "O",
            "O",
            "O",
            "O",
            "O",
            "O",
            "O",
            "O",
            "O",
            "O",
            "O",
            "O",
            "O",
            "O",
            "O",
            "B",
            "O",
            "O",
            "O",
            "O",
            "O",
            "O",
            "O",
            "O",
            "O",
            "O",
            "O",
            "O",
            "O",
            "O",
            "O",
            "O",
            "O",
            "O",
            "O",
            "O",
            "O",
            "O",
            "O",
            "O",
            "O",
            "O",
            "O",
            "O",
            "O"
        ]
    },
    {
        "words": [
            "Step",
            "3",
            ":",
            "Make",
            "assumptions",
            "and",
            "reason",
            "logically",
            "Another",
            "example",
            "Consider",
            "a",
            "group",
            "of",
            "friends",
            ":",
            "Frank",
            ",",
            "Anna",
            ",",
            "and",
            "Chris",
            ".",
            "If",
            "Frank",
            "is",
            "not",
            "the",
            "oldest",
            ",",
            "then",
            "Anna",
            "is",
            ".",
            "If",
            "Anna",
            "is",
            "not",
            "the",
            "youngest",
            ",",
            "then",
            "Chris",
            "is",
            "the",
            "oldest",
            ".",
            "Determine",
            "the",
            "relative",
            "ages",
            "of",
            "Frank",
            ",",
            "Anna",
            ",",
            "and",
            "Chris",
            ".",
            "Propositions",
            ":",
            "l",
            "f",
            "=",
            "\u201c",
            "Frank",
            "is",
            "the",
            "oldest",
            "\u201d",
            "l",
            "a",
            "=",
            "\u201c",
            "Anna",
            "is",
            "the",
            "oldest",
            "\u201d",
            "l",
            "a",
            "\u2019",
            "=",
            "\u201c",
            "Anna",
            "is",
            "the",
            "youngest",
            "\u201d",
            "l",
            "c",
            "=",
            "\u201c",
            "Chris",
            "is",
            "the",
            "oldest",
            "\u201d",
            "Rules",
            ":",
            "1",
            ".",
            "\u00acf",
            "\u00ae",
            "a",
            "2",
            ".",
            "\u00aca",
            "\u2019",
            "\u00ae",
            "c"
        ],
        "labels": [
            "O",
            "O",
            "O",
            "O",
            "O",
            "O",
            "O",
            "O",
            "O",
            "O",
            "O",
            "O",
            "O",
            "O",
            "O",
            "O",
            "O",
            "O",
            "O",
            "O",
            "O",
            "O",
            "O",
            "O",
            "O",
            "O",
            "O",
            "O",
            "O",
            "O",
            "O",
            "O",
            "O",
            "O",
            "O",
            "O",
            "O",
            "O",
            "O",
            "O",
            "O",
            "O",
            "O",
            "O",
            "O",
            "O",
            "O",
            "O",
            "O",
            "O",
            "O",
            "O",
            "O",
            "O",
            "O",
            "O",
            "O",
            "O",
            "O",
            "B",
            "O",
            "O",
            "O",
            "O",
            "O",
            "O",
            "O",
            "O",
            "O",
            "O",
            "O",
            "O",
            "O",
            "O",
            "O",
            "O",
            "O",
            "O",
            "O",
            "O",
            "O",
            "O",
            "O",
            "O",
            "O",
            "O",
            "O",
            "O",
            "O",
            "O",
            "O",
            "O",
            "O",
            "O",
            "O",
            "O",
            "O",
            "O",
            "O",
            "O",
            "O",
            "O",
            "O",
            "O",
            "O",
            "O",
            "O",
            "O",
            "O",
            "O",
            "O"
        ]
    },
    {
        "words": [
            "Step",
            "3",
            ":",
            "Make",
            "assumptions",
            "and",
            "reason",
            "logically"
        ],
        "labels": [
            "O",
            "O",
            "O",
            "O",
            "O",
            "O",
            "O",
            "O"
        ]
    },
    {
        "words": [
            "Sometimes",
            "no",
            "solution",
            "is",
            "a",
            "solution",
            "!",
            "Alice",
            "and",
            "Bob",
            "are",
            "technical",
            "support",
            "agents",
            ".",
            "Alice",
            "says",
            "\u201c",
            "I",
            "am",
            "having",
            "a",
            "good",
            "day.",
            "\u201d",
            "Bob",
            "says",
            "\u201c",
            "I",
            "am",
            "having",
            "a",
            "good",
            "day.",
            "\u201d",
            "Can",
            "you",
            "trust",
            "either",
            "Alice",
            "or",
            "Bob",
            "?",
            "Step",
            "1",
            ":",
            "Identify",
            "rules",
            "l",
            "Good",
            "day",
            "=",
            "tell",
            "the",
            "truth",
            "l",
            "Bad",
            "day",
            "=",
            "lie",
            "Step",
            "2",
            ":",
            "Assign",
            "propositions",
            "l",
            "a",
            "=",
            "Alice",
            "is",
            "having",
            "a",
            "good",
            "day",
            "l",
            "b",
            "=",
            "Bob",
            "is",
            "having",
            "a",
            "good",
            "day"
        ],
        "labels": [
            "O",
            "O",
            "O",
            "O",
            "O",
            "O",
            "O",
            "O",
            "O",
            "O",
            "O",
            "O",
            "O",
            "O",
            "O",
            "O",
            "O",
            "O",
            "O",
            "O",
            "O",
            "O",
            "O",
            "O",
            "O",
            "O",
            "O",
            "O",
            "O",
            "O",
            "O",
            "O",
            "O",
            "O",
            "O",
            "O",
            "O",
            "O",
            "O",
            "O",
            "O",
            "O",
            "O",
            "O",
            "O",
            "O",
            "O",
            "O",
            "O",
            "O",
            "O",
            "O",
            "O",
            "O",
            "O",
            "O",
            "O",
            "O",
            "O",
            "O",
            "O",
            "O",
            "O",
            "O",
            "O",
            "O",
            "O",
            "O",
            "O",
            "O",
            "O",
            "O",
            "O",
            "O",
            "O",
            "O",
            "O",
            "O",
            "O",
            "O",
            "O",
            "O",
            "O"
        ]
    },
    {
        "words": [
            "Step",
            "3",
            ":",
            "Make",
            "assumptions",
            "and",
            "reason",
            "logically",
            "In-class",
            "exercises",
            "Problem",
            "1",
            ":",
            "Alice",
            "and",
            "Bob",
            "are",
            "technical",
            "support",
            "agents",
            "working",
            "to",
            "fix",
            "your",
            "computer",
            ".",
            "Alice",
            "tells",
            "you",
            "that",
            "Bob",
            "is",
            "having",
            "a",
            "bad",
            "day",
            "today",
            "and",
            "that",
            "you",
            "should",
            "expect",
            "a",
            "long",
            "wait",
            "before",
            "your",
            "computer",
            "is",
            "fixed",
            ".",
            "Bob",
            "tells",
            "you",
            "not",
            "to",
            "worry",
            ",",
            "Alice",
            "is",
            "just",
            "having",
            "a",
            "bad",
            "day\u2014your",
            "computer",
            "will",
            "be",
            "ready",
            "in",
            "no",
            "time",
            ".",
            "Question",
            ":",
            "Can",
            "you",
            "draw",
            "any",
            "conclusions",
            "about",
            "when",
            "your",
            "computer",
            "will",
            "be",
            "fixed",
            "?",
            "If",
            "so",
            ",",
            "what",
            "can",
            "you",
            "learn",
            "?"
        ],
        "labels": [
            "O",
            "O",
            "O",
            "O",
            "O",
            "O",
            "O",
            "O",
            "O",
            "O",
            "O",
            "O",
            "O",
            "O",
            "O",
            "O",
            "O",
            "O",
            "O",
            "O",
            "O",
            "O",
            "O",
            "O",
            "O",
            "O",
            "O",
            "O",
            "O",
            "O",
            "O",
            "O",
            "O",
            "O",
            "O",
            "O",
            "O",
            "O",
            "O",
            "O",
            "O",
            "O",
            "O",
            "O",
            "O",
            "O",
            "O",
            "O",
            "O",
            "O",
            "O",
            "O",
            "O",
            "O",
            "O",
            "O",
            "O",
            "O",
            "O",
            "O",
            "O",
            "O",
            "O",
            "O",
            "O",
            "O",
            "O",
            "O",
            "O",
            "O",
            "O",
            "O",
            "O",
            "O",
            "O",
            "O",
            "O",
            "O",
            "O",
            "O",
            "O",
            "O",
            "O",
            "O",
            "O",
            "O",
            "O",
            "O",
            "O",
            "O",
            "O",
            "O",
            "O",
            "O",
            "O",
            "O"
        ]
    },
    {
        "words": [
            "Propositional",
            "equivalences",
            ":",
            "preliminaries",
            "Definition",
            ":",
            "A",
            "tautology",
            "is",
            "a",
            "compound",
            "proposition",
            "that",
            "is",
            "always",
            "true",
            ",",
            "regardless",
            "of",
            "the",
            "truth",
            "values",
            "of",
            "the",
            "propositions",
            "occurring",
            "within",
            "it",
            ".",
            "Definition",
            ":",
            "A",
            "contradiction",
            "is",
            "a",
            "compound",
            "proposition",
            "that",
            "is",
            "always",
            "false",
            ",",
            "regardless",
            "of",
            "the",
            "truth",
            "values",
            "of",
            "the",
            "propositions",
            "occurring",
            "within",
            "it",
            ".",
            "Definition",
            ":",
            "A",
            "contingency",
            "is",
            "a",
            "compound",
            "proposition",
            "whose",
            "truth",
            "value",
            "is",
            "dependent",
            "on",
            "the",
            "propositions",
            "occurring",
            "within",
            "it",
            "."
        ],
        "labels": [
            "B",
            "I",
            "O",
            "O",
            "O",
            "O",
            "O",
            "B",
            "O",
            "O",
            "B",
            "I",
            "O",
            "O",
            "O",
            "O",
            "O",
            "O",
            "O",
            "O",
            "B",
            "I",
            "O",
            "O",
            "B",
            "O",
            "O",
            "O",
            "O",
            "O",
            "O",
            "O",
            "B",
            "O",
            "O",
            "B",
            "I",
            "O",
            "O",
            "O",
            "O",
            "O",
            "O",
            "O",
            "O",
            "B",
            "I",
            "O",
            "O",
            "B",
            "O",
            "O",
            "O",
            "O",
            "O",
            "O",
            "O",
            "B",
            "O",
            "O",
            "B",
            "I",
            "O",
            "B",
            "I",
            "O",
            "O",
            "O",
            "O",
            "B",
            "O",
            "O",
            "O",
            "O"
        ]
    },
    {
        "words": [
            "Examples",
            "Are",
            "the",
            "following",
            "compound",
            "propositions",
            "tautologies",
            ",",
            "contradictions",
            ",",
            "or",
            "contingencies",
            "?",
            "p",
            "\u00acp",
            "p",
            "\u00da",
            "\u00acp",
            "T",
            "F",
            "T",
            "n",
            "p",
            "\u00da",
            "\u00acp",
            "tautology",
            "F",
            "T",
            "T",
            "n",
            "\u00acp",
            "\u00d9",
            "p",
            "p",
            "\u00acp",
            "p",
            "\u00d9",
            "\u00acp",
            "contradiction",
            "T",
            "F",
            "F",
            "F",
            "T",
            "F",
            "np\u00daq",
            "contingency",
            "p",
            "q",
            "p\u00daq",
            "T",
            "T",
            "T",
            "T",
            "F",
            "T",
            "F",
            "T",
            "T",
            "F",
            "F",
            "F"
        ],
        "labels": [
            "O",
            "O",
            "O",
            "O",
            "O",
            "B",
            "I",
            "B",
            "B",
            "O",
            "O",
            "B",
            "O",
            "O",
            "O",
            "O",
            "O",
            "O",
            "O",
            "O",
            "O",
            "O",
            "O",
            "O",
            "O",
            "B",
            "O",
            "O",
            "O",
            "O",
            "O",
            "O",
            "O",
            "O",
            "O",
            "O",
            "O",
            "O",
            "B",
            "O",
            "O",
            "O",
            "O",
            "O",
            "O",
            "O",
            "B",
            "O",
            "O",
            "O",
            "O",
            "O",
            "O",
            "O",
            "O",
            "O",
            "O",
            "O",
            "O",
            "O",
            "O",
            "O"
        ]
    },
    {
        "words": [
            "What",
            "are",
            "logical",
            "equivalences",
            "and",
            "why",
            "are",
            "they",
            "useful",
            "?",
            "Definition",
            ":",
            "Compound",
            "propositions",
            "p",
            "and",
            "q",
            "are",
            "logically",
            "equivalent",
            "if",
            "p",
            "\u00ab",
            "q",
            "is",
            "a",
            "tautology",
            ".",
            "The",
            "notation",
            "p",
            "\u00ba",
            "q",
            "means",
            "that",
            "p",
            "and",
            "q",
            "are",
            "logically",
            "equivalent",
            ".",
            "Logical",
            "equivalences",
            "are",
            "extremely",
            "useful",
            "!",
            "l",
            "Aid",
            "in",
            "the",
            "construction",
            "of",
            "proofs",
            "l",
            "Allow",
            "us",
            "to",
            "simplify",
            "compound",
            "propositions",
            "Example",
            ":",
            "p",
            "\u00ae",
            "q",
            "\u00ba",
            "\u00acp",
            "\u00da",
            "q",
            "How",
            "do",
            "we",
            "prove",
            "this",
            "type",
            "of",
            "statement",
            "?"
        ],
        "labels": [
            "O",
            "O",
            "B",
            "I",
            "O",
            "O",
            "O",
            "O",
            "O",
            "O",
            "O",
            "O",
            "B",
            "I",
            "O",
            "O",
            "O",
            "O",
            "B",
            "I",
            "O",
            "O",
            "O",
            "O",
            "O",
            "O",
            "B",
            "O",
            "O",
            "O",
            "O",
            "O",
            "O",
            "O",
            "O",
            "O",
            "O",
            "O",
            "O",
            "B",
            "I",
            "O",
            "B",
            "I",
            "O",
            "O",
            "O",
            "O",
            "O",
            "O",
            "O",
            "O",
            "O",
            "O",
            "B",
            "O",
            "O",
            "O",
            "O",
            "O",
            "B",
            "I",
            "O",
            "O",
            "O",
            "O",
            "O",
            "O",
            "O",
            "O",
            "O",
            "O",
            "O",
            "O",
            "O",
            "O",
            "O",
            "O",
            "O",
            "O"
        ]
    },
    {
        "words": [
            "It",
            "is",
            "easy",
            "to",
            "prove",
            "propositional",
            "equivalences",
            "We",
            "can",
            "prove",
            "simple",
            "logical",
            "equivalences",
            "using",
            "our",
            "good",
            "friend",
            "the",
            "truth",
            "table",
            "!",
            "Prove",
            ":",
            "p",
            "\u00ae",
            "q",
            "\u00ba",
            "\u00acp",
            "\u00da",
            "q",
            "p",
            "q",
            "\u00acp",
            "\u00acp",
            "\u00da",
            "q",
            "p\u00aeq",
            "T",
            "T",
            "F",
            "T",
            "T",
            "T",
            "F",
            "F",
            "F",
            "F",
            "F",
            "T",
            "T",
            "T",
            "T",
            "F",
            "F",
            "T",
            "T",
            "T"
        ],
        "labels": [
            "O",
            "O",
            "O",
            "O",
            "O",
            "B",
            "I",
            "O",
            "O",
            "O",
            "O",
            "B",
            "I",
            "O",
            "O",
            "O",
            "O",
            "O",
            "O",
            "B",
            "I",
            "O",
            "O",
            "O",
            "O",
            "O",
            "O",
            "O",
            "O",
            "O",
            "O",
            "O",
            "O",
            "O",
            "O",
            "O",
            "O",
            "O",
            "O",
            "O",
            "O",
            "O",
            "O",
            "O",
            "O",
            "O",
            "O",
            "O",
            "O",
            "O",
            "O",
            "O",
            "O",
            "O",
            "O",
            "O",
            "O"
        ]
    },
    {
        "words": [
            "DeMorgan",
            "\u2019",
            "s",
            "laws",
            "allow",
            "us",
            "to",
            "distribute",
            "negation",
            "over",
            "compound",
            "propositions",
            "Two",
            "laws",
            ":",
            "If",
            "\u201c",
            "p",
            "or",
            "q",
            "\u201d",
            "isn",
            "\u2019",
            "t",
            "true",
            ",",
            "then",
            "neither",
            "p",
            "nor",
            "q",
            "is",
            "true",
            "l",
            "\u00ac",
            "(",
            "p",
            "\u00da",
            "q",
            ")",
            "\u00ba",
            "\u00acp",
            "\u00d9",
            "\u00acq",
            "l",
            "\u00ac",
            "(",
            "p",
            "\u00d9",
            "q",
            ")",
            "\u00ba",
            "\u00acp",
            "\u00da",
            "\u00acq",
            "If",
            "\u201c",
            "p",
            "and",
            "q",
            "\u201d",
            "isn",
            "\u2019",
            "t",
            "true",
            ",",
            "then",
            "at",
            "least",
            "one",
            "of",
            "p",
            "or",
            "q",
            "is",
            "false",
            "Prove",
            ":",
            "\u00ac",
            "(",
            "p",
            "\u00da",
            "q",
            ")",
            "\u00ba",
            "\u00acp",
            "\u00d9",
            "\u00acq",
            "p",
            "q",
            "p\u00daq",
            "\u00ac",
            "(",
            "p",
            "\u00da",
            "q",
            ")",
            "\u00acp",
            "\u00acq",
            "\u00acp",
            "\u00d9",
            "\u00acq",
            "T",
            "T",
            "T",
            "F",
            "F",
            "F",
            "F",
            "T",
            "F",
            "T",
            "F",
            "F",
            "T",
            "F",
            "F",
            "T",
            "T",
            "F",
            "T",
            "F",
            "F",
            "F",
            "F",
            "F",
            "T",
            "T",
            "T",
            "T"
        ],
        "labels": [
            "B",
            "I",
            "I",
            "I",
            "O",
            "O",
            "O",
            "O",
            "B",
            "O",
            "B",
            "I",
            "O",
            "O",
            "O",
            "O",
            "O",
            "O",
            "O",
            "O",
            "O",
            "O",
            "O",
            "O",
            "O",
            "O",
            "O",
            "O",
            "O",
            "O",
            "O",
            "O",
            "O",
            "O",
            "O",
            "O",
            "O",
            "O",
            "O",
            "O",
            "O",
            "O",
            "O",
            "O",
            "O",
            "O",
            "O",
            "O",
            "O",
            "O",
            "O",
            "O",
            "O",
            "O",
            "O",
            "O",
            "O",
            "O",
            "O",
            "O",
            "O",
            "O",
            "O",
            "O",
            "O",
            "O",
            "O",
            "O",
            "O",
            "O",
            "O",
            "O",
            "O",
            "O",
            "O",
            "O",
            "O",
            "O",
            "O",
            "O",
            "O",
            "O",
            "O",
            "O",
            "O",
            "O",
            "O",
            "O",
            "O",
            "O",
            "O",
            "O",
            "O",
            "O",
            "O",
            "O",
            "O",
            "O",
            "O",
            "O",
            "O",
            "O",
            "O",
            "O",
            "O",
            "O",
            "O",
            "O",
            "O",
            "O",
            "O",
            "O",
            "O",
            "O",
            "O",
            "O",
            "O",
            "O",
            "O",
            "O",
            "O",
            "O",
            "O",
            "O",
            "O",
            "O",
            "O",
            "O",
            "O",
            "O"
        ]
    },
    {
        "words": [
            "Using",
            "DeMorgan",
            "\u2019",
            "s",
            "laws",
            "Use",
            "DeMorgan",
            "\u2019",
            "s",
            "laws",
            "to",
            "negate",
            "the",
            "following",
            "expressions",
            ":",
            "n",
            "\u201c",
            "Bob",
            "is",
            "wearing",
            "blue",
            "pants",
            "and",
            "a",
            "sweatshirt",
            "\u201d",
            "lb",
            "\u00d9",
            "s",
            "l",
            "\u00ac",
            "(",
            "b",
            "\u00d9",
            "s",
            ")",
            "\u00ba",
            "\u00acb",
            "\u00da",
            "\u00acs",
            "l",
            "Bob",
            "is",
            "not",
            "wearing",
            "blue",
            "pants",
            "or",
            "is",
            "not",
            "wearing",
            "a",
            "sweatshirt",
            "n",
            "\u201c",
            "I",
            "will",
            "drive",
            "or",
            "I",
            "will",
            "walk",
            "\u201d",
            "ld",
            "\u00da",
            "w",
            "l",
            "\u00ac",
            "(",
            "d",
            "\u00da",
            "w",
            ")",
            "\u00ba",
            "\u00acd",
            "\u00d9",
            "\u00acw",
            "l",
            "I",
            "will",
            "not",
            "drive",
            "and",
            "I",
            "will",
            "not",
            "walk"
        ],
        "labels": [
            "O",
            "B",
            "I",
            "I",
            "I",
            "O",
            "B",
            "I",
            "I",
            "I",
            "O",
            "B",
            "O",
            "O",
            "O",
            "O",
            "O",
            "O",
            "O",
            "O",
            "O",
            "O",
            "O",
            "O",
            "O",
            "O",
            "O",
            "O",
            "O",
            "O",
            "O",
            "O",
            "O",
            "O",
            "O",
            "O",
            "O",
            "O",
            "O",
            "O",
            "O",
            "O",
            "O",
            "O",
            "O",
            "O",
            "O",
            "O",
            "O",
            "O",
            "O",
            "O",
            "O",
            "O",
            "O",
            "O",
            "O",
            "O",
            "O",
            "O",
            "O",
            "O",
            "O",
            "O",
            "O",
            "O",
            "O",
            "O",
            "O",
            "O",
            "O",
            "O",
            "O",
            "O",
            "O",
            "O",
            "O",
            "O",
            "O",
            "O",
            "O",
            "O",
            "O",
            "O",
            "O",
            "O",
            "O",
            "O"
        ]
    },
    {
        "words": [
            "In-class",
            "exercises",
            "Problem",
            "2",
            ":",
            "Prove",
            "that",
            "\u00ac",
            "(",
            "p",
            "\u00d9",
            "q",
            ")",
            "and",
            "\u00acp",
            "\u00da",
            "\u00acq",
            "are",
            "logically",
            "equivalent",
            ",",
            "i.e.",
            ",",
            "\u00ac",
            "(",
            "p",
            "\u00d9",
            "q",
            ")",
            "\u00ba",
            "\u00acp",
            "\u00da",
            "\u00acq",
            ".",
            "This",
            "is",
            "the",
            "second",
            "DeMorgan",
            "\u2019",
            "s",
            "law",
            ".",
            "Problem",
            "3",
            ":",
            "Use",
            "DeMorgan",
            "\u2019",
            "s",
            "laws",
            "to",
            "negate",
            "the",
            "following",
            "propositions",
            ":",
            "l",
            "Today",
            "I",
            "will",
            "go",
            "running",
            "or",
            "ride",
            "my",
            "bike",
            "l",
            "Tom",
            "likes",
            "both",
            "pizza",
            "and",
            "beer"
        ],
        "labels": [
            "O",
            "O",
            "O",
            "O",
            "O",
            "O",
            "O",
            "O",
            "O",
            "O",
            "O",
            "O",
            "O",
            "O",
            "O",
            "O",
            "O",
            "O",
            "B",
            "I",
            "O",
            "O",
            "O",
            "O",
            "O",
            "O",
            "O",
            "O",
            "O",
            "O",
            "O",
            "O",
            "O",
            "O",
            "O",
            "O",
            "O",
            "O",
            "B",
            "I",
            "I",
            "I",
            "O",
            "O",
            "O",
            "O",
            "O",
            "B",
            "I",
            "I",
            "I",
            "O",
            "O",
            "O",
            "O",
            "B",
            "O",
            "O",
            "O",
            "O",
            "O",
            "O",
            "O",
            "O",
            "O",
            "O",
            "O",
            "O",
            "O",
            "O",
            "O",
            "O",
            "O",
            "O"
        ]
    },
    {
        "words": [
            "Sometimes",
            "using",
            "truth",
            "tables",
            "to",
            "prove",
            "logical",
            "equivalencies",
            "can",
            "become",
            "cumbersome",
            "Recall",
            "that",
            "for",
            "an",
            "equivalence",
            "with",
            "n",
            "propositions",
            ",",
            "we",
            "need",
            "to",
            "build",
            "a",
            "truth",
            "table",
            "with",
            "2n",
            "rows",
            "l",
            "Fine",
            "for",
            "tables",
            "with",
            "n",
            "=",
            "2",
            ",",
            "3",
            ",",
            "or",
            "4",
            "l",
            "Consider",
            "n",
            "=",
            "30\u2014we",
            "would",
            "need",
            "1,073,741,824",
            "rows",
            "in",
            "the",
            "truth",
            "table",
            "!",
            "Another",
            "option",
            ":",
            "Direct",
            "manipulation",
            "of",
            "compound",
            "propositions",
            "using",
            "known",
            "logical",
            "equivalencies"
        ],
        "labels": [
            "O",
            "O",
            "B",
            "I",
            "O",
            "O",
            "B",
            "I",
            "O",
            "O",
            "O",
            "O",
            "O",
            "O",
            "O",
            "O",
            "O",
            "O",
            "B",
            "O",
            "O",
            "O",
            "O",
            "O",
            "O",
            "B",
            "I",
            "O",
            "O",
            "O",
            "O",
            "O",
            "O",
            "O",
            "O",
            "O",
            "O",
            "O",
            "O",
            "O",
            "O",
            "O",
            "O",
            "O",
            "O",
            "O",
            "O",
            "O",
            "O",
            "O",
            "O",
            "O",
            "O",
            "O",
            "B",
            "I",
            "O",
            "O",
            "O",
            "O",
            "O",
            "O",
            "O",
            "B",
            "I",
            "O",
            "O",
            "B",
            "I"
        ]
    },
    {
        "words": [
            "There",
            "are",
            "many",
            "useful",
            "logical",
            "equivalences",
            "Equivalence",
            "Name",
            "p\u00d9T\u00bap",
            "Identity",
            "laws",
            "p\u00daF\u00bap",
            "p\u00d9F\u00baF",
            "Domination",
            "laws",
            "p\u00daT\u00baT",
            "p\u00d9p\u00bap",
            "Idempotent",
            "laws",
            "p\u00dap\u00bap",
            "\u00ac",
            "(",
            "\u00acp",
            ")",
            "\u00ba",
            "p",
            "Double",
            "negation",
            "law",
            "p\u00daq\u00baq\u00dap",
            "Commutative",
            "laws",
            "p\u00d9q\u00baq\u00d9p"
        ],
        "labels": [
            "O",
            "O",
            "O",
            "O",
            "B",
            "I",
            "O",
            "O",
            "B",
            "I",
            "O",
            "O",
            "O",
            "B",
            "I",
            "O",
            "O",
            "B",
            "I",
            "O",
            "O",
            "O",
            "O",
            "O",
            "O",
            "O",
            "B",
            "I",
            "I",
            "O",
            "B",
            "I",
            "O"
        ]
    },
    {
        "words": [
            "More",
            "useful",
            "logical",
            "equivalences",
            "Equivalence",
            "Name",
            "(",
            "p",
            "\u00d9",
            "q",
            ")",
            "\u00d9",
            "r",
            "\u00ba",
            "p",
            "\u00d9",
            "(",
            "q",
            "\u00d9",
            "r",
            ")",
            "Associative",
            "laws",
            "(",
            "p",
            "\u00da",
            "q",
            ")",
            "\u00da",
            "r",
            "\u00ba",
            "p",
            "\u00da",
            "(",
            "q",
            "\u00da",
            "r",
            ")",
            "p",
            "\u00d9",
            "(",
            "q",
            "\u00da",
            "r",
            ")",
            "\u00ba",
            "(",
            "p",
            "\u00d9",
            "q",
            ")",
            "\u00da",
            "(",
            "p",
            "\u00d9",
            "r",
            ")",
            "Distributive",
            "laws",
            "p",
            "\u00da",
            "(",
            "q",
            "\u00d9",
            "r",
            ")",
            "\u00ba",
            "(",
            "p",
            "\u00da",
            "q",
            ")",
            "\u00d9",
            "(",
            "p",
            "\u00da",
            "r",
            ")",
            "\u00ac",
            "(",
            "p",
            "\u00da",
            "q",
            ")",
            "\u00ba",
            "\u00acp",
            "\u00d9",
            "\u00acq",
            "DeMorgan",
            "\u2019",
            "s",
            "laws",
            "\u00ac",
            "(",
            "p",
            "\u00d9",
            "q",
            ")",
            "\u00ba",
            "\u00acp",
            "\u00da",
            "\u00acq",
            "p",
            "\u00da",
            "(",
            "p",
            "\u00d9",
            "q",
            ")",
            "\u00ba",
            "p",
            "Absorption",
            "laws",
            "p",
            "\u00d9",
            "(",
            "p",
            "\u00da",
            "q",
            ")",
            "\u00ba",
            "p",
            "p",
            "\u00da",
            "\u00acp",
            "\u00ba",
            "T",
            "Negation",
            "laws",
            "p",
            "\u00d9",
            "\u00acp",
            "\u00ba",
            "F",
            "More",
            "equivalencies",
            "in",
            "the",
            "book",
            "!"
        ],
        "labels": [
            "O",
            "O",
            "B",
            "I",
            "O",
            "O",
            "O",
            "O",
            "O",
            "O",
            "O",
            "O",
            "O",
            "O",
            "O",
            "O",
            "O",
            "O",
            "O",
            "O",
            "O",
            "B",
            "I",
            "O",
            "O",
            "O",
            "O",
            "O",
            "O",
            "O",
            "O",
            "O",
            "O",
            "O",
            "O",
            "O",
            "O",
            "O",
            "O",
            "O",
            "O",
            "O",
            "O",
            "O",
            "O",
            "O",
            "O",
            "O",
            "O",
            "O",
            "O",
            "O",
            "O",
            "O",
            "O",
            "O",
            "O",
            "B",
            "I",
            "O",
            "O",
            "O",
            "O",
            "O",
            "O",
            "O",
            "O",
            "O",
            "O",
            "O",
            "O",
            "O",
            "O",
            "O",
            "O",
            "O",
            "O",
            "O",
            "O",
            "O",
            "O",
            "O",
            "O",
            "O",
            "O",
            "O",
            "O",
            "O",
            "B",
            "I",
            "I",
            "I",
            "O",
            "O",
            "O",
            "O",
            "O",
            "O",
            "O",
            "O",
            "O",
            "O",
            "O",
            "O",
            "O",
            "O",
            "O",
            "O",
            "O",
            "O",
            "O",
            "B",
            "I",
            "O",
            "O",
            "O",
            "O",
            "O",
            "O",
            "O",
            "O",
            "O",
            "O",
            "O",
            "O",
            "O",
            "O",
            "B",
            "I",
            "O",
            "O",
            "O",
            "O",
            "O",
            "O",
            "O",
            "O",
            "O",
            "O",
            "O"
        ]
    },
    {
        "words": [
            "Prove",
            "that",
            "(",
            "p",
            "\u00d9",
            "q",
            ")",
            "\u00ae",
            "(",
            "p",
            "\u00da",
            "q",
            ")",
            "is",
            "a",
            "tautology"
        ],
        "labels": [
            "O",
            "O",
            "O",
            "O",
            "O",
            "O",
            "O",
            "O",
            "O",
            "O",
            "O",
            "O",
            "O",
            "O",
            "O",
            "B"
        ]
    },
    {
        "words": [
            "Prove",
            ":",
            "(",
            "p",
            "\u00ae",
            "q",
            ")",
            "\u00da",
            "(",
            "p",
            "\u00ae",
            "r",
            ")",
            "\u00ba",
            "p",
            "\u00ae",
            "(",
            "q",
            "\u00da",
            "r",
            ")",
            "Final",
            "Thoughts",
            "n",
            "Logic",
            "can",
            "help",
            "us",
            "solve",
            "real",
            "world",
            "problems",
            "and",
            "play",
            "challenging",
            "games",
            "n",
            "Logical",
            "equivalences",
            "help",
            "us",
            "simplify",
            "complex",
            "propositions",
            "and",
            "construct",
            "proofs",
            "l",
            "More",
            "on",
            "proofs",
            "later",
            "in",
            "the",
            "course",
            "n",
            "Next",
            ":",
            "l",
            "Predicate",
            "logic",
            "and",
            "quantification",
            "l",
            "Please",
            "read",
            "section",
            "1.4"
        ],
        "labels": [
            "O",
            "O",
            "O",
            "O",
            "O",
            "O",
            "O",
            "O",
            "O",
            "O",
            "O",
            "O",
            "O",
            "O",
            "O",
            "O",
            "O",
            "O",
            "O",
            "O",
            "O",
            "O",
            "O",
            "O",
            "B",
            "O",
            "O",
            "O",
            "O",
            "O",
            "O",
            "O",
            "O",
            "O",
            "O",
            "O",
            "O",
            "B",
            "I",
            "O",
            "O",
            "O",
            "O",
            "B",
            "O",
            "O",
            "B",
            "O",
            "O",
            "O",
            "O",
            "O",
            "O",
            "O",
            "O",
            "O",
            "O",
            "O",
            "O",
            "B",
            "I",
            "O",
            "B",
            "O",
            "O",
            "O",
            "O",
            "O"
        ]
    },
    {
        "words": [],
        "labels": []
    }
]