[
    {
        "words": [
            "Discrete",
            "Structures",
            "for",
            "Computer",
            "Science",
            "William",
            "Garrison",
            "bill",
            "@",
            "cs.pitt.edu",
            "6311",
            "Sennott",
            "Square",
            "Lecture",
            "#",
            "12",
            ":",
            "Primes",
            ",",
            "GCDs",
            ",",
            "and",
            "Representations",
            "Based",
            "on",
            "materials",
            "developed",
            "by",
            "Dr.",
            "Adam",
            "Lee"
        ],
        "labels": [
            "O",
            "O",
            "O",
            "O",
            "O",
            "O",
            "O",
            "O",
            "O",
            "O",
            "O",
            "O",
            "O",
            "O",
            "O",
            "O",
            "O",
            "B",
            "O",
            "B",
            "O",
            "O",
            "B",
            "O",
            "O",
            "O",
            "O",
            "O",
            "O",
            "O",
            "O"
        ]
    },
    {
        "words": [
            "Today",
            "\u2019",
            "s",
            "Topics",
            "Primes",
            "&",
            "Greatest",
            "Common",
            "Divisors",
            "l",
            "Prime",
            "representations",
            "l",
            "Important",
            "theorems",
            "about",
            "primality",
            "l",
            "Greatest",
            "Common",
            "Divisors",
            "l",
            "Least",
            "Common",
            "Multiples",
            "l",
            "Euclid",
            "\u2019",
            "s",
            "algorithm"
        ],
        "labels": [
            "O",
            "O",
            "O",
            "O",
            "B",
            "O",
            "B",
            "I",
            "I",
            "O",
            "B",
            "I",
            "O",
            "O",
            "B",
            "O",
            "B",
            "O",
            "B",
            "I",
            "I",
            "O",
            "B",
            "I",
            "I",
            "O",
            "B",
            "I",
            "I",
            "I"
        ]
    },
    {
        "words": [
            "Once",
            "and",
            "for",
            "all",
            ",",
            "what",
            "are",
            "prime",
            "numbers",
            "?",
            "Definition",
            ":",
            "A",
            "prime",
            "number",
            "is",
            "a",
            "positive",
            "integer",
            "p",
            "that",
            "is",
            "divisible",
            "by",
            "only",
            "1",
            "and",
            "itself",
            ".",
            "If",
            "a",
            "number",
            "is",
            "not",
            "prime",
            ",",
            "it",
            "is",
            "called",
            "a",
            "composite",
            "number",
            ".",
            "Mathematically",
            ":",
            "p",
            "is",
            "prime",
            "\u21d4",
            "\u2200",
            "x\u2208Z+",
            "[",
            "(",
            "x\u22601",
            "\u2227",
            "x\u2260p",
            ")",
            "\u2192",
            "x",
            "/|",
            "p",
            "]",
            "Examples",
            ":",
            "Are",
            "the",
            "following",
            "numbers",
            "prime",
            "or",
            "composite",
            "?",
            "l",
            "23",
            "Prime",
            "l",
            "42",
            "Composite",
            ",",
            "42",
            "=",
            "2\u00d7",
            "3\u00d7",
            "7",
            "l",
            "17",
            "Prime",
            "l",
            "3",
            "Prime",
            "l",
            "9",
            "Composite",
            ",",
            "9",
            "=",
            "32"
        ],
        "labels": [
            "O",
            "O",
            "O",
            "O",
            "O",
            "O",
            "O",
            "B",
            "I",
            "O",
            "O",
            "O",
            "O",
            "B",
            "I",
            "O",
            "O",
            "B",
            "I",
            "O",
            "O",
            "O",
            "B",
            "O",
            "O",
            "O",
            "O",
            "O",
            "O",
            "O",
            "O",
            "O",
            "O",
            "O",
            "B",
            "O",
            "O",
            "O",
            "O",
            "O",
            "B",
            "O",
            "O",
            "O",
            "O",
            "O",
            "O",
            "B",
            "O",
            "O",
            "O",
            "O",
            "O",
            "O",
            "O",
            "O",
            "O",
            "O",
            "O",
            "O",
            "O",
            "O",
            "O",
            "O",
            "O",
            "O",
            "O",
            "O",
            "B",
            "O",
            "B",
            "O",
            "O",
            "O",
            "B",
            "O",
            "O",
            "B",
            "O",
            "O",
            "O",
            "O",
            "O",
            "O",
            "O",
            "O",
            "B",
            "O",
            "O",
            "B",
            "O",
            "O",
            "B",
            "O",
            "O",
            "O",
            "O"
        ]
    },
    {
        "words": [
            "Any",
            "positive",
            "integer",
            "can",
            "be",
            "represented",
            "as",
            "a",
            "unique",
            "product",
            "of",
            "prime",
            "numbers",
            "!",
            "Theorem",
            "(",
            "The",
            "Fundamental",
            "Theorem",
            "of",
            "Arithmetic",
            ")",
            ":",
            "Every",
            "positive",
            "integer",
            "greater",
            "than",
            "1",
            "can",
            "be",
            "written",
            "uniquely",
            "as",
            "a",
            "prime",
            "or",
            "the",
            "product",
            "of",
            "two",
            "or",
            "more",
            "primes",
            "where",
            "the",
            "prime",
            "factors",
            "are",
            "written",
            "in",
            "order",
            "of",
            "non-decreasing",
            "size",
            ".",
            "Examples",
            ":",
            "l",
            "100",
            "=",
            "2\u00d7",
            "2\u00d7",
            "5\u00d7",
            "5",
            "=",
            "22\u00d7",
            "52",
            "l",
            "641",
            "=",
            "641",
            "l",
            "999",
            "=",
            "3\u00d7",
            "3\u00d7",
            "3\u00d7",
            "37",
            "=",
            "33\u00d7",
            "37",
            "l",
            "1024",
            "=",
            "2\u00d7",
            "2\u00d7",
            "2\u00d7",
            "2\u00d7",
            "2\u00d7",
            "2\u00d7",
            "2\u00d7",
            "2\u00d7",
            "2\u00d7",
            "2",
            "=",
            "210",
            "Note",
            ":",
            "Proving",
            "the",
            "fundamental",
            "theorem",
            "of",
            "arithmetic",
            "requires",
            "some",
            "mathematical",
            "tools",
            "that",
            "we",
            "have",
            "not",
            "yet",
            "learned",
            "."
        ],
        "labels": [
            "O",
            "B",
            "I",
            "O",
            "O",
            "O",
            "O",
            "O",
            "O",
            "O",
            "O",
            "B",
            "I",
            "O",
            "O",
            "O",
            "O",
            "B",
            "I",
            "I",
            "I",
            "O",
            "O",
            "O",
            "B",
            "I",
            "O",
            "O",
            "O",
            "O",
            "O",
            "O",
            "O",
            "O",
            "O",
            "B",
            "O",
            "O",
            "O",
            "O",
            "O",
            "O",
            "O",
            "B",
            "O",
            "O",
            "B",
            "O",
            "O",
            "O",
            "O",
            "O",
            "O",
            "O",
            "O",
            "O",
            "O",
            "O",
            "O",
            "O",
            "O",
            "O",
            "O",
            "O",
            "O",
            "O",
            "O",
            "O",
            "O",
            "O",
            "O",
            "O",
            "O",
            "O",
            "O",
            "O",
            "O",
            "O",
            "O",
            "O",
            "O",
            "O",
            "O",
            "O",
            "O",
            "O",
            "O",
            "O",
            "O",
            "O",
            "O",
            "O",
            "O",
            "O",
            "O",
            "O",
            "O",
            "O",
            "O",
            "O",
            "O",
            "B",
            "I",
            "I",
            "I",
            "O",
            "O",
            "O",
            "O",
            "O",
            "O",
            "O",
            "O",
            "O",
            "O",
            "O"
        ]
    },
    {
        "words": [
            "This",
            "leads",
            "to",
            "a",
            "related",
            "theorem\u2026",
            "Theorem",
            ":",
            "If",
            "n",
            "is",
            "a",
            "composite",
            "integer",
            ",",
            "then",
            "n",
            "has",
            "a",
            "prime",
            "divisor",
            "less",
            "than",
            "or",
            "equal",
            "to",
            "\u221an",
            ".",
            "Proof",
            ":",
            "l",
            "If",
            "n",
            "is",
            "composite",
            ",",
            "then",
            "it",
            "has",
            "a",
            "positive",
            "integer",
            "factor",
            "a",
            "with",
            "1",
            "<",
            "a",
            "<",
            "n",
            "by",
            "definition",
            ".",
            "This",
            "means",
            "that",
            "n",
            "=",
            "ab",
            ",",
            "where",
            "b",
            "is",
            "an",
            "integer",
            "greater",
            "than",
            "1",
            ".",
            "l",
            "Assume",
            "a",
            ">",
            "\u221an",
            "and",
            "b",
            ">",
            "\u221an",
            ".",
            "Then",
            "ab",
            ">",
            "\u221an\u221an",
            "=",
            "n",
            ",",
            "which",
            "is",
            "a",
            "contradiction",
            ".",
            "So",
            "either",
            "a",
            "\u2264",
            "\u221an",
            "or",
            "b",
            "\u2264",
            "\u221an",
            ".",
            "l",
            "Thus",
            ",",
            "n",
            "has",
            "a",
            "divisor",
            "less",
            "than",
            "or",
            "equal",
            "to",
            "\u221an",
            ".",
            "l",
            "By",
            "the",
            "fundamental",
            "theorem",
            "of",
            "arithmetic",
            ",",
            "this",
            "divisor",
            "is",
            "either",
            "prime",
            ",",
            "or",
            "is",
            "a",
            "product",
            "of",
            "primes",
            ".",
            "In",
            "either",
            "case",
            ",",
            "n",
            "has",
            "a",
            "prime",
            "divisor",
            "less",
            "than",
            "or",
            "equal",
            "to",
            "\u221an",
            ".",
            "\u274f"
        ],
        "labels": [
            "O",
            "O",
            "O",
            "O",
            "O",
            "B",
            "O",
            "O",
            "O",
            "O",
            "O",
            "O",
            "B",
            "B",
            "O",
            "O",
            "O",
            "O",
            "O",
            "B",
            "B",
            "O",
            "O",
            "O",
            "O",
            "O",
            "O",
            "O",
            "O",
            "O",
            "O",
            "O",
            "O",
            "O",
            "B",
            "O",
            "O",
            "O",
            "O",
            "O",
            "B",
            "I",
            "B",
            "O",
            "O",
            "O",
            "O",
            "O",
            "O",
            "O",
            "O",
            "O",
            "O",
            "O",
            "O",
            "O",
            "O",
            "O",
            "O",
            "O",
            "O",
            "O",
            "O",
            "O",
            "B",
            "O",
            "O",
            "O",
            "O",
            "O",
            "O",
            "O",
            "O",
            "O",
            "O",
            "O",
            "O",
            "O",
            "O",
            "O",
            "O",
            "O",
            "O",
            "O",
            "O",
            "O",
            "O",
            "O",
            "O",
            "O",
            "O",
            "O",
            "O",
            "O",
            "O",
            "O",
            "O",
            "O",
            "O",
            "O",
            "O",
            "O",
            "O",
            "O",
            "O",
            "O",
            "O",
            "B",
            "O",
            "O",
            "O",
            "O",
            "O",
            "O",
            "O",
            "O",
            "O",
            "B",
            "I",
            "I",
            "I",
            "O",
            "O",
            "O",
            "B",
            "O",
            "O",
            "B",
            "O",
            "O",
            "O",
            "O",
            "O",
            "O",
            "B",
            "O",
            "O",
            "O",
            "O",
            "O",
            "O",
            "O",
            "O",
            "B",
            "B",
            "O",
            "O",
            "O",
            "O",
            "O",
            "O",
            "O",
            "O"
        ]
    },
    {
        "words": [
            "Applying",
            "contraposition",
            "leads",
            "to",
            "a",
            "naive",
            "primality",
            "test",
            "Corollary",
            ":",
            "If",
            "n",
            "is",
            "a",
            "positive",
            "integer",
            "that",
            "does",
            "not",
            "have",
            "a",
            "prime",
            "divisor",
            "less",
            "than",
            "or",
            "equal",
            "to",
            "\u221an",
            ",",
            "then",
            "n",
            "is",
            "prime",
            ".",
            "Example",
            ":",
            "Is",
            "101",
            "prime",
            "?",
            "l",
            "The",
            "primes",
            "less",
            "than",
            "or",
            "equal",
            "to",
            "\u221a101",
            "are",
            "2",
            ",",
            "3",
            ",",
            "5",
            ",",
            "and",
            "7",
            "l",
            "Since",
            "101",
            "is",
            "not",
            "divisible",
            "by",
            "2",
            ",",
            "3",
            ",",
            "5",
            ",",
            "or",
            "7",
            ",",
            "it",
            "must",
            "be",
            "prime",
            "Example",
            ":",
            "Is",
            "1147",
            "prime",
            "?",
            "l",
            "The",
            "primes",
            "less",
            "than",
            "or",
            "equal",
            "to",
            "\u221a1147",
            "are",
            "2",
            ",",
            "3",
            ",",
            "5",
            ",",
            "7",
            ",",
            "11",
            ",",
            "13",
            ",",
            "17",
            ",",
            "23",
            ",",
            "29",
            ",",
            "and",
            "31",
            "l",
            "1147",
            "=",
            "31\u00d7",
            "37",
            ",",
            "so",
            "1147",
            "must",
            "be",
            "composite"
        ],
        "labels": [
            "O",
            "B",
            "O",
            "O",
            "O",
            "O",
            "B",
            "I",
            "O",
            "O",
            "O",
            "O",
            "O",
            "O",
            "B",
            "I",
            "O",
            "O",
            "O",
            "O",
            "O",
            "B",
            "B",
            "O",
            "O",
            "O",
            "O",
            "O",
            "O",
            "O",
            "O",
            "O",
            "O",
            "B",
            "O",
            "O",
            "O",
            "O",
            "O",
            "B",
            "O",
            "O",
            "O",
            "B",
            "O",
            "O",
            "O",
            "O",
            "O",
            "O",
            "O",
            "O",
            "O",
            "O",
            "O",
            "O",
            "O",
            "O",
            "O",
            "O",
            "O",
            "O",
            "O",
            "O",
            "B",
            "O",
            "O",
            "O",
            "O",
            "O",
            "O",
            "O",
            "O",
            "O",
            "O",
            "O",
            "O",
            "O",
            "B",
            "O",
            "O",
            "O",
            "O",
            "B",
            "O",
            "O",
            "O",
            "B",
            "O",
            "O",
            "O",
            "O",
            "O",
            "O",
            "O",
            "O",
            "O",
            "O",
            "O",
            "O",
            "O",
            "O",
            "O",
            "O",
            "O",
            "O",
            "O",
            "O",
            "O",
            "O",
            "O",
            "O",
            "O",
            "O",
            "O",
            "O",
            "O",
            "O",
            "O",
            "O",
            "O",
            "O",
            "O",
            "O",
            "O",
            "B"
        ]
    },
    {
        "words": [
            "This",
            "approach",
            "can",
            "be",
            "generalized",
            "The",
            "Sieve",
            "of",
            "Eratosthenes",
            "is",
            "a",
            "brute-force",
            "algorithm",
            "for",
            "finding",
            "all",
            "prime",
            "numbers",
            "less",
            "than",
            "some",
            "value",
            "n",
            "Step",
            "1",
            ":",
            "List",
            "the",
            "numbers",
            "less",
            "than",
            "n",
            "2",
            "3",
            "4",
            "5",
            "6",
            "7",
            "8",
            "9",
            "10",
            "11",
            "12",
            "13",
            "14",
            "15",
            "16",
            "17",
            "18",
            "19",
            "20",
            "21",
            "22",
            "23",
            "245",
            "25",
            "26",
            "27",
            "28",
            "29",
            "30",
            "31",
            "32",
            "33",
            "34",
            "35",
            "36",
            "37",
            "38",
            "39",
            "40",
            "41",
            "42",
            "43",
            "44",
            "45",
            "46",
            "47",
            "48",
            "49",
            "50",
            "51",
            "52",
            "53",
            "54",
            "55",
            "56",
            "57",
            "58",
            "59",
            "60",
            "61",
            "62",
            "63",
            "64",
            "65",
            "66",
            "67",
            "68",
            "69",
            "70",
            "71",
            "Step",
            "2",
            ":",
            "If",
            "the",
            "next",
            "available",
            "number",
            "is",
            "less",
            "than",
            "\u221an",
            ",",
            "cross",
            "out",
            "all",
            "of",
            "its",
            "multiples",
            "Step",
            "3",
            ":",
            "Repeat",
            "until",
            "the",
            "next",
            "available",
            "number",
            "is",
            ">",
            "\u221an",
            "Step",
            "4",
            ":",
            "All",
            "remaining",
            "numbers",
            "are",
            "prime"
        ],
        "labels": [
            "O",
            "O",
            "O",
            "O",
            "O",
            "O",
            "B",
            "I",
            "I",
            "O",
            "O",
            "B",
            "B",
            "O",
            "O",
            "O",
            "B",
            "I",
            "O",
            "O",
            "O",
            "O",
            "O",
            "O",
            "O",
            "O",
            "O",
            "O",
            "O",
            "O",
            "O",
            "O",
            "O",
            "O",
            "O",
            "O",
            "O",
            "O",
            "O",
            "O",
            "O",
            "O",
            "O",
            "O",
            "O",
            "O",
            "O",
            "O",
            "O",
            "O",
            "O",
            "O",
            "O",
            "O",
            "O",
            "O",
            "O",
            "O",
            "O",
            "O",
            "O",
            "O",
            "O",
            "O",
            "O",
            "O",
            "O",
            "O",
            "O",
            "O",
            "O",
            "O",
            "O",
            "O",
            "O",
            "O",
            "O",
            "O",
            "O",
            "O",
            "O",
            "O",
            "O",
            "O",
            "O",
            "O",
            "O",
            "O",
            "O",
            "O",
            "O",
            "O",
            "O",
            "O",
            "O",
            "O",
            "O",
            "O",
            "O",
            "O",
            "O",
            "O",
            "O",
            "O",
            "O",
            "O",
            "O",
            "O",
            "O",
            "O",
            "O",
            "O",
            "O",
            "O",
            "O",
            "O",
            "O",
            "O",
            "O",
            "O",
            "O",
            "O",
            "O",
            "O",
            "O",
            "O",
            "O",
            "O",
            "O",
            "O",
            "O",
            "O",
            "O",
            "O",
            "O",
            "O",
            "O",
            "O",
            "O",
            "O",
            "B"
        ]
    },
    {
        "words": [
            "How",
            "many",
            "primes",
            "are",
            "there",
            "?",
            "Theorem",
            ":",
            "There",
            "are",
            "infinitely",
            "many",
            "prime",
            "numbers",
            ".",
            "Proof",
            ":",
            "By",
            "contradiction",
            "l",
            "Assume",
            "that",
            "there",
            "are",
            "only",
            "a",
            "finite",
            "number",
            "of",
            "primes",
            "p1",
            ",",
            "\u2026",
            ",",
            "pn",
            "l",
            "Let",
            "Q",
            "=",
            "p1",
            "\u00d7",
            "p2",
            "\u00d7",
            "\u2026",
            "\u00d7",
            "pn",
            "+",
            "1",
            "l",
            "By",
            "the",
            "fundamental",
            "theorem",
            "of",
            "arithmetic",
            ",",
            "Q",
            "can",
            "be",
            "written",
            "as",
            "the",
            "product",
            "of",
            "two",
            "or",
            "more",
            "primes",
            ".",
            "l",
            "Note",
            "that",
            "no",
            "pj",
            "divides",
            "Q",
            ",",
            "for",
            "if",
            "pj",
            "|",
            "Q",
            ",",
            "then",
            "pj",
            "also",
            "divides",
            "Q",
            "\u2013",
            "p1",
            "\u00d7",
            "p2",
            "\u00d7",
            "\u2026",
            "\u00d7",
            "pn",
            "=",
            "1",
            ".",
            "l",
            "Therefore",
            ",",
            "there",
            "must",
            "be",
            "some",
            "prime",
            "number",
            "not",
            "in",
            "our",
            "list",
            ".",
            "This",
            "prime",
            "number",
            "is",
            "either",
            "Q",
            "(",
            "if",
            "Q",
            "is",
            "prime",
            ")",
            "or",
            "a",
            "prime",
            "factor",
            "of",
            "Q",
            "(",
            "if",
            "Q",
            "is",
            "composite",
            ")",
            ".",
            "l",
            "This",
            "is",
            "a",
            "contradiction",
            "since",
            "we",
            "assumed",
            "that",
            "all",
            "primes",
            "were",
            "listed",
            ".",
            "Therefore",
            ",",
            "there",
            "are",
            "infinitely",
            "many",
            "primes",
            ".",
            "\u274f",
            "This",
            "is",
            "a",
            "non-constructive",
            "existence",
            "proof",
            "!"
        ],
        "labels": [
            "O",
            "O",
            "B",
            "O",
            "O",
            "O",
            "O",
            "O",
            "O",
            "O",
            "B",
            "O",
            "B",
            "I",
            "O",
            "O",
            "O",
            "O",
            "B",
            "O",
            "O",
            "O",
            "O",
            "O",
            "O",
            "O",
            "O",
            "O",
            "O",
            "B",
            "O",
            "O",
            "O",
            "O",
            "O",
            "O",
            "O",
            "O",
            "O",
            "O",
            "O",
            "O",
            "O",
            "O",
            "O",
            "O",
            "O",
            "O",
            "O",
            "O",
            "O",
            "B",
            "I",
            "I",
            "I",
            "O",
            "O",
            "O",
            "O",
            "O",
            "O",
            "O",
            "O",
            "O",
            "O",
            "O",
            "O",
            "B",
            "O",
            "O",
            "O",
            "O",
            "O",
            "O",
            "O",
            "O",
            "O",
            "O",
            "O",
            "O",
            "O",
            "O",
            "O",
            "O",
            "O",
            "O",
            "B",
            "O",
            "O",
            "O",
            "O",
            "O",
            "O",
            "O",
            "O",
            "O",
            "O",
            "O",
            "O",
            "O",
            "O",
            "O",
            "O",
            "O",
            "O",
            "O",
            "B",
            "I",
            "O",
            "O",
            "O",
            "O",
            "O",
            "O",
            "B",
            "I",
            "O",
            "O",
            "O",
            "O",
            "O",
            "O",
            "O",
            "B",
            "O",
            "O",
            "O",
            "B",
            "B",
            "O",
            "O",
            "O",
            "O",
            "O",
            "O",
            "B",
            "O",
            "O",
            "O",
            "O",
            "O",
            "O",
            "B",
            "O",
            "O",
            "O",
            "O",
            "O",
            "B",
            "O",
            "O",
            "O",
            "O",
            "O",
            "O",
            "O",
            "B",
            "O",
            "B",
            "O",
            "O",
            "O",
            "O",
            "O",
            "O",
            "B",
            "I",
            "I"
        ]
    },
    {
        "words": [
            "In-class",
            "exercises",
            "Problem",
            "1",
            ":",
            "What",
            "is",
            "the",
            "prime",
            "factorization",
            "of",
            "984",
            "?",
            "Problem",
            "2",
            ":",
            "Is",
            "157",
            "prime",
            "?",
            "Is",
            "97",
            "prime",
            "?",
            "Problem",
            "3",
            ":",
            "Is",
            "the",
            "set",
            "of",
            "all",
            "prime",
            "numbers",
            "countable",
            "or",
            "uncountable",
            "?",
            "If",
            "it",
            "is",
            "countable",
            ",",
            "show",
            "a",
            "1-to-1",
            "correspondence",
            "between",
            "the",
            "prime",
            "numbers",
            "and",
            "the",
            "natural",
            "numbers",
            "."
        ],
        "labels": [
            "O",
            "O",
            "O",
            "O",
            "O",
            "O",
            "O",
            "O",
            "B",
            "I",
            "O",
            "O",
            "O",
            "O",
            "O",
            "O",
            "O",
            "O",
            "B",
            "O",
            "O",
            "O",
            "B",
            "O",
            "O",
            "O",
            "O",
            "O",
            "O",
            "O",
            "O",
            "O",
            "B",
            "I",
            "B",
            "O",
            "B",
            "O",
            "O",
            "O",
            "O",
            "B",
            "O",
            "O",
            "O",
            "B",
            "I",
            "O",
            "O",
            "B",
            "I",
            "O",
            "O",
            "B",
            "I",
            "O"
        ]
    },
    {
        "words": [
            "Greatest",
            "common",
            "divisors",
            "Definition",
            ":",
            "Let",
            "a",
            "and",
            "b",
            "be",
            "integers",
            ",",
            "not",
            "both",
            "zero",
            ".",
            "The",
            "largest",
            "integer",
            "d",
            "such",
            "that",
            "d",
            "|",
            "a",
            "and",
            "d",
            "|",
            "b",
            "is",
            "called",
            "the",
            "greatest",
            "common",
            "divisor",
            "of",
            "a",
            "and",
            "b",
            ",",
            "denoted",
            "by",
            "gcd",
            "(",
            "a",
            ",",
            "b",
            ")",
            ".",
            "Note",
            ":",
            "We",
            "can",
            "(",
            "naively",
            ")",
            "find",
            "GCDs",
            "by",
            "comparing",
            "the",
            "common",
            "divisors",
            "of",
            "two",
            "numbers",
            ".",
            "Example",
            ":",
            "What",
            "is",
            "the",
            "GCD",
            "of",
            "24",
            "and",
            "36",
            "?",
            "l",
            "Factors",
            "of",
            "24",
            ":",
            "1",
            ",",
            "2",
            ",",
            "3",
            ",",
            "4",
            ",",
            "6",
            ",",
            "8",
            ",",
            "12",
            ",",
            "24",
            "l",
            "Factors",
            "of",
            "36",
            ":",
            "1",
            ",",
            "2",
            ",",
            "3",
            ",",
            "4",
            ",",
            "6",
            ",",
            "9",
            ",",
            "12",
            ",",
            "18",
            ",",
            "36",
            "l",
            "\u2234",
            "gcd",
            "(",
            "24",
            ",",
            "36",
            ")",
            "=",
            "12"
        ],
        "labels": [
            "B",
            "I",
            "I",
            "O",
            "O",
            "O",
            "O",
            "O",
            "O",
            "O",
            "B",
            "O",
            "O",
            "O",
            "O",
            "O",
            "O",
            "O",
            "B",
            "O",
            "O",
            "O",
            "O",
            "O",
            "O",
            "O",
            "O",
            "O",
            "O",
            "O",
            "O",
            "O",
            "B",
            "I",
            "I",
            "O",
            "O",
            "O",
            "O",
            "O",
            "O",
            "O",
            "B",
            "O",
            "O",
            "O",
            "O",
            "O",
            "O",
            "O",
            "O",
            "O",
            "O",
            "O",
            "O",
            "O",
            "O",
            "B",
            "O",
            "O",
            "O",
            "B",
            "I",
            "O",
            "O",
            "O",
            "O",
            "O",
            "O",
            "O",
            "O",
            "O",
            "B",
            "O",
            "O",
            "O",
            "O",
            "O",
            "O",
            "B",
            "O",
            "O",
            "O",
            "O",
            "O",
            "O",
            "O",
            "O",
            "O",
            "O",
            "O",
            "O",
            "O",
            "O",
            "O",
            "O",
            "O",
            "O",
            "O",
            "B",
            "O",
            "O",
            "O",
            "O",
            "O",
            "O",
            "O",
            "O",
            "O",
            "O",
            "O",
            "O",
            "O",
            "O",
            "O",
            "O",
            "O",
            "O",
            "O",
            "O",
            "O",
            "O",
            "B",
            "O",
            "O",
            "O",
            "O",
            "O",
            "O",
            "O"
        ]
    },
    {
        "words": [
            "Sometimes",
            ",",
            "the",
            "GCD",
            "of",
            "two",
            "numbers",
            "is",
            "1",
            "Example",
            ":",
            "What",
            "is",
            "gcd",
            "(",
            "17",
            ",",
            "22",
            ")",
            "?",
            "l",
            "Factors",
            "of",
            "17",
            ":",
            "1",
            ",",
            "17",
            "l",
            "Factors",
            "of",
            "22",
            ":",
            "1",
            ",",
            "2",
            ",",
            "11",
            ",",
            "22",
            "l",
            "\u2234",
            "gcd",
            "(",
            "17",
            ",",
            "22",
            ")",
            "=",
            "1",
            "Definition",
            ":",
            "If",
            "gcd",
            "(",
            "a",
            ",",
            "b",
            ")",
            "=",
            "1",
            ",",
            "we",
            "say",
            "that",
            "a",
            "and",
            "b",
            "are",
            "relatively",
            "prime",
            ",",
            "or",
            "coprime",
            ".",
            "We",
            "say",
            "that",
            "a1",
            ",",
            "a2",
            ",",
            "\u2026",
            ",",
            "an",
            "are",
            "pairwise",
            "relatively",
            "prime",
            "if",
            "gcd",
            "(",
            "ai",
            ",",
            "aj",
            ")",
            "=",
            "1",
            "\u2200i",
            ",",
            "j",
            ".",
            "Example",
            ":",
            "Are",
            "10",
            ",",
            "17",
            ",",
            "and",
            "21",
            "pairwise",
            "coprime",
            "?",
            "l",
            "Factors",
            "of",
            "10",
            ":",
            "1",
            ",",
            "2",
            ",",
            "5",
            ",",
            "10",
            "l",
            "Factors",
            "of",
            "17",
            ":",
            "1",
            ",",
            "17",
            "Yes",
            "!",
            "l",
            "Factors",
            "of",
            "21",
            ":",
            "1",
            ",",
            "3",
            ",",
            "7",
            ",",
            "21"
        ],
        "labels": [
            "O",
            "O",
            "O",
            "B",
            "O",
            "O",
            "O",
            "O",
            "O",
            "O",
            "O",
            "B",
            "O",
            "O",
            "O",
            "O",
            "O",
            "O",
            "O",
            "O",
            "O",
            "B",
            "O",
            "O",
            "O",
            "O",
            "O",
            "O",
            "O",
            "B",
            "O",
            "O",
            "O",
            "O",
            "O",
            "O",
            "O",
            "O",
            "O",
            "O",
            "O",
            "O",
            "O",
            "O",
            "O",
            "O",
            "O",
            "O",
            "O",
            "O",
            "O",
            "O",
            "O",
            "B",
            "O",
            "O",
            "O",
            "O",
            "O",
            "O",
            "O",
            "O",
            "O",
            "O",
            "O",
            "O",
            "O",
            "O",
            "O",
            "B",
            "I",
            "O",
            "O",
            "B",
            "O",
            "O",
            "O",
            "O",
            "O",
            "O",
            "O",
            "O",
            "O",
            "O",
            "O",
            "O",
            "B",
            "I",
            "I",
            "O",
            "B",
            "O",
            "O",
            "O",
            "O",
            "O",
            "O",
            "O",
            "O",
            "O",
            "O",
            "O",
            "O",
            "O",
            "O",
            "O",
            "O",
            "O",
            "O",
            "O",
            "O",
            "B",
            "I",
            "O",
            "O",
            "B",
            "O",
            "O",
            "O",
            "O",
            "O",
            "O",
            "O",
            "O",
            "O",
            "O",
            "O",
            "B",
            "O",
            "O",
            "O",
            "O",
            "O",
            "O",
            "O",
            "O",
            "O",
            "B",
            "O",
            "O",
            "O",
            "O",
            "O",
            "O",
            "O",
            "O",
            "O",
            "O"
        ]
    },
    {
        "words": [
            "We",
            "can",
            "leverage",
            "the",
            "fundamental",
            "theorem",
            "of",
            "arithmetic",
            "to",
            "develop",
            "a",
            "better",
            "algorithm",
            "Let",
            ":",
            "and",
            "Then",
            ":",
            "Greatest",
            "multiple",
            "of",
            "p1",
            "in",
            "both",
            "Greatest",
            "multiple",
            "of",
            "p2",
            "in",
            "both",
            "a",
            "and",
            "b",
            "a",
            "and",
            "b",
            "Example",
            ":",
            "Compute",
            "gcd",
            "(",
            "120",
            ",",
            "500",
            ")",
            "l",
            "120",
            "=",
            "23\u00d7",
            "3\u00d7",
            "5",
            "l",
            "500",
            "=",
            "22\u00d7",
            "53",
            "l",
            "So",
            "gcd",
            "(",
            "120",
            ",",
            "500",
            ")",
            "=",
            "22\u00d7",
            "30\u00d7",
            "5",
            "=",
            "20"
        ],
        "labels": [
            "O",
            "O",
            "O",
            "O",
            "B",
            "I",
            "I",
            "I",
            "O",
            "O",
            "O",
            "O",
            "B",
            "O",
            "O",
            "O",
            "O",
            "O",
            "O",
            "O",
            "O",
            "O",
            "O",
            "O",
            "O",
            "O",
            "O",
            "O",
            "O",
            "O",
            "O",
            "O",
            "O",
            "O",
            "O",
            "O",
            "O",
            "O",
            "O",
            "B",
            "O",
            "O",
            "O",
            "O",
            "O",
            "O",
            "O",
            "O",
            "O",
            "O",
            "O",
            "O",
            "O",
            "O",
            "O",
            "O",
            "O",
            "O",
            "O",
            "O",
            "O",
            "O",
            "O",
            "O",
            "O",
            "O",
            "O",
            "O",
            "O",
            "O"
        ]
    },
    {
        "words": [
            "Better",
            "still",
            "is",
            "Euclid",
            "\u2019",
            "s",
            "algorithm",
            "Observation",
            ":",
            "If",
            "a",
            "=",
            "bq",
            "+",
            "r",
            ",",
            "then",
            "gcd",
            "(",
            "a",
            ",",
            "b",
            ")",
            "=",
            "gcd",
            "(",
            "b",
            ",",
            "r",
            ")",
            "Proved",
            "in",
            "section",
            "4.3",
            "of",
            "the",
            "book",
            "So",
            ",",
            "let",
            "r0",
            "=",
            "a",
            "and",
            "r1",
            "=",
            "b",
            ".",
            "Then",
            ":",
            "l",
            "r0",
            "=",
            "r1q1",
            "+",
            "r2",
            "0",
            "\u2264",
            "r2",
            "<",
            "r1",
            "l",
            "r1",
            "=",
            "r2q2",
            "+",
            "r3",
            "0",
            "\u2264",
            "r3",
            "<",
            "r2",
            "l",
            "\u2026",
            "l",
            "rn-2",
            "=",
            "rn-1qn-1",
            "+",
            "rn",
            "0",
            "\u2264",
            "rn",
            "<",
            "rn-1",
            "l",
            "rn-1",
            "=",
            "rnqn",
            "gcd",
            "(",
            "a",
            ",",
            "b",
            ")",
            "=",
            "rn"
        ],
        "labels": [
            "O",
            "O",
            "O",
            "B",
            "I",
            "I",
            "I",
            "O",
            "O",
            "O",
            "O",
            "O",
            "O",
            "O",
            "O",
            "O",
            "O",
            "B",
            "O",
            "O",
            "O",
            "O",
            "O",
            "O",
            "B",
            "O",
            "O",
            "O",
            "O",
            "O",
            "O",
            "O",
            "O",
            "O",
            "O",
            "O",
            "O",
            "O",
            "O",
            "O",
            "O",
            "O",
            "O",
            "O",
            "O",
            "O",
            "O",
            "O",
            "O",
            "O",
            "O",
            "O",
            "O",
            "O",
            "O",
            "O",
            "O",
            "O",
            "O",
            "O",
            "O",
            "O",
            "O",
            "O",
            "O",
            "O",
            "O",
            "O",
            "O",
            "O",
            "O",
            "O",
            "O",
            "O",
            "O",
            "O",
            "O",
            "O",
            "O",
            "O",
            "O",
            "O",
            "O",
            "O",
            "O",
            "O",
            "O",
            "O",
            "O",
            "B",
            "O",
            "O",
            "O",
            "O",
            "O",
            "O",
            "O"
        ]
    },
    {
        "words": [
            "Examples",
            "of",
            "Euclid",
            "\u2019",
            "s",
            "algorithm",
            "Example",
            ":",
            "Compute",
            "gcd",
            "(",
            "414",
            ",",
            "662",
            ")",
            "l",
            "662",
            "=",
            "414",
            "\u00d7",
            "1",
            "+",
            "248",
            "l",
            "414",
            "=",
            "248",
            "\u00d7",
            "1",
            "+",
            "166",
            "l",
            "248",
            "=",
            "166",
            "\u00d7",
            "1",
            "+",
            "82",
            "l",
            "166",
            "=",
            "82",
            "\u00d7",
            "2",
            "+",
            "2",
            "gcd",
            "(",
            "414",
            ",",
            "662",
            ")",
            "=",
            "2",
            "l",
            "82",
            "=",
            "2",
            "\u00d7",
            "41",
            "Example",
            ":",
            "Compute",
            "gcd",
            "(",
            "9888",
            ",",
            "6060",
            ")",
            "l",
            "9888",
            "=",
            "6060",
            "\u00d7",
            "1",
            "+",
            "3828",
            "l",
            "6060",
            "=",
            "3828",
            "\u00d7",
            "1",
            "+",
            "2232",
            "l",
            "3828",
            "=",
            "2232",
            "\u00d7",
            "1",
            "+",
            "1596",
            "l",
            "2232",
            "=",
            "1596",
            "\u00d7",
            "1",
            "+",
            "636",
            "l",
            "1596",
            "=",
            "636",
            "\u00d7",
            "2",
            "+",
            "324",
            "l",
            "636",
            "=",
            "324",
            "\u00d7",
            "1",
            "+",
            "312",
            "l",
            "324",
            "=",
            "312",
            "\u00d7",
            "1",
            "+",
            "12",
            "gcd",
            "(",
            "9888",
            ",",
            "6060",
            ")",
            "=",
            "12",
            "l",
            "312",
            "=",
            "12",
            "\u00d7",
            "26"
        ],
        "labels": [
            "O",
            "O",
            "B",
            "I",
            "I",
            "I",
            "O",
            "O",
            "O",
            "B",
            "O",
            "O",
            "O",
            "O",
            "O",
            "O",
            "O",
            "O",
            "O",
            "O",
            "O",
            "O",
            "O",
            "O",
            "O",
            "O",
            "O",
            "O",
            "O",
            "O",
            "O",
            "O",
            "O",
            "O",
            "O",
            "O",
            "O",
            "O",
            "O",
            "O",
            "O",
            "O",
            "O",
            "O",
            "O",
            "O",
            "O",
            "B",
            "O",
            "O",
            "O",
            "O",
            "O",
            "O",
            "O",
            "O",
            "O",
            "O",
            "O",
            "O",
            "O",
            "O",
            "O",
            "O",
            "B",
            "O",
            "O",
            "O",
            "O",
            "O",
            "O",
            "O",
            "O",
            "O",
            "O",
            "O",
            "O",
            "O",
            "O",
            "O",
            "O",
            "O",
            "O",
            "O",
            "O",
            "O",
            "O",
            "O",
            "O",
            "O",
            "O",
            "O",
            "O",
            "O",
            "O",
            "O",
            "O",
            "O",
            "O",
            "O",
            "O",
            "O",
            "O",
            "O",
            "O",
            "O",
            "O",
            "O",
            "O",
            "O",
            "O",
            "O",
            "O",
            "O",
            "O",
            "O",
            "O",
            "O",
            "O",
            "O",
            "O",
            "O",
            "O",
            "O",
            "O",
            "O",
            "B",
            "O",
            "O",
            "O",
            "O",
            "O",
            "O",
            "O",
            "O",
            "O",
            "O",
            "O",
            "O",
            "O"
        ]
    },
    {
        "words": [
            "Least",
            "common",
            "multiples",
            "Definition",
            ":",
            "The",
            "least",
            "common",
            "multiple",
            "of",
            "the",
            "integers",
            "a",
            "and",
            "b",
            "is",
            "the",
            "smallest",
            "positive",
            "integer",
            "that",
            "is",
            "divisible",
            "by",
            "both",
            "a",
            "and",
            "b",
            ".",
            "The",
            "least",
            "common",
            "multiple",
            "of",
            "a",
            "and",
            "b",
            "is",
            "denoted",
            "lcm",
            "(",
            "a",
            ",",
            "b",
            ")",
            ".",
            "Example",
            ":",
            "What",
            "is",
            "lcm",
            "(",
            "3,12",
            ")",
            "?",
            "l",
            "Multiples",
            "of",
            "3",
            ":",
            "3",
            ",",
            "6",
            ",",
            "9",
            ",",
            "12",
            ",",
            "15",
            ",",
            "\u2026",
            "l",
            "Multiples",
            "of",
            "12",
            ":",
            "12",
            ",",
            "24",
            ",",
            "36",
            ",",
            "\u2026",
            "l",
            "So",
            "lcm",
            "(",
            "3,12",
            ")",
            "=",
            "12",
            "Note",
            ":",
            "lcm",
            "(",
            "a",
            ",",
            "b",
            ")",
            "is",
            "guaranteed",
            "to",
            "exist",
            ",",
            "since",
            "a",
            "common",
            "multiple",
            "exists",
            "(",
            "i.e.",
            ",",
            "ab",
            ")",
            "."
        ],
        "labels": [
            "B",
            "I",
            "I",
            "O",
            "O",
            "O",
            "B",
            "I",
            "I",
            "O",
            "O",
            "I",
            "O",
            "O",
            "O",
            "O",
            "O",
            "O",
            "B",
            "I",
            "O",
            "O",
            "B",
            "O",
            "O",
            "O",
            "O",
            "O",
            "O",
            "O",
            "B",
            "I",
            "I",
            "O",
            "O",
            "O",
            "O",
            "O",
            "O",
            "B",
            "O",
            "O",
            "O",
            "O",
            "O",
            "O",
            "O",
            "O",
            "O",
            "O",
            "O",
            "O",
            "O",
            "O",
            "O",
            "O",
            "B",
            "O",
            "O",
            "O",
            "O",
            "O",
            "O",
            "O",
            "O",
            "O",
            "O",
            "O",
            "O",
            "O",
            "O",
            "O",
            "B",
            "O",
            "O",
            "O",
            "O",
            "O",
            "O",
            "O",
            "O",
            "O",
            "O",
            "O",
            "O",
            "B",
            "O",
            "O",
            "O",
            "O",
            "O",
            "O",
            "O",
            "B",
            "O",
            "O",
            "O",
            "O",
            "O",
            "O",
            "O",
            "O",
            "O",
            "O",
            "O",
            "O",
            "O",
            "O",
            "O",
            "O",
            "O",
            "O",
            "O",
            "O",
            "O"
        ]
    },
    {
        "words": [
            "We",
            "can",
            "leverage",
            "the",
            "fundamental",
            "theorem",
            "of",
            "arithmetic",
            "to",
            "develop",
            "a",
            "better",
            "algorithm",
            "Let",
            ":",
            "and",
            "Then",
            ":",
            "Greatest",
            "multiple",
            "of",
            "p1",
            "in",
            "either",
            "Greatest",
            "multiple",
            "of",
            "p2",
            "in",
            "a",
            "or",
            "b",
            "either",
            "a",
            "or",
            "b",
            "Example",
            ":",
            "Compute",
            "lcm",
            "(",
            "120",
            ",",
            "500",
            ")",
            "l",
            "120",
            "=",
            "23\u00d7",
            "3\u00d7",
            "5",
            "l",
            "500",
            "=",
            "22\u00d7",
            "53",
            "l",
            "So",
            "lcm",
            "(",
            "120",
            ",",
            "500",
            ")",
            "=",
            "23\u00d7",
            "3\u00d7",
            "53",
            "=",
            "3000",
            "<",
            "<",
            "120\u00d7",
            "500",
            "=",
            "60,000"
        ],
        "labels": [
            "O",
            "O",
            "O",
            "O",
            "B",
            "I",
            "I",
            "O",
            "O",
            "O",
            "O",
            "O",
            "B",
            "O",
            "O",
            "O",
            "O",
            "O",
            "O",
            "O",
            "O",
            "O",
            "O",
            "O",
            "O",
            "O",
            "O",
            "O",
            "O",
            "O",
            "O",
            "O",
            "O",
            "O",
            "O",
            "O",
            "O",
            "O",
            "O",
            "B",
            "O",
            "O",
            "O",
            "O",
            "O",
            "O",
            "O",
            "O",
            "O",
            "O",
            "O",
            "O",
            "O",
            "O",
            "O",
            "O",
            "O",
            "O",
            "B",
            "O",
            "O",
            "O",
            "O",
            "O",
            "O",
            "O",
            "O",
            "O",
            "O",
            "O",
            "O",
            "O",
            "O",
            "O",
            "O",
            "O"
        ]
    },
    {
        "words": [
            "LCMs",
            "are",
            "closely",
            "tied",
            "to",
            "GCDs",
            "Note",
            ":",
            "ab",
            "=",
            "lcm",
            "(",
            "a",
            ",",
            "b",
            ")",
            "\u00d7",
            "gcd",
            "(",
            "a",
            ",",
            "b",
            ")",
            "Example",
            ":",
            "a",
            "=",
            "120",
            "=",
            "23",
            "\u00d7",
            "3",
            "\u00d7",
            "5",
            ",",
            "b",
            "=",
            "500",
            "=",
            "22",
            "\u00d7",
            "53",
            "l",
            "120",
            "=",
            "23\u00d7",
            "3\u00d7",
            "5",
            "l",
            "500",
            "=",
            "22\u00d7",
            "53",
            "l",
            "lcm",
            "(",
            "120",
            ",",
            "500",
            ")",
            "=",
            "23\u00d7",
            "3\u00d7",
            "53",
            "=",
            "3000",
            "l",
            "gcd",
            "(",
            "120",
            ",",
            "500",
            ")",
            "=",
            "22\u00d7",
            "30\u00d7",
            "5",
            "=",
            "20",
            "l",
            "lcm",
            "(",
            "120",
            ",",
            "500",
            ")",
            "\u00d7",
            "gcd",
            "(",
            "120",
            ",",
            "500",
            ")",
            "=",
            "23\u00d7",
            "3\u00d7",
            "53\u00d7",
            "22\u00d7",
            "30\u00d7",
            "5",
            "=",
            "25\u00d7",
            "3\u00d7",
            "54",
            "=",
            "60,000",
            "=",
            "120\u00d7",
            "500",
            "\u2714"
        ],
        "labels": [
            "B",
            "O",
            "O",
            "O",
            "O",
            "B",
            "O",
            "O",
            "O",
            "O",
            "B",
            "O",
            "O",
            "O",
            "O",
            "O",
            "O",
            "B",
            "O",
            "O",
            "O",
            "O",
            "O",
            "O",
            "O",
            "O",
            "O",
            "O",
            "O",
            "O",
            "O",
            "O",
            "O",
            "O",
            "O",
            "O",
            "O",
            "O",
            "O",
            "O",
            "O",
            "O",
            "O",
            "O",
            "O",
            "O",
            "O",
            "O",
            "O",
            "O",
            "O",
            "O",
            "O",
            "O",
            "B",
            "O",
            "O",
            "O",
            "O",
            "O",
            "O",
            "O",
            "O",
            "O",
            "O",
            "O",
            "O",
            "B",
            "O",
            "O",
            "O",
            "O",
            "O",
            "O",
            "O",
            "O",
            "O",
            "O",
            "O",
            "O",
            "B",
            "O",
            "O",
            "O",
            "O",
            "O",
            "O",
            "B",
            "O",
            "O",
            "O",
            "O",
            "O",
            "O",
            "O",
            "O",
            "O",
            "O",
            "O",
            "O",
            "O",
            "O",
            "O",
            "O",
            "O",
            "O",
            "O",
            "O",
            "O",
            "O"
        ]
    },
    {
        "words": [
            "In-class",
            "exercises",
            "Problem",
            "4",
            ":",
            "Use",
            "Euclid",
            "\u2019",
            "s",
            "algorithm",
            "to",
            "compute",
            "gcd",
            "(",
            "92928",
            ",",
            "123552",
            ")",
            ".",
            "Problem",
            "5",
            ":",
            "Compute",
            "gcd",
            "(",
            "24",
            ",",
            "36",
            ")",
            "and",
            "lcm",
            "(",
            "24",
            ",",
            "36",
            ")",
            ".",
            "Verify",
            "that",
            "gcd",
            "(",
            "24",
            ",",
            "36",
            ")",
            "\u00d7",
            "lcm",
            "(",
            "24",
            ",",
            "36",
            ")",
            "=",
            "24\u00d7",
            "36",
            "."
        ],
        "labels": [
            "O",
            "O",
            "O",
            "O",
            "O",
            "O",
            "B",
            "I",
            "I",
            "I",
            "O",
            "O",
            "B",
            "O",
            "O",
            "O",
            "O",
            "O",
            "O",
            "O",
            "O",
            "O",
            "O",
            "B",
            "O",
            "O",
            "O",
            "O",
            "O",
            "O",
            "B",
            "O",
            "O",
            "O",
            "O",
            "O",
            "O",
            "O",
            "O",
            "B",
            "O",
            "O",
            "O",
            "O",
            "O",
            "O",
            "B",
            "O",
            "O",
            "O",
            "O",
            "O",
            "O",
            "O",
            "O",
            "O"
        ]
    },
    {
        "words": [
            "Final",
            "Thoughts",
            "n",
            "Prime",
            "numbers",
            "play",
            "an",
            "important",
            "role",
            "in",
            "number",
            "theory",
            "n",
            "There",
            "are",
            "an",
            "infinite",
            "number",
            "of",
            "prime",
            "numbers",
            "n",
            "Any",
            "number",
            "can",
            "be",
            "represented",
            "as",
            "a",
            "product",
            "of",
            "prime",
            "numbers",
            ";",
            "this",
            "has",
            "implications",
            "when",
            "computing",
            "GCDs",
            "and",
            "LCMs",
            "n",
            "Next",
            "time",
            ":",
            "Proof",
            "by",
            "Induction"
        ],
        "labels": [
            "O",
            "O",
            "O",
            "B",
            "I",
            "O",
            "O",
            "O",
            "O",
            "O",
            "B",
            "I",
            "O",
            "O",
            "O",
            "O",
            "B",
            "O",
            "O",
            "B",
            "I",
            "O",
            "O",
            "O",
            "O",
            "O",
            "O",
            "O",
            "O",
            "O",
            "O",
            "B",
            "I",
            "O",
            "O",
            "O",
            "O",
            "O",
            "O",
            "B",
            "O",
            "B",
            "O",
            "O",
            "O",
            "O",
            "B",
            "I",
            "I"
        ]
    }
]