[
    {
        "words": [
            "Discrete",
            "Structures",
            "for",
            "Computer",
            "Science",
            "William",
            "Garrison",
            "bill",
            "@",
            "cs.pitt.edu",
            "6311",
            "Sennott",
            "Square",
            "Lecture",
            "#",
            "13",
            ":",
            "Proof",
            "by",
            "Induction",
            "Based",
            "on",
            "materials",
            "developed",
            "by",
            "Dr.",
            "Adam",
            "Lee"
        ],
        "labels": [
            "O",
            "O",
            "O",
            "O",
            "O",
            "O",
            "O",
            "O",
            "O",
            "O",
            "O",
            "O",
            "O",
            "O",
            "O",
            "O",
            "O",
            "B",
            "I",
            "I",
            "O",
            "O",
            "O",
            "O",
            "O",
            "O",
            "O",
            "O"
        ]
    },
    {
        "words": [
            "We",
            "\u2019",
            "ve",
            "learned",
            "a",
            "lot",
            "of",
            "proof",
            "methods\u2026",
            "Basic",
            "proof",
            "methods",
            "l",
            "Direct",
            "proof",
            ",",
            "contradiction",
            ",",
            "contraposition",
            ",",
            "cases",
            ",",
            "\u2026",
            "Proof",
            "of",
            "quantified",
            "statements",
            "l",
            "Existential",
            "statements",
            "(",
            "i.e.",
            ",",
            "\u2203x",
            "P",
            "(",
            "x",
            ")",
            ")",
            "\u27a3",
            "Finding",
            "a",
            "single",
            "example",
            "suffices",
            "l",
            "Universal",
            "statements",
            "(",
            "i.e.",
            ",",
            "\u2200x",
            "P",
            "(",
            "x",
            ")",
            ")",
            "can",
            "be",
            "harder",
            "to",
            "prove",
            "\u27a3",
            "\u27a3",
            "Bottom",
            "line",
            ":",
            "We",
            "need",
            "new",
            "tools",
            "!"
        ],
        "labels": [
            "O",
            "O",
            "O",
            "O",
            "O",
            "O",
            "O",
            "B",
            "I",
            "O",
            "B",
            "I",
            "O",
            "B",
            "I",
            "O",
            "B",
            "O",
            "B",
            "O",
            "B",
            "O",
            "O",
            "B",
            "O",
            "B",
            "I",
            "O",
            "B",
            "O",
            "O",
            "O",
            "O",
            "O",
            "O",
            "O",
            "O",
            "O",
            "O",
            "O",
            "O",
            "O",
            "O",
            "O",
            "O",
            "O",
            "B",
            "O",
            "O",
            "O",
            "O",
            "O",
            "O",
            "O",
            "O",
            "O",
            "O",
            "O",
            "O",
            "O",
            "O",
            "O",
            "O",
            "O",
            "O",
            "O",
            "O",
            "O",
            "O",
            "O",
            "O",
            "O"
        ]
    },
    {
        "words": [
            "Mathematical",
            "induction",
            "lets",
            "us",
            "prove",
            "universally",
            "quantified",
            "statements",
            "!",
            "Intuition",
            ":",
            "If",
            "P",
            "(",
            "0",
            ")",
            "is",
            "true",
            ",",
            "then",
            "P",
            "(",
            "1",
            ")",
            "is",
            "Goal",
            ":",
            "Prove",
            "\u2200x\u2208N",
            "P",
            "(",
            "x",
            ")",
            ".",
            "true",
            ".",
            "If",
            "P",
            "(",
            "1",
            ")",
            "is",
            "true",
            ",",
            "then",
            "P",
            "(",
            "2",
            ")",
            "is",
            "true\u2026",
            "Procedure",
            ":",
            "1",
            ".",
            "Prove",
            "P",
            "(",
            "0",
            ")",
            "2",
            ".",
            "Show",
            "that",
            "P",
            "(",
            "k",
            ")",
            "\u2192",
            "P",
            "(",
            "k+1",
            ")",
            "for",
            "any",
            "arbitrary",
            "k",
            "3",
            ".",
            "Conclude",
            "that",
            "P",
            "(",
            "x",
            ")",
            "is",
            "true",
            "\u2200x\u2208N",
            "P",
            "(",
            "0",
            ")",
            "For",
            "arb",
            ".",
            "k",
            ",",
            "P",
            "(",
            "k",
            ")",
            "\u2192",
            "P",
            "(",
            "k+1",
            ")",
            "\u2234\u2200x\u2208N",
            "P",
            "(",
            "x",
            ")"
        ],
        "labels": [
            "B",
            "I",
            "O",
            "O",
            "O",
            "B",
            "I",
            "O",
            "O",
            "O",
            "O",
            "O",
            "O",
            "O",
            "O",
            "O",
            "O",
            "O",
            "O",
            "O",
            "O",
            "O",
            "O",
            "O",
            "O",
            "O",
            "O",
            "O",
            "O",
            "O",
            "O",
            "O",
            "O",
            "O",
            "O",
            "O",
            "O",
            "O",
            "O",
            "O",
            "O",
            "O",
            "O",
            "O",
            "O",
            "O",
            "O",
            "O",
            "O",
            "O",
            "O",
            "O",
            "O",
            "O",
            "O",
            "O",
            "O",
            "O",
            "O",
            "O",
            "O",
            "O",
            "O",
            "O",
            "O",
            "O",
            "O",
            "O",
            "O",
            "O",
            "O",
            "O",
            "O",
            "O",
            "O",
            "O",
            "O",
            "O",
            "O",
            "O",
            "O",
            "O",
            "O",
            "O",
            "O",
            "O",
            "O",
            "O",
            "O",
            "O",
            "O",
            "O",
            "O",
            "O",
            "O",
            "O",
            "O",
            "O",
            "O",
            "O",
            "O",
            "O",
            "O",
            "O",
            "O",
            "O",
            "O",
            "O",
            "O",
            "O",
            "O"
        ]
    },
    {
        "words": [
            "Analogy",
            ":",
            "Climbing",
            "a",
            "ladder",
            "Proving",
            "P",
            "(",
            "0",
            ")",
            ":",
            "l",
            "You",
            "can",
            "get",
            "on",
            "the",
            "first",
            "rung",
            "of",
            "the",
            "ladder",
            "Proving",
            "P",
            "(",
            "k",
            ")",
            "\u2192",
            "P",
            "(",
            "k+1",
            ")",
            ":",
            "l",
            "If",
            "you",
            "are",
            "on",
            "the",
            "kth",
            "step",
            ",",
            "you",
            "can",
            "get",
            "to",
            "the",
            "(",
            "k+1",
            ")",
            "th",
            "step",
            "\u2234",
            "\u2200x",
            "P",
            "(",
            "x",
            ")",
            "l",
            "You",
            "can",
            "get",
            "to",
            "any",
            "step",
            "on",
            "the",
            "ladder"
        ],
        "labels": [
            "O",
            "O",
            "O",
            "O",
            "O",
            "O",
            "O",
            "O",
            "O",
            "O",
            "O",
            "O",
            "O",
            "O",
            "O",
            "O",
            "O",
            "O",
            "O",
            "O",
            "O",
            "O",
            "O",
            "O",
            "O",
            "O",
            "O",
            "O",
            "O",
            "O",
            "O",
            "O",
            "O",
            "O",
            "O",
            "O",
            "O",
            "O",
            "O",
            "O",
            "O",
            "O",
            "O",
            "O",
            "O",
            "O",
            "O",
            "O",
            "O",
            "O",
            "O",
            "O",
            "O",
            "O",
            "O",
            "O",
            "O",
            "O",
            "O",
            "O",
            "O",
            "O",
            "O",
            "O",
            "O",
            "O",
            "O",
            "O"
        ]
    },
    {
        "words": [
            "Analogy",
            ":",
            "Playing",
            "with",
            "dominoes",
            "Proving",
            "P",
            "(",
            "0",
            ")",
            ":",
            "l",
            "The",
            "first",
            "domino",
            "falls",
            "Proving",
            "P",
            "(",
            "k",
            ")",
            "\u2192",
            "P",
            "(",
            "k+1",
            ")",
            ":",
            "l",
            "If",
            "the",
            "kth",
            "domino",
            "falls",
            ",",
            "then",
            "the",
            "(",
            "k+1",
            ")",
            "th",
            "domino",
            "will",
            "fall",
            "\u2234",
            "\u2200x",
            "P",
            "(",
            "x",
            ")",
            "l",
            "All",
            "dominoes",
            "will",
            "fall",
            "!"
        ],
        "labels": [
            "O",
            "O",
            "O",
            "O",
            "O",
            "O",
            "O",
            "O",
            "O",
            "O",
            "O",
            "O",
            "O",
            "O",
            "O",
            "O",
            "O",
            "O",
            "O",
            "O",
            "O",
            "O",
            "O",
            "O",
            "O",
            "O",
            "O",
            "O",
            "O",
            "O",
            "O",
            "O",
            "O",
            "O",
            "O",
            "O",
            "O",
            "O",
            "O",
            "O",
            "O",
            "O",
            "O",
            "O",
            "O",
            "O",
            "O",
            "O",
            "O",
            "O",
            "O",
            "O",
            "O",
            "O",
            "O"
        ]
    },
    {
        "words": [
            "All",
            "of",
            "your",
            "proofs",
            "should",
            "have",
            "the",
            "same",
            "overall",
            "structure",
            "P",
            "(",
            "x",
            ")",
            "\u2261",
            "Define",
            "the",
            "property",
            "that",
            "you",
            "are",
            "trying",
            "to",
            "prove",
            "Base",
            "case",
            ":",
            "Prove",
            "the",
            "\u201c",
            "first",
            "step",
            "onto",
            "the",
            "ladder.",
            "\u201d",
            "Typically",
            ",",
            "but",
            "not",
            "always",
            ",",
            "this",
            "means",
            "proving",
            "P",
            "(",
            "0",
            ")",
            "or",
            "P",
            "(",
            "1",
            ")",
            ".",
            "Inductive",
            "Hypothesis",
            ":",
            "Assume",
            "that",
            "P",
            "(",
            "k",
            ")",
            "is",
            "true",
            "for",
            "an",
            "arbitrary",
            "k",
            "Inductive",
            "step",
            ":",
            "Show",
            "that",
            "P",
            "(",
            "k",
            ")",
            "\u2192",
            "P",
            "(",
            "k",
            "+",
            "1",
            ")",
            ".",
            "That",
            "is",
            ",",
            "prove",
            "that",
            "once",
            "you",
            "\u2019",
            "re",
            "on",
            "one",
            "step",
            ",",
            "you",
            "can",
            "get",
            "to",
            "the",
            "next",
            "step",
            ".",
            "This",
            "is",
            "where",
            "many",
            "proofs",
            "will",
            "differ",
            "from",
            "one",
            "another",
            ".",
            "Conclusion",
            ":",
            "Since",
            "you",
            "\u2019",
            "ve",
            "proven",
            "the",
            "base",
            "case",
            "and",
            "P",
            "(",
            "k",
            ")",
            "\u2192",
            "P",
            "(",
            "k",
            "+",
            "1",
            ")",
            ",",
            "the",
            "claim",
            "is",
            "true",
            "!",
            "\u274f"
        ],
        "labels": [
            "O",
            "O",
            "O",
            "O",
            "O",
            "O",
            "O",
            "O",
            "O",
            "O",
            "O",
            "O",
            "O",
            "O",
            "O",
            "O",
            "O",
            "O",
            "O",
            "O",
            "O",
            "O",
            "O",
            "O",
            "B",
            "I",
            "O",
            "O",
            "O",
            "O",
            "O",
            "O",
            "O",
            "O",
            "O",
            "O",
            "O",
            "O",
            "O",
            "O",
            "O",
            "O",
            "O",
            "O",
            "O",
            "O",
            "O",
            "O",
            "O",
            "O",
            "O",
            "O",
            "O",
            "O",
            "O",
            "B",
            "I",
            "O",
            "O",
            "O",
            "O",
            "O",
            "O",
            "O",
            "O",
            "O",
            "O",
            "O",
            "O",
            "O",
            "B",
            "I",
            "O",
            "O",
            "O",
            "O",
            "O",
            "O",
            "O",
            "O",
            "O",
            "O",
            "O",
            "O",
            "O",
            "O",
            "O",
            "O",
            "O",
            "O",
            "O",
            "O",
            "O",
            "O",
            "O",
            "O",
            "O",
            "O",
            "O",
            "O",
            "O",
            "O",
            "O",
            "O",
            "O",
            "O",
            "O",
            "O",
            "O",
            "O",
            "O",
            "O",
            "O",
            "O",
            "O",
            "O",
            "O",
            "O",
            "O",
            "B",
            "O",
            "O",
            "O",
            "O",
            "O",
            "O",
            "O",
            "O",
            "O",
            "O",
            "O",
            "O",
            "O",
            "O",
            "O",
            "O",
            "O",
            "O",
            "O",
            "O",
            "O",
            "O",
            "O",
            "O",
            "O",
            "O",
            "O",
            "O"
        ]
    },
    {
        "words": [
            "Prove",
            "that",
            "P",
            "(",
            "n",
            ")",
            "\u2261",
            "Base",
            "case",
            ":",
            "P",
            "(",
            "1",
            ")",
            ":",
            "1",
            "(",
            "1+1",
            ")",
            "/2",
            "=",
            "1",
            "\u2714",
            "I.H",
            ".",
            ":",
            "Assume",
            "that",
            "P",
            "(",
            "k",
            ")",
            "holds",
            "for",
            "an",
            "arbitrary",
            "integer",
            "k",
            "Inductive",
            "step",
            ":",
            "We",
            "will",
            "now",
            "show",
            "that",
            "P",
            "(",
            "k",
            ")",
            "\u2192",
            "P",
            "(",
            "k+1",
            ")",
            "n",
            "1+2+\u2026+k",
            "=",
            "k",
            "(",
            "k+1",
            ")",
            "/2",
            "by",
            "I.H",
            ".",
            "n",
            "1+2+\u2026+k+",
            "(",
            "k+1",
            ")",
            "=",
            "k",
            "(",
            "k+1",
            ")",
            "/2",
            "+",
            "(",
            "k+1",
            ")",
            "k+1",
            "to",
            "both",
            "sides",
            "n",
            "1+2+\u2026+k+",
            "(",
            "k+1",
            ")",
            "=",
            "k",
            "(",
            "k+1",
            ")",
            "/2",
            "+",
            "2",
            "(",
            "k+1",
            ")",
            "/2",
            "n",
            "1+2+\u2026+k+",
            "(",
            "k+1",
            ")",
            "=",
            "(",
            "k2",
            "+",
            "3k",
            "+",
            "2",
            ")",
            "/2",
            "n",
            "1+2+\u2026+k+",
            "(",
            "k+1",
            ")",
            "=",
            "(",
            "k+1",
            ")",
            "(",
            "k+2",
            ")",
            "/2",
            "factoring",
            "Conclusion",
            ":",
            "Since",
            "we",
            "have",
            "proved",
            "the",
            "base",
            "case",
            "and",
            "the",
            "inductive",
            "case",
            ",",
            "the",
            "claim",
            "holds",
            "by",
            "mathematical",
            "induction",
            "\u274f"
        ],
        "labels": [
            "O",
            "O",
            "O",
            "O",
            "O",
            "O",
            "O",
            "B",
            "I",
            "O",
            "O",
            "O",
            "O",
            "O",
            "O",
            "O",
            "O",
            "O",
            "O",
            "O",
            "O",
            "O",
            "O",
            "B",
            "I",
            "O",
            "O",
            "O",
            "O",
            "O",
            "O",
            "O",
            "O",
            "O",
            "O",
            "O",
            "O",
            "O",
            "B",
            "I",
            "O",
            "O",
            "O",
            "O",
            "O",
            "O",
            "O",
            "O",
            "O",
            "O",
            "O",
            "O",
            "O",
            "O",
            "O",
            "O",
            "O",
            "O",
            "O",
            "O",
            "O",
            "O",
            "O",
            "O",
            "B",
            "I",
            "O",
            "O",
            "O",
            "O",
            "O",
            "O",
            "O",
            "O",
            "O",
            "O",
            "O",
            "O",
            "O",
            "O",
            "O",
            "O",
            "O",
            "O",
            "O",
            "O",
            "O",
            "O",
            "O",
            "O",
            "O",
            "O",
            "O",
            "O",
            "O",
            "O",
            "O",
            "O",
            "O",
            "O",
            "O",
            "O",
            "O",
            "O",
            "O",
            "O",
            "O",
            "O",
            "O",
            "O",
            "O",
            "O",
            "O",
            "O",
            "O",
            "O",
            "O",
            "O",
            "O",
            "O",
            "O",
            "O",
            "O",
            "O",
            "O",
            "O",
            "O",
            "O",
            "O",
            "O",
            "B",
            "O",
            "O",
            "O",
            "O",
            "O",
            "O",
            "B",
            "I",
            "O",
            "O",
            "B",
            "I",
            "O",
            "O",
            "O",
            "O",
            "O",
            "B",
            "I",
            "O"
        ]
    },
    {
        "words": [
            "Induction",
            "can",
            "not",
            "give",
            "us",
            "a",
            "formula",
            "to",
            "prove",
            ",",
            "but",
            "can",
            "allow",
            "us",
            "to",
            "verify",
            "conjectures",
            "Mathematical",
            "induction",
            "is",
            "not",
            "a",
            "tool",
            "for",
            "discovering",
            "new",
            "theorems",
            ",",
            "but",
            "rather",
            "a",
            "powerful",
            "way",
            "to",
            "prove",
            "them",
            "Example",
            ":",
            "Make",
            "a",
            "conjecture",
            "about",
            "the",
            "sum",
            "of",
            "the",
            "first",
            "n",
            "odd",
            "positive",
            "numbers",
            ",",
            "then",
            "prove",
            "it",
            ".",
            "l",
            "1",
            "=",
            "1",
            "l",
            "1",
            "+",
            "3",
            "=",
            "4",
            "The",
            "sequence",
            "1",
            ",",
            "4",
            ",",
            "9",
            ",",
            "16",
            ",",
            "25",
            ",",
            "\u2026",
            "appears",
            "l",
            "1",
            "+",
            "3",
            "+",
            "5=9",
            "to",
            "be",
            "the",
            "sequence",
            "{",
            "n2",
            "}",
            "l",
            "1",
            "+",
            "3",
            "+",
            "5",
            "+",
            "7",
            "=",
            "16",
            "l",
            "1",
            "+",
            "3",
            "+",
            "5",
            "+",
            "7",
            "+",
            "9",
            "=",
            "25",
            "Conjecture",
            ":",
            "The",
            "sum",
            "of",
            "the",
            "first",
            "n",
            "odd",
            "positive",
            "integers",
            "is",
            "n2"
        ],
        "labels": [
            "B",
            "O",
            "O",
            "O",
            "O",
            "O",
            "O",
            "O",
            "O",
            "O",
            "O",
            "O",
            "O",
            "O",
            "O",
            "O",
            "B",
            "O",
            "O",
            "O",
            "O",
            "O",
            "O",
            "O",
            "O",
            "O",
            "B",
            "O",
            "O",
            "O",
            "O",
            "O",
            "O",
            "O",
            "O",
            "O",
            "O",
            "O",
            "O",
            "O",
            "B",
            "O",
            "O",
            "O",
            "O",
            "O",
            "O",
            "O",
            "O",
            "O",
            "O",
            "O",
            "O",
            "O",
            "O",
            "O",
            "O",
            "O",
            "O",
            "O",
            "O",
            "O",
            "O",
            "O",
            "O",
            "O",
            "O",
            "O",
            "O",
            "O",
            "O",
            "O",
            "O",
            "O",
            "O",
            "O",
            "O",
            "O",
            "O",
            "O",
            "O",
            "O",
            "O",
            "O",
            "O",
            "O",
            "O",
            "O",
            "O",
            "O",
            "O",
            "O",
            "O",
            "O",
            "O",
            "O",
            "O",
            "O",
            "O",
            "O",
            "O",
            "O",
            "O",
            "O",
            "O",
            "O",
            "O",
            "O",
            "O",
            "O",
            "O",
            "O",
            "O",
            "O",
            "O",
            "B",
            "O",
            "O",
            "O",
            "O",
            "O",
            "O",
            "O",
            "O",
            "O",
            "O",
            "O",
            "O"
        ]
    },
    {
        "words": [
            "Prove",
            "that",
            "the",
            "sum",
            "of",
            "the",
            "first",
            "n",
            "positive",
            "odd",
            "integers",
            "is",
            "n2",
            "P",
            "(",
            "n",
            ")",
            "\u2261",
            "The",
            "sum",
            "of",
            "the",
            "first",
            "n",
            "positive",
            "odd",
            "numbers",
            "is",
            "n2",
            "Base",
            "case",
            ":",
            "P",
            "(",
            "1",
            ")",
            ":",
            "1",
            "=",
            "1",
            "\u2714",
            "I.H",
            ".",
            ":",
            "Assume",
            "that",
            "P",
            "(",
            "k",
            ")",
            "holds",
            "for",
            "an",
            "arbitrary",
            "integer",
            "k",
            "Inductive",
            "step",
            ":",
            "We",
            "will",
            "now",
            "show",
            "that",
            "P",
            "(",
            "k",
            ")",
            "\u2192",
            "P",
            "(",
            "k+1",
            ")",
            "n",
            "1+3+\u2026+",
            "(",
            "2k-1",
            ")",
            "=",
            "k2",
            "by",
            "I.H",
            ".",
            "n",
            "1+3+\u2026+",
            "(",
            "2k-1",
            ")",
            "+",
            "(",
            "2k+1",
            ")",
            "=",
            "k2+2k+1",
            "2k+1",
            "to",
            "both",
            "sides",
            "n",
            "1+3+\u2026+",
            "(",
            "2k-1",
            ")",
            "+",
            "(",
            "2k+1",
            ")",
            "=",
            "(",
            "k+1",
            ")",
            "2",
            "factoring",
            "Note",
            ":",
            "The",
            "kth",
            "odd",
            "integer",
            "is",
            "2k-1",
            ",",
            "the",
            "(",
            "k+1",
            ")",
            "th",
            "odd",
            "integer",
            "is",
            "2k+1",
            "Conclusion",
            ":",
            "Since",
            "we",
            "have",
            "proved",
            "the",
            "base",
            "case",
            "and",
            "the",
            "inductive",
            "case",
            ",",
            "the",
            "claim",
            "holds",
            "by",
            "mathematical",
            "induction",
            "\u274f"
        ],
        "labels": [
            "O",
            "O",
            "O",
            "O",
            "O",
            "O",
            "O",
            "O",
            "O",
            "O",
            "O",
            "O",
            "O",
            "O",
            "O",
            "O",
            "O",
            "O",
            "O",
            "O",
            "O",
            "O",
            "O",
            "O",
            "O",
            "O",
            "O",
            "O",
            "O",
            "B",
            "I",
            "O",
            "O",
            "O",
            "O",
            "O",
            "O",
            "O",
            "O",
            "O",
            "O",
            "B",
            "I",
            "O",
            "O",
            "O",
            "O",
            "O",
            "O",
            "O",
            "O",
            "O",
            "O",
            "O",
            "B",
            "O",
            "B",
            "I",
            "O",
            "O",
            "O",
            "O",
            "O",
            "O",
            "O",
            "O",
            "O",
            "O",
            "O",
            "O",
            "O",
            "O",
            "O",
            "O",
            "O",
            "O",
            "O",
            "O",
            "O",
            "O",
            "O",
            "B",
            "I",
            "O",
            "O",
            "O",
            "O",
            "O",
            "O",
            "O",
            "O",
            "O",
            "O",
            "O",
            "O",
            "O",
            "O",
            "O",
            "O",
            "O",
            "O",
            "O",
            "O",
            "O",
            "O",
            "O",
            "O",
            "O",
            "O",
            "O",
            "O",
            "O",
            "O",
            "O",
            "O",
            "O",
            "O",
            "O",
            "O",
            "O",
            "O",
            "O",
            "O",
            "O",
            "O",
            "O",
            "O",
            "O",
            "O",
            "O",
            "O",
            "B",
            "O",
            "O",
            "O",
            "O",
            "O",
            "O",
            "B",
            "I",
            "O",
            "O",
            "B",
            "I",
            "O",
            "O",
            "O",
            "O",
            "O",
            "B",
            "I",
            "O"
        ]
    },
    {
        "words": [
            "Prove",
            "that",
            "the",
            "sum",
            "1",
            "+",
            "2",
            "+",
            "22",
            "+",
            "\u2026",
            "+",
            "2n",
            "=",
            "2n+1",
            "-",
            "1",
            "for",
            "all",
            "nonnegative",
            "integers",
            "n",
            "P",
            "(",
            "n",
            ")",
            "\u2261",
            "Base",
            "case",
            ":",
            "P",
            "(",
            "0",
            ")",
            ":",
            "20",
            "=",
            "1",
            "\u2714",
            "I.H",
            ".",
            ":",
            "Assume",
            "that",
            "P",
            "(",
            "k",
            ")",
            "holds",
            "for",
            "an",
            "arbitrary",
            "integer",
            "k",
            "Inductive",
            "step",
            ":",
            "We",
            "will",
            "now",
            "show",
            "that",
            "P",
            "(",
            "k",
            ")",
            "\u2192",
            "P",
            "(",
            "k+1",
            ")",
            "n",
            "1+2+\u2026+2k",
            "=",
            "2k+1-1",
            "by",
            "I.H",
            ".",
            "n",
            "1+2+\u2026+2k+2k+1",
            "=",
            "2k+1-1+2k+1",
            "2k+1",
            "to",
            "both",
            "sides",
            "n",
            "1+2+\u2026+2k+2k+1",
            "=",
            "2k+1+2k+1-1",
            "associative",
            "law",
            "n",
            "1+2+\u2026+2k+2k+1",
            "=",
            "2\u00d72k+1-1",
            "def",
            "\u2019",
            "n",
            "of",
            "\u00d7",
            "n",
            "1+2+\u2026+2k+2k+1",
            "=",
            "2k+2-1",
            "def",
            "\u2019",
            "n",
            "of",
            "exp",
            ".",
            "Conclusion",
            ":",
            "Since",
            "we",
            "have",
            "proved",
            "the",
            "base",
            "case",
            "and",
            "the",
            "inductive",
            "case",
            ",",
            "the",
            "claim",
            "holds",
            "by",
            "mathematical",
            "induction",
            "\u274f"
        ],
        "labels": [
            "O",
            "O",
            "O",
            "O",
            "O",
            "O",
            "O",
            "O",
            "O",
            "O",
            "O",
            "O",
            "O",
            "O",
            "O",
            "O",
            "O",
            "O",
            "O",
            "O",
            "O",
            "O",
            "O",
            "O",
            "O",
            "O",
            "O",
            "B",
            "I",
            "O",
            "O",
            "O",
            "O",
            "O",
            "O",
            "O",
            "O",
            "O",
            "O",
            "B",
            "I",
            "O",
            "O",
            "O",
            "O",
            "O",
            "O",
            "O",
            "O",
            "O",
            "O",
            "O",
            "O",
            "O",
            "B",
            "I",
            "O",
            "O",
            "O",
            "O",
            "O",
            "O",
            "O",
            "O",
            "O",
            "O",
            "O",
            "O",
            "O",
            "O",
            "O",
            "O",
            "O",
            "O",
            "O",
            "O",
            "B",
            "I",
            "O",
            "O",
            "O",
            "O",
            "O",
            "O",
            "O",
            "O",
            "O",
            "O",
            "O",
            "O",
            "O",
            "O",
            "O",
            "O",
            "O",
            "O",
            "O",
            "O",
            "O",
            "O",
            "O",
            "O",
            "O",
            "O",
            "O",
            "O",
            "O",
            "O",
            "O",
            "O",
            "O",
            "B",
            "O",
            "O",
            "O",
            "O",
            "O",
            "O",
            "B",
            "I",
            "O",
            "O",
            "B",
            "I",
            "O",
            "O",
            "O",
            "O",
            "O",
            "B",
            "I",
            "O"
        ]
    },
    {
        "words": [
            "Why",
            "does",
            "mathematical",
            "induction",
            "work",
            "?",
            "This",
            "follows",
            "from",
            "the",
            "well",
            "ordering",
            "axiom",
            "l",
            "i.e.",
            ",",
            "Every",
            "set",
            "of",
            "positive",
            "integers",
            "has",
            "a",
            "least",
            "element",
            "We",
            "can",
            "prove",
            "that",
            "mathematical",
            "induction",
            "is",
            "valid",
            "using",
            "a",
            "proof",
            "by",
            "contradiction",
            ".",
            "l",
            "Assume",
            "that",
            "P",
            "(",
            "1",
            ")",
            "holds",
            "and",
            "P",
            "(",
            "k",
            ")",
            "\u2192",
            "P",
            "(",
            "k+1",
            ")",
            ",",
            "but",
            "\u00ac\u2200x",
            "P",
            "(",
            "x",
            ")",
            "l",
            "This",
            "means",
            "that",
            "the",
            "set",
            "S",
            "=",
            "{",
            "x",
            "|",
            "\u00acP",
            "(",
            "x",
            ")",
            "}",
            "is",
            "nonempty",
            "l",
            "By",
            "well",
            "ordering",
            ",",
            "S",
            "has",
            "a",
            "least",
            "element",
            "m",
            "with",
            "\u00acP",
            "(",
            "m",
            ")",
            "l",
            "Since",
            "m",
            "is",
            "the",
            "least",
            "element",
            "of",
            "S",
            ",",
            "P",
            "(",
            "m-1",
            ")",
            "is",
            "true",
            "l",
            "By",
            "P",
            "(",
            "k",
            ")",
            "\u2192",
            "P",
            "(",
            "k+1",
            ")",
            ",",
            "P",
            "(",
            "m-1",
            ")",
            "\u2192",
            "P",
            "(",
            "m",
            ")",
            "l",
            "Since",
            "we",
            "have",
            "P",
            "(",
            "m",
            ")",
            "\u2227",
            "\u00acP",
            "(",
            "m",
            ")",
            "this",
            "is",
            "a",
            "contradiction",
            "!",
            "Result",
            ":",
            "Mathematical",
            "induction",
            "is",
            "a",
            "valid",
            "proof",
            "method"
        ],
        "labels": [
            "O",
            "O",
            "B",
            "I",
            "O",
            "O",
            "O",
            "O",
            "O",
            "O",
            "B",
            "I",
            "B",
            "O",
            "O",
            "O",
            "O",
            "B",
            "O",
            "B",
            "I",
            "O",
            "O",
            "O",
            "O",
            "O",
            "O",
            "O",
            "O",
            "B",
            "I",
            "O",
            "O",
            "O",
            "O",
            "B",
            "I",
            "I",
            "O",
            "O",
            "O",
            "O",
            "O",
            "O",
            "O",
            "O",
            "O",
            "O",
            "O",
            "O",
            "O",
            "O",
            "O",
            "O",
            "O",
            "O",
            "O",
            "O",
            "O",
            "O",
            "O",
            "O",
            "O",
            "O",
            "O",
            "O",
            "O",
            "O",
            "O",
            "O",
            "O",
            "O",
            "O",
            "O",
            "O",
            "O",
            "O",
            "O",
            "O",
            "O",
            "O",
            "O",
            "O",
            "O",
            "B",
            "I",
            "O",
            "O",
            "O",
            "O",
            "O",
            "O",
            "O",
            "O",
            "O",
            "O",
            "O",
            "O",
            "O",
            "O",
            "O",
            "O",
            "O",
            "O",
            "O",
            "O",
            "O",
            "O",
            "O",
            "O",
            "O",
            "O",
            "O",
            "O",
            "O",
            "O",
            "O",
            "O",
            "O",
            "O",
            "O",
            "O",
            "O",
            "O",
            "O",
            "O",
            "O",
            "O",
            "O",
            "O",
            "O",
            "O",
            "O",
            "O",
            "O",
            "O",
            "O",
            "O",
            "O",
            "O",
            "O",
            "O",
            "O",
            "O",
            "O",
            "O",
            "O",
            "O",
            "O",
            "O",
            "O",
            "B",
            "O",
            "O",
            "O",
            "B",
            "I",
            "O",
            "O",
            "B",
            "B",
            "I"
        ]
    },
    {
        "words": [
            "In-class",
            "exercises",
            "$",
            "$",
            "%",
            "&",
            "\u2212",
            "\ud835\udc4e",
            "\ud835\udc4e\ud835\udc5f",
            "Problem",
            "1",
            ":",
            "Prove",
            "that",
            "$",
            "\ud835\udc4e\ud835\udc5f",
            "!",
            "=",
            "if",
            "\ud835\udc5f",
            "\u2260",
            "1",
            "\ud835\udc5f\u22121",
            "!",
            "``",
            "#",
            "$",
            "\ud835\udc5b",
            "3\ud835\udc5b",
            "\u2212",
            "1",
            "Problem",
            "2",
            ":",
            "Prove",
            "that",
            "$",
            "3\ud835\udc57",
            "\u2212",
            "2",
            "=",
            "2",
            "!",
            "``",
            "&",
            "Hint",
            ":",
            "Be",
            "sure",
            "to",
            "1",
            ".",
            "Define",
            "P",
            "(",
            "x",
            ")",
            "2",
            ".",
            "Prove",
            "the",
            "base",
            "case",
            "3",
            ".",
            "Make",
            "an",
            "inductive",
            "hypothesis",
            "4",
            ".",
            "Carry",
            "out",
            "the",
            "inductive",
            "step",
            "5",
            ".",
            "Draw",
            "the",
            "final",
            "conclusion"
        ],
        "labels": [
            "O",
            "O",
            "O",
            "O",
            "O",
            "O",
            "O",
            "O",
            "O",
            "O",
            "O",
            "O",
            "O",
            "O",
            "O",
            "O",
            "O",
            "O",
            "O",
            "O",
            "O",
            "O",
            "O",
            "O",
            "O",
            "O",
            "O",
            "O",
            "O",
            "O",
            "O",
            "O",
            "O",
            "O",
            "O",
            "O",
            "O",
            "O",
            "O",
            "O",
            "O",
            "O",
            "O",
            "O",
            "O",
            "O",
            "O",
            "O",
            "O",
            "O",
            "O",
            "O",
            "O",
            "O",
            "O",
            "O",
            "O",
            "O",
            "O",
            "O",
            "O",
            "B",
            "I",
            "O",
            "O",
            "O",
            "O",
            "B",
            "I",
            "O",
            "O",
            "O",
            "O",
            "O",
            "B",
            "I",
            "O",
            "O",
            "O",
            "O",
            "O",
            "B"
        ]
    },
    {
        "words": [
            "Prove",
            "the",
            "formula",
            "for",
            "the",
            "sum",
            "of",
            "the",
            "first",
            "n",
            "positive",
            "squares",
            "$",
            "\ud835\udc5b",
            "\ud835\udc5b",
            "+",
            "1",
            "2\ud835\udc5b",
            "+",
            "1",
            "P",
            "(",
            "n",
            ")",
            "\u2261",
            "'",
            "\ud835\udc56",
            "%",
            "=",
            "!",
            "``",
            "#",
            "6",
            "#",
            "(",
            "#",
            "'",
            "#",
            ")",
            "(",
            "%",
            "'",
            "#",
            ")",
            "Base",
            "case",
            ":",
            "P",
            "(",
            "1",
            ")",
            ":",
            "1",
            "%",
            "=",
            "\u2714",
            ")",
            "I.H",
            ".",
            ":",
            "Assume",
            "that",
            "P",
            "(",
            "k",
            ")",
            "holds",
            "for",
            "an",
            "arbitrary",
            "integer",
            "k",
            "Inductive",
            "step",
            ":",
            "We",
            "will",
            "now",
            "show",
            "that",
            "P",
            "(",
            "k",
            ")",
            "\u2192",
            "P",
            "(",
            "k+1",
            ")",
            "n",
            "1+4+9+\u2026+k2",
            "=",
            "k",
            "(",
            "k+1",
            ")",
            "(",
            "2k+1",
            ")",
            "/6",
            "by",
            "I.H",
            ".",
            "n",
            "1+4+9+",
            "...",
            "+",
            "(",
            "k+1",
            ")",
            "2",
            "=",
            "k",
            "(",
            "k+1",
            ")",
            "(",
            "2k+1",
            ")",
            "/6",
            "+",
            "(",
            "k+1",
            ")",
            "2",
            "(",
            "k+1",
            ")",
            "2",
            "to",
            "both",
            "sides",
            "n",
            "=",
            "k",
            "(",
            "k+1",
            ")",
            "(",
            "2k+1",
            ")",
            "/6",
            "+",
            "6",
            "(",
            "k+1",
            ")",
            "2/6",
            "common",
            "denom",
            ".",
            "n",
            "=",
            "(",
            "k+1",
            ")",
            "(",
            "2k2+k+6k+6",
            ")",
            "/6",
            "=",
            "(",
            "k+1",
            ")",
            "(",
            "2k2+7k+6",
            ")",
            "/6",
            "factor",
            "k+1",
            ",",
            "mult",
            ".",
            "n",
            "=",
            "(",
            "k+1",
            ")",
            "(",
            "k+2",
            ")",
            "(",
            "2k+3",
            ")",
            "/6",
            "factor",
            "n",
            "=",
            "(",
            "k+1",
            ")",
            "(",
            "(",
            "k+1",
            ")",
            "+1",
            ")",
            "(",
            "2",
            "(",
            "k+1",
            ")",
            "+1",
            ")",
            "/6",
            ",",
            "\u2234P",
            "(",
            "k+1",
            ")",
            "proved",
            "for",
            "k+1",
            "Conclusion",
            ":",
            "Since",
            "we",
            "have",
            "proved",
            "the",
            "base",
            "case",
            "and",
            "the",
            "inductive",
            "case",
            ",",
            "the",
            "claim",
            "holds",
            "by",
            "mathematical",
            "induction",
            "\u274f"
        ],
        "labels": [
            "O",
            "O",
            "O",
            "O",
            "O",
            "O",
            "O",
            "O",
            "O",
            "O",
            "O",
            "O",
            "O",
            "O",
            "O",
            "O",
            "O",
            "O",
            "O",
            "O",
            "O",
            "O",
            "O",
            "O",
            "O",
            "O",
            "O",
            "O",
            "O",
            "O",
            "O",
            "O",
            "O",
            "O",
            "O",
            "O",
            "O",
            "O",
            "O",
            "O",
            "O",
            "O",
            "O",
            "O",
            "B",
            "I",
            "O",
            "O",
            "O",
            "O",
            "O",
            "O",
            "O",
            "O",
            "O",
            "O",
            "O",
            "B",
            "I",
            "O",
            "O",
            "O",
            "O",
            "O",
            "O",
            "O",
            "O",
            "O",
            "O",
            "O",
            "B",
            "O",
            "B",
            "I",
            "O",
            "O",
            "O",
            "O",
            "O",
            "O",
            "O",
            "O",
            "O",
            "O",
            "O",
            "O",
            "O",
            "O",
            "O",
            "O",
            "O",
            "O",
            "O",
            "O",
            "O",
            "O",
            "O",
            "O",
            "O",
            "O",
            "O",
            "B",
            "I",
            "O",
            "O",
            "O",
            "O",
            "O",
            "O",
            "O",
            "O",
            "O",
            "O",
            "O",
            "O",
            "O",
            "O",
            "O",
            "O",
            "O",
            "O",
            "O",
            "O",
            "O",
            "O",
            "O",
            "O",
            "O",
            "O",
            "O",
            "O",
            "O",
            "O",
            "O",
            "O",
            "O",
            "O",
            "O",
            "O",
            "O",
            "O",
            "O",
            "O",
            "O",
            "O",
            "O",
            "O",
            "O",
            "O",
            "O",
            "O",
            "O",
            "O",
            "O",
            "O",
            "O",
            "O",
            "O",
            "O",
            "O",
            "O",
            "O",
            "O",
            "O",
            "O",
            "O",
            "O",
            "O",
            "O",
            "O",
            "O",
            "O",
            "O",
            "O",
            "O",
            "O",
            "O",
            "O",
            "O",
            "O",
            "O",
            "O",
            "O",
            "O",
            "O",
            "O",
            "O",
            "O",
            "O",
            "O",
            "O",
            "O",
            "O",
            "O",
            "O",
            "O",
            "O",
            "O",
            "O",
            "O",
            "O",
            "O",
            "O",
            "O",
            "O",
            "O",
            "O",
            "O",
            "O",
            "O",
            "O",
            "O",
            "O",
            "B",
            "O",
            "O",
            "O",
            "O",
            "O",
            "O",
            "B",
            "I",
            "O",
            "O",
            "B",
            "I",
            "O",
            "O",
            "O",
            "O",
            "O",
            "B",
            "I",
            "O"
        ]
    },
    {
        "words": [
            "Induction",
            "can",
            "also",
            "be",
            "used",
            "to",
            "prove",
            "properties",
            "other",
            "than",
            "summations",
            "!",
            "\u2265",
            "<",
            "|",
            "\u03c6",
            "(",
            "p",
            ")",
            "\u2261",
            "Inequalities",
            "Divisibility",
            "and",
            "results",
            "from",
            "\u2208",
            "number",
            "theory",
            "\u2286",
            "\u222a",
            "Set",
            "theory",
            "Algorithms",
            "and",
            "data",
            "structures"
        ],
        "labels": [
            "B",
            "O",
            "O",
            "O",
            "O",
            "O",
            "O",
            "O",
            "O",
            "O",
            "B",
            "O",
            "O",
            "O",
            "O",
            "O",
            "O",
            "O",
            "O",
            "O",
            "B",
            "B",
            "O",
            "O",
            "O",
            "O",
            "B",
            "I",
            "O",
            "O",
            "B",
            "I",
            "B",
            "O",
            "B",
            "I"
        ]
    },
    {
        "words": [
            "Prove",
            "that",
            "2n",
            "<",
            "n",
            "!",
            "for",
            "every",
            "positive",
            "integer",
            "n",
            "\u2265",
            "4",
            "Prelude",
            ":",
            "The",
            "expression",
            "n",
            "!",
            "is",
            "called",
            "the",
            "factorial",
            "of",
            "n",
            ".",
            "Definition",
            ":",
            "n",
            "!",
            "=",
            "n",
            "\u00d7",
            "(",
            "n-1",
            ")",
            "\u00d7",
            "\u2026",
            "\u00d7",
            "3",
            "\u00d7",
            "2",
            "\u00d7",
            "1",
            "Examples",
            ":",
            "Note",
            "how",
            "quickly",
            "the",
            "factorial",
            "of",
            "l",
            "4",
            "!",
            "=",
            "4",
            "\u00d7",
            "3",
            "\u00d7",
            "2",
            "\u00d7",
            "1",
            "=",
            "24",
            "n",
            "\u201c",
            "grows",
            "\u201d",
            "l",
            "5",
            "!",
            "=",
            "5",
            "\u00d7",
            "4",
            "\u00d7",
            "3",
            "\u00d7",
            "2",
            "\u00d7",
            "1",
            "=",
            "120",
            "l",
            "6",
            "!",
            "=",
            "6",
            "\u00d7",
            "5",
            "\u00d7",
            "4",
            "\u00d7",
            "3",
            "\u00d7",
            "2",
            "\u00d7",
            "1",
            "=",
            "720",
            "l",
            "7",
            "!",
            "=",
            "7",
            "\u00d7",
            "6",
            "\u00d7",
            "5",
            "\u00d7",
            "4",
            "\u00d7",
            "3",
            "\u00d7",
            "2",
            "\u00d7",
            "1",
            "=",
            "5,040",
            "l",
            "8",
            "!",
            "=",
            "8",
            "\u00d7",
            "7",
            "\u00d7",
            "6",
            "\u00d7",
            "5",
            "\u00d7",
            "4",
            "\u00d7",
            "3",
            "\u00d7",
            "2",
            "\u00d7",
            "1",
            "=",
            "40,320"
        ],
        "labels": [
            "O",
            "O",
            "O",
            "O",
            "O",
            "O",
            "O",
            "O",
            "O",
            "O",
            "O",
            "O",
            "O",
            "O",
            "O",
            "O",
            "O",
            "O",
            "O",
            "O",
            "O",
            "O",
            "B",
            "O",
            "O",
            "O",
            "O",
            "O",
            "O",
            "O",
            "O",
            "O",
            "O",
            "O",
            "O",
            "O",
            "O",
            "O",
            "O",
            "O",
            "O",
            "O",
            "O",
            "O",
            "O",
            "O",
            "O",
            "O",
            "O",
            "O",
            "B",
            "O",
            "O",
            "O",
            "O",
            "O",
            "O",
            "O",
            "O",
            "O",
            "O",
            "O",
            "O",
            "O",
            "O",
            "O",
            "O",
            "O",
            "O",
            "O",
            "O",
            "O",
            "O",
            "O",
            "O",
            "O",
            "O",
            "O",
            "O",
            "O",
            "O",
            "O",
            "O",
            "O",
            "O",
            "O",
            "O",
            "O",
            "O",
            "O",
            "O",
            "O",
            "O",
            "O",
            "O",
            "O",
            "O",
            "O",
            "O",
            "O",
            "O",
            "O",
            "O",
            "O",
            "O",
            "O",
            "O",
            "O",
            "O",
            "O",
            "O",
            "O",
            "O",
            "O",
            "O",
            "O",
            "O",
            "O",
            "O",
            "O",
            "O",
            "O",
            "O",
            "O",
            "O",
            "O",
            "O",
            "O",
            "O",
            "O",
            "O",
            "O",
            "O",
            "O",
            "O",
            "O",
            "O",
            "O",
            "O",
            "O",
            "O"
        ]
    },
    {
        "words": [
            "Prove",
            "that",
            "2n",
            "<",
            "n",
            "!",
            "for",
            "every",
            "positive",
            "integer",
            "n",
            "\u2265",
            "4",
            "P",
            "(",
            "n",
            ")",
            "\u2261",
            "2n",
            "<",
            "n",
            "!",
            "Base",
            "case",
            ":",
            "P",
            "(",
            "4",
            ")",
            ":",
            "24",
            "<",
            "4",
            "!",
            "\u2714",
            "I.H",
            ".",
            ":",
            "Assume",
            "that",
            "P",
            "(",
            "k",
            ")",
            "holds",
            "for",
            "an",
            "arbitrary",
            "integer",
            "k",
            "Inductive",
            "step",
            ":",
            "We",
            "will",
            "now",
            "show",
            "that",
            "P",
            "(",
            "k",
            ")",
            "\u2192",
            "P",
            "(",
            "k+1",
            ")",
            "n",
            "2k",
            "<",
            "k",
            "!",
            "by",
            "I.H",
            ".",
            "n",
            "2",
            "\u00d7",
            "2k",
            "<",
            "2",
            "\u00d7",
            "k",
            "!",
            "multiply",
            "by",
            "2",
            "n",
            "2k+1",
            "<",
            "2",
            "\u00d7",
            "k",
            "!",
            "def",
            "\u2019",
            "n",
            "of",
            "exp",
            ".",
            "n",
            "2k+1",
            "<",
            "(",
            "k+1",
            ")",
            "\u00d7",
            "k",
            "!",
            "since",
            "2",
            "<",
            "(",
            "k+1",
            ")",
            "n",
            "2k+1",
            "<",
            "(",
            "k+1",
            ")",
            "!",
            "def",
            "\u2019",
            "n",
            "of",
            "factorial",
            "Conclusion",
            ":",
            "Since",
            "we",
            "have",
            "proved",
            "the",
            "base",
            "case",
            "and",
            "the",
            "inductive",
            "case",
            ",",
            "the",
            "claim",
            "holds",
            "by",
            "mathematical",
            "induction",
            "\u274f"
        ],
        "labels": [
            "O",
            "O",
            "O",
            "O",
            "O",
            "O",
            "O",
            "O",
            "O",
            "O",
            "O",
            "O",
            "O",
            "O",
            "O",
            "O",
            "O",
            "O",
            "O",
            "O",
            "O",
            "O",
            "B",
            "I",
            "O",
            "O",
            "O",
            "O",
            "O",
            "O",
            "O",
            "O",
            "O",
            "O",
            "O",
            "B",
            "I",
            "O",
            "O",
            "O",
            "O",
            "O",
            "O",
            "O",
            "O",
            "O",
            "O",
            "O",
            "B",
            "O",
            "B",
            "I",
            "O",
            "O",
            "O",
            "O",
            "O",
            "O",
            "O",
            "O",
            "O",
            "O",
            "O",
            "O",
            "O",
            "O",
            "O",
            "O",
            "O",
            "O",
            "O",
            "O",
            "O",
            "B",
            "I",
            "O",
            "O",
            "O",
            "O",
            "O",
            "O",
            "O",
            "O",
            "O",
            "O",
            "O",
            "O",
            "O",
            "O",
            "O",
            "O",
            "O",
            "O",
            "O",
            "O",
            "O",
            "O",
            "O",
            "O",
            "O",
            "O",
            "O",
            "O",
            "O",
            "O",
            "O",
            "O",
            "O",
            "O",
            "O",
            "O",
            "O",
            "O",
            "O",
            "O",
            "O",
            "O",
            "O",
            "O",
            "O",
            "O",
            "O",
            "O",
            "O",
            "O",
            "O",
            "B",
            "B",
            "O",
            "O",
            "O",
            "O",
            "O",
            "O",
            "B",
            "I",
            "O",
            "O",
            "B",
            "I",
            "O",
            "O",
            "O",
            "O",
            "O",
            "B",
            "I",
            "O"
        ]
    },
    {
        "words": [
            "Prove",
            "that",
            "n3",
            "\u2013",
            "n",
            "is",
            "divisible",
            "by",
            "3",
            "whenever",
            "n",
            "is",
            "a",
            "positive",
            "integer",
            "P",
            "(",
            "n",
            ")",
            "\u2261",
            "3",
            "|",
            "(",
            "n3",
            "\u2013",
            "n",
            ")",
            "Base",
            "case",
            ":",
            "P",
            "(",
            "1",
            ")",
            ":",
            "3",
            "|",
            "0",
            "\u2714",
            "I.H",
            ".",
            ":",
            "Assume",
            "that",
            "P",
            "(",
            "k",
            ")",
            "holds",
            "for",
            "an",
            "arbitrary",
            "integer",
            "k",
            "Inductive",
            "step",
            ":",
            "We",
            "will",
            "now",
            "show",
            "that",
            "P",
            "(",
            "k",
            ")",
            "\u2192",
            "P",
            "(",
            "k+1",
            ")",
            "n",
            "(",
            "k+1",
            ")",
            "3",
            "\u2013",
            "(",
            "k+1",
            ")",
            "=",
            "k3",
            "+",
            "3k2",
            "+",
            "3k",
            "+",
            "1",
            "\u2013",
            "(",
            "k+1",
            ")",
            "n",
            "=",
            "k3",
            "+",
            "3k2",
            "+",
            "2k",
            "n",
            "=",
            "(",
            "k3",
            "\u2013",
            "k",
            ")",
            "+",
            "(",
            "3k2",
            "+",
            "3k",
            ")",
            "n",
            "=",
            "(",
            "k3",
            "\u2013",
            "k",
            ")",
            "+",
            "3",
            "(",
            "k2",
            "+",
            "k",
            ")",
            "n",
            "Note",
            "that",
            "3",
            "|",
            "(",
            "k3",
            "\u2013",
            "k",
            ")",
            "by",
            "the",
            "I.H",
            ".",
            "and",
            "3",
            "|",
            "3",
            "(",
            "k2",
            "+",
            "k",
            ")",
            "by",
            "definition",
            ",",
            "so",
            "3",
            "|",
            "[",
            "(",
            "k+1",
            ")",
            "3",
            "\u2013",
            "(",
            "k+1",
            ")",
            "]",
            "Conclusion",
            ":",
            "Since",
            "we",
            "have",
            "proved",
            "the",
            "base",
            "case",
            "and",
            "the",
            "inductive",
            "case",
            ",",
            "the",
            "claim",
            "holds",
            "by",
            "mathematical",
            "induction",
            "\u274f"
        ],
        "labels": [
            "O",
            "O",
            "O",
            "O",
            "O",
            "O",
            "B",
            "O",
            "O",
            "O",
            "O",
            "O",
            "O",
            "O",
            "O",
            "O",
            "O",
            "O",
            "O",
            "O",
            "O",
            "O",
            "O",
            "O",
            "O",
            "O",
            "O",
            "B",
            "I",
            "O",
            "O",
            "O",
            "O",
            "O",
            "O",
            "O",
            "O",
            "O",
            "O",
            "B",
            "I",
            "O",
            "O",
            "O",
            "O",
            "O",
            "O",
            "O",
            "O",
            "O",
            "O",
            "O",
            "B",
            "O",
            "B",
            "I",
            "O",
            "O",
            "O",
            "O",
            "O",
            "O",
            "O",
            "O",
            "O",
            "O",
            "O",
            "O",
            "O",
            "O",
            "O",
            "O",
            "O",
            "O",
            "O",
            "O",
            "O",
            "O",
            "O",
            "O",
            "O",
            "O",
            "O",
            "O",
            "O",
            "O",
            "O",
            "O",
            "O",
            "O",
            "O",
            "O",
            "O",
            "O",
            "O",
            "O",
            "O",
            "O",
            "O",
            "O",
            "O",
            "O",
            "O",
            "O",
            "O",
            "O",
            "O",
            "O",
            "O",
            "O",
            "O",
            "O",
            "O",
            "O",
            "O",
            "O",
            "O",
            "O",
            "O",
            "O",
            "O",
            "O",
            "O",
            "O",
            "O",
            "O",
            "O",
            "O",
            "O",
            "O",
            "O",
            "O",
            "O",
            "O",
            "O",
            "O",
            "O",
            "O",
            "B",
            "I",
            "O",
            "O",
            "O",
            "O",
            "O",
            "O",
            "O",
            "O",
            "O",
            "O",
            "O",
            "O",
            "O",
            "O",
            "O",
            "O",
            "O",
            "O",
            "O",
            "O",
            "O",
            "O",
            "O",
            "O",
            "O",
            "B",
            "O",
            "O",
            "O",
            "O",
            "O",
            "O",
            "B",
            "I",
            "O",
            "O",
            "B",
            "I",
            "O",
            "O",
            "O",
            "O",
            "O",
            "B",
            "I",
            "O"
        ]
    },
    {
        "words": [
            "In-class",
            "exercises",
            "Problem",
            "3",
            ":",
            "Prove",
            "that",
            "\ud835\udc5b",
            "'",
            "+",
            "2\ud835\udc5b",
            "is",
            "divisible",
            "by",
            "3",
            "for",
            "any",
            "positive",
            "integer",
            "\ud835\udc5b",
            "Problem",
            "4",
            ":",
            "Prove",
            "that",
            "6",
            "$",
            "\u2212",
            "1",
            "is",
            "divisible",
            "by",
            "5",
            "for",
            "any",
            "positive",
            "integer",
            "\ud835\udc5b",
            "Hint",
            ":",
            "Be",
            "sure",
            "to",
            "1",
            ".",
            "Define",
            "P",
            "(",
            "x",
            ")",
            "2",
            ".",
            "Prove",
            "the",
            "base",
            "case",
            "3",
            ".",
            "Make",
            "an",
            "inductive",
            "hypothesis",
            "4",
            ".",
            "Carry",
            "out",
            "the",
            "inductive",
            "step",
            "5",
            ".",
            "Draw",
            "the",
            "final",
            "conclusion"
        ],
        "labels": [
            "O",
            "O",
            "O",
            "O",
            "O",
            "O",
            "O",
            "O",
            "O",
            "O",
            "O",
            "O",
            "B",
            "O",
            "O",
            "O",
            "O",
            "O",
            "O",
            "O",
            "O",
            "O",
            "O",
            "O",
            "O",
            "O",
            "O",
            "O",
            "O",
            "O",
            "B",
            "O",
            "O",
            "O",
            "O",
            "O",
            "O",
            "O",
            "O",
            "O",
            "O",
            "O",
            "O",
            "O",
            "O",
            "O",
            "O",
            "O",
            "O",
            "O",
            "O",
            "O",
            "O",
            "O",
            "B",
            "I",
            "O",
            "O",
            "O",
            "O",
            "B",
            "I",
            "O",
            "O",
            "O",
            "O",
            "O",
            "B",
            "I",
            "O",
            "O",
            "O",
            "O",
            "O",
            "B"
        ]
    },
    {
        "words": [
            "Prove",
            "that",
            "if",
            "S",
            "is",
            "a",
            "finite",
            "set",
            "with",
            "n",
            "elements",
            ",",
            "then",
            "S",
            "has",
            "2n",
            "subsets",
            ".",
            "P",
            "(",
            "n",
            ")",
            "\u2261",
            "Set",
            "S",
            "with",
            "cardinality",
            "n",
            "has",
            "2n",
            "subsets",
            "Base",
            "case",
            ":",
            "P",
            "(",
            "0",
            ")",
            ":",
            "\u2205",
            "has",
            "20",
            "=",
            "1",
            "subsets",
            "(",
            "i.e.",
            ",",
            "\u2205",
            "\u2286",
            "\u2205",
            ")",
            "\u2714",
            "I.H",
            ".",
            ":",
            "Assume",
            "that",
            "P",
            "(",
            "k",
            ")",
            "holds",
            "for",
            "an",
            "arbitrary",
            "integer",
            "k",
            "Inductive",
            "step",
            ":",
            "We",
            "will",
            "now",
            "show",
            "that",
            "P",
            "(",
            "k",
            ")",
            "\u2192",
            "P",
            "(",
            "k+1",
            ")",
            "n",
            "Let",
            "S",
            "be",
            "a",
            "set",
            "of",
            "size",
            "k",
            "n",
            "Assume",
            "without",
            "loss",
            "of",
            "generality",
            "that",
            "x",
            "\u2209",
            "S",
            "n",
            "Let",
            "T",
            "=",
            "S",
            "\u222a",
            "{",
            "x",
            "}",
            ",",
            "so",
            "|T|",
            "=",
            "k+1",
            "n",
            "\u2200s\u2286S",
            "(",
            "s",
            "\u2286",
            "T",
            ")",
            "since",
            "T",
            "is",
            "a",
            "superset",
            "of",
            "S",
            "n",
            "Furthermore",
            ",",
            "\u2200s\u2286S",
            "(",
            "s",
            "\u222a",
            "{",
            "x",
            "}",
            "\u2286",
            "T",
            ")",
            "since",
            "x",
            "\u2208",
            "T",
            "n",
            "Since",
            "S",
            "has",
            "2k",
            "subsets",
            "by",
            "the",
            "I.H.",
            ",",
            "T",
            "has",
            "2\u00d72k",
            "=",
            "2k+1",
            "subsets",
            "Conclusion",
            ":",
            "Since",
            "we",
            "have",
            "proved",
            "the",
            "base",
            "case",
            "and",
            "the",
            "inductive",
            "case",
            ",",
            "the",
            "claim",
            "holds",
            "by",
            "mathematical",
            "induction",
            "\u274f"
        ],
        "labels": [
            "O",
            "O",
            "O",
            "O",
            "O",
            "O",
            "O",
            "O",
            "O",
            "O",
            "O",
            "O",
            "O",
            "O",
            "O",
            "O",
            "O",
            "O",
            "O",
            "O",
            "O",
            "O",
            "O",
            "O",
            "O",
            "O",
            "O",
            "O",
            "O",
            "O",
            "O",
            "B",
            "I",
            "O",
            "O",
            "O",
            "O",
            "O",
            "O",
            "O",
            "O",
            "O",
            "O",
            "O",
            "O",
            "O",
            "O",
            "O",
            "O",
            "O",
            "O",
            "O",
            "O",
            "B",
            "I",
            "O",
            "O",
            "O",
            "O",
            "O",
            "O",
            "O",
            "O",
            "O",
            "O",
            "O",
            "B",
            "O",
            "B",
            "I",
            "O",
            "O",
            "O",
            "O",
            "O",
            "O",
            "O",
            "O",
            "O",
            "O",
            "O",
            "O",
            "O",
            "O",
            "O",
            "O",
            "O",
            "O",
            "O",
            "O",
            "O",
            "O",
            "O",
            "O",
            "O",
            "O",
            "O",
            "O",
            "O",
            "O",
            "O",
            "O",
            "O",
            "O",
            "O",
            "O",
            "O",
            "O",
            "O",
            "O",
            "O",
            "O",
            "O",
            "O",
            "O",
            "O",
            "O",
            "O",
            "O",
            "O",
            "O",
            "O",
            "O",
            "O",
            "O",
            "O",
            "O",
            "O",
            "O",
            "O",
            "O",
            "O",
            "O",
            "O",
            "O",
            "O",
            "O",
            "O",
            "O",
            "O",
            "O",
            "O",
            "O",
            "O",
            "O",
            "O",
            "O",
            "O",
            "O",
            "O",
            "O",
            "O",
            "O",
            "O",
            "O",
            "O",
            "O",
            "B",
            "O",
            "O",
            "O",
            "O",
            "O",
            "O",
            "O",
            "B",
            "O",
            "O",
            "O",
            "O",
            "O",
            "O",
            "O",
            "O",
            "O",
            "O",
            "B",
            "I",
            "O",
            "O",
            "O",
            "O",
            "O",
            "B",
            "I",
            "O"
        ]
    },
    {
        "words": [
            "Final",
            "Thoughts",
            "n",
            "Mathematical",
            "induction",
            "lets",
            "us",
            "prove",
            "universally",
            "quantified",
            "statements",
            "using",
            "this",
            "inference",
            "rule",
            ":",
            "P",
            "(",
            "0",
            ")",
            "P",
            "(",
            "k",
            ")",
            "\u2192",
            "P",
            "(",
            "k+1",
            ")",
            "\u2234\u2200x\u2208N",
            "P",
            "(",
            "x",
            ")",
            "n",
            "Induction",
            "is",
            "useful",
            "for",
            "proving",
            ":",
            "l",
            "Summations",
            "l",
            "Inequalities",
            "l",
            "Claims",
            "about",
            "countable",
            "sets",
            "l",
            "Theorems",
            "from",
            "number",
            "theory",
            "l",
            "\u2026",
            "n",
            "Next",
            "time",
            ":",
            "Strong",
            "induction",
            "and",
            "recursive",
            "definitions",
            "(",
            "Sections",
            "5.2",
            "&",
            "5.3",
            ")"
        ],
        "labels": [
            "O",
            "O",
            "O",
            "B",
            "I",
            "O",
            "O",
            "O",
            "B",
            "I",
            "O",
            "O",
            "O",
            "B",
            "I",
            "O",
            "O",
            "O",
            "O",
            "O",
            "O",
            "O",
            "O",
            "O",
            "O",
            "O",
            "O",
            "O",
            "O",
            "O",
            "O",
            "O",
            "O",
            "O",
            "O",
            "B",
            "O",
            "O",
            "O",
            "O",
            "O",
            "O",
            "B",
            "O",
            "B",
            "O",
            "O",
            "O",
            "B",
            "I",
            "O",
            "O",
            "O",
            "B",
            "I",
            "O",
            "O",
            "O",
            "O",
            "O",
            "O",
            "B",
            "I",
            "O",
            "B",
            "I",
            "O",
            "O",
            "O",
            "O",
            "O",
            "O"
        ]
    }
]