[
    {
        "words": [
            "Discrete",
            "Structures",
            "for",
            "Computer",
            "Science",
            "William",
            "Garrison",
            "bill",
            "@",
            "cs.pitt.edu",
            "6311",
            "Sennott",
            "Square",
            "Lecture",
            "#",
            "14",
            ":",
            "Strong",
            "Induction",
            "Based",
            "on",
            "materials",
            "developed",
            "by",
            "Dr.",
            "Adam",
            "Lee"
        ],
        "labels": [
            "O",
            "O",
            "O",
            "O",
            "O",
            "O",
            "O",
            "O",
            "O",
            "O",
            "O",
            "O",
            "O",
            "O",
            "O",
            "O",
            "O",
            "B",
            "I",
            "O",
            "O",
            "O",
            "O",
            "O",
            "O",
            "O",
            "O"
        ]
    },
    {
        "words": [
            "Recall",
            "that",
            "mathematical",
            "induction",
            "let",
            "us",
            "prove",
            "universally",
            "quantified",
            "statements",
            "Intuition",
            ":",
            "If",
            "P",
            "(",
            "0",
            ")",
            "is",
            "true",
            ",",
            "then",
            "Goal",
            ":",
            "Prove",
            "\u2200x\u2208N",
            "P",
            "(",
            "x",
            ")",
            ".",
            "P",
            "(",
            "1",
            ")",
            "is",
            "true",
            ".",
            "If",
            "P",
            "(",
            "1",
            ")",
            "is",
            "true",
            ",",
            "then",
            "P",
            "(",
            "2",
            ")",
            "is",
            "true\u2026",
            "Procedure",
            ":",
            "1",
            ".",
            "Prove",
            "P",
            "(",
            "0",
            ")",
            "2",
            ".",
            "Show",
            "that",
            "P",
            "(",
            "k",
            ")",
            "\u2192",
            "P",
            "(",
            "k+1",
            ")",
            "for",
            "any",
            "arbitrary",
            "k",
            "3",
            ".",
            "Conclude",
            "that",
            "P",
            "(",
            "x",
            ")",
            "is",
            "true",
            "\u2200x\u2208N",
            "P",
            "(",
            "0",
            ")",
            "P",
            "(",
            "k",
            ")",
            "\u2192",
            "P",
            "(",
            "k+1",
            ")",
            "\u2234\u2200x\u2208N",
            "P",
            "(",
            "x",
            ")"
        ],
        "labels": [
            "O",
            "O",
            "B",
            "I",
            "O",
            "O",
            "O",
            "B",
            "I",
            "I",
            "O",
            "O",
            "O",
            "O",
            "O",
            "O",
            "O",
            "O",
            "O",
            "O",
            "O",
            "O",
            "O",
            "O",
            "O",
            "O",
            "O",
            "O",
            "O",
            "O",
            "O",
            "O",
            "O",
            "O",
            "O",
            "O",
            "O",
            "O",
            "O",
            "O",
            "O",
            "O",
            "O",
            "O",
            "O",
            "O",
            "O",
            "O",
            "O",
            "O",
            "O",
            "O",
            "O",
            "O",
            "O",
            "O",
            "O",
            "O",
            "O",
            "O",
            "O",
            "O",
            "O",
            "O",
            "O",
            "O",
            "O",
            "O",
            "O",
            "O",
            "O",
            "O",
            "O",
            "O",
            "O",
            "O",
            "O",
            "O",
            "O",
            "O",
            "O",
            "O",
            "O",
            "O",
            "O",
            "O",
            "O",
            "O",
            "O",
            "O",
            "O",
            "O",
            "O",
            "O",
            "O",
            "O",
            "O",
            "O",
            "O",
            "O",
            "O",
            "O",
            "O",
            "O",
            "O",
            "O",
            "O"
        ]
    },
    {
        "words": [
            "Strong",
            "mathematical",
            "induction",
            "is",
            "another",
            "flavor",
            "of",
            "induction",
            "Goal",
            ":",
            "Prove",
            "\u2200x\u2208N",
            "P",
            "(",
            "x",
            ")",
            ".",
            "Procedure",
            ":",
            "1",
            ".",
            "Prove",
            "P",
            "(",
            "0",
            ")",
            "2",
            ".",
            "Show",
            "that",
            "[",
            "P",
            "(",
            "0",
            ")",
            "\u2227",
            "P",
            "(",
            "1",
            ")",
            "\u2227",
            "\u2026",
            "\u2227",
            "P",
            "(",
            "k",
            ")",
            "]",
            "\u2192",
            "P",
            "(",
            "k+1",
            ")",
            "for",
            "any",
            "arbitrary",
            "k",
            "3",
            ".",
            "Conclude",
            "that",
            "P",
            "(",
            "x",
            ")",
            "is",
            "true",
            "\u2200x\u2208N",
            "P",
            "(",
            "0",
            ")",
            "[",
            "P",
            "(",
            "0",
            ")",
            "\u2227",
            "P",
            "(",
            "1",
            ")",
            "\u2227",
            "\u2026",
            "\u2227",
            "P",
            "(",
            "k",
            ")",
            "]",
            "\u2192",
            "P",
            "(",
            "k+1",
            ")",
            "\u2234\u2200x\u2208N",
            "P",
            "(",
            "x",
            ")"
        ],
        "labels": [
            "B",
            "I",
            "I",
            "O",
            "O",
            "O",
            "O",
            "B",
            "O",
            "O",
            "O",
            "O",
            "O",
            "O",
            "O",
            "O",
            "O",
            "O",
            "O",
            "O",
            "O",
            "O",
            "O",
            "O",
            "O",
            "O",
            "O",
            "O",
            "O",
            "O",
            "O",
            "O",
            "O",
            "O",
            "O",
            "O",
            "O",
            "O",
            "O",
            "O",
            "O",
            "O",
            "O",
            "O",
            "O",
            "O",
            "O",
            "O",
            "O",
            "O",
            "O",
            "O",
            "O",
            "O",
            "O",
            "O",
            "O",
            "O",
            "O",
            "O",
            "O",
            "O",
            "O",
            "O",
            "O",
            "O",
            "O",
            "O",
            "O",
            "O",
            "O",
            "O",
            "O",
            "O",
            "O",
            "O",
            "O",
            "O",
            "O",
            "O",
            "O",
            "O",
            "O",
            "O",
            "O",
            "O",
            "O",
            "O",
            "O",
            "O",
            "O",
            "O",
            "O",
            "O",
            "O",
            "O",
            "O",
            "O",
            "O",
            "O"
        ]
    },
    {
        "words": [
            "So",
            "what",
            "\u2019",
            "s",
            "the",
            "big",
            "deal",
            "?",
            "Recall",
            ":",
            "In",
            "mathematical",
            "induction",
            ",",
            "our",
            "inductive",
            "hypothesis",
            "allows",
            "us",
            "to",
            "assume",
            "that",
            "P",
            "(",
            "k",
            ")",
            "is",
            "true",
            "and",
            "use",
            "this",
            "knowledge",
            "to",
            "prove",
            "P",
            "(",
            "k+1",
            ")",
            "However",
            ",",
            "in",
            "strong",
            "induction",
            ",",
            "we",
            "can",
            "assume",
            "that",
            "P",
            "(",
            "0",
            ")",
            "\u2227",
            "P",
            "(",
            "1",
            ")",
            "\u2227",
            "\u2026",
            "\u2227",
            "P",
            "(",
            "k",
            ")",
            "is",
            "true",
            "before",
            "trying",
            "to",
            "prove",
            "P",
            "(",
            "k+1",
            ")",
            "For",
            "certain",
            "types",
            "of",
            "proofs",
            ",",
            "this",
            "is",
            "much",
            "easier",
            "than",
            "trying",
            "to",
            "prove",
            "P",
            "(",
            "k+1",
            ")",
            "from",
            "P",
            "(",
            "k",
            ")",
            "alone",
            ".",
            "For",
            "example\u2026"
        ],
        "labels": [
            "O",
            "O",
            "O",
            "O",
            "O",
            "O",
            "O",
            "O",
            "O",
            "O",
            "O",
            "B",
            "I",
            "O",
            "O",
            "B",
            "I",
            "O",
            "O",
            "O",
            "O",
            "O",
            "O",
            "O",
            "O",
            "O",
            "O",
            "O",
            "O",
            "O",
            "O",
            "O",
            "O",
            "O",
            "O",
            "O",
            "O",
            "O",
            "O",
            "O",
            "O",
            "B",
            "I",
            "O",
            "O",
            "O",
            "O",
            "O",
            "O",
            "O",
            "O",
            "O",
            "O",
            "O",
            "O",
            "O",
            "O",
            "O",
            "O",
            "O",
            "O",
            "O",
            "O",
            "O",
            "O",
            "O",
            "O",
            "O",
            "O",
            "O",
            "O",
            "O",
            "O",
            "O",
            "O",
            "O",
            "O",
            "O",
            "O",
            "O",
            "O",
            "O",
            "O",
            "O",
            "O",
            "O",
            "O",
            "O",
            "O",
            "O",
            "O",
            "O",
            "O",
            "O",
            "O",
            "O",
            "O",
            "O",
            "O",
            "O",
            "O"
        ]
    },
    {
        "words": [
            "Show",
            "that",
            "if",
            "n",
            "is",
            "an",
            "integer",
            "greater",
            "than",
            "1",
            ",",
            "then",
            "n",
            "can",
            "be",
            "written",
            "as",
            "the",
            "product",
            "of",
            "primes",
            "P",
            "(",
            "n",
            ")",
            "\u2261",
            "n",
            "can",
            "be",
            "written",
            "as",
            "a",
            "product",
            "of",
            "primes",
            "Base",
            "case",
            ":",
            "P",
            "(",
            "2",
            ")",
            ":",
            "2",
            "=",
            "21",
            "\u2714",
            "I.H",
            ".",
            ":",
            "Assume",
            "that",
            "P",
            "(",
            "2",
            ")",
            "\u2227",
            "\u2026",
            "\u2227",
            "P",
            "(",
            "k",
            ")",
            "holds",
            "for",
            "an",
            "arbitrary",
            "k",
            "Inductive",
            "step",
            ":",
            "We",
            "will",
            "now",
            "show",
            "that",
            "[",
            "P",
            "(",
            "2",
            ")",
            "\u2227",
            "\u2026",
            "\u2227",
            "P",
            "(",
            "k",
            ")",
            "]",
            "\u2192",
            "P",
            "(",
            "k+1",
            ")",
            "n",
            "Two",
            "cases",
            "to",
            "consider",
            ":",
            "k+1",
            "prime",
            "and",
            "k+1",
            "composite",
            "n",
            "If",
            "k+1",
            "is",
            "prime",
            ",",
            "then",
            "we",
            "\u2019",
            "re",
            "done",
            "n",
            "If",
            "k+1",
            "is",
            "composite",
            ",",
            "then",
            "by",
            "definition",
            ",",
            "k+1",
            "=",
            "ab",
            "n",
            "Since",
            "2",
            "\u2264",
            "a",
            "\u2264",
            "k",
            "and",
            "2",
            "\u2264",
            "b",
            "\u2264",
            "k",
            ",",
            "a",
            "and",
            "b",
            "can",
            "be",
            "written",
            "as",
            "products",
            "of",
            "primes",
            "by",
            "the",
            "I.H",
            ".",
            "n",
            "Thus",
            ",",
            "k+1",
            "can",
            "be",
            "written",
            "as",
            "a",
            "product",
            "of",
            "primes",
            "Conclusion",
            ":",
            "Since",
            "we",
            "have",
            "proved",
            "the",
            "base",
            "case",
            "and",
            "the",
            "inductive",
            "case",
            ",",
            "the",
            "claim",
            "holds",
            "by",
            "strong",
            "induction",
            "\u274f"
        ],
        "labels": [
            "O",
            "O",
            "O",
            "O",
            "O",
            "O",
            "O",
            "O",
            "O",
            "O",
            "O",
            "O",
            "O",
            "O",
            "O",
            "O",
            "O",
            "O",
            "O",
            "O",
            "O",
            "O",
            "O",
            "O",
            "O",
            "O",
            "O",
            "O",
            "O",
            "O",
            "O",
            "O",
            "O",
            "O",
            "O",
            "B",
            "I",
            "O",
            "O",
            "O",
            "O",
            "O",
            "O",
            "O",
            "O",
            "O",
            "O",
            "B",
            "I",
            "O",
            "O",
            "O",
            "O",
            "O",
            "O",
            "O",
            "O",
            "O",
            "O",
            "O",
            "O",
            "O",
            "O",
            "O",
            "O",
            "O",
            "O",
            "O",
            "B",
            "I",
            "O",
            "O",
            "O",
            "O",
            "O",
            "O",
            "O",
            "O",
            "O",
            "O",
            "O",
            "O",
            "O",
            "O",
            "O",
            "O",
            "O",
            "O",
            "O",
            "O",
            "O",
            "O",
            "O",
            "O",
            "O",
            "O",
            "O",
            "O",
            "O",
            "O",
            "O",
            "O",
            "O",
            "O",
            "O",
            "O",
            "O",
            "O",
            "O",
            "O",
            "O",
            "O",
            "O",
            "O",
            "O",
            "O",
            "O",
            "O",
            "O",
            "O",
            "O",
            "O",
            "O",
            "O",
            "O",
            "O",
            "O",
            "O",
            "O",
            "O",
            "O",
            "O",
            "O",
            "O",
            "O",
            "O",
            "O",
            "O",
            "O",
            "O",
            "O",
            "O",
            "O",
            "O",
            "O",
            "O",
            "O",
            "O",
            "O",
            "O",
            "O",
            "O",
            "O",
            "O",
            "O",
            "O",
            "O",
            "O",
            "O",
            "O",
            "O",
            "O",
            "O",
            "O",
            "O",
            "O",
            "O",
            "O",
            "O",
            "B",
            "O",
            "O",
            "O",
            "O",
            "O",
            "O",
            "B",
            "I",
            "O",
            "O",
            "B",
            "I",
            "O",
            "O",
            "O",
            "O",
            "O",
            "B",
            "I",
            "O"
        ]
    },
    {
        "words": [
            "Is",
            "strong",
            "induction",
            "somehow",
            "more",
            "powerful",
            "than",
            "mathematical",
            "induction",
            "?",
            "The",
            "ability",
            "to",
            "assume",
            "P",
            "(",
            "0",
            ")",
            "\u2227",
            "P",
            "(",
            "1",
            ")",
            "\u2227",
            "\u2026",
            "\u2227",
            "P",
            "(",
            "k",
            ")",
            "true",
            "before",
            "proving",
            "P",
            "(",
            "k+1",
            ")",
            "seems",
            "more",
            "powerful",
            "than",
            "just",
            "assuming",
            "P",
            "(",
            "k",
            ")",
            "is",
            "true",
            "Perhaps",
            "surprisingly",
            ",",
            "mathematical",
            "induction",
            ",",
            "strong",
            "induction",
            ",",
            "and",
            "well",
            "ordering",
            "are",
            "all",
            "equivalent",
            "!",
            "That",
            "is",
            ",",
            "a",
            "proof",
            "using",
            "one",
            "of",
            "these",
            "methods",
            "can",
            "always",
            "be",
            "written",
            "using",
            "the",
            "other",
            "two",
            "methods",
            "This",
            "may",
            "not",
            "be",
            "easy",
            ",",
            "though",
            "!"
        ],
        "labels": [
            "O",
            "B",
            "I",
            "O",
            "O",
            "O",
            "O",
            "B",
            "I",
            "O",
            "O",
            "O",
            "O",
            "O",
            "O",
            "O",
            "O",
            "O",
            "O",
            "O",
            "O",
            "O",
            "O",
            "O",
            "O",
            "O",
            "O",
            "O",
            "O",
            "O",
            "O",
            "O",
            "O",
            "O",
            "O",
            "O",
            "O",
            "O",
            "O",
            "O",
            "O",
            "O",
            "O",
            "O",
            "O",
            "O",
            "O",
            "O",
            "O",
            "O",
            "O",
            "O",
            "B",
            "I",
            "O",
            "B",
            "I",
            "O",
            "O",
            "B",
            "I",
            "O",
            "O",
            "O",
            "O",
            "O",
            "O",
            "O",
            "O",
            "O",
            "O",
            "O",
            "O",
            "O",
            "O",
            "O",
            "O",
            "O",
            "O",
            "O",
            "O",
            "O",
            "O",
            "O",
            "O",
            "O",
            "O",
            "O",
            "O",
            "O",
            "O",
            "O"
        ]
    },
    {
        "words": [
            "Prove",
            "that",
            "every",
            "amount",
            "of",
            "postage",
            "of",
            "12",
            "cents",
            "or",
            "more",
            "can",
            "be",
            "formed",
            "using",
            "just",
            "4-cent",
            "and",
            "5-cent",
            "stamps",
            "P",
            "(",
            "n",
            ")",
            "\u2261",
            "n",
            "cents",
            "of",
            "postage",
            "can",
            "be",
            "made",
            "using",
            "4-",
            "and",
            "5-cent",
            "stamps",
            "Base",
            "case",
            ":",
            "P",
            "(",
            "12",
            ")",
            ":",
            "3",
            "4-cent",
            "stamps",
            "P",
            "(",
            "13",
            ")",
            ":",
            "P",
            "(",
            "14",
            ")",
            ":",
            "P",
            "(",
            "15",
            ")",
            ":",
            "1",
            "2",
            "3",
            "5-cent",
            "stamp",
            ",",
            "2",
            "4-cent",
            "stamps",
            "5-cent",
            "stamps",
            ",",
            "1",
            "4-cent",
            "stamp",
            "5-cent",
            "stamps",
            "\u2714",
            "I.H",
            ".",
            ":",
            "Assume",
            "that",
            "P",
            "(",
            "12",
            ")",
            "\u2227",
            "\u2026",
            "\u2227",
            "P",
            "(",
            "k",
            ")",
            "holds",
            "for",
            "an",
            "arbitrary",
            "integer",
            "k",
            "Inductive",
            "step",
            ":",
            "We",
            "will",
            "now",
            "show",
            "that",
            "[",
            "P",
            "(",
            "12",
            ")",
            "\u2227",
            "\u2026",
            "\u2227",
            "P",
            "(",
            "k",
            ")",
            "]",
            "\u2192",
            "P",
            "(",
            "k+1",
            ")",
            "n",
            "By",
            "the",
            "I.H.",
            ",",
            "we",
            "can",
            "make",
            "k-3",
            "cents",
            "worth",
            "of",
            "postage",
            "using",
            "only",
            "4-cent",
            "and",
            "5-cent",
            "stamps",
            "n",
            "By",
            "adding",
            "another",
            "4-cent",
            "stamp",
            ",",
            "we",
            "end",
            "up",
            "with",
            "k+1",
            "cents",
            "worth",
            "of",
            "postage",
            "Conclusion",
            ":",
            "Since",
            "we",
            "have",
            "proved",
            "the",
            "base",
            "case",
            "and",
            "the",
            "inductive",
            "case",
            ",",
            "the",
            "claim",
            "holds",
            "by",
            "strong",
            "induction",
            "\u274f"
        ],
        "labels": [
            "O",
            "O",
            "O",
            "O",
            "O",
            "O",
            "O",
            "O",
            "O",
            "O",
            "O",
            "O",
            "O",
            "O",
            "O",
            "O",
            "O",
            "O",
            "O",
            "O",
            "O",
            "O",
            "O",
            "O",
            "O",
            "O",
            "O",
            "O",
            "O",
            "O",
            "O",
            "O",
            "O",
            "O",
            "O",
            "O",
            "O",
            "B",
            "I",
            "O",
            "O",
            "O",
            "O",
            "O",
            "O",
            "O",
            "O",
            "O",
            "O",
            "O",
            "O",
            "O",
            "O",
            "O",
            "O",
            "O",
            "O",
            "O",
            "O",
            "O",
            "O",
            "O",
            "O",
            "O",
            "O",
            "O",
            "O",
            "O",
            "O",
            "O",
            "O",
            "O",
            "O",
            "O",
            "O",
            "O",
            "O",
            "O",
            "O",
            "O",
            "O",
            "B",
            "I",
            "O",
            "O",
            "O",
            "O",
            "O",
            "O",
            "O",
            "O",
            "O",
            "O",
            "O",
            "O",
            "O",
            "O",
            "O",
            "O",
            "O",
            "O",
            "O",
            "O",
            "B",
            "I",
            "O",
            "O",
            "O",
            "O",
            "O",
            "O",
            "O",
            "O",
            "O",
            "O",
            "O",
            "O",
            "O",
            "O",
            "O",
            "O",
            "O",
            "O",
            "O",
            "O",
            "O",
            "O",
            "O",
            "O",
            "O",
            "O",
            "O",
            "B",
            "O",
            "O",
            "O",
            "O",
            "O",
            "O",
            "O",
            "O",
            "O",
            "O",
            "O",
            "O",
            "O",
            "O",
            "O",
            "O",
            "O",
            "O",
            "O",
            "O",
            "O",
            "O",
            "O",
            "O",
            "O",
            "O",
            "O",
            "O",
            "O",
            "O",
            "O",
            "B",
            "O",
            "O",
            "O",
            "O",
            "O",
            "O",
            "B",
            "I",
            "O",
            "O",
            "B",
            "I",
            "O",
            "O",
            "O",
            "O",
            "O",
            "B",
            "I",
            "O"
        ]
    },
    {
        "words": [
            "Prove",
            "that",
            "every",
            "amount",
            "of",
            "postage",
            "of",
            "12",
            "cents",
            "or",
            "more",
            "can",
            "be",
            "formed",
            "using",
            "just",
            "4-cent",
            "and",
            "5-cent",
            "stamps",
            "P",
            "(",
            "n",
            ")",
            "\u2261",
            "n",
            "cents",
            "of",
            "postage",
            "can",
            "be",
            "made",
            "using",
            "4-",
            "and",
            "5-cent",
            "stamps",
            "Base",
            "case",
            ":",
            "P",
            "(",
            "12",
            ")",
            ":",
            "3",
            "4-cent",
            "stamps",
            "\u2714",
            "I.H",
            ".",
            ":",
            "Assume",
            "that",
            "P",
            "(",
            "k",
            ")",
            "holds",
            "for",
            "an",
            "arbitrary",
            "integer",
            "k",
            "Inductive",
            "step",
            ":",
            "We",
            "will",
            "now",
            "show",
            "that",
            "P",
            "(",
            "k",
            ")",
            "\u2192",
            "P",
            "(",
            "k+1",
            ")",
            "n",
            "We",
            "can",
            "k",
            "cents",
            "using",
            "4-",
            "and",
            "5-cent",
            "stamps",
            ",",
            "by",
            "the",
            "I.H",
            ".",
            "n",
            "If",
            "at",
            "least",
            "one",
            "4-cent",
            "stamp",
            "was",
            "used",
            ",",
            "remove",
            "that",
            "stamp",
            "and",
            "add",
            "in",
            "a",
            "5-cent",
            "stamp",
            ",",
            "thereby",
            "making",
            "k+1",
            "cents",
            "of",
            "postage",
            "n",
            "If",
            "no",
            "4-cent",
            "stamps",
            "were",
            "used",
            ",",
            "then",
            "only",
            "5-cent",
            "stamps",
            "were",
            "used",
            ".",
            "n",
            "Since",
            "k",
            ">",
            "12",
            ",",
            "at",
            "least",
            "3",
            "5-cent",
            "stamps",
            "were",
            "used",
            ".",
            "n",
            "Replace",
            "3",
            "5-cent",
            "stamps",
            "with",
            "4",
            "4-cent",
            "stamps",
            ",",
            "thereby",
            "making",
            "k+1",
            "cents",
            "of",
            "postage",
            "Conclusion",
            ":",
            "Since",
            "we",
            "have",
            "proved",
            "the",
            "base",
            "case",
            "and",
            "the",
            "inductive",
            "case",
            ",",
            "the",
            "claim",
            "holds",
            "by",
            "mathematical",
            "induction",
            "\u274f"
        ],
        "labels": [
            "O",
            "O",
            "O",
            "O",
            "O",
            "O",
            "O",
            "O",
            "O",
            "O",
            "O",
            "O",
            "O",
            "O",
            "O",
            "O",
            "O",
            "O",
            "O",
            "O",
            "O",
            "O",
            "O",
            "O",
            "O",
            "O",
            "O",
            "O",
            "O",
            "O",
            "O",
            "O",
            "O",
            "O",
            "O",
            "O",
            "O",
            "B",
            "I",
            "O",
            "O",
            "O",
            "O",
            "O",
            "O",
            "O",
            "O",
            "O",
            "O",
            "B",
            "I",
            "O",
            "O",
            "O",
            "O",
            "O",
            "O",
            "O",
            "O",
            "O",
            "O",
            "O",
            "B",
            "O",
            "B",
            "I",
            "O",
            "O",
            "O",
            "O",
            "O",
            "O",
            "O",
            "O",
            "O",
            "O",
            "O",
            "O",
            "O",
            "O",
            "O",
            "O",
            "O",
            "O",
            "O",
            "O",
            "O",
            "O",
            "O",
            "O",
            "O",
            "O",
            "O",
            "O",
            "B",
            "I",
            "O",
            "O",
            "O",
            "O",
            "O",
            "O",
            "O",
            "O",
            "O",
            "O",
            "O",
            "O",
            "O",
            "O",
            "O",
            "O",
            "O",
            "O",
            "O",
            "O",
            "O",
            "O",
            "O",
            "O",
            "O",
            "O",
            "O",
            "O",
            "O",
            "O",
            "O",
            "O",
            "O",
            "O",
            "O",
            "O",
            "O",
            "O",
            "O",
            "O",
            "O",
            "O",
            "O",
            "O",
            "O",
            "O",
            "O",
            "O",
            "O",
            "O",
            "O",
            "O",
            "O",
            "O",
            "O",
            "O",
            "O",
            "O",
            "O",
            "O",
            "O",
            "O",
            "O",
            "O",
            "O",
            "O",
            "O",
            "O",
            "O",
            "O",
            "O",
            "B",
            "O",
            "O",
            "O",
            "O",
            "O",
            "O",
            "B",
            "I",
            "O",
            "O",
            "B",
            "I",
            "O",
            "O",
            "O",
            "O",
            "O",
            "B",
            "I",
            "O"
        ]
    },
    {
        "words": [
            "So",
            "when",
            "should",
            "we",
            "use",
            "strong",
            "induction",
            "?",
            "If",
            "it",
            "is",
            "straightforward",
            "to",
            "prove",
            "P",
            "(",
            "k+1",
            ")",
            "from",
            "P",
            "(",
            "k",
            ")",
            "alone",
            ",",
            "use",
            "mathematical",
            "induction",
            "P",
            "(",
            "0",
            ")",
            "P",
            "(",
            "1",
            ")",
            "\u2026",
            "P",
            "(",
            "k-1",
            ")",
            "P",
            "(",
            "k",
            ")",
            "P",
            "(",
            "k+1",
            ")",
            "If",
            "it",
            "would",
            "be",
            "easier",
            "to",
            "prove",
            "P",
            "(",
            "k+1",
            ")",
            "using",
            "one",
            "or",
            "more",
            "P",
            "(",
            "j",
            ")",
            "for",
            "0",
            "\u2264",
            "j",
            "<",
            "k",
            ",",
            "use",
            "strong",
            "induction",
            "P",
            "(",
            "0",
            ")",
            "P",
            "(",
            "1",
            ")",
            "\u2026",
            "P",
            "(",
            "k-1",
            ")",
            "P",
            "(",
            "k",
            ")",
            "P",
            "(",
            "k+1",
            ")",
            "?"
        ],
        "labels": [
            "O",
            "O",
            "O",
            "O",
            "O",
            "B",
            "I",
            "O",
            "O",
            "O",
            "O",
            "O",
            "O",
            "O",
            "O",
            "O",
            "O",
            "O",
            "O",
            "O",
            "O",
            "O",
            "O",
            "O",
            "O",
            "O",
            "B",
            "I",
            "O",
            "O",
            "O",
            "O",
            "O",
            "O",
            "O",
            "O",
            "O",
            "O",
            "O",
            "O",
            "O",
            "O",
            "O",
            "O",
            "O",
            "O",
            "O",
            "O",
            "O",
            "O",
            "O",
            "O",
            "O",
            "O",
            "O",
            "O",
            "O",
            "O",
            "O",
            "O",
            "O",
            "O",
            "O",
            "O",
            "O",
            "O",
            "O",
            "O",
            "O",
            "O",
            "O",
            "O",
            "O",
            "O",
            "O",
            "O",
            "B",
            "I",
            "O",
            "O",
            "O",
            "O",
            "O",
            "O",
            "O",
            "O",
            "O",
            "O",
            "O",
            "O",
            "O",
            "O",
            "O",
            "O",
            "O",
            "O",
            "O",
            "O",
            "O",
            "O"
        ]
    },
    {
        "words": [
            "In-class",
            "exercises",
            "Problem",
            "1",
            ":",
            "Use",
            "strong",
            "induction",
            "to",
            "prove",
            "that",
            "any",
            "whole",
            "dollar",
            "amount",
            "greater",
            "than",
            "or",
            "equal",
            "to",
            "$",
            "4",
            "can",
            "be",
            "formed",
            "using",
            "only",
            "$",
            "2",
            "and",
            "$",
            "5",
            "bills",
            "."
        ],
        "labels": [
            "O",
            "O",
            "O",
            "O",
            "O",
            "O",
            "B",
            "I",
            "O",
            "O",
            "O",
            "O",
            "O",
            "O",
            "O",
            "O",
            "O",
            "O",
            "O",
            "O",
            "O",
            "O",
            "O",
            "O",
            "O",
            "O",
            "O",
            "O",
            "O",
            "O",
            "O",
            "O",
            "O",
            "O"
        ]
    },
    {
        "words": [
            "In-class",
            "exercises",
            "Problem",
            "2",
            ":",
            "Suppose",
            "you",
            "have",
            "a",
            "box",
            "of",
            "Maltesers",
            "containing",
            "\ud835\udc5b",
            "candies",
            ",",
            "and",
            "you",
            "want",
            "to",
            "split",
            "it",
            "into",
            "\ud835\udc5b",
            "piles",
            "of",
            "1",
            "candy",
            "each",
            "by",
            "repeatedly",
            "splitting",
            "a",
            "pile",
            "into",
            "two",
            "smaller",
            "piles",
            ".",
            "Each",
            "time",
            "you",
            "split",
            "a",
            "pile",
            ",",
            "you",
            "multiply",
            "the",
            "number",
            "of",
            "candies",
            "in",
            "each",
            "of",
            "the",
            "two",
            "smaller",
            "piles",
            "you",
            "form",
            ",",
            "and",
            "add",
            "it",
            "to",
            "a",
            "running",
            "total",
            ".",
            "For",
            "example",
            ",",
            "if",
            "you",
            "split",
            "a",
            "pile",
            "of",
            "13",
            "candies",
            "into",
            "two",
            "piles",
            "of",
            "size",
            "4",
            "and",
            "9",
            ",",
            "you",
            "would",
            "add",
            "4\u00d79",
            "=",
            "36",
            "to",
            "the",
            "total",
            ".",
            "Show",
            "that",
            ",",
            "no",
            "matter",
            "how",
            "you",
            "split",
            "the",
            "piles",
            ",",
            "the",
            "sum",
            "of",
            "!",
            "!",
            "``",
            "#",
            "the",
            "products",
            "computed",
            "at",
            "each",
            "step",
            "will",
            "equal",
            "$"
        ],
        "labels": [
            "O",
            "O",
            "O",
            "O",
            "O",
            "O",
            "O",
            "O",
            "O",
            "O",
            "O",
            "O",
            "O",
            "O",
            "O",
            "O",
            "O",
            "O",
            "O",
            "O",
            "O",
            "O",
            "O",
            "O",
            "O",
            "O",
            "O",
            "O",
            "O",
            "O",
            "O",
            "O",
            "O",
            "O",
            "O",
            "O",
            "O",
            "O",
            "O",
            "O",
            "O",
            "O",
            "O",
            "O",
            "O",
            "O",
            "O",
            "O",
            "O",
            "O",
            "O",
            "O",
            "O",
            "O",
            "O",
            "O",
            "O",
            "O",
            "O",
            "O",
            "O",
            "O",
            "O",
            "O",
            "O",
            "O",
            "O",
            "O",
            "O",
            "O",
            "O",
            "O",
            "O",
            "O",
            "O",
            "O",
            "O",
            "O",
            "O",
            "O",
            "O",
            "O",
            "O",
            "O",
            "O",
            "O",
            "O",
            "O",
            "O",
            "O",
            "O",
            "O",
            "O",
            "O",
            "O",
            "O",
            "O",
            "O",
            "O",
            "O",
            "O",
            "O",
            "O",
            "O",
            "O",
            "O",
            "O",
            "O",
            "O",
            "O",
            "O",
            "O",
            "O",
            "O",
            "O",
            "O",
            "O",
            "O",
            "O",
            "O",
            "O",
            "O",
            "O",
            "O",
            "O",
            "O",
            "O"
        ]
    },
    {
        "words": [
            "Final",
            "Thoughts",
            "n",
            "Strong",
            "induction",
            "lets",
            "us",
            "prove",
            "universally",
            "quantified",
            "statements",
            "using",
            "this",
            "inference",
            "rule",
            ":",
            "P",
            "(",
            "0",
            ")",
            "[",
            "P",
            "(",
            "0",
            ")",
            "\u2227",
            "P",
            "(",
            "1",
            ")",
            "\u2227",
            "\u2026",
            "\u2227",
            "P",
            "(",
            "k",
            ")",
            "]",
            "\u2192",
            "P",
            "(",
            "k+1",
            ")",
            "\u2234\u2200x\u2208N",
            "P",
            "(",
            "x",
            ")",
            "n",
            "Although",
            "sometimes",
            "more",
            "convenient",
            "than",
            "mathematical",
            "induction",
            ",",
            "strong",
            "induction",
            "is",
            "no",
            "more",
            "powerful"
        ],
        "labels": [
            "O",
            "O",
            "O",
            "B",
            "I",
            "O",
            "O",
            "O",
            "B",
            "I",
            "I",
            "O",
            "O",
            "B",
            "I",
            "O",
            "O",
            "O",
            "O",
            "O",
            "O",
            "O",
            "O",
            "O",
            "O",
            "O",
            "O",
            "O",
            "O",
            "O",
            "O",
            "O",
            "O",
            "O",
            "O",
            "O",
            "O",
            "O",
            "O",
            "O",
            "O",
            "O",
            "O",
            "O",
            "O",
            "O",
            "O",
            "O",
            "O",
            "O",
            "O",
            "O",
            "O",
            "O",
            "B",
            "I",
            "O",
            "B",
            "I",
            "O",
            "O",
            "O",
            "O"
        ]
    }
]