[
    {
        "words": [
            "Discrete",
            "Structures",
            "for",
            "Computer",
            "Science",
            "William",
            "Garrison",
            "bill",
            "@",
            "cs.pitt.edu",
            "6311",
            "Sennott",
            "Square",
            "Lecture",
            "#",
            "11",
            ":",
            "Integers",
            "and",
            "Modular",
            "Arithmetic",
            "Based",
            "on",
            "materials",
            "developed",
            "by",
            "Dr.",
            "Adam",
            "Lee"
        ],
        "labels": [
            "O",
            "O",
            "O",
            "O",
            "O",
            "O",
            "O",
            "O",
            "O",
            "O",
            "O",
            "O",
            "O",
            "O",
            "O",
            "O",
            "O",
            "B",
            "O",
            "B",
            "I",
            "O",
            "O",
            "O",
            "O",
            "O",
            "O",
            "O",
            "O"
        ]
    },
    {
        "words": [
            "Today",
            "\u2019",
            "s",
            "Topics",
            "Integers",
            "and",
            "division",
            "l",
            "The",
            "division",
            "algorithm",
            "l",
            "Modular",
            "arithmetic",
            "l",
            "Applications",
            "of",
            "modular",
            "arithmetic"
        ],
        "labels": [
            "O",
            "O",
            "O",
            "O",
            "B",
            "O",
            "B",
            "O",
            "O",
            "B",
            "I",
            "O",
            "B",
            "I",
            "O",
            "O",
            "O",
            "B",
            "I"
        ]
    },
    {
        "words": [
            "What",
            "is",
            "number",
            "theory",
            "?",
            "Number",
            "theory",
            "is",
            "the",
            "branch",
            "of",
            "mathematics",
            "that",
            "explores",
            "the",
            "integers",
            "and",
            "their",
            "properties",
            ".",
            "Number",
            "theory",
            "has",
            "many",
            "applications",
            "within",
            "computer",
            "science",
            ",",
            "including",
            ":",
            "l",
            "Organizing",
            "data",
            "l",
            "Encrypting",
            "sensitive",
            "data",
            "l",
            "Developing",
            "error",
            "correcting",
            "codes",
            "l",
            "Generating",
            "\u201c",
            "random",
            "\u201d",
            "numbers",
            "l",
            "\u2026",
            "We",
            "will",
            "only",
            "scratch",
            "the",
            "surface\u2026"
        ],
        "labels": [
            "O",
            "O",
            "B",
            "I",
            "O",
            "B",
            "I",
            "O",
            "O",
            "O",
            "O",
            "O",
            "O",
            "O",
            "O",
            "B",
            "O",
            "O",
            "O",
            "O",
            "B",
            "I",
            "O",
            "O",
            "O",
            "O",
            "O",
            "O",
            "O",
            "O",
            "O",
            "O",
            "O",
            "O",
            "O",
            "B",
            "O",
            "O",
            "O",
            "O",
            "B",
            "I",
            "I",
            "O",
            "O",
            "O",
            "O",
            "O",
            "O",
            "O",
            "O",
            "O",
            "O",
            "O",
            "O",
            "O",
            "O"
        ]
    },
    {
        "words": [
            "The",
            "notion",
            "of",
            "divisibility",
            "is",
            "one",
            "of",
            "the",
            "most",
            "basic",
            "properties",
            "of",
            "the",
            "integers",
            "Definition",
            ":",
            "If",
            "a",
            "and",
            "b",
            "are",
            "integers",
            "and",
            "a",
            "\u2260",
            "0",
            ",",
            "we",
            "say",
            "that",
            "a",
            "divides",
            "b",
            "if",
            "there",
            "is",
            "an",
            "integer",
            "c",
            "such",
            "that",
            "b",
            "=",
            "ac",
            ".",
            "We",
            "write",
            "a",
            "|",
            "b",
            "to",
            "say",
            "that",
            "a",
            "divides",
            "b",
            ",",
            "and",
            "a",
            "/|",
            "b",
            "to",
            "say",
            "that",
            "a",
            "does",
            "not",
            "divide",
            "b",
            ".",
            "Mathematically",
            ":",
            "a",
            "|",
            "b",
            "\u21d4",
            "\u2203",
            "c\u2208Z",
            "(",
            "b",
            "=",
            "ac",
            ")",
            "Note",
            ":",
            "If",
            "a",
            "|",
            "b",
            ",",
            "then",
            "l",
            "a",
            "is",
            "called",
            "a",
            "factor",
            "of",
            "b",
            "l",
            "b",
            "is",
            "called",
            "a",
            "multiple",
            "of",
            "a",
            "We",
            "\u2019",
            "ve",
            "been",
            "using",
            "the",
            "notion",
            "of",
            "divisibility",
            "all",
            "along",
            "!",
            "lE",
            "=",
            "{",
            "x",
            "|",
            "x",
            "=",
            "2k",
            "\u2227",
            "k",
            "\u2208",
            "Z",
            "}"
        ],
        "labels": [
            "O",
            "O",
            "O",
            "B",
            "O",
            "O",
            "O",
            "O",
            "O",
            "O",
            "B",
            "O",
            "O",
            "O",
            "O",
            "O",
            "O",
            "O",
            "O",
            "O",
            "O",
            "B",
            "O",
            "O",
            "O",
            "O",
            "O",
            "O",
            "O",
            "O",
            "O",
            "B",
            "O",
            "O",
            "O",
            "O",
            "B",
            "O",
            "O",
            "O",
            "O",
            "O",
            "O",
            "O",
            "O",
            "O",
            "O",
            "O",
            "O",
            "O",
            "O",
            "O",
            "O",
            "O",
            "B",
            "O",
            "O",
            "O",
            "O",
            "O",
            "O",
            "O",
            "O",
            "O",
            "O",
            "O",
            "O",
            "B",
            "O",
            "O",
            "O",
            "O",
            "O",
            "O",
            "O",
            "O",
            "O",
            "O",
            "O",
            "O",
            "O",
            "O",
            "O",
            "O",
            "O",
            "O",
            "O",
            "O",
            "O",
            "O",
            "O",
            "O",
            "O",
            "O",
            "O",
            "O",
            "B",
            "O",
            "O",
            "O",
            "O",
            "O",
            "O",
            "O",
            "O",
            "O",
            "O",
            "O",
            "O",
            "O",
            "O",
            "O",
            "O",
            "O",
            "O",
            "B",
            "O",
            "O",
            "O",
            "O",
            "O",
            "O",
            "O",
            "O",
            "O",
            "O",
            "O",
            "O",
            "O",
            "O",
            "O",
            "O"
        ]
    },
    {
        "words": [
            "Division",
            "examples",
            "Examples",
            ":",
            "l",
            "Does",
            "4",
            "|",
            "16",
            "?",
            "Yes",
            ",",
            "16",
            "=",
            "4",
            "\u00d7",
            "4",
            "l",
            "Does",
            "3",
            "|",
            "11",
            "?",
            "No",
            ",",
            "because",
            "11/3",
            "is",
            "not",
            "an",
            "integer",
            "l",
            "Does",
            "7",
            "|",
            "42",
            "?",
            "Yes",
            ",",
            "42",
            "=",
            "7",
            "\u00d7",
            "6",
            "Question",
            ":",
            "Let",
            "n",
            "and",
            "d",
            "be",
            "two",
            "positive",
            "integers",
            ".",
            "How",
            "many",
            "positive",
            "integers",
            "not",
            "exceeding",
            "n",
            "are",
            "divisible",
            "by",
            "d",
            "?",
            "Answer",
            ":",
            "We",
            "want",
            "to",
            "count",
            "the",
            "number",
            "of",
            "integers",
            "of",
            "the",
            "form",
            "dk",
            "that",
            "are",
            "less",
            "than",
            "n.",
            "That",
            "is",
            ",",
            "we",
            "want",
            "to",
            "know",
            "the",
            "number",
            "of",
            "integers",
            "k",
            "with",
            "0",
            "\u2264",
            "dk",
            "\u2264",
            "n",
            ",",
            "or",
            "0",
            "\u2264",
            "k",
            "\u2264",
            "n/d",
            ".",
            "Therefore",
            ",",
            "there",
            "are",
            "\u230an/d\u230b",
            "positive",
            "integers",
            "not",
            "exceeding",
            "n",
            "that",
            "are",
            "divisible",
            "by",
            "d",
            "."
        ],
        "labels": [
            "B",
            "O",
            "O",
            "O",
            "O",
            "O",
            "O",
            "O",
            "O",
            "O",
            "O",
            "O",
            "O",
            "O",
            "O",
            "O",
            "O",
            "O",
            "O",
            "O",
            "O",
            "O",
            "O",
            "O",
            "O",
            "O",
            "O",
            "O",
            "O",
            "O",
            "B",
            "O",
            "O",
            "O",
            "O",
            "O",
            "O",
            "O",
            "O",
            "O",
            "O",
            "O",
            "O",
            "O",
            "O",
            "O",
            "O",
            "O",
            "O",
            "O",
            "O",
            "O",
            "B",
            "I",
            "O",
            "O",
            "O",
            "B",
            "I",
            "O",
            "O",
            "O",
            "O",
            "B",
            "O",
            "O",
            "O",
            "O",
            "O",
            "O",
            "O",
            "O",
            "O",
            "O",
            "O",
            "O",
            "B",
            "O",
            "O",
            "O",
            "O",
            "O",
            "O",
            "O",
            "O",
            "O",
            "O",
            "O",
            "O",
            "O",
            "O",
            "O",
            "O",
            "O",
            "O",
            "O",
            "B",
            "O",
            "O",
            "O",
            "O",
            "O",
            "O",
            "O",
            "O",
            "O",
            "O",
            "O",
            "O",
            "O",
            "O",
            "O",
            "O",
            "O",
            "O",
            "O",
            "O",
            "B",
            "I",
            "O",
            "O",
            "O",
            "O",
            "O",
            "B",
            "O",
            "O",
            "O"
        ]
    },
    {
        "words": [
            "Important",
            "properties",
            "of",
            "divisibility",
            "Property",
            "1",
            ":",
            "If",
            "a",
            "|",
            "b",
            "and",
            "a",
            "|",
            "c",
            ",",
            "then",
            "a",
            "|",
            "(",
            "b",
            "+",
            "c",
            ")",
            "Property",
            "2",
            ":",
            "If",
            "a",
            "|",
            "b",
            ",",
            "then",
            "a",
            "|",
            "bc",
            "for",
            "all",
            "integers",
            "c",
            ".",
            "Property",
            "3",
            ":",
            "If",
            "a",
            "|",
            "b",
            "and",
            "b",
            "|",
            "c",
            ",",
            "then",
            "a",
            "|",
            "c",
            "."
        ],
        "labels": [
            "O",
            "O",
            "O",
            "B",
            "O",
            "O",
            "O",
            "O",
            "O",
            "O",
            "O",
            "O",
            "O",
            "O",
            "O",
            "O",
            "O",
            "O",
            "O",
            "O",
            "O",
            "O",
            "O",
            "O",
            "O",
            "O",
            "O",
            "O",
            "O",
            "O",
            "O",
            "O",
            "O",
            "O",
            "O",
            "O",
            "O",
            "O",
            "O",
            "B",
            "O",
            "O",
            "O",
            "O",
            "O",
            "O",
            "O",
            "O",
            "O",
            "O",
            "O",
            "O",
            "O",
            "O",
            "O",
            "O",
            "O",
            "O"
        ]
    },
    {
        "words": [
            "Division",
            "algorithm",
            "Theorem",
            ":",
            "Let",
            "a",
            "be",
            "an",
            "integer",
            "and",
            "let",
            "d",
            "be",
            "a",
            "positive",
            "integer",
            ".",
            "There",
            "are",
            "unique",
            "integers",
            "q",
            "and",
            "r",
            ",",
            "with",
            "0",
            "\u2264",
            "r",
            "<",
            "d",
            ",",
            "such",
            "that",
            "a",
            "=",
            "dq",
            "+",
            "r",
            ".",
            "For",
            "historical",
            "reasons",
            ",",
            "the",
            "above",
            "theorem",
            "is",
            "called",
            "the",
            "division",
            "algorithm",
            ",",
            "even",
            "though",
            "it",
            "isn",
            "\u2019",
            "t",
            "an",
            "algorithm",
            "!",
            "Terminology",
            ":",
            "Given",
            "a",
            "=",
            "dq",
            "+",
            "r",
            "l",
            "a",
            "is",
            "called",
            "the",
            "dividend",
            "l",
            "d",
            "is",
            "called",
            "the",
            "divisor",
            "div",
            "and",
            "mod",
            "are",
            "operators",
            "l",
            "q",
            "is",
            "called",
            "the",
            "quotient",
            "l",
            "r",
            "is",
            "called",
            "the",
            "remainder",
            "l",
            "q",
            "=",
            "a",
            "div",
            "d",
            "l",
            "r",
            "=",
            "a",
            "mod",
            "d"
        ],
        "labels": [
            "B",
            "I",
            "O",
            "O",
            "O",
            "O",
            "O",
            "O",
            "B",
            "O",
            "O",
            "O",
            "O",
            "O",
            "B",
            "I",
            "O",
            "O",
            "O",
            "O",
            "B",
            "O",
            "O",
            "O",
            "O",
            "O",
            "O",
            "O",
            "O",
            "O",
            "O",
            "O",
            "O",
            "O",
            "O",
            "O",
            "O",
            "O",
            "O",
            "O",
            "O",
            "O",
            "O",
            "O",
            "O",
            "O",
            "O",
            "O",
            "O",
            "O",
            "B",
            "I",
            "O",
            "O",
            "O",
            "O",
            "O",
            "O",
            "O",
            "O",
            "B",
            "O",
            "O",
            "O",
            "O",
            "O",
            "O",
            "O",
            "O",
            "O",
            "O",
            "O",
            "O",
            "O",
            "O",
            "B",
            "O",
            "O",
            "O",
            "O",
            "O",
            "B",
            "B",
            "O",
            "B",
            "O",
            "O",
            "O",
            "O",
            "O",
            "O",
            "O",
            "B",
            "O",
            "O",
            "O",
            "O",
            "O",
            "B",
            "O",
            "O",
            "O",
            "O",
            "B",
            "O",
            "O",
            "O",
            "O",
            "O",
            "B",
            "O"
        ]
    },
    {
        "words": [
            "Examples",
            "Question",
            ":",
            "What",
            "are",
            "the",
            "quotient",
            "and",
            "remainder",
            "when",
            "123",
            "is",
            "divided",
            "by",
            "23",
            "?",
            "Answer",
            ":",
            "We",
            "have",
            "that",
            "123",
            "=",
            "23",
            "\u00d7",
            "5",
            "+",
            "8",
            ".",
            "So",
            "the",
            "quotient",
            "is",
            "123",
            "div",
            "23",
            "=",
            "5",
            ",",
            "and",
            "the",
            "remainder",
            "is",
            "123",
            "mod",
            "23",
            "=",
            "8",
            ".",
            "Question",
            ":",
            "What",
            "are",
            "the",
            "quotient",
            "and",
            "remainder",
            "when",
            "-11",
            "is",
            "divided",
            "by",
            "3",
            "?",
            "Answer",
            ":",
            "Since",
            "-11",
            "=",
            "3",
            "\u00d7",
            "-4",
            "+",
            "1",
            ",",
            "we",
            "have",
            "that",
            "the",
            "quotient",
            "is",
            "-4",
            "and",
            "the",
            "remainder",
            "is",
            "1",
            ".",
            "Recall",
            "that",
            "since",
            "the",
            "remainder",
            "must",
            "be",
            "non-negative",
            ",",
            "3",
            "\u00d7",
            "-3",
            "\u22122",
            "is",
            "not",
            "a",
            "valid",
            "use",
            "of",
            "the",
            "division",
            "theorem",
            "!"
        ],
        "labels": [
            "O",
            "O",
            "O",
            "O",
            "O",
            "O",
            "B",
            "O",
            "B",
            "O",
            "O",
            "O",
            "O",
            "O",
            "O",
            "O",
            "O",
            "O",
            "O",
            "O",
            "O",
            "O",
            "O",
            "O",
            "O",
            "O",
            "O",
            "O",
            "O",
            "O",
            "O",
            "B",
            "O",
            "O",
            "B",
            "O",
            "O",
            "O",
            "O",
            "O",
            "O",
            "B",
            "O",
            "O",
            "B",
            "O",
            "O",
            "O",
            "O",
            "O",
            "O",
            "O",
            "O",
            "O",
            "B",
            "O",
            "B",
            "O",
            "O",
            "O",
            "O",
            "O",
            "O",
            "O",
            "O",
            "O",
            "O",
            "O",
            "O",
            "O",
            "O",
            "O",
            "O",
            "O",
            "O",
            "O",
            "O",
            "O",
            "O",
            "B",
            "O",
            "O",
            "O",
            "O",
            "B",
            "O",
            "O",
            "O",
            "O",
            "O",
            "O",
            "O",
            "B",
            "O",
            "O",
            "O",
            "O",
            "O",
            "O",
            "O",
            "O",
            "O",
            "O",
            "O",
            "O",
            "O",
            "O",
            "O",
            "B",
            "I",
            "O"
        ]
    },
    {
        "words": [
            "Many",
            "programming",
            "languages",
            "use",
            "the",
            "div",
            "and",
            "mod",
            "operations",
            "For",
            "example",
            ",",
            "in",
            "Java",
            ",",
            "C",
            ",",
            "and",
            "C++",
            "l",
            "/",
            "corresponds",
            "to",
            "div",
            "when",
            "used",
            "on",
            "integer",
            "arguments",
            "l",
            "%",
            "corresponds",
            "to",
            "mod",
            "public",
            "static",
            "void",
            "main",
            "(",
            "String",
            "[",
            "]",
            "args",
            ")",
            "{",
            "int",
            "x",
            "=",
            "2",
            ";",
            "Prints",
            "out",
            "2",
            ",",
            "not",
            "2.5",
            "!",
            "int",
            "y",
            "=",
            "5",
            ";",
            "Prints",
            "out",
            "1",
            "float",
            "z",
            "=",
            "2.0",
            ";",
            "System.out.println",
            "(",
            "y/x",
            ")",
            ";",
            "Prints",
            "out",
            "2.5",
            "System.out.println",
            "(",
            "y",
            "%",
            "x",
            ")",
            ";",
            "System.out.println",
            "(",
            "y/z",
            ")",
            ";",
            "}",
            "This",
            "can",
            "be",
            "a",
            "source",
            "of",
            "many",
            "errors",
            ",",
            "so",
            "be",
            "careful",
            "in",
            "your",
            "future",
            "classes",
            "!"
        ],
        "labels": [
            "O",
            "O",
            "O",
            "O",
            "O",
            "B",
            "O",
            "B",
            "O",
            "O",
            "O",
            "O",
            "O",
            "O",
            "O",
            "O",
            "O",
            "O",
            "O",
            "O",
            "O",
            "O",
            "O",
            "B",
            "O",
            "O",
            "O",
            "B",
            "O",
            "O",
            "O",
            "O",
            "O",
            "B",
            "O",
            "O",
            "O",
            "O",
            "O",
            "O",
            "O",
            "O",
            "O",
            "O",
            "O",
            "O",
            "O",
            "O",
            "O",
            "O",
            "O",
            "O",
            "O",
            "O",
            "O",
            "O",
            "O",
            "O",
            "O",
            "O",
            "O",
            "O",
            "O",
            "O",
            "O",
            "O",
            "O",
            "O",
            "O",
            "O",
            "O",
            "O",
            "O",
            "O",
            "O",
            "O",
            "O",
            "O",
            "O",
            "O",
            "O",
            "O",
            "O",
            "O",
            "O",
            "O",
            "O",
            "O",
            "O",
            "O",
            "O",
            "O",
            "O",
            "O",
            "O",
            "O",
            "O",
            "O",
            "O",
            "O",
            "O",
            "O",
            "O",
            "O",
            "O",
            "O",
            "O",
            "O"
        ]
    },
    {
        "words": [
            "In-class",
            "exercises",
            "Problem",
            "1",
            "&",
            "2",
            ":",
            "On",
            "Top",
            "Hat",
            "Problem",
            "3",
            ":",
            "Show",
            "that",
            "if",
            "\ud835\udc4e",
            "is",
            "an",
            "integer",
            "and",
            "\ud835\udc51",
            "is",
            "an",
            "integer",
            "greater",
            "than",
            "1",
            ",",
            "then",
            "the",
            "quotient",
            "and",
            "remainder",
            "!",
            "!",
            "obtained",
            "dividing",
            "\ud835\udc4e",
            "by",
            "\ud835\udc51",
            "are",
            "``",
            "and",
            "\ud835\udc4e",
            "\u2212",
            "\ud835\udc51",
            "``",
            ",",
            "respectively",
            "."
        ],
        "labels": [
            "O",
            "O",
            "O",
            "O",
            "O",
            "O",
            "O",
            "O",
            "O",
            "O",
            "O",
            "O",
            "O",
            "O",
            "O",
            "O",
            "O",
            "O",
            "O",
            "B",
            "O",
            "O",
            "O",
            "O",
            "B",
            "O",
            "O",
            "O",
            "O",
            "O",
            "O",
            "B",
            "O",
            "B",
            "O",
            "O",
            "O",
            "B",
            "O",
            "O",
            "O",
            "O",
            "O",
            "O",
            "O",
            "O",
            "O",
            "O",
            "O",
            "O",
            "O"
        ]
    },
    {
        "words": [
            "Sometimes",
            ",",
            "we",
            "care",
            "only",
            "about",
            "the",
            "remainder",
            "of",
            "an",
            "integer",
            "after",
            "it",
            "is",
            "divided",
            "by",
            "some",
            "other",
            "integer",
            "Example",
            ":",
            "What",
            "time",
            "will",
            "it",
            "be",
            "22",
            "hours",
            "from",
            "now",
            "?",
            "Answer",
            ":",
            "If",
            "it",
            "is",
            "6am",
            "now",
            ",",
            "it",
            "will",
            "be",
            "(",
            "6",
            "+",
            "22",
            ")",
            "mod",
            "24",
            "=",
            "28",
            "mod",
            "24",
            "=",
            "4",
            "am",
            "in",
            "22",
            "hours",
            "."
        ],
        "labels": [
            "O",
            "O",
            "O",
            "O",
            "O",
            "O",
            "O",
            "B",
            "O",
            "O",
            "B",
            "O",
            "O",
            "O",
            "B",
            "O",
            "O",
            "O",
            "B",
            "O",
            "O",
            "O",
            "O",
            "O",
            "O",
            "O",
            "O",
            "O",
            "O",
            "O",
            "O",
            "O",
            "O",
            "O",
            "O",
            "O",
            "O",
            "O",
            "O",
            "O",
            "O",
            "O",
            "O",
            "O",
            "O",
            "O",
            "O",
            "B",
            "O",
            "O",
            "O",
            "B",
            "O",
            "O",
            "O",
            "O",
            "O",
            "O",
            "O",
            "O"
        ]
    },
    {
        "words": [
            "Since",
            "remainders",
            "can",
            "be",
            "so",
            "important",
            ",",
            "they",
            "have",
            "their",
            "own",
            "special",
            "notation",
            "!",
            "Definition",
            ":",
            "If",
            "a",
            "and",
            "b",
            "are",
            "integers",
            "and",
            "m",
            "is",
            "a",
            "positive",
            "integer",
            ",",
            "we",
            "say",
            "that",
            "a",
            "is",
            "congruent",
            "to",
            "b",
            "modulo",
            "m",
            "if",
            "m",
            "|",
            "(",
            "a",
            "\u2013",
            "b",
            ")",
            ".",
            "We",
            "write",
            "this",
            "as",
            "a",
            "\u2261",
            "b",
            "(",
            "mod",
            "m",
            ")",
            ".",
            "Note",
            ":",
            "a",
            "\u2261",
            "b",
            "(",
            "mod",
            "m",
            ")",
            "iff",
            "a",
            "mod",
            "m",
            "=",
            "b",
            "mod",
            "m",
            ".",
            "Examples",
            ":",
            "l",
            "Is",
            "17",
            "congruent",
            "to",
            "5",
            "modulo",
            "6",
            "?",
            "Yes",
            ",",
            "since",
            "6",
            "|",
            "(",
            "17",
            "\u2013",
            "5",
            ")",
            "l",
            "Is",
            "24",
            "congruent",
            "to",
            "14",
            "modulo",
            "6",
            "?",
            "/",
            "(",
            "24",
            "\u2013",
            "14",
            ")",
            "No",
            ",",
            "since",
            "6",
            "|"
        ],
        "labels": [
            "O",
            "B",
            "O",
            "O",
            "O",
            "O",
            "O",
            "O",
            "O",
            "O",
            "O",
            "O",
            "O",
            "O",
            "O",
            "O",
            "O",
            "O",
            "O",
            "O",
            "O",
            "B",
            "O",
            "O",
            "O",
            "O",
            "B",
            "I",
            "O",
            "O",
            "O",
            "O",
            "O",
            "O",
            "B",
            "O",
            "O",
            "B",
            "O",
            "O",
            "O",
            "O",
            "O",
            "O",
            "O",
            "O",
            "O",
            "O",
            "O",
            "O",
            "O",
            "O",
            "O",
            "O",
            "O",
            "O",
            "B",
            "O",
            "O",
            "O",
            "O",
            "O",
            "O",
            "O",
            "O",
            "O",
            "B",
            "O",
            "O",
            "O",
            "O",
            "B",
            "O",
            "O",
            "O",
            "B",
            "O",
            "O",
            "O",
            "O",
            "O",
            "O",
            "O",
            "B",
            "O",
            "O",
            "B",
            "O",
            "O",
            "O",
            "O",
            "O",
            "O",
            "O",
            "O",
            "O",
            "O",
            "O",
            "O",
            "O",
            "O",
            "O",
            "B",
            "O",
            "O",
            "B",
            "O",
            "O",
            "O",
            "O",
            "O",
            "O",
            "O",
            "O",
            "O",
            "O",
            "O",
            "O",
            "O"
        ]
    },
    {
        "words": [
            "Properties",
            "of",
            "congruencies",
            "Theorem",
            ":",
            "Let",
            "m",
            "be",
            "a",
            "positive",
            "integer",
            ".",
            "The",
            "integers",
            "a",
            "and",
            "b",
            "are",
            "congruent",
            "modulo",
            "m",
            "(",
            "a",
            "\u2261",
            "b",
            "(",
            "mod",
            "m",
            ")",
            ")",
            "iff",
            "there",
            "is",
            "an",
            "integer",
            "k",
            "such",
            "that",
            "a",
            "=",
            "b",
            "+",
            "km",
            ".",
            "Theorem",
            ":",
            "Let",
            "m",
            "be",
            "a",
            "positive",
            "integer",
            ".",
            "If",
            "a",
            "\u2261",
            "b",
            "(",
            "mod",
            "m",
            ")",
            "and",
            "c",
            "\u2261",
            "d",
            "(",
            "mod",
            "m",
            ")",
            ",",
            "then",
            "l",
            "(",
            "a",
            "+",
            "c",
            ")",
            "\u2261",
            "(",
            "b",
            "+",
            "d",
            ")",
            "(",
            "mod",
            "m",
            ")",
            "l",
            "ac",
            "\u2261",
            "bd",
            "(",
            "mod",
            "m",
            ")"
        ],
        "labels": [
            "O",
            "O",
            "B",
            "O",
            "O",
            "O",
            "O",
            "O",
            "O",
            "B",
            "I",
            "O",
            "O",
            "B",
            "O",
            "O",
            "O",
            "O",
            "B",
            "B",
            "O",
            "O",
            "O",
            "O",
            "O",
            "O",
            "O",
            "O",
            "O",
            "O",
            "O",
            "O",
            "O",
            "O",
            "B",
            "O",
            "O",
            "O",
            "O",
            "O",
            "O",
            "O",
            "O",
            "O",
            "O",
            "O",
            "O",
            "O",
            "O",
            "O",
            "B",
            "I",
            "O",
            "O",
            "O",
            "O",
            "O",
            "O",
            "B",
            "O",
            "O",
            "O",
            "O",
            "O",
            "O",
            "O",
            "B",
            "O",
            "O",
            "O",
            "O",
            "O",
            "O",
            "O",
            "O",
            "O",
            "O",
            "O",
            "O",
            "O",
            "O",
            "O",
            "O",
            "O",
            "B",
            "O",
            "O",
            "O",
            "O",
            "O",
            "O",
            "O",
            "B",
            "O",
            "O"
        ]
    },
    {
        "words": [
            "Congruencies",
            "have",
            "many",
            "applications",
            "within",
            "computer",
            "science",
            "Today",
            "we",
            "\u2019",
            "ll",
            "look",
            "at",
            "three",
            ":",
            "1",
            ".",
            "Hash",
            "functions",
            "2",
            ".",
            "The",
            "generation",
            "of",
            "pseudorandom",
            "numbers",
            "3",
            ".",
            "Cryptography"
        ],
        "labels": [
            "B",
            "O",
            "O",
            "O",
            "O",
            "O",
            "O",
            "O",
            "O",
            "O",
            "O",
            "O",
            "O",
            "O",
            "O",
            "O",
            "O",
            "B",
            "I",
            "O",
            "O",
            "O",
            "O",
            "O",
            "B",
            "I",
            "O",
            "O",
            "B"
        ]
    },
    {
        "words": [
            "Hash",
            "functions",
            "allow",
            "us",
            "to",
            "quickly",
            "and",
            "efficiently",
            "locate",
            "data",
            "Problem",
            ":",
            "Given",
            "a",
            "large",
            "collection",
            "of",
            "records",
            ",",
            "how",
            "can",
            "we",
            "find",
            "the",
            "one",
            "we",
            "want",
            "quickly",
            "?",
            "Solution",
            ":",
            "Apply",
            "a",
            "hash",
            "function",
            "that",
            "determines",
            "the",
            "storage",
            "location",
            "of",
            "the",
            "record",
            "based",
            "on",
            "the",
            "record",
            "\u2019",
            "s",
            "ID",
            ".",
            "A",
            "common",
            "hash",
            "function",
            "is",
            "h",
            "(",
            "k",
            ")",
            "=",
            "k",
            "mod",
            "n",
            ",",
            "where",
            "n",
            "is",
            "the",
            "number",
            "of",
            "available",
            "storage",
            "locations",
            ".",
            "0",
            "1",
            "2",
            "3",
            "4",
            "5",
            "6",
            "7",
            "Memory",
            ":",
            "42",
            "mod",
            "8",
            "=",
            "2",
            "276",
            "mod",
            "8",
            "=",
            "4",
            "23",
            "mod",
            "8",
            "=",
            "7",
            "ID",
            ":",
            "42",
            "ID",
            ":",
            "276",
            "ID",
            ":",
            "23",
            "\u2026",
            "\u2026",
            "\u2026",
            "\u2026",
            "\u2026",
            "\u2026"
        ],
        "labels": [
            "B",
            "I",
            "O",
            "O",
            "O",
            "O",
            "O",
            "O",
            "O",
            "O",
            "O",
            "O",
            "O",
            "O",
            "O",
            "O",
            "O",
            "O",
            "O",
            "O",
            "O",
            "O",
            "O",
            "O",
            "O",
            "O",
            "O",
            "O",
            "O",
            "O",
            "O",
            "O",
            "O",
            "B",
            "I",
            "O",
            "O",
            "O",
            "O",
            "O",
            "O",
            "O",
            "O",
            "O",
            "O",
            "O",
            "O",
            "O",
            "O",
            "O",
            "O",
            "O",
            "O",
            "B",
            "I",
            "O",
            "O",
            "O",
            "O",
            "O",
            "O",
            "O",
            "B",
            "O",
            "O",
            "O",
            "O",
            "O",
            "O",
            "O",
            "O",
            "O",
            "O",
            "O",
            "O",
            "O",
            "O",
            "O",
            "O",
            "O",
            "O",
            "O",
            "O",
            "O",
            "O",
            "O",
            "B",
            "O",
            "O",
            "O",
            "O",
            "B",
            "O",
            "O",
            "O",
            "O",
            "B",
            "O",
            "O",
            "O",
            "O",
            "O",
            "O",
            "O",
            "O",
            "O",
            "O",
            "O",
            "O",
            "O",
            "O",
            "O",
            "O",
            "O",
            "O"
        ]
    },
    {
        "words": [
            "Many",
            "areas",
            "of",
            "computer",
            "science",
            "rely",
            "on",
            "the",
            "ability",
            "to",
            "generate",
            "pseudorandom",
            "numbers",
            "Coding",
            "algorithms",
            "Hardware",
            ",",
            "software",
            ",",
            "and",
            "network",
            "simulation",
            "Security",
            "Network",
            "protocols"
        ],
        "labels": [
            "O",
            "O",
            "O",
            "O",
            "O",
            "O",
            "O",
            "O",
            "O",
            "O",
            "O",
            "B",
            "I",
            "B",
            "I",
            "O",
            "O",
            "O",
            "O",
            "O",
            "O",
            "B",
            "B",
            "B",
            "I"
        ]
    },
    {
        "words": [
            "Congruencies",
            "can",
            "be",
            "used",
            "to",
            "generate",
            "pseudorandom",
            "sequences",
            "Step",
            "1",
            ":",
            "Choose",
            "\n",
            "l",
            "A",
            "modulus",
            "m",
            "Step",
            "2",
            ":",
            "Apply",
            "the",
            "following",
            "\n",
            "l",
            "xn+1",
            "=",
            "(",
            "axn",
            "+",
            "c",
            ")",
            "mod",
            "m",
            "l",
            "A",
            "multiplier",
            "a",
            "l",
            "An",
            "increment",
            "c",
            "l",
            "A",
            "seed",
            "x0",
            "Example",
            ":",
            "m",
            "=",
            "9",
            ",",
            "a",
            "=",
            "7",
            ",",
            "c",
            "=",
            "4",
            ",",
            "x0",
            "=",
            "3",
            "l",
            "x1",
            "=",
            "7x0",
            "+",
            "4",
            "mod",
            "9",
            "=",
            "7\u00d73",
            "+",
            "4",
            "mod",
            "9",
            "=",
            "25",
            "mod",
            "9",
            "=",
            "7",
            "l",
            "x2",
            "=",
            "7x1",
            "+",
            "4",
            "mod",
            "9",
            "=",
            "7\u00d77",
            "+",
            "4",
            "mod",
            "9",
            "=",
            "53",
            "mod",
            "9",
            "=",
            "8",
            "l",
            "x3",
            "=",
            "7x2",
            "+",
            "4",
            "mod",
            "9",
            "=",
            "7\u00d78",
            "+",
            "4",
            "mod",
            "9",
            "=",
            "60",
            "mod",
            "9",
            "=",
            "6",
            "l",
            "x4",
            "=",
            "7x3",
            "+",
            "4",
            "mod",
            "9",
            "=",
            "7\u00d76",
            "+",
            "4",
            "mod",
            "9",
            "=",
            "46",
            "mod",
            "9",
            "=",
            "1",
            "l",
            "x5",
            "=",
            "7x4",
            "+",
            "4",
            "mod",
            "9",
            "=",
            "7\u00d71",
            "+",
            "4",
            "mod",
            "9",
            "=",
            "11",
            "mod",
            "9",
            "=",
            "2",
            "l",
            "\u2026"
        ],
        "labels": [
            "B",
            "O",
            "O",
            "O",
            "O",
            "O",
            "B",
            "I",
            "O",
            "O",
            "O",
            "O",
            "O",
            "O",
            "O",
            "O",
            "O",
            "O",
            "O",
            "O",
            "O",
            "O",
            "O",
            "O",
            "O",
            "O",
            "O",
            "O",
            "O",
            "O",
            "O",
            "O",
            "B",
            "O",
            "O",
            "O",
            "O",
            "O",
            "O",
            "O",
            "O",
            "O",
            "O",
            "O",
            "O",
            "O",
            "O",
            "O",
            "O",
            "O",
            "O",
            "O",
            "O",
            "O",
            "O",
            "O",
            "O",
            "O",
            "O",
            "O",
            "O",
            "O",
            "O",
            "O",
            "O",
            "O",
            "O",
            "O",
            "O",
            "B",
            "O",
            "O",
            "O",
            "O",
            "O",
            "B",
            "O",
            "O",
            "O",
            "B",
            "O",
            "O",
            "O",
            "O",
            "O",
            "O",
            "O",
            "O",
            "O",
            "B",
            "O",
            "O",
            "O",
            "O",
            "O",
            "B",
            "O",
            "O",
            "O",
            "B",
            "O",
            "O",
            "O",
            "O",
            "O",
            "O",
            "O",
            "O",
            "O",
            "B",
            "O",
            "O",
            "O",
            "O",
            "O",
            "B",
            "O",
            "O",
            "O",
            "B",
            "O",
            "O",
            "O",
            "O",
            "O",
            "O",
            "O",
            "O",
            "O",
            "B",
            "O",
            "O",
            "O",
            "O",
            "O",
            "B",
            "O",
            "O",
            "O",
            "B",
            "O",
            "O",
            "O",
            "O",
            "O",
            "O",
            "O",
            "O",
            "O",
            "B",
            "O",
            "O",
            "O",
            "O",
            "O",
            "B",
            "O",
            "O",
            "O",
            "B",
            "O",
            "O",
            "O",
            "O",
            "O"
        ]
    },
    {
        "words": [
            "The",
            "field",
            "of",
            "cryptography",
            "makes",
            "heavy",
            "use",
            "of",
            "number",
            "theory",
            "and",
            "congruencies",
            "Cryptography",
            "is",
            "the",
            "study",
            "of",
            "secret",
            "messages",
            "Uses",
            "of",
            "cryptography",
            ":",
            "l",
            "Protecting",
            "medical",
            "records",
            "l",
            "Storing",
            "and",
            "transmitting",
            "military",
            "secrets",
            "l",
            "Secure",
            "web",
            "browsing",
            "l",
            "\u2026",
            "Congruencies",
            "are",
            "used",
            "in",
            "cryptosystems",
            "from",
            "antiquity",
            ",",
            "as",
            "well",
            "as",
            "in",
            "modern-day",
            "algorithms",
            "Since",
            "modern",
            "algorithms",
            "require",
            "quite",
            "a",
            "bit",
            "of",
            "background",
            "to",
            "discuss",
            ",",
            "we",
            "\u2019",
            "ll",
            "examine",
            "an",
            "ancient",
            "cryptosystem"
        ],
        "labels": [
            "O",
            "O",
            "O",
            "B",
            "O",
            "O",
            "O",
            "O",
            "B",
            "I",
            "O",
            "B",
            "B",
            "O",
            "O",
            "O",
            "O",
            "O",
            "O",
            "O",
            "O",
            "B",
            "O",
            "O",
            "O",
            "O",
            "O",
            "O",
            "O",
            "O",
            "O",
            "O",
            "O",
            "O",
            "O",
            "O",
            "O",
            "O",
            "O",
            "B",
            "O",
            "O",
            "O",
            "B",
            "O",
            "O",
            "O",
            "O",
            "O",
            "O",
            "O",
            "O",
            "B",
            "O",
            "O",
            "B",
            "O",
            "O",
            "O",
            "O",
            "O",
            "O",
            "O",
            "O",
            "O",
            "O",
            "O",
            "O",
            "O",
            "O",
            "O",
            "B"
        ]
    },
    {
        "words": [
            "The",
            "Caesar",
            "cipher",
            "is",
            "based",
            "on",
            "congruencies",
            "To",
            "encode",
            "a",
            "message",
            "using",
            "the",
            "Caesar",
            "cipher",
            ":",
            "l",
            "Choose",
            "a",
            "shift",
            "index",
            "s",
            "l",
            "Convert",
            "each",
            "letter",
            "A-Z",
            "into",
            "a",
            "number",
            "0-25",
            "l",
            "Compute",
            "f",
            "(",
            "p",
            ")",
            "=",
            "p",
            "+",
            "s",
            "mod",
            "26",
            "Example",
            ":",
            "Let",
            "s",
            "=",
            "9",
            ".",
            "Encode",
            "\u201c",
            "ATTACK",
            "\u201d",
            ".",
            "l",
            "ATTACK",
            "=",
            "0",
            "19",
            "19",
            "0",
            "2",
            "10",
            "l",
            "f",
            "(",
            "0",
            ")",
            "=",
            "9",
            ",",
            "f",
            "(",
            "19",
            ")",
            "=",
            "2",
            ",",
            "f",
            "(",
            "2",
            ")",
            "=",
            "11",
            ",",
            "f",
            "(",
            "10",
            ")",
            "=",
            "19",
            "l",
            "Encrypted",
            "message",
            ":",
            "9",
            "2",
            "2",
            "9",
            "11",
            "19",
            "=",
            "JCCJLT"
        ],
        "labels": [
            "O",
            "B",
            "I",
            "O",
            "O",
            "O",
            "B",
            "O",
            "O",
            "O",
            "O",
            "O",
            "O",
            "B",
            "I",
            "O",
            "O",
            "O",
            "O",
            "O",
            "O",
            "O",
            "O",
            "O",
            "O",
            "O",
            "O",
            "O",
            "O",
            "O",
            "O",
            "O",
            "O",
            "O",
            "O",
            "O",
            "O",
            "O",
            "O",
            "O",
            "O",
            "B",
            "O",
            "O",
            "O",
            "O",
            "O",
            "O",
            "O",
            "O",
            "O",
            "O",
            "O",
            "O",
            "O",
            "O",
            "O",
            "O",
            "O",
            "O",
            "O",
            "O",
            "O",
            "O",
            "O",
            "O",
            "O",
            "O",
            "O",
            "O",
            "O",
            "O",
            "O",
            "O",
            "O",
            "O",
            "O",
            "O",
            "O",
            "O",
            "O",
            "O",
            "O",
            "O",
            "O",
            "O",
            "O",
            "O",
            "O",
            "O",
            "O",
            "O",
            "O",
            "B",
            "I",
            "O",
            "O",
            "O",
            "O",
            "O",
            "O",
            "O",
            "O",
            "O"
        ]
    },
    {
        "words": [
            "Decryption",
            "involves",
            "using",
            "the",
            "inverse",
            "function",
            "That",
            "is",
            ",",
            "f-1",
            "(",
            "p",
            ")",
            "=",
            "p",
            "-",
            "s",
            "mod",
            "26",
            "Example",
            ":",
            "Assume",
            "that",
            "s",
            "=",
            "3",
            ".",
            "Decrypt",
            "the",
            "message",
            "\u201c",
            "UHWUHDW",
            "\u201d",
            ".",
            "l",
            "UHWUHDW",
            "=",
            "20",
            "7",
            "22",
            "20",
            "7",
            "3",
            "22",
            "l",
            "f-1",
            "(",
            "20",
            ")",
            "=",
            "17",
            ",",
            "f-1",
            "(",
            "7",
            ")",
            "=",
            "4",
            ",",
            "f-1",
            "(",
            "22",
            ")",
            "=",
            "19",
            ",",
            "f-1",
            "(",
            "3",
            ")",
            "=",
            "0",
            "l",
            "Decrypted",
            "result",
            ":",
            "17",
            "4",
            "19",
            "17",
            "4",
            "0",
            "19",
            "=",
            "RETREAT"
        ],
        "labels": [
            "B",
            "O",
            "O",
            "O",
            "B",
            "I",
            "O",
            "O",
            "O",
            "O",
            "O",
            "O",
            "O",
            "O",
            "O",
            "O",
            "O",
            "B",
            "O",
            "O",
            "O",
            "O",
            "O",
            "O",
            "O",
            "O",
            "O",
            "B",
            "O",
            "O",
            "O",
            "O",
            "O",
            "O",
            "O",
            "O",
            "O",
            "O",
            "O",
            "O",
            "O",
            "O",
            "O",
            "O",
            "O",
            "O",
            "O",
            "O",
            "O",
            "O",
            "O",
            "O",
            "O",
            "O",
            "O",
            "O",
            "O",
            "O",
            "O",
            "O",
            "O",
            "O",
            "O",
            "O",
            "O",
            "O",
            "O",
            "O",
            "O",
            "O",
            "O",
            "O",
            "O",
            "B",
            "O",
            "O",
            "O",
            "O",
            "O",
            "O",
            "O",
            "O",
            "O",
            "O",
            "O"
        ]
    },
    {
        "words": [
            "In-class",
            "exercises",
            "Problem",
            "4",
            "&",
            "5",
            ":",
            "On",
            "Top",
            "Hat"
        ],
        "labels": [
            "O",
            "O",
            "O",
            "O",
            "O",
            "O",
            "O",
            "O",
            "O",
            "O"
        ]
    },
    {
        "words": [
            "Final",
            "thoughts",
            "n",
            "Number",
            "theory",
            "is",
            "the",
            "study",
            "of",
            "integers",
            "and",
            "their",
            "properties",
            "n",
            "Divisibility",
            ",",
            "modular",
            "arithmetic",
            ",",
            "and",
            "congruency",
            "are",
            "used",
            "throughout",
            "computer",
            "science",
            "n",
            "Next",
            "time",
            ":",
            "l",
            "Prime",
            "numbers",
            ",",
            "GCDs",
            ",",
            "integer",
            "representation",
            "(",
            "Section",
            "4.2",
            "and",
            "4.3",
            ")"
        ],
        "labels": [
            "O",
            "O",
            "O",
            "B",
            "I",
            "O",
            "O",
            "O",
            "O",
            "B",
            "O",
            "O",
            "O",
            "O",
            "B",
            "O",
            "B",
            "I",
            "O",
            "O",
            "B",
            "O",
            "O",
            "O",
            "O",
            "O",
            "O",
            "O",
            "O",
            "O",
            "O",
            "B",
            "I",
            "O",
            "B",
            "O",
            "B",
            "I",
            "O",
            "O",
            "O",
            "O",
            "O",
            "O"
        ]
    }
]