[
    {
        "words": [
            "Processor",
            "Pipelining",
            "CS",
            "1541",
            "Wonsun",
            "Ahn"
        ],
        "labels": [
            "B",
            "I",
            "O",
            "O",
            "O",
            "O"
        ]
    },
    {
        "words": [
            "Pipelining",
            "Basics",
            "2"
        ],
        "labels": [
            "B",
            "I",
            "O"
        ]
    },
    {
        "words": [
            "Improving",
            "Washer",
            "/",
            "Dryer",
            "/",
            "Closet",
            "Utilization",
            "\u25cf",
            "If",
            "you",
            "work",
            "on",
            "loads",
            "of",
            "laundry",
            "one",
            "by",
            "one",
            ",",
            "you",
            "only",
            "get",
            "~33",
            "%",
            "utilization",
            "\u25cf",
            "If",
            "you",
            "form",
            "an",
            "\u201c",
            "assembly",
            "line",
            "\u201d",
            ",",
            "you",
            "achieve",
            "~100",
            "%",
            "utilization",
            "!",
            "3"
        ],
        "labels": [
            "O",
            "O",
            "O",
            "O",
            "O",
            "O",
            "O",
            "O",
            "O",
            "O",
            "O",
            "O",
            "O",
            "O",
            "O",
            "O",
            "O",
            "O",
            "O",
            "O",
            "O",
            "O",
            "O",
            "O",
            "O",
            "O",
            "O",
            "O",
            "O",
            "O",
            "O",
            "O",
            "O",
            "O",
            "O",
            "O",
            "O",
            "O",
            "O",
            "O",
            "O",
            "O"
        ]
    },
    {
        "words": [
            "Multi-cycle",
            "instruction",
            "execution",
            "\u25cf",
            "Let",
            "'s",
            "watch",
            "how",
            "an",
            "instruction",
            "flows",
            "through",
            "the",
            "datapath",
            ".",
            "Clock",
            "!",
            "Clock",
            "!",
            "Clock",
            "!",
            "IF",
            "ID",
            "EX",
            "MEM",
            "Set",
            "all",
            "control",
            "signals",
            "...",
            "Add",
            "...",
            "add",
            "Ins",
            ".",
            "Decoder",
            "Register",
            "Memory",
            "Memory",
            "File",
            "ALU",
            "Clock",
            "!",
            "Data",
            "flows",
            "back",
            "to",
            "registers",
            "...",
            "WB",
            "4"
        ],
        "labels": [
            "B",
            "I",
            "I",
            "O",
            "O",
            "O",
            "O",
            "O",
            "O",
            "O",
            "O",
            "O",
            "O",
            "O",
            "O",
            "O",
            "O",
            "O",
            "O",
            "O",
            "O",
            "O",
            "O",
            "O",
            "O",
            "O",
            "O",
            "O",
            "O",
            "O",
            "O",
            "O",
            "O",
            "O",
            "O",
            "O",
            "O",
            "O",
            "O",
            "O",
            "O",
            "O",
            "O",
            "O",
            "O",
            "O",
            "O",
            "O",
            "O",
            "O",
            "O"
        ]
    },
    {
        "words": [
            "Pipelined",
            "instruction",
            "execution",
            "\u25cf",
            "Pipelining",
            "allows",
            "one",
            "instruction",
            "to",
            "be",
            "fetched",
            "each",
            "cycle",
            "!",
            "IF",
            "ID",
            "EX",
            "MEM",
            "add",
            "sub",
            "sw",
            "Ins",
            ".",
            "Decoder",
            "Register",
            "Memory",
            "Memory",
            "File",
            "ALU",
            "WB",
            "5"
        ],
        "labels": [
            "B",
            "I",
            "I",
            "O",
            "O",
            "O",
            "O",
            "O",
            "O",
            "O",
            "O",
            "O",
            "O",
            "O",
            "O",
            "O",
            "O",
            "O",
            "O",
            "O",
            "O",
            "O",
            "O",
            "O",
            "O",
            "O",
            "O",
            "O",
            "O",
            "O",
            "O"
        ]
    },
    {
        "words": [
            "Pipelining",
            "Timeline",
            "\u25cf",
            "This",
            "type",
            "of",
            "parallelism",
            "is",
            "called",
            "pipelined",
            "parallelism",
            ".",
            "Cycle",
            "1",
            "2",
            "3",
            "4",
            "5",
            "6",
            "7",
            "8",
            "add",
            "t0",
            ",",
            "t1",
            ",",
            "t2",
            "IF",
            "ID",
            "EX",
            "MEM",
            "WB",
            "add",
            "t3",
            ",",
            "t4",
            ",",
            "t5",
            "IF",
            "ID",
            "EX",
            "MEM",
            "WB",
            "add",
            "s0",
            ",",
            "s1",
            ",",
            "s2",
            "IF",
            "ID",
            "EX",
            "MEM",
            "WB",
            "add",
            "s3",
            ",",
            "s4",
            ",",
            "s5",
            "IF",
            "ID",
            "EX",
            "MEM",
            "WB",
            "6"
        ],
        "labels": [
            "B",
            "I",
            "O",
            "O",
            "O",
            "O",
            "O",
            "O",
            "O",
            "O",
            "O",
            "O",
            "O",
            "O",
            "O",
            "O",
            "O",
            "O",
            "O",
            "O",
            "O",
            "O",
            "O",
            "O",
            "O",
            "O",
            "O",
            "O",
            "O",
            "O",
            "O",
            "O",
            "O",
            "O",
            "O",
            "O",
            "O",
            "O",
            "O",
            "O",
            "O",
            "O",
            "O",
            "O",
            "O",
            "O",
            "O",
            "O",
            "O",
            "O",
            "O",
            "O",
            "O",
            "O",
            "O",
            "O",
            "O",
            "O",
            "O",
            "O",
            "O",
            "O",
            "O",
            "O",
            "O",
            "O"
        ]
    },
    {
        "words": [
            "A",
            "Pipelined",
            "Implementation",
            "is",
            "even",
            "Faster",
            "!",
            "\u25cf",
            "Again",
            "each",
            "instruction",
            "takes",
            "different",
            "number",
            "of",
            "cycles",
            "to",
            "complete",
            "o",
            "lw",
            "takes",
            "5",
            "cycles",
            ":",
            "IF/ID/EX/MEM/WB",
            "o",
            "add",
            "takes",
            "4",
            "cycles",
            ":",
            "IF/ID/EX/WB",
            "\u25cf",
            "If",
            "each",
            "stage",
            "takes",
            "1",
            "ns",
            "each",
            ":",
            "o",
            "lw",
            "takes",
            "5",
            "ns",
            "and",
            "add",
            "takes",
            "4",
            "ns",
            "Q",
            ")",
            "The",
            "average",
            "instruction",
            "execution",
            "time",
            "(",
            "given",
            "100",
            "instructions",
            ")",
            "?",
            "A",
            ")",
            "(",
            "99",
            "ns",
            "+",
            "5",
            "ns",
            ")",
            "/",
            "100",
            "=",
            "1.04",
            "ns",
            "o",
            "Assuming",
            "last",
            "instruction",
            "is",
            "a",
            "lw",
            "(",
            "a",
            "5-cycle",
            "instruction",
            ")",
            "o",
            "A",
            "~5X",
            "speed",
            "up",
            "from",
            "single",
            "cycle",
            "!",
            "7"
        ],
        "labels": [
            "B",
            "I",
            "I",
            "I",
            "I",
            "I",
            "O",
            "O",
            "O",
            "O",
            "O",
            "O",
            "O",
            "O",
            "O",
            "O",
            "O",
            "O",
            "O",
            "O",
            "O",
            "O",
            "O",
            "O",
            "O",
            "O",
            "O",
            "O",
            "O",
            "O",
            "O",
            "O",
            "O",
            "O",
            "O",
            "O",
            "O",
            "O",
            "O",
            "O",
            "O",
            "O",
            "O",
            "O",
            "O",
            "O",
            "O",
            "O",
            "O",
            "O",
            "O",
            "O",
            "O",
            "O",
            "O",
            "O",
            "O",
            "O",
            "O",
            "O",
            "O",
            "O",
            "O",
            "O",
            "O",
            "O",
            "O",
            "O",
            "O",
            "O",
            "O",
            "O",
            "O",
            "O",
            "O",
            "O",
            "O",
            "O",
            "O",
            "O",
            "O",
            "O",
            "O",
            "O",
            "O",
            "O",
            "O",
            "O",
            "O",
            "O",
            "O",
            "O",
            "O",
            "O",
            "O",
            "O",
            "O",
            "O",
            "O",
            "O"
        ]
    },
    {
        "words": [
            "Pipelined",
            "vs.",
            "Multi-cycle",
            "vs.",
            "Single-cycle",
            "\u25cf",
            "What",
            "happened",
            "to",
            "the",
            "three",
            "components",
            "of",
            "performance",
            "?",
            "instructions",
            "cycles",
            "seconds",
            "program",
            "X",
            "X",
            "instruction",
            "cycle",
            "Architecture",
            "Instructions",
            "CPI",
            "Cycle",
            "Time",
            "(",
            "1/F",
            ")",
            "Single-cycle",
            "Same",
            "1",
            "5",
            "ns",
            "Multi-cycle",
            "Same",
            "4~5",
            "1",
            "ns",
            "Pipelined",
            "Same",
            "1",
            "1",
            "ns",
            "\u25cf",
            "Compared",
            "to",
            "single-cycle",
            ",",
            "pipelining",
            "improves",
            "clock",
            "cycle",
            "time",
            "o",
            "Or",
            "in",
            "other",
            "words",
            "CPU",
            "clock",
            "frequency",
            "o",
            "The",
            "deeper",
            "the",
            "pipeline",
            ",",
            "the",
            "higher",
            "the",
            "frequency",
            "will",
            "be",
            "*",
            "Caveat",
            ":",
            "latch",
            "delay",
            "and",
            "unbalanced",
            "stages",
            "can",
            "increase",
            "cycle",
            "time",
            "8"
        ],
        "labels": [
            "B",
            "I",
            "I",
            "I",
            "I",
            "O",
            "O",
            "O",
            "O",
            "O",
            "O",
            "O",
            "O",
            "O",
            "O",
            "O",
            "O",
            "O",
            "O",
            "O",
            "O",
            "O",
            "O",
            "O",
            "O",
            "O",
            "O",
            "O",
            "O",
            "O",
            "O",
            "O",
            "O",
            "O",
            "O",
            "O",
            "O",
            "O",
            "O",
            "O",
            "O",
            "O",
            "O",
            "O",
            "O",
            "O",
            "O",
            "O",
            "O",
            "O",
            "O",
            "O",
            "O",
            "O",
            "O",
            "O",
            "O",
            "O",
            "O",
            "O",
            "O",
            "O",
            "O",
            "O",
            "O",
            "O",
            "O",
            "O",
            "O",
            "O",
            "O",
            "O",
            "O",
            "O",
            "O",
            "O",
            "O",
            "O",
            "O",
            "O",
            "O",
            "O",
            "O",
            "O",
            "O",
            "O",
            "O",
            "O",
            "O"
        ]
    },
    {
        "words": [
            "How",
            "about",
            "the",
            "control",
            "signals",
            "?",
            "\u25cf",
            "A",
            "new",
            "instruction",
            "is",
            "decoded",
            "at",
            "every",
            "cycle",
            "!",
            "\u25cf",
            "Control",
            "signals",
            "must",
            "be",
            "passed",
            "along",
            "with",
            "the",
            "data",
            "at",
            "each",
            "stage",
            "EX/MEM/WB",
            "MEM/WB",
            "WB",
            "IF",
            "ID",
            "EX",
            "MEM",
            "Ins",
            ".",
            "Decoder",
            "Register",
            "Memory",
            "Memory",
            "File",
            "ALU",
            "WB",
            "9"
        ],
        "labels": [
            "B",
            "I",
            "I",
            "I",
            "I",
            "I",
            "O",
            "O",
            "O",
            "O",
            "O",
            "O",
            "O",
            "O",
            "O",
            "O",
            "O",
            "O",
            "O",
            "O",
            "O",
            "O",
            "O",
            "O",
            "O",
            "O",
            "O",
            "O",
            "O",
            "O",
            "O",
            "O",
            "O",
            "O",
            "O",
            "O",
            "O",
            "O",
            "O",
            "O",
            "O",
            "O",
            "O",
            "O",
            "O",
            "O"
        ]
    },
    {
        "words": [
            "Pipeline",
            "Hazards",
            "10"
        ],
        "labels": [
            "B",
            "I",
            "O"
        ]
    },
    {
        "words": [
            "Pipeline",
            "Hazards",
            "\u25cf",
            "For",
            "pipelined",
            "CPUs",
            ",",
            "we",
            "said",
            "CPI",
            "is",
            "practically",
            "1",
            "o",
            "But",
            "that",
            "depends",
            "entirely",
            "on",
            "having",
            "the",
            "pipeline",
            "filled",
            "o",
            "In",
            "real",
            "life",
            ",",
            "there",
            "are",
            "hazards",
            "that",
            "prevent",
            "100",
            "%",
            "utilization",
            "\u25cf",
            "Pipeline",
            "Hazard",
            "o",
            "When",
            "the",
            "next",
            "instruction",
            "can",
            "not",
            "execute",
            "in",
            "the",
            "following",
            "cycle",
            "o",
            "Hazards",
            "introduce",
            "bubbles",
            "(",
            "delays",
            ")",
            "into",
            "the",
            "pipeline",
            "timeline",
            "\u25cf",
            "Architects",
            "have",
            "some",
            "tricks",
            "up",
            "their",
            "sleeves",
            "to",
            "avoid",
            "hazards",
            "\u25cf",
            "But",
            "first",
            "let",
            "\u2019",
            "s",
            "briefly",
            "talk",
            "about",
            "the",
            "three",
            "types",
            "of",
            "hazards",
            ":",
            "Structural",
            "hazard",
            ",",
            "Data",
            "hazard",
            ",",
            "Control",
            "Hazard",
            "11"
        ],
        "labels": [
            "B",
            "I",
            "O",
            "O",
            "O",
            "O",
            "O",
            "O",
            "O",
            "O",
            "O",
            "O",
            "O",
            "O",
            "O",
            "O",
            "O",
            "O",
            "O",
            "O",
            "O",
            "O",
            "O",
            "O",
            "O",
            "O",
            "O",
            "O",
            "O",
            "O",
            "O",
            "O",
            "O",
            "O",
            "O",
            "O",
            "O",
            "O",
            "O",
            "O",
            "O",
            "O",
            "O",
            "O",
            "O",
            "O",
            "O",
            "O",
            "O",
            "O",
            "O",
            "O",
            "O",
            "O",
            "O",
            "O",
            "O",
            "O",
            "O",
            "O",
            "O",
            "O",
            "O",
            "O",
            "O",
            "O",
            "O",
            "O",
            "O",
            "O",
            "O",
            "O",
            "O",
            "O",
            "O",
            "O",
            "O",
            "O",
            "O",
            "O",
            "O",
            "O",
            "O",
            "O",
            "O",
            "O",
            "O",
            "O",
            "O",
            "O",
            "O",
            "O",
            "O",
            "O",
            "O",
            "O",
            "O"
        ]
    },
    {
        "words": [
            "Structural",
            "Hazards",
            "\u25cf",
            "Two",
            "instructions",
            "need",
            "to",
            "use",
            "the",
            "same",
            "hardware",
            "at",
            "the",
            "same",
            "time",
            ".",
            "Cycle",
            "1",
            "2",
            "3",
            "4",
            "5",
            "6",
            "7",
            "8",
            "lw",
            "t0,0",
            "(",
            "$",
            "0",
            ")",
            "IF",
            "ID",
            "EX",
            "MEM",
            "WB",
            "lw",
            "t1,4",
            "(",
            "$",
            "0",
            ")",
            "IF",
            "ID",
            "EX",
            "MEM",
            "WB",
            "lw",
            "t2,8",
            "(",
            "$",
            "0",
            ")",
            "IF",
            "ID",
            "EX",
            "MEM",
            "WB",
            "lw",
            "t3,12",
            "(",
            "$",
            "0",
            ")",
            "IF",
            "ID",
            "EX",
            "MEM",
            "WB",
            "12"
        ],
        "labels": [
            "B",
            "I",
            "O",
            "O",
            "O",
            "O",
            "O",
            "O",
            "O",
            "O",
            "O",
            "O",
            "O",
            "O",
            "O",
            "O",
            "O",
            "O",
            "O",
            "O",
            "O",
            "O",
            "O",
            "O",
            "O",
            "O",
            "O",
            "O",
            "O",
            "O",
            "O",
            "O",
            "O",
            "O",
            "O",
            "O",
            "O",
            "O",
            "O",
            "O",
            "O",
            "O",
            "O",
            "O",
            "O",
            "O",
            "O",
            "O",
            "O",
            "O",
            "O",
            "O",
            "O",
            "O",
            "O",
            "O",
            "O",
            "O",
            "O",
            "O",
            "O",
            "O",
            "O",
            "O",
            "O",
            "O",
            "O",
            "O",
            "O",
            "O"
        ]
    },
    {
        "words": [
            "Data",
            "Hazards",
            "\u25cf",
            "An",
            "instruction",
            "depends",
            "on",
            "the",
            "output",
            "of",
            "a",
            "previous",
            "one",
            ".",
            "Cycle",
            "1",
            "2",
            "3",
            "4",
            "5",
            "6",
            "7",
            "8",
            "add",
            "t0",
            ",",
            "t1",
            ",",
            "t2",
            "IF",
            "ID",
            "EX",
            "MEM",
            "WB",
            "sub",
            "s0",
            ",",
            "t0",
            ",",
            "t1",
            "IF",
            "ID",
            "EX",
            "MEM",
            "WB",
            "\u25cf",
            "sub",
            "must",
            "wait",
            "until",
            "add",
            "'s",
            "WB",
            "phase",
            "is",
            "over",
            "before",
            "doing",
            "its",
            "ID",
            "phase",
            "add",
            "t0",
            ",",
            "t1",
            ",",
            "t2",
            "IF",
            "ID",
            "EX",
            "MEM",
            "WB",
            "sub",
            "s0",
            ",",
            "t0",
            ",",
            "t1",
            "IF",
            "bubble",
            "bubble",
            "bubble",
            "ID",
            "EX",
            "MEM",
            "13"
        ],
        "labels": [
            "B",
            "I",
            "O",
            "O",
            "O",
            "O",
            "O",
            "O",
            "O",
            "O",
            "O",
            "O",
            "O",
            "O",
            "O",
            "O",
            "O",
            "O",
            "O",
            "O",
            "O",
            "O",
            "O",
            "O",
            "O",
            "O",
            "O",
            "O",
            "O",
            "O",
            "O",
            "O",
            "O",
            "O",
            "O",
            "O",
            "O",
            "O",
            "O",
            "O",
            "O",
            "O",
            "O",
            "O",
            "O",
            "O",
            "O",
            "O",
            "O",
            "O",
            "O",
            "O",
            "O",
            "O",
            "O",
            "O",
            "O",
            "O",
            "O",
            "O",
            "O",
            "O",
            "O",
            "O",
            "O",
            "O",
            "O",
            "O",
            "O",
            "O",
            "O",
            "O",
            "O",
            "O",
            "O",
            "O",
            "O",
            "O",
            "O",
            "O",
            "O",
            "O",
            "O",
            "O",
            "O",
            "O"
        ]
    },
    {
        "words": [
            "Control",
            "Hazards",
            "\u25cf",
            "You",
            "do",
            "n't",
            "know",
            "the",
            "outcome",
            "of",
            "a",
            "conditional",
            "branch",
            ".",
            "Cycle",
            "1",
            "2",
            "3",
            "4",
            "5",
            "6",
            "7",
            "8",
            "beq",
            "t0",
            ",",
            "$",
            "0",
            ",",
            "end",
            "IF",
            "ID",
            "EX",
            "MEM",
            "WB",
            "add",
            "t0",
            ",",
            "t1",
            ",",
            "t2",
            "IF",
            "ID",
            "EX",
            "MEM",
            "WB",
            "\u25cf",
            "add",
            "must",
            "wait",
            "until",
            "beq",
            "\u2019",
            "s",
            "EX",
            "phase",
            "is",
            "over",
            "before",
            "its",
            "IF",
            "phase",
            "beq",
            "t0",
            ",",
            "$",
            "0",
            ",",
            "end",
            "IF",
            "ID",
            "EX",
            "MEM",
            "WB",
            "add",
            "t0",
            ",",
            "t1",
            ",",
            "t2",
            "bubble",
            "bubble",
            "IF",
            "ID",
            "EX",
            "WB",
            "14"
        ],
        "labels": [
            "B",
            "I",
            "O",
            "O",
            "O",
            "O",
            "O",
            "O",
            "O",
            "O",
            "O",
            "O",
            "O",
            "O",
            "O",
            "O",
            "O",
            "O",
            "O",
            "O",
            "O",
            "O",
            "O",
            "O",
            "O",
            "O",
            "O",
            "O",
            "O",
            "O",
            "O",
            "O",
            "O",
            "O",
            "O",
            "O",
            "O",
            "O",
            "O",
            "O",
            "O",
            "O",
            "O",
            "O",
            "O",
            "O",
            "O",
            "O",
            "O",
            "O",
            "O",
            "O",
            "O",
            "O",
            "O",
            "O",
            "O",
            "O",
            "O",
            "O",
            "O",
            "O",
            "O",
            "O",
            "O",
            "O",
            "O",
            "O",
            "O",
            "O",
            "O",
            "O",
            "O",
            "O",
            "O",
            "O",
            "O",
            "O",
            "O",
            "O",
            "O",
            "O",
            "O",
            "O",
            "O",
            "O",
            "O"
        ]
    },
    {
        "words": [
            "Dealing",
            "with",
            "Hazards",
            "\u25cf",
            "Pipeline",
            "must",
            "be",
            "controlled",
            "so",
            "that",
            "hazards",
            "don",
            "\u2019",
            "t",
            "cause",
            "malfunction",
            "\u25cf",
            "Who",
            "is",
            "in",
            "charge",
            "of",
            "that",
            "?",
            "You",
            "have",
            "a",
            "choice",
            ".",
            "1",
            ".",
            "Compiler",
            "can",
            "avoid",
            "hazards",
            "by",
            "inserting",
            "nops",
            "\u00a7",
            "Insert",
            "a",
            "nop",
            "where",
            "compiler",
            "thinks",
            "a",
            "hazard",
            "would",
            "happen",
            "2",
            ".",
            "CPU",
            "can",
            "internally",
            "avoid",
            "hazards",
            "using",
            "a",
            "hazard",
            "detection",
            "unit",
            "\u00a7",
            "If",
            "structural/data",
            "hazard",
            ",",
            "pipeline",
            "stalled",
            "until",
            "resolved",
            "\u00a7",
            "If",
            "control",
            "hazard",
            ",",
            "pipeline",
            "flushed",
            "of",
            "wrong",
            "path",
            "instructions",
            "15"
        ],
        "labels": [
            "B",
            "I",
            "I",
            "O",
            "O",
            "O",
            "O",
            "O",
            "O",
            "O",
            "O",
            "O",
            "O",
            "O",
            "O",
            "O",
            "O",
            "O",
            "O",
            "O",
            "O",
            "O",
            "O",
            "O",
            "O",
            "O",
            "O",
            "O",
            "O",
            "O",
            "O",
            "O",
            "O",
            "O",
            "O",
            "O",
            "O",
            "O",
            "O",
            "O",
            "O",
            "O",
            "O",
            "O",
            "O",
            "O",
            "O",
            "O",
            "O",
            "O",
            "O",
            "O",
            "O",
            "O",
            "O",
            "O",
            "O",
            "O",
            "O",
            "O",
            "O",
            "O",
            "O",
            "O",
            "O",
            "O",
            "O",
            "O",
            "O",
            "O",
            "O",
            "O",
            "O",
            "O",
            "O",
            "O",
            "O",
            "O",
            "O",
            "O",
            "O",
            "O"
        ]
    },
    {
        "words": [
            "Compiler",
            "avoiding",
            "a",
            "data",
            "hazard",
            "\u25cf",
            "The",
            "nops",
            "flow",
            "through",
            "the",
            "pipeline",
            "not",
            "doing",
            "any",
            "work",
            "Cycle",
            "1",
            "2",
            "3",
            "4",
            "5",
            "6",
            "7",
            "8",
            "add",
            "t0",
            ",",
            "t1",
            ",",
            "t2",
            "IF",
            "ID",
            "EX",
            "MEM",
            "WB",
            "nop",
            "bubble",
            "bubble",
            "bubble",
            "bubble",
            "bubble",
            "nop",
            "bubble",
            "bubble",
            "bubble",
            "bubble",
            "bubble",
            "nop",
            "bubble",
            "bubble",
            "bubble",
            "bubble",
            "bubble",
            "sub",
            "s0",
            ",",
            "t0",
            ",",
            "t1",
            "IF",
            "ID",
            "EX",
            "MEM",
            "16"
        ],
        "labels": [
            "B",
            "I",
            "I",
            "I",
            "I",
            "O",
            "O",
            "O",
            "O",
            "O",
            "O",
            "O",
            "O",
            "O",
            "O",
            "O",
            "O",
            "O",
            "O",
            "O",
            "O",
            "O",
            "O",
            "O",
            "O",
            "O",
            "O",
            "O",
            "O",
            "O",
            "O",
            "O",
            "O",
            "O",
            "O",
            "O",
            "O",
            "O",
            "O",
            "O",
            "O",
            "O",
            "O",
            "O",
            "O",
            "O",
            "O",
            "O",
            "O",
            "O",
            "O",
            "O",
            "O",
            "O",
            "O",
            "O",
            "O",
            "O",
            "O",
            "O",
            "O",
            "O",
            "O",
            "O",
            "O"
        ]
    },
    {
        "words": [
            "Compiler",
            "avoiding",
            "a",
            "control",
            "hazard",
            "\u25cf",
            "The",
            "nops",
            "give",
            "time",
            "for",
            "condition",
            "to",
            "resolve",
            "before",
            "instruction",
            "fetch",
            "Cycle",
            "1",
            "2",
            "3",
            "4",
            "5",
            "6",
            "7",
            "8",
            "beq",
            "t0",
            ",",
            "$",
            "0",
            ",",
            "end",
            "IF",
            "ID",
            "EX",
            "MEM",
            "WB",
            "nop",
            "bubble",
            "bubble",
            "bubble",
            "bubble",
            "bubble",
            "nop",
            "bubble",
            "bubble",
            "bubble",
            "bubble",
            "bubble",
            "add",
            "t0",
            ",",
            "t1",
            ",",
            "t2",
            "IF",
            "ID",
            "EX",
            "MEM",
            "WB",
            "17"
        ],
        "labels": [
            "B",
            "I",
            "I",
            "I",
            "I",
            "O",
            "O",
            "O",
            "O",
            "O",
            "O",
            "O",
            "O",
            "O",
            "O",
            "O",
            "O",
            "O",
            "O",
            "O",
            "O",
            "O",
            "O",
            "O",
            "O",
            "O",
            "O",
            "O",
            "O",
            "O",
            "O",
            "O",
            "O",
            "O",
            "O",
            "O",
            "O",
            "O",
            "O",
            "O",
            "O",
            "O",
            "O",
            "O",
            "O",
            "O",
            "O",
            "O",
            "O",
            "O",
            "O",
            "O",
            "O",
            "O",
            "O",
            "O",
            "O",
            "O",
            "O",
            "O",
            "O",
            "O"
        ]
    },
    {
        "words": [
            "Hazard",
            "Detection",
            "Unit",
            "Creates",
            "bubbles",
            "by",
            "zeroing",
            "all",
            "control",
            "signals",
            ",",
            "thereby",
            "creating",
            "a",
            "nop",
            "instruction",
            "Freezes",
            "IF",
            "and",
            "ID",
            "until",
            "hazard",
            "is",
            "resolved",
            "18"
        ],
        "labels": [
            "B",
            "I",
            "I",
            "O",
            "O",
            "O",
            "O",
            "O",
            "O",
            "O",
            "O",
            "O",
            "O",
            "O",
            "O",
            "O",
            "O",
            "O",
            "O",
            "O",
            "O",
            "O",
            "O",
            "O",
            "O"
        ]
    },
    {
        "words": [
            "Hazard",
            "Detection",
            "Unit",
            "avoiding",
            "a",
            "data",
            "hazard",
            "\u25cf",
            "Suppose",
            "we",
            "have",
            "an",
            "add",
            "that",
            "depends",
            "on",
            "an",
            "lw",
            ".",
            "IF",
            "ID",
            "EX",
            "MEM",
            "sub",
            "add",
            "lw",
            "Ins",
            ".",
            "Decoder",
            "WAIT",
            "!",
            "Register",
            "Memory",
            "Memory",
            "File",
            "ALU",
            "WB",
            "19"
        ],
        "labels": [
            "B",
            "I",
            "I",
            "I",
            "I",
            "I",
            "I",
            "O",
            "O",
            "O",
            "O",
            "O",
            "O",
            "O",
            "O",
            "O",
            "O",
            "O",
            "O",
            "O",
            "O",
            "O",
            "O",
            "O",
            "O",
            "O",
            "O",
            "O",
            "O",
            "O",
            "O",
            "O",
            "O",
            "O",
            "O",
            "O",
            "O",
            "O"
        ]
    },
    {
        "words": [
            "Structural",
            "/",
            "Data",
            "Hazards",
            "cause",
            "stalls",
            "\u25cf",
            "If",
            "HDU",
            "detects",
            "a",
            "structural",
            "or",
            "data",
            "hazard",
            ",",
            "it",
            "does",
            "the",
            "following",
            ":",
            "o",
            "It",
            "stops",
            "fetching",
            "instructions",
            "(",
            "does",
            "n't",
            "update",
            "the",
            "PC",
            ")",
            ".",
            "o",
            "It",
            "stops",
            "clocking",
            "the",
            "pipeline",
            "registers",
            "for",
            "the",
            "stalled",
            "stages",
            ".",
            "o",
            "The",
            "stages",
            "after",
            "the",
            "stalled",
            "instructions",
            "are",
            "filled",
            "with",
            "nops",
            ".",
            "\u00a7",
            "Change",
            "control",
            "signals",
            "to",
            "0",
            "using",
            "the",
            "mux",
            "!",
            "o",
            "In",
            "this",
            "way",
            ",",
            "all",
            "following",
            "instructions",
            "will",
            "be",
            "stalled",
            "\u25cf",
            "When",
            "structural",
            "or",
            "data",
            "hazard",
            "is",
            "resolved",
            "o",
            "HDU",
            "resumes",
            "instruction",
            "fetching",
            "and",
            "clocking",
            "of",
            "stalled",
            "stages",
            "\u25cf",
            "But",
            "what",
            "about",
            "control",
            "hazards",
            "?",
            "o",
            "Instructions",
            "in",
            "wrong",
            "path",
            "are",
            "already",
            "in",
            "pipeline",
            "!",
            "o",
            "Need",
            "to",
            "flush",
            "these",
            "instructions",
            "20"
        ],
        "labels": [
            "B",
            "I",
            "B",
            "I",
            "O",
            "O",
            "O",
            "O",
            "O",
            "O",
            "O",
            "O",
            "O",
            "O",
            "O",
            "O",
            "O",
            "O",
            "O",
            "O",
            "O",
            "O",
            "O",
            "O",
            "O",
            "O",
            "O",
            "O",
            "O",
            "O",
            "O",
            "O",
            "O",
            "O",
            "O",
            "O",
            "O",
            "O",
            "O",
            "O",
            "O",
            "O",
            "O",
            "O",
            "O",
            "O",
            "O",
            "O",
            "O",
            "O",
            "O",
            "O",
            "O",
            "O",
            "O",
            "O",
            "O",
            "O",
            "O",
            "O",
            "O",
            "O",
            "O",
            "O",
            "O",
            "O",
            "O",
            "O",
            "O",
            "O",
            "O",
            "O",
            "O",
            "O",
            "O",
            "O",
            "O",
            "O",
            "O",
            "O",
            "O",
            "O",
            "O",
            "O",
            "O",
            "O",
            "O",
            "O",
            "O",
            "O",
            "O",
            "O",
            "O",
            "O",
            "O",
            "O",
            "O",
            "O",
            "O",
            "O",
            "O",
            "O",
            "O",
            "O",
            "O",
            "O",
            "O",
            "O",
            "O",
            "O",
            "O",
            "O",
            "O",
            "O",
            "O",
            "O",
            "O",
            "O",
            "O",
            "O",
            "O"
        ]
    },
    {
        "words": [
            "Control",
            "Hazard",
            "Example",
            "\u25cf",
            "Supposed",
            "we",
            "had",
            "this",
            "for",
            "loop",
            "followed",
            "by",
            "printf",
            "(",
            "\u201c",
            "done",
            "\u201d",
            ")",
            ":",
            "for",
            "(",
            "s0",
            "=",
            "0",
            "..",
            "10",
            ")",
            "li",
            "s0",
            ",",
            "0",
            "print",
            "(",
            "s0",
            ")",
            ";",
            "top",
            ":",
            "move",
            "a0",
            ",",
            "s0",
            "printf",
            "(",
            "``",
            "done",
            "''",
            ")",
            ";",
            "jal",
            "print",
            "addi",
            "s0",
            ",",
            "s0",
            ",",
            "1",
            "By",
            "the",
            "time",
            "s0",
            ",",
            "10",
            "blt",
            "s0",
            ",",
            "10",
            ",",
            "top",
            "are",
            "compared",
            "at",
            "blt",
            "EX",
            "stage",
            ",",
            "the",
            "CPU",
            "la",
            "a0",
            ",",
            "done_msg",
            "would",
            "have",
            "already",
            "jal",
            "printf",
            "fetched",
            "la",
            "and",
            "jal",
            "!",
            "21"
        ],
        "labels": [
            "B",
            "I",
            "I",
            "O",
            "O",
            "O",
            "O",
            "O",
            "O",
            "O",
            "O",
            "O",
            "O",
            "O",
            "O",
            "O",
            "O",
            "O",
            "O",
            "O",
            "O",
            "O",
            "O",
            "O",
            "O",
            "O",
            "O",
            "O",
            "O",
            "O",
            "O",
            "O",
            "O",
            "O",
            "O",
            "O",
            "O",
            "O",
            "O",
            "O",
            "O",
            "O",
            "O",
            "O",
            "O",
            "O",
            "O",
            "O",
            "O",
            "O",
            "O",
            "O",
            "O",
            "O",
            "O",
            "O",
            "O",
            "O",
            "O",
            "O",
            "O",
            "O",
            "O",
            "O",
            "O",
            "O",
            "O",
            "O",
            "O",
            "O",
            "O",
            "O",
            "O",
            "O",
            "O",
            "O",
            "O",
            "O",
            "O",
            "O",
            "O",
            "O",
            "O",
            "O",
            "O",
            "O",
            "O",
            "O",
            "O",
            "O",
            "O",
            "O",
            "O"
        ]
    },
    {
        "words": [
            "What",
            "'s",
            "a",
            "flush",
            "?",
            "\u25cf",
            "A",
            "pipeline",
            "flush",
            "removes",
            "all",
            "wrong",
            "path",
            "instructions",
            "from",
            "pipeline",
            "Time",
            "0",
            "1",
            "2",
            "3",
            "4",
            "5",
            "6",
            "7",
            "blt",
            "s0,10",
            ",",
            "top",
            "IF",
            "ID",
            "EX",
            "MEM",
            "WB",
            "la",
            "a0",
            ",",
            "done_msg",
            "IF",
            "ID",
            "P",
            "OW",
            "BO",
            "jal",
            "printf",
            "IF",
            "OM",
            "s0",
            "<",
            "10",
            "...",
            "OOPS",
            "!",
            "move",
            "a0",
            ",",
            "s0",
            "IF",
            "ID",
            "EX",
            "MEM",
            "WB",
            "22"
        ],
        "labels": [
            "B",
            "I",
            "I",
            "I",
            "I",
            "O",
            "O",
            "O",
            "O",
            "O",
            "O",
            "O",
            "O",
            "O",
            "O",
            "O",
            "O",
            "O",
            "O",
            "O",
            "O",
            "O",
            "O",
            "O",
            "O",
            "O",
            "O",
            "O",
            "O",
            "O",
            "O",
            "O",
            "O",
            "O",
            "O",
            "O",
            "O",
            "O",
            "O",
            "O",
            "O",
            "O",
            "O",
            "O",
            "O",
            "O",
            "O",
            "O",
            "O",
            "O",
            "O",
            "O",
            "O",
            "O",
            "O",
            "O",
            "O",
            "O",
            "O",
            "O",
            "O",
            "O",
            "O"
        ]
    },
    {
        "words": [
            "Hazard",
            "Detection",
            "Unit",
            "avoiding",
            "a",
            "control",
            "hazard",
            "\u25cf",
            "Let",
            "'s",
            "watch",
            "the",
            "previous",
            "example",
            ".",
            "IF",
            "ID",
            "EX",
            "MEM",
            "move",
            "blt",
            "jal",
            "la",
            "nop",
            "nop",
            "Ins",
            ".",
            "Decoder",
            "Register",
            "Memory",
            "Memory",
            "File",
            "ALU",
            "WB",
            "23"
        ],
        "labels": [
            "B",
            "I",
            "I",
            "I",
            "I",
            "I",
            "I",
            "O",
            "O",
            "O",
            "O",
            "O",
            "O",
            "O",
            "O",
            "O",
            "O",
            "O",
            "O",
            "O",
            "O",
            "O",
            "O",
            "O",
            "O",
            "O",
            "O",
            "O",
            "O",
            "O",
            "O",
            "O",
            "O",
            "O",
            "O"
        ]
    },
    {
        "words": [
            "Control",
            "Hazards",
            "cause",
            "flushes",
            "\u25cf",
            "If",
            "a",
            "control",
            "hazard",
            "is",
            "detected",
            "due",
            "to",
            "a",
            "branch",
            "instruction",
            ":",
            "o",
            "Any",
            "``",
            "newer",
            "''",
            "instructions",
            "(",
            "those",
            "already",
            "in",
            "the",
            "pipeline",
            ")",
            "\u2192",
            "transformed",
            "into",
            "nops",
            ".",
            "o",
            "Any",
            "``",
            "older",
            "''",
            "instructions",
            "(",
            "those",
            "that",
            "came",
            "BEFORE",
            "the",
            "branch",
            ")",
            "\u2192",
            "left",
            "alone",
            "to",
            "finish",
            "executing",
            "as",
            "normal",
            ".",
            "24"
        ],
        "labels": [
            "B",
            "I",
            "I",
            "I",
            "O",
            "O",
            "O",
            "O",
            "O",
            "O",
            "O",
            "O",
            "O",
            "O",
            "O",
            "O",
            "O",
            "O",
            "O",
            "O",
            "O",
            "O",
            "O",
            "O",
            "O",
            "O",
            "O",
            "O",
            "O",
            "O",
            "O",
            "O",
            "O",
            "O",
            "O",
            "O",
            "O",
            "O",
            "O",
            "O",
            "O",
            "O",
            "O",
            "O",
            "O",
            "O",
            "O",
            "O",
            "O",
            "O",
            "O",
            "O",
            "O",
            "O",
            "O",
            "O",
            "O",
            "O",
            "O"
        ]
    },
    {
        "words": [
            "Performance",
            "penalty",
            "of",
            "pipeline",
            "stalls",
            "\u25cf",
            "Remember",
            "the",
            "three",
            "components",
            "of",
            "performance",
            ":",
            "instructions",
            "cycles",
            "seconds",
            "program",
            "X",
            "X",
            "instruction",
            "cycle",
            "Architecture",
            "Instructions",
            "CPI",
            "Cycle",
            "Time",
            "(",
            "1/F",
            ")",
            "Single-cycle",
            "Same",
            "1",
            "5",
            "ns",
            "Ideal",
            "5-stage",
            "pipeline",
            "Same",
            "1",
            "1",
            "ns",
            "Pipeline",
            "w/",
            "stalls",
            "Same",
            "2",
            "1",
            "ns",
            "\u25cf",
            "Pipelining",
            "increases",
            "clock",
            "frequency",
            "proportionate",
            "to",
            "depth",
            "\u25cf",
            "But",
            "stalls",
            "increase",
            "CPI",
            "(",
            "cycles",
            "per",
            "instruction",
            ")",
            "o",
            "If",
            "stalls",
            "prevent",
            "new",
            "instructions",
            "from",
            "being",
            "fetched",
            "half",
            "the",
            "time",
            ",",
            "the",
            "CPU",
            "will",
            "have",
            "a",
            "CPI",
            "of",
            "2",
            "\u2192",
            "Only",
            "2.5X",
            "speed",
            "up",
            "(",
            "instead",
            "of",
            "5X",
            ")",
            "\u25cf",
            "We",
            "\u2019",
            "d",
            "like",
            "to",
            "avoid",
            "this",
            "penalty",
            "if",
            "possible",
            "!",
            "25"
        ],
        "labels": [
            "B",
            "I",
            "I",
            "I",
            "I",
            "O",
            "O",
            "O",
            "O",
            "O",
            "O",
            "O",
            "O",
            "O",
            "O",
            "O",
            "O",
            "O",
            "O",
            "O",
            "O",
            "O",
            "O",
            "O",
            "O",
            "O",
            "O",
            "O",
            "O",
            "O",
            "O",
            "O",
            "O",
            "O",
            "O",
            "O",
            "O",
            "O",
            "O",
            "O",
            "O",
            "O",
            "O",
            "O",
            "O",
            "O",
            "O",
            "O",
            "O",
            "O",
            "O",
            "O",
            "O",
            "O",
            "O",
            "O",
            "O",
            "O",
            "O",
            "O",
            "O",
            "O",
            "O",
            "O",
            "O",
            "O",
            "O",
            "O",
            "O",
            "O",
            "O",
            "O",
            "O",
            "O",
            "O",
            "O",
            "O",
            "O",
            "O",
            "O",
            "O",
            "O",
            "O",
            "O",
            "O",
            "O",
            "O",
            "O",
            "O",
            "O",
            "O",
            "O",
            "O",
            "O",
            "O",
            "O",
            "O",
            "O",
            "O",
            "O",
            "O",
            "O",
            "O",
            "O",
            "O",
            "O",
            "O",
            "O",
            "O",
            "O"
        ]
    },
    {
        "words": [
            "Compiler",
            "nops",
            "vs.",
            "CPU",
            "Hazard",
            "Detection",
            "Unit",
            "\u25cf",
            "Limitations",
            "of",
            "compiler",
            "nops",
            "o",
            "Compiler",
            "must",
            "make",
            "assumptions",
            "about",
            "processor",
            "design",
            "\u00a7",
            "That",
            "means",
            "processor",
            "design",
            "must",
            "become",
            "part",
            "of",
            "ISA",
            "\u00a7",
            "What",
            "if",
            "that",
            "design",
            "is",
            "no",
            "longer",
            "ideal",
            "in",
            "future",
            "generations",
            "?",
            "o",
            "Length",
            "of",
            "MEM",
            "stage",
            "is",
            "very",
            "hard",
            "to",
            "predict",
            "by",
            "the",
            "compiler",
            "\u00a7",
            "Until",
            "now",
            "we",
            "assumed",
            "MEM",
            "takes",
            "a",
            "uniform",
            "one",
            "cycle",
            "\u00a7",
            "But",
            "remember",
            "what",
            "we",
            "said",
            "about",
            "the",
            "Memory",
            "Wall",
            "?",
            "\u00a7",
            "MEM",
            "isn",
            "\u2019",
            "t",
            "uniform",
            "really",
            "and",
            "sometimes",
            "hundreds",
            "of",
            "cycles",
            "\u25cf",
            "But",
            "compiler",
            "nops",
            "is",
            "very",
            "energy-efficient",
            "o",
            "Hazard",
            "Detection",
            "Unit",
            "can",
            "be",
            "power",
            "hungry",
            "\u00a7",
            "A",
            "lot",
            "of",
            "long",
            "wires",
            "controlling",
            "remote",
            "parts",
            "of",
            "the",
            "CPU",
            "\u00a7",
            "Adds",
            "to",
            "the",
            "Power",
            "Wall",
            "problem",
            "o",
            "Compiler",
            "scheduling",
            "via",
            "nops",
            "removes",
            "need",
            "for",
            "HDU",
            "26"
        ],
        "labels": [
            "B",
            "I",
            "I",
            "I",
            "B",
            "I",
            "I",
            "O",
            "O",
            "O",
            "O",
            "O",
            "O",
            "O",
            "O",
            "O",
            "O",
            "O",
            "O",
            "O",
            "O",
            "O",
            "O",
            "O",
            "O",
            "O",
            "O",
            "O",
            "O",
            "O",
            "O",
            "O",
            "O",
            "O",
            "O",
            "O",
            "O",
            "O",
            "O",
            "O",
            "O",
            "O",
            "O",
            "O",
            "O",
            "O",
            "O",
            "O",
            "O",
            "O",
            "O",
            "O",
            "O",
            "O",
            "O",
            "O",
            "O",
            "O",
            "O",
            "O",
            "O",
            "O",
            "O",
            "O",
            "O",
            "O",
            "O",
            "O",
            "O",
            "O",
            "O",
            "O",
            "O",
            "O",
            "O",
            "O",
            "O",
            "O",
            "O",
            "O",
            "O",
            "O",
            "O",
            "O",
            "O",
            "O",
            "O",
            "O",
            "O",
            "O",
            "O",
            "O",
            "O",
            "O",
            "O",
            "O",
            "O",
            "O",
            "B",
            "I",
            "I",
            "O",
            "O",
            "O",
            "O",
            "O",
            "O",
            "O",
            "O",
            "O",
            "O",
            "O",
            "O",
            "O",
            "O",
            "O",
            "O",
            "O",
            "O",
            "O",
            "O",
            "O",
            "O",
            "O",
            "O",
            "O",
            "O",
            "O",
            "O",
            "O",
            "O",
            "O",
            "O",
            "O"
        ]
    }
]