[
    {
        "words": [
            "Processor",
            "Review",
            "CS",
            "1541",
            "Wonsun",
            "Ahn"
        ],
        "labels": [
            "B",
            "I",
            "O",
            "O",
            "O",
            "O"
        ]
    },
    {
        "words": [
            "Clocking",
            "Review",
            "Stuff",
            "you",
            "learned",
            "in",
            "CS",
            "447"
        ],
        "labels": [
            "B",
            "I",
            "O",
            "O",
            "O",
            "O",
            "O",
            "O"
        ]
    },
    {
        "words": [
            "Logic",
            "components",
            "\u25cf",
            "Do",
            "you",
            "remember",
            "what",
            "all",
            "these",
            "do",
            "?",
            "Multiplexer",
            "NOT",
            "gate",
            "(",
            "MUX",
            ")",
            "ALU",
            "32",
            "AND",
            "gate",
            "32",
            "Decoder",
            "These",
            "wires",
            "32",
            "OR",
            "gate",
            "carry",
            "several",
            "bits",
            "at",
            "once",
            ".",
            "XOR",
            "gate",
            "Blue",
            "wires",
            "are",
            "control",
            "signals",
            ".",
            "3"
        ],
        "labels": [
            "B",
            "I",
            "O",
            "O",
            "O",
            "O",
            "O",
            "O",
            "O",
            "O",
            "O",
            "B",
            "B",
            "I",
            "O",
            "O",
            "O",
            "B",
            "O",
            "B",
            "I",
            "O",
            "B",
            "O",
            "O",
            "O",
            "B",
            "I",
            "O",
            "O",
            "O",
            "O",
            "O",
            "O",
            "B",
            "I",
            "O",
            "O",
            "O",
            "O",
            "O",
            "O",
            "O"
        ]
    },
    {
        "words": [
            "Uses",
            "of",
            "a",
            "Decoder",
            "\u25cf",
            "Translates",
            "a",
            "set",
            "of",
            "input",
            "signals",
            "to",
            "a",
            "bunch",
            "of",
            "output",
            "signals",
            ".",
            "o",
            "E.g",
            ".",
            "a",
            "binary",
            "decoder",
            ":",
            "Truth",
            "Table",
            "for",
            "Decoder",
            "A",
            "B",
            "Q0",
            "Q1",
            "Q2",
            "Q3",
            "Q0",
            "0",
            "0",
            "1",
            "0",
            "0",
            "0",
            "A",
            "Q1",
            "0",
            "1",
            "0",
            "1",
            "0",
            "0",
            "B",
            "Q2",
            "1",
            "0",
            "0",
            "0",
            "1",
            "0",
            "Q3",
            "1",
            "1",
            "0",
            "0",
            "0",
            "1",
            "o",
            "You",
            "can",
            "come",
            "up",
            "with",
            "any",
            "truth",
            "table",
            "and",
            "make",
            "a",
            "decoder",
            "for",
            "it",
            "!",
            "4"
        ],
        "labels": [
            "B",
            "I",
            "I",
            "B",
            "O",
            "O",
            "O",
            "O",
            "O",
            "O",
            "O",
            "O",
            "O",
            "O",
            "O",
            "O",
            "O",
            "O",
            "O",
            "O",
            "O",
            "O",
            "O",
            "O",
            "O",
            "O",
            "O",
            "O",
            "B",
            "O",
            "O",
            "O",
            "O",
            "O",
            "O",
            "O",
            "O",
            "O",
            "O",
            "O",
            "O",
            "O",
            "O",
            "O",
            "O",
            "O",
            "O",
            "O",
            "O",
            "O",
            "O",
            "O",
            "O",
            "O",
            "O",
            "O",
            "O",
            "O",
            "O",
            "O",
            "O",
            "O",
            "O",
            "O",
            "O",
            "O",
            "O",
            "O",
            "O",
            "O",
            "O",
            "O",
            "O",
            "O",
            "O",
            "O",
            "O",
            "O",
            "O",
            "O",
            "O",
            "O"
        ]
    },
    {
        "words": [
            "Uses",
            "of",
            "a",
            "Multiplexer",
            "\u25cf",
            "No",
            "problem",
            "in",
            "fanning",
            "out",
            "one",
            "signal",
            "to",
            "two",
            "points",
            "A",
            "+",
            "=",
            "A",
            "B",
            "B",
            "\u25cf",
            "Can",
            "not",
            "connect",
            "two",
            "signals",
            "to",
            "one",
            "point",
            "o",
            "Must",
            "use",
            "a",
            "multiplexer",
            "to",
            "select",
            "between",
            "the",
            "two",
            "+",
            "=",
            "Mux",
            "control",
            "=",
            "0",
            "for",
            "path",
            "A",
            "1",
            "for",
            "path",
            "B",
            "Path",
            "A",
            "Path",
            "B",
            "5"
        ],
        "labels": [
            "O",
            "O",
            "O",
            "B",
            "O",
            "O",
            "O",
            "O",
            "O",
            "O",
            "O",
            "O",
            "O",
            "O",
            "O",
            "O",
            "O",
            "O",
            "O",
            "O",
            "O",
            "O",
            "O",
            "O",
            "O",
            "O",
            "O",
            "O",
            "O",
            "O",
            "O",
            "O",
            "O",
            "O",
            "O",
            "O",
            "O",
            "O",
            "O",
            "O",
            "O",
            "O",
            "O",
            "O",
            "O",
            "O",
            "O",
            "O",
            "O",
            "O",
            "O",
            "O",
            "O",
            "O",
            "O",
            "O",
            "O",
            "O"
        ]
    },
    {
        "words": [
            "Gates",
            "are",
            "made",
            "of",
            "transistors",
            "(",
            "of",
            "course",
            ")",
            "\u2022",
            "NOT",
            "gate",
            "\u2022",
            "NAND",
            "gate",
            "6"
        ],
        "labels": [
            "B",
            "O",
            "O",
            "O",
            "O",
            "O",
            "O",
            "O",
            "O",
            "O",
            "B",
            "I",
            "O",
            "O",
            "O",
            "O"
        ]
    },
    {
        "words": [
            "The",
            "clock",
            "signal",
            "\u25cf",
            "The",
            "clock",
            "is",
            "a",
            "signal",
            "that",
            "alternates",
            "regularly",
            "between",
            "0",
            "and",
            "1",
            ":",
            "1",
            "0",
            "time",
            "\u25cf",
            "Bits",
            "are",
            "latched",
            "on",
            "to",
            "registers",
            "and",
            "flip-flops",
            "on",
            "rising",
            "edges",
            "\u25cf",
            "In",
            "between",
            "rising",
            "edges",
            ",",
            "bits",
            "propagate",
            "through",
            "the",
            "logic",
            "circuit",
            "o",
            "Composed",
            "of",
            "ALUs",
            ",",
            "muxes",
            ",",
            "decoders",
            ",",
            "etc",
            ".",
            "o",
            "Propagation",
            "delay",
            ":",
            "amount",
            "of",
            "time",
            "it",
            "takes",
            "from",
            "input",
            "to",
            "output",
            "7"
        ],
        "labels": [
            "O",
            "O",
            "O",
            "O",
            "O",
            "O",
            "O",
            "O",
            "O",
            "O",
            "O",
            "O",
            "O",
            "O",
            "O",
            "O",
            "O",
            "O",
            "O",
            "O",
            "O",
            "O",
            "O",
            "O",
            "O",
            "O",
            "O",
            "O",
            "O",
            "O",
            "O",
            "O",
            "O",
            "O",
            "O",
            "O",
            "O",
            "O",
            "O",
            "O",
            "O",
            "O",
            "O",
            "O",
            "O",
            "O",
            "O",
            "O",
            "O",
            "O",
            "O",
            "O",
            "O",
            "O",
            "O",
            "O",
            "O",
            "O",
            "O",
            "O",
            "O",
            "O",
            "O",
            "O",
            "O",
            "O",
            "O",
            "O",
            "O"
        ]
    },
    {
        "words": [
            "Critical",
            "Path",
            "\u25cf",
            "Critical",
            "path",
            ":",
            "path",
            "in",
            "a",
            "circuit",
            "that",
            "has",
            "longest",
            "propagation",
            "delay",
            "o",
            "Determines",
            "the",
            "overall",
            "clock",
            "speed",
            ".",
            "A",
            "5",
            "ns",
            "5",
            "ns",
            "B",
            "IN",
            "D",
            "Q",
            "D",
            "Q",
            "OUT",
            "+",
            "EN",
            "1",
            "EN",
            "Select",
            "o",
            "The",
            "ALU",
            "and",
            "the",
            "multiplexer",
            "both",
            "have",
            "a",
            "5",
            "ns",
            "delay",
            "\u25cf",
            "How",
            "fast",
            "can",
            "we",
            "clock",
            "this",
            "circuit",
            "?",
            "o",
            "Is",
            "it",
            "1",
            "/",
            "5",
            "ns",
            "(",
            "5",
            "\u00d7",
            "10-9s",
            ")",
            "=",
            "200",
            "MHz",
            "?",
            "o",
            "Or",
            "is",
            "it",
            "1",
            "/",
            "10",
            "ns",
            "(",
            "10",
            "\u00d7",
            "10-9s",
            ")",
            "=",
            "100",
            "MHz",
            "?",
            "8"
        ],
        "labels": [
            "B",
            "I",
            "O",
            "B",
            "I",
            "O",
            "O",
            "O",
            "O",
            "O",
            "O",
            "O",
            "O",
            "O",
            "O",
            "O",
            "O",
            "O",
            "O",
            "O",
            "O",
            "O",
            "O",
            "O",
            "O",
            "O",
            "O",
            "O",
            "O",
            "O",
            "O",
            "O",
            "O",
            "O",
            "O",
            "O",
            "O",
            "O",
            "O",
            "O",
            "O",
            "B",
            "O",
            "O",
            "O",
            "O",
            "O",
            "O",
            "O",
            "O",
            "O",
            "O",
            "O",
            "O",
            "O",
            "O",
            "O",
            "O",
            "O",
            "O",
            "O",
            "O",
            "O",
            "O",
            "O",
            "O",
            "O",
            "O",
            "O",
            "O",
            "O",
            "O",
            "O",
            "O",
            "O",
            "O",
            "O",
            "O",
            "O",
            "O",
            "O",
            "O",
            "O",
            "O",
            "O",
            "O",
            "O",
            "O",
            "O",
            "O",
            "O",
            "O",
            "O",
            "O"
        ]
    },
    {
        "words": [
            "MIPS",
            "Review",
            "Stuff",
            "you",
            "learned",
            "in",
            "CS",
            "447"
        ],
        "labels": [
            "B",
            "I",
            "O",
            "O",
            "O",
            "O",
            "O",
            "O"
        ]
    },
    {
        "words": [
            "The",
            "MIPS",
            "ISA",
            "-",
            "Registers",
            "\u25cf",
            "MIPS",
            "has",
            "32",
            "32-bit",
            "registers",
            ",",
            "with",
            "the",
            "following",
            "usage",
            "conventions",
            "o",
            "But",
            "really",
            ",",
            "all",
            "are",
            "general",
            "purpose",
            "registers",
            "(",
            "nothing",
            "special",
            "about",
            "them",
            ")",
            "Name",
            "Register",
            "number",
            "Usage",
            "$",
            "zero",
            "0",
            "the",
            "constant",
            "value",
            "0",
            "(",
            "ca",
            "n't",
            "be",
            "written",
            ")",
            "$",
            "at",
            "1",
            "assembler",
            "temporary",
            "$",
            "v0-",
            "$",
            "v1",
            "2-3",
            "values",
            "for",
            "results",
            "and",
            "expression",
            "evaluation",
            "$",
            "a0-",
            "$",
            "a3",
            "4-7",
            "function",
            "arguments",
            "$",
            "t0-",
            "$",
            "t7",
            "8-15",
            "unsaved",
            "temporaries",
            "$",
            "s0-",
            "$",
            "s7",
            "16-23",
            "saved",
            "temporaries",
            "(",
            "like",
            "program",
            "variables",
            ")",
            "$",
            "t8-",
            "$",
            "t9",
            "24-25",
            "more",
            "unsaved",
            "temporaries",
            "$",
            "k0-",
            "$",
            "k1",
            "26-27",
            "reserved",
            "for",
            "OS",
            "kernel",
            "$",
            "gp",
            "28",
            "global",
            "pointer",
            "$",
            "sp",
            "29",
            "stack",
            "pointer",
            "$",
            "fp",
            "30",
            "frame",
            "pointer",
            "$",
            "ra",
            "31",
            "return",
            "address",
            "10"
        ],
        "labels": [
            "O",
            "B",
            "I",
            "O",
            "B",
            "O",
            "O",
            "O",
            "O",
            "O",
            "O",
            "O",
            "O",
            "O",
            "O",
            "O",
            "O",
            "O",
            "O",
            "O",
            "O",
            "O",
            "O",
            "O",
            "O",
            "O",
            "O",
            "O",
            "O",
            "O",
            "O",
            "O",
            "O",
            "O",
            "O",
            "O",
            "O",
            "O",
            "O",
            "O",
            "O",
            "O",
            "O",
            "O",
            "O",
            "O",
            "O",
            "O",
            "O",
            "O",
            "O",
            "O",
            "O",
            "O",
            "O",
            "O",
            "O",
            "O",
            "O",
            "O",
            "O",
            "O",
            "O",
            "O",
            "O",
            "O",
            "O",
            "O",
            "O",
            "O",
            "O",
            "O",
            "O",
            "O",
            "O",
            "O",
            "O",
            "O",
            "O",
            "O",
            "O",
            "O",
            "O",
            "O",
            "O",
            "O",
            "O",
            "O",
            "O",
            "O",
            "O",
            "O",
            "O",
            "O",
            "O",
            "O",
            "O",
            "O",
            "O",
            "O",
            "O",
            "O",
            "O",
            "O",
            "O",
            "O",
            "O",
            "O",
            "O",
            "O",
            "O",
            "O",
            "O",
            "O",
            "O",
            "O",
            "O",
            "O",
            "O",
            "O",
            "O",
            "O",
            "O",
            "O",
            "O",
            "O",
            "O",
            "O",
            "O"
        ]
    },
    {
        "words": [
            "The",
            "MIPS",
            "ISA",
            "-",
            "Memory",
            "\u25cf",
            "MIPS",
            "is",
            "a",
            "RISC",
            "(",
            "reduced",
            "instruction",
            "set",
            "computer",
            ")",
            "architecture",
            "\u25cf",
            "It",
            "is",
            "also",
            "a",
            "load-store",
            "architecture",
            "o",
            "All",
            "memory",
            "accesses",
            "performed",
            "by",
            "load",
            "and",
            "store",
            "instructions",
            "\u25cf",
            "Memory",
            "is",
            "a",
            "giant",
            "array",
            "of",
            "232",
            "bytes",
            "Addr",
            "Data",
            "Addr",
            "Data",
            "Addr",
            "Data",
            "0",
            "0x3F",
            "0",
            "0x3F00",
            "0",
            "0x3F002A08",
            "1",
            "0x00",
            "2",
            "0x2A08",
            "4",
            "0x47F426B9",
            "2",
            "0x2A",
            "4",
            "0x47F4",
            "...",
            "...",
            "3",
            "0x08",
            "6",
            "0x26B9",
            "4",
            "0x47",
            "...",
            "...",
            "5",
            "0xF4",
            "\u2022",
            "The",
            "same",
            "memory",
            "viewed",
            "as",
            "bytes",
            ",",
            "16-bit",
            "6",
            "0x26",
            "halfwords",
            ",",
            "and",
            "32-bit",
            "words",
            "(",
            "using",
            "big-endian",
            ")",
            "7",
            "0xB9",
            "\u2022",
            "All",
            "addresses",
            "are",
            "aligned",
            "(",
            "multiples",
            "of",
            "data",
            "size",
            ")",
            "...",
            "...",
            "11"
        ],
        "labels": [
            "O",
            "B",
            "I",
            "O",
            "B",
            "O",
            "O",
            "O",
            "O",
            "B",
            "O",
            "O",
            "O",
            "O",
            "O",
            "O",
            "O",
            "O",
            "O",
            "O",
            "O",
            "O",
            "O",
            "O",
            "O",
            "O",
            "O",
            "O",
            "O",
            "O",
            "O",
            "O",
            "O",
            "O",
            "O",
            "B",
            "O",
            "O",
            "O",
            "O",
            "O",
            "O",
            "O",
            "O",
            "O",
            "O",
            "O",
            "O",
            "O",
            "O",
            "O",
            "O",
            "O",
            "O",
            "O",
            "O",
            "O",
            "O",
            "O",
            "O",
            "O",
            "O",
            "O",
            "O",
            "O",
            "O",
            "O",
            "O",
            "O",
            "O",
            "O",
            "O",
            "O",
            "O",
            "O",
            "O",
            "O",
            "O",
            "O",
            "O",
            "O",
            "O",
            "O",
            "O",
            "O",
            "O",
            "O",
            "O",
            "O",
            "O",
            "O",
            "O",
            "O",
            "O",
            "O",
            "O",
            "O",
            "O",
            "O",
            "O",
            "O",
            "O",
            "O",
            "O",
            "O",
            "O",
            "O",
            "O",
            "O",
            "O",
            "O",
            "O",
            "O"
        ]
    },
    {
        "words": [
            "The",
            "MIPS",
            "ISA",
            "-",
            "Memory",
            "\u2022",
            "Loads",
            "move",
            "data",
            "from",
            "\u2022",
            "Stores",
            "move",
            "data",
            "from",
            "the",
            "memory",
            "into",
            "the",
            "registers",
            ".",
            "registers",
            "into",
            "memory",
            ".",
            "lw",
            "$",
            "t0",
            ",",
            "8",
            "(",
            "$",
            "s4",
            ")",
            "sw",
            "$",
            "t0",
            ",",
            "12",
            "(",
            "$",
            "s4",
            ")",
            "This",
            "is",
            "the",
            "address",
            ",",
            "and",
            "it",
            "$",
            "t0",
            "is",
            "the",
            "SOURCE",
            "!",
            "means",
            "``",
            "the",
            "value",
            "of",
            "$",
            "s4",
            "+",
            "8",
            ".",
            "''",
            "0",
            "0x3F002A08",
            "lw",
            "4",
            "0x47F426B9",
            "t0",
            "0x0000CAFE",
            "0x0000BEEF",
            "8",
            "0x00000000",
            "s4",
            "0x00000004",
            "$",
            "s4",
            "+",
            "8",
            "12",
            "0x0000BEEF",
            "Registers",
            "sw",
            "$",
            "s4",
            "+",
            "12",
            "16",
            "0x0000DEAD",
            "0x0000BEEF",
            "...",
            "...",
            "Memory",
            "12"
        ],
        "labels": [
            "O",
            "B",
            "I",
            "O",
            "B",
            "O",
            "O",
            "O",
            "O",
            "O",
            "O",
            "O",
            "O",
            "O",
            "O",
            "O",
            "O",
            "O",
            "O",
            "O",
            "O",
            "O",
            "O",
            "O",
            "O",
            "B",
            "O",
            "O",
            "O",
            "O",
            "O",
            "O",
            "O",
            "O",
            "B",
            "O",
            "O",
            "O",
            "O",
            "O",
            "O",
            "O",
            "O",
            "O",
            "O",
            "O",
            "O",
            "O",
            "O",
            "O",
            "O",
            "O",
            "O",
            "O",
            "O",
            "O",
            "O",
            "O",
            "O",
            "O",
            "O",
            "O",
            "O",
            "O",
            "O",
            "O",
            "O",
            "O",
            "O",
            "B",
            "O",
            "O",
            "O",
            "O",
            "O",
            "O",
            "O",
            "O",
            "O",
            "O",
            "O",
            "O",
            "O",
            "O",
            "O",
            "B",
            "B",
            "O",
            "O",
            "O",
            "O",
            "O",
            "O",
            "O",
            "O",
            "O",
            "B",
            "O"
        ]
    },
    {
        "words": [
            "The",
            "MIPS",
            "ISA",
            "\u2013",
            "Flow",
            "control",
            "\u25cf",
            "Jump",
            "and",
            "branch",
            "instructions",
            "change",
            "the",
            "flow",
            "of",
            "execution",
            ".",
            "_top",
            ":",
            "li",
            "$",
            "s0",
            ",",
            "10",
            "#",
            "....",
            "_loop",
            ":",
            "#",
            "lots",
            "o",
            "'",
            "code",
            "#",
            "....",
            "#",
            "....",
            "addi",
            "$",
            "s0",
            ",",
            "$",
            "s0",
            ",",
            "-1",
            "j",
            "_top",
            "bne",
            "$",
            "s0",
            ",",
            "$",
            "zero",
            ",",
            "_loop",
            "jr",
            "$",
            "ra",
            "j",
            ":",
            "jumps",
            "unconditionally",
            "bne",
            ":",
            "jumps",
            "conditionally",
            "\u2022",
            "jumps",
            "to",
            "_top",
            "If",
            "$",
            "s0",
            "!",
            "=",
            "$",
            "zero",
            ",",
            "jumps",
            "to",
            "_loop",
            "If",
            "$",
            "s0",
            "==",
            "$",
            "zero",
            ",",
            "continues",
            "to",
            "jr",
            "$",
            "ra",
            "13"
        ],
        "labels": [
            "O",
            "B",
            "I",
            "O",
            "B",
            "I",
            "O",
            "O",
            "O",
            "O",
            "O",
            "O",
            "O",
            "O",
            "O",
            "O",
            "O",
            "O",
            "O",
            "O",
            "O",
            "O",
            "O",
            "O",
            "O",
            "O",
            "O",
            "O",
            "O",
            "O",
            "O",
            "O",
            "O",
            "O",
            "O",
            "O",
            "O",
            "O",
            "O",
            "O",
            "O",
            "O",
            "O",
            "O",
            "O",
            "B",
            "O",
            "O",
            "O",
            "O",
            "O",
            "O",
            "O",
            "O",
            "O",
            "O",
            "O",
            "O",
            "B",
            "O",
            "O",
            "O",
            "O",
            "O",
            "O",
            "O",
            "O",
            "O",
            "O",
            "O",
            "O",
            "O",
            "O",
            "O",
            "O",
            "O",
            "O",
            "O",
            "O",
            "O",
            "O",
            "O",
            "O",
            "O",
            "O",
            "O",
            "O",
            "O",
            "O",
            "O",
            "O",
            "O",
            "O",
            "O"
        ]
    },
    {
        "words": [
            "Phases",
            "of",
            "instruction",
            "execution",
            "\u25cf",
            "In",
            "most",
            "architectures",
            ",",
            "there",
            "are",
            "five",
            "phases",
            ":",
            "1",
            ".",
            "IF",
            "(",
            "Instruction",
            "Fetch",
            ")",
            "\u2013",
            "get",
            "next",
            "instruction",
            "from",
            "memory",
            "2",
            ".",
            "ID",
            "(",
            "Instruction",
            "Decode",
            ")",
            "\u2013",
            "figure",
            "out",
            "what",
            "instruction",
            "it",
            "is",
            "3",
            ".",
            "EX",
            "(",
            "Execute",
            "\u2013",
            "ALU",
            ")",
            "\u2013",
            "do",
            "any",
            "arithmetic",
            "4",
            ".",
            "MEM",
            "(",
            "Memory",
            ")",
            "\u2013",
            "read",
            "or",
            "write",
            "data",
            "from/to",
            "memory",
            "5",
            ".",
            "WB",
            "(",
            "Register",
            "Writeback",
            ")",
            "\u2013",
            "write",
            "any",
            "results",
            "to",
            "the",
            "registers",
            "\u25cf",
            "Sometimes",
            "these",
            "phases",
            "are",
            "chopped",
            "into",
            "smaller",
            "stages",
            "14"
        ],
        "labels": [
            "B",
            "I",
            "I",
            "I",
            "O",
            "O",
            "O",
            "O",
            "O",
            "O",
            "O",
            "O",
            "O",
            "O",
            "O",
            "O",
            "O",
            "O",
            "O",
            "O",
            "O",
            "O",
            "O",
            "O",
            "O",
            "O",
            "O",
            "O",
            "O",
            "O",
            "O",
            "O",
            "O",
            "O",
            "O",
            "O",
            "O",
            "O",
            "O",
            "O",
            "O",
            "O",
            "O",
            "O",
            "O",
            "O",
            "O",
            "B",
            "O",
            "O",
            "O",
            "O",
            "O",
            "O",
            "O",
            "O",
            "O",
            "B",
            "O",
            "O",
            "O",
            "O",
            "O",
            "O",
            "O",
            "O",
            "O",
            "O",
            "O",
            "O",
            "O",
            "O",
            "O",
            "O",
            "O",
            "O",
            "O",
            "O",
            "O",
            "O",
            "O",
            "O",
            "O",
            "O",
            "O",
            "O",
            "O",
            "O",
            "O",
            "O"
        ]
    },
    {
        "words": [
            "A",
            "simple",
            "single-cycle",
            "implementation",
            "PC",
            "Control",
            "Instruction",
            "Register",
            "Data",
            "Memory",
            "File",
            "Memory",
            "ALU",
            "IF",
            "ID",
            "WB",
            "EX",
            "MEM",
            "\u25cf",
            "An",
            "instruction",
            "goes",
            "through",
            "IF/ID/EX/MEM/WB",
            "in",
            "one",
            "cycle",
            "15"
        ],
        "labels": [
            "O",
            "O",
            "O",
            "O",
            "B",
            "O",
            "O",
            "O",
            "O",
            "B",
            "O",
            "B",
            "B",
            "O",
            "O",
            "O",
            "O",
            "O",
            "O",
            "O",
            "O",
            "O",
            "O",
            "O",
            "O",
            "O",
            "O",
            "O"
        ]
    },
    {
        "words": [
            "``",
            "Minimal",
            "MIPS",
            "''",
            "16"
        ],
        "labels": [
            "O",
            "B",
            "I",
            "O",
            "O"
        ]
    },
    {
        "words": [
            "It",
            "\u2019",
            "s",
            "a",
            "\u201c",
            "subset",
            "\u201d",
            "of",
            "MIPS",
            "\u25cf",
            "For",
            "pedagogical",
            "(",
            "teaching",
            ")",
            "purposes",
            "\u25cf",
            "Contains",
            "only",
            "a",
            "minimal",
            "number",
            "of",
            "instructions",
            ":",
            "o",
            "lw",
            ",",
            "sw",
            ",",
            "add",
            ",",
            "sub",
            ",",
            "and",
            ",",
            "or",
            ",",
            "slt",
            ",",
            "beq",
            ",",
            "and",
            "j",
            "o",
            "Other",
            "instructions",
            "in",
            "MIPS",
            "are",
            "variations",
            "on",
            "these",
            "anyway",
            "\u25cf",
            "Let",
            "'s",
            "review",
            "the",
            "Minimal",
            "MIPS",
            "CPU",
            "focusing",
            "on",
            "the",
            "control",
            "signals",
            "o",
            "Again",
            ",",
            "these",
            "control",
            "signals",
            "are",
            "decoded",
            "from",
            "the",
            "instruction",
            "17"
        ],
        "labels": [
            "O",
            "O",
            "O",
            "O",
            "O",
            "O",
            "O",
            "O",
            "O",
            "O",
            "O",
            "O",
            "O",
            "O",
            "O",
            "O",
            "O",
            "O",
            "O",
            "O",
            "O",
            "O",
            "O",
            "O",
            "O",
            "O",
            "B",
            "O",
            "B",
            "O",
            "O",
            "O",
            "O",
            "O",
            "O",
            "O",
            "O",
            "O",
            "O",
            "O",
            "B",
            "O",
            "O",
            "B",
            "O",
            "O",
            "O",
            "O",
            "O",
            "O",
            "O",
            "O",
            "O",
            "O",
            "O",
            "O",
            "O",
            "O",
            "O",
            "B",
            "I",
            "O",
            "O",
            "O",
            "O",
            "O",
            "O",
            "O",
            "O",
            "O",
            "O",
            "O",
            "O",
            "O",
            "O",
            "O",
            "O",
            "O",
            "O"
        ]
    },
    {
        "words": [
            "The",
            "Minimal",
            "MIPS",
            "single-cycle",
            "CPU",
            "\u25cf",
            "A",
            "more",
            "detailed",
            "view",
            "of",
            "the",
            "5-phase",
            "implementation",
            "imm",
            "field",
            "+",
            "4",
            "PCSrc",
            "+",
            "Data",
            "PC",
            "dst",
            "Memory",
            "src1",
            "Ins",
            ".",
            "Decoder",
            "src2",
            "Register",
            "MemWrite",
            "Instruction",
            "File",
            "Memory",
            "RegWrite",
            "RegDataSrc",
            "ALUOp",
            "ALUSrc",
            "sxt",
            "imm",
            "field",
            "18"
        ],
        "labels": [
            "O",
            "B",
            "I",
            "O",
            "O",
            "O",
            "O",
            "O",
            "O",
            "O",
            "O",
            "O",
            "O",
            "O",
            "O",
            "O",
            "O",
            "O",
            "O",
            "O",
            "O",
            "B",
            "O",
            "B",
            "O",
            "O",
            "O",
            "B",
            "O",
            "O",
            "O",
            "O",
            "O",
            "B",
            "O",
            "O",
            "O",
            "O",
            "O",
            "O",
            "O",
            "O"
        ]
    },
    {
        "words": [
            "Control",
            "signals",
            "\u25cf",
            "Registers",
            "o",
            "RegDataSrc",
            ":",
            "controls",
            "source",
            "of",
            "a",
            "register",
            "write",
            "(",
            "ALU",
            "/",
            "memory",
            ")",
            "o",
            "RegWrite",
            ":",
            "enables",
            "a",
            "write",
            "to",
            "the",
            "register",
            "file",
            "o",
            "src1",
            ",",
            "src2",
            ",",
            "dst",
            ":",
            "the",
            "register",
            "number",
            "for",
            "each",
            "respective",
            "operand",
            "\u25cf",
            "ALU",
            "o",
            "ALUSrc",
            ":",
            "whether",
            "second",
            "operand",
            "of",
            "ALU",
            "is",
            "a",
            "register",
            "/",
            "immediate",
            "o",
            "ALUOp",
            ":",
            "controls",
            "what",
            "the",
            "ALU",
            "will",
            "do",
            "(",
            "add",
            ",",
            "sub",
            ",",
            "and",
            ",",
            "or",
            "etc",
            ")",
            "\u25cf",
            "Memory",
            "o",
            "MemWrite",
            ":",
            "enables",
            "a",
            "write",
            "to",
            "data",
            "memory",
            "\u25cf",
            "PC",
            "o",
            "PCSrc",
            ":",
            "controls",
            "source",
            "of",
            "next",
            "PC",
            "(",
            "PC",
            "+",
            "4",
            "/",
            "PC",
            "+",
            "4",
            "+",
            "imm",
            ")",
            "\u2192",
            "All",
            "these",
            "signals",
            "are",
            "decoded",
            "from",
            "the",
            "instruction",
            "!",
            "19"
        ],
        "labels": [
            "B",
            "I",
            "O",
            "B",
            "O",
            "O",
            "O",
            "O",
            "O",
            "O",
            "O",
            "O",
            "O",
            "O",
            "B",
            "O",
            "O",
            "O",
            "O",
            "O",
            "O",
            "O",
            "O",
            "O",
            "O",
            "O",
            "O",
            "O",
            "O",
            "O",
            "O",
            "O",
            "O",
            "O",
            "O",
            "O",
            "O",
            "O",
            "O",
            "O",
            "O",
            "O",
            "O",
            "B",
            "O",
            "O",
            "O",
            "O",
            "O",
            "O",
            "O",
            "B",
            "O",
            "O",
            "O",
            "O",
            "O",
            "O",
            "O",
            "O",
            "O",
            "O",
            "O",
            "B",
            "O",
            "O",
            "O",
            "O",
            "O",
            "O",
            "O",
            "O",
            "O",
            "O",
            "O",
            "O",
            "O",
            "B",
            "O",
            "O",
            "O",
            "O",
            "O",
            "O",
            "O",
            "O",
            "O",
            "O",
            "B",
            "O",
            "O",
            "O",
            "O",
            "O",
            "O",
            "O",
            "B",
            "O",
            "B",
            "O",
            "O",
            "O",
            "B",
            "O",
            "O",
            "O",
            "O",
            "O",
            "O",
            "O",
            "O",
            "O",
            "O",
            "O",
            "O",
            "O",
            "O",
            "O",
            "O"
        ]
    },
    {
        "words": [
            "How",
            "an",
            "add/sub/and/or/slt",
            "work",
            "imm",
            "field",
            "add",
            "t0",
            ",",
            "t3",
            ",",
            "s0",
            "+",
            "4",
            "PCSrc",
            "+",
            "next",
            "instruction",
            "PC",
            "Data",
            "t0",
            "dst",
            "Memory",
            "t3",
            "src1",
            "Ins",
            ".",
            "Decoder",
            "s0",
            "src2",
            "Register",
            "MemWrite",
            "Instruction",
            "File",
            "disable",
            "Memory",
            "RegWrite",
            "RegDataSrc",
            "enable",
            "ALUOp",
            "from",
            "ALU",
            "ALUSrc",
            "add",
            "sxt",
            "from",
            "reg",
            "imm",
            "field",
            "20"
        ],
        "labels": [
            "O",
            "O",
            "B",
            "O",
            "O",
            "O",
            "O",
            "O",
            "O",
            "O",
            "O",
            "O",
            "O",
            "O",
            "O",
            "O",
            "O",
            "O",
            "B",
            "O",
            "O",
            "O",
            "B",
            "O",
            "O",
            "O",
            "O",
            "B",
            "O",
            "O",
            "O",
            "O",
            "O",
            "O",
            "O",
            "B",
            "O",
            "O",
            "O",
            "O",
            "O",
            "B",
            "O",
            "O",
            "O",
            "O",
            "O",
            "O",
            "O",
            "O"
        ]
    },
    {
        "words": [
            "How",
            "an",
            "lw",
            "works",
            "imm",
            "field",
            "lw",
            "s4",
            ",",
            "12",
            "(",
            "s0",
            ")",
            "+",
            "4",
            "PCSrc",
            "+",
            "next",
            "instruction",
            "PC",
            "Data",
            "s4",
            "dst",
            "Memory",
            "s0src1",
            "Ins",
            ".",
            "Decoder",
            "x",
            "src2",
            "Register",
            "MemWrite",
            "Instruction",
            "File",
            "disable",
            "Memory",
            "RegWrite",
            "RegDataSrc",
            "enable",
            "ALUOp",
            "from",
            "Mem",
            "ALUSrc",
            "add",
            "12",
            "sxt",
            "from",
            "imm",
            "imm",
            "field",
            "21"
        ],
        "labels": [
            "O",
            "O",
            "B",
            "O",
            "O",
            "O",
            "B",
            "O",
            "O",
            "O",
            "O",
            "O",
            "O",
            "O",
            "O",
            "O",
            "O",
            "O",
            "O",
            "B",
            "O",
            "O",
            "O",
            "B",
            "O",
            "O",
            "O",
            "B",
            "O",
            "O",
            "O",
            "O",
            "O",
            "O",
            "O",
            "B",
            "O",
            "O",
            "O",
            "O",
            "O",
            "O",
            "O",
            "O",
            "O",
            "O",
            "O",
            "O",
            "O",
            "O",
            "O"
        ]
    },
    {
        "words": [
            "How",
            "an",
            "sw",
            "works",
            "imm",
            "field",
            "sw",
            "t3",
            ",",
            "8",
            "(",
            "sp",
            ")",
            "+",
            "4",
            "PCSrc",
            "+",
            "next",
            "instruction",
            "PC",
            "Data",
            "x",
            "dst",
            "Memory",
            "spsrc1",
            "Ins",
            ".",
            "Decoder",
            "t3",
            "src2",
            "Register",
            "MemWrite",
            "Instruction",
            "File",
            "enable",
            "Memory",
            "RegWrite",
            "RegDataSrc",
            "disable",
            "ALUOp",
            "x",
            "ALUSrc",
            "add",
            "8",
            "sxt",
            "from",
            "imm",
            "imm",
            "field",
            "22"
        ],
        "labels": [
            "O",
            "O",
            "B",
            "O",
            "O",
            "O",
            "B",
            "O",
            "O",
            "O",
            "O",
            "O",
            "O",
            "O",
            "O",
            "O",
            "O",
            "O",
            "O",
            "B",
            "O",
            "O",
            "O",
            "B",
            "O",
            "O",
            "O",
            "B",
            "O",
            "O",
            "O",
            "O",
            "O",
            "O",
            "O",
            "B",
            "O",
            "O",
            "O",
            "O",
            "O",
            "O",
            "O",
            "O",
            "O",
            "O",
            "O",
            "O",
            "O",
            "O"
        ]
    },
    {
        "words": [
            "What",
            "about",
            "beq",
            "?",
            "\u25cf",
            "Compares",
            "numbers",
            "by",
            "subtracting",
            "and",
            "see",
            "if",
            "result",
            "is",
            "0",
            "o",
            "If",
            "result",
            "is",
            "0",
            ",",
            "we",
            "set",
            "PCSrc",
            "to",
            "use",
            "the",
            "branch",
            "target",
            ".",
            "o",
            "Otherwise",
            ",",
            "we",
            "set",
            "PCSrc",
            "to",
            "PC",
            "+",
            "4",
            ".",
            "isBEQ",
            "PCSrc",
            "isZero",
            "\u2022",
            "Instruction",
            "decoder",
            "outputs",
            "isBEQ",
            "\u2022",
            "When",
            "PCSrc",
            "is",
            "1",
            ",",
            "\u2022",
            "1",
            ":",
            "When",
            "instruction",
            "is",
            "beq",
            "PC",
            "=",
            "PC",
            "+",
            "4+",
            "imm",
            "\u2022",
            "0",
            ":",
            "When",
            "instruction",
            "not",
            "beq",
            "ALU",
            "(",
            "relative",
            "branch",
            "target",
            ")",
            "\u2022",
            "When",
            "PCSrc",
            "is",
            "0",
            ",",
            "PC",
            "=",
            "PC",
            "+",
            "4",
            "23"
        ],
        "labels": [
            "O",
            "O",
            "B",
            "O",
            "O",
            "O",
            "O",
            "O",
            "O",
            "O",
            "O",
            "O",
            "O",
            "O",
            "O",
            "O",
            "O",
            "O",
            "O",
            "O",
            "O",
            "O",
            "O",
            "O",
            "O",
            "O",
            "O",
            "O",
            "O",
            "O",
            "O",
            "O",
            "O",
            "O",
            "O",
            "O",
            "O",
            "B",
            "O",
            "O",
            "O",
            "O",
            "O",
            "O",
            "O",
            "O",
            "O",
            "O",
            "O",
            "O",
            "O",
            "O",
            "O",
            "O",
            "O",
            "O",
            "O",
            "O",
            "O",
            "O",
            "O",
            "B",
            "B",
            "O",
            "B",
            "O",
            "O",
            "O",
            "O",
            "O",
            "O",
            "O",
            "O",
            "O",
            "B",
            "B",
            "O",
            "O",
            "O",
            "O",
            "O",
            "O",
            "O",
            "O",
            "O",
            "O",
            "O",
            "B",
            "O",
            "B",
            "O",
            "O",
            "O"
        ]
    },
    {
        "words": [
            "How",
            "a",
            "beq",
            "works",
            "imm",
            "field",
            "beq",
            "t0",
            ",",
            "t1",
            ",",
            "loop",
            "loop",
            "+",
            "Take",
            "green",
            "PC",
            "path",
            "when",
            "t0",
            "==",
            "t1",
            "Take",
            "red",
            "PC",
            "path",
            "when",
            "t0",
            "!",
            "=",
            "t1",
            "4",
            "PCSrc",
            "+",
            "Data",
            "PC",
            "x",
            "dst",
            "Memory",
            "t0",
            "src1",
            "Ins",
            ".",
            "Decoder",
            "t1",
            "src2",
            "Register",
            "MemWrite",
            "Instruction",
            "File",
            "disable",
            "Memory",
            "RegWrite",
            "RegDataSrc",
            "disable",
            "ALUOp",
            "x",
            "ALUSrc",
            "sub",
            "sxt",
            "from",
            "reg",
            "imm",
            "field",
            "24"
        ],
        "labels": [
            "O",
            "O",
            "B",
            "O",
            "O",
            "O",
            "B",
            "O",
            "O",
            "O",
            "O",
            "O",
            "O",
            "O",
            "O",
            "O",
            "B",
            "O",
            "O",
            "O",
            "O",
            "O",
            "O",
            "O",
            "B",
            "O",
            "O",
            "O",
            "O",
            "O",
            "O",
            "O",
            "O",
            "O",
            "O",
            "B",
            "O",
            "O",
            "B",
            "O",
            "O",
            "O",
            "O",
            "B",
            "O",
            "O",
            "O",
            "O",
            "O",
            "O",
            "O",
            "B",
            "O",
            "O",
            "O",
            "O",
            "O",
            "O",
            "O",
            "O",
            "O",
            "O",
            "O",
            "O",
            "O"
        ]
    },
    {
        "words": [
            "What",
            "about",
            "j",
            "?",
            "\u25cf",
            "We",
            "have",
            "to",
            "add",
            "another",
            "input",
            "to",
            "the",
            "PCSrc",
            "mux",
            ".",
            "j",
            "top",
            "PC+4",
            "PC+4+imm",
            "jump",
            "target",
            "(",
            "now",
            "2",
            "bits",
            ")",
            "PCSrc",
            "25"
        ],
        "labels": [
            "O",
            "O",
            "B",
            "O",
            "O",
            "O",
            "O",
            "O",
            "O",
            "O",
            "O",
            "O",
            "O",
            "O",
            "O",
            "O",
            "B",
            "O",
            "O",
            "O",
            "O",
            "O",
            "O",
            "O",
            "O",
            "O",
            "O",
            "O",
            "O"
        ]
    },
    {
        "words": [
            "A",
            "Single-cycle",
            "Implementation",
            "is",
            "not",
            "Optimal",
            "PC",
            "Control",
            "Instruction",
            "Register",
            "Data",
            "Memory",
            "File",
            "Memory",
            "ALU",
            "IF",
            "ID",
            "WB",
            "EX",
            "MEM",
            "\u25cf",
            "Why",
            "?",
            "Since",
            "the",
            "longest",
            "critical",
            "path",
            "must",
            "be",
            "chosen",
            "for",
            "cycle",
            "time",
            "o",
            "And",
            "there",
            "is",
            "a",
            "wide",
            "variation",
            "among",
            "different",
            "instructions",
            "26"
        ],
        "labels": [
            "O",
            "B",
            "I",
            "I",
            "I",
            "I",
            "B",
            "O",
            "O",
            "O",
            "O",
            "B",
            "O",
            "B",
            "B",
            "O",
            "O",
            "O",
            "O",
            "O",
            "O",
            "O",
            "O",
            "O",
            "O",
            "O",
            "O",
            "O",
            "O",
            "O",
            "O",
            "O",
            "O",
            "O",
            "O",
            "O",
            "O",
            "O",
            "O",
            "O",
            "O",
            "O",
            "O",
            "O",
            "O"
        ]
    },
    {
        "words": [
            "A",
            "Single-cycle",
            "Implementation",
            "is",
            "not",
            "Optimal",
            "\u25cf",
            "In",
            "our",
            "CPU",
            ",",
            "the",
            "lw",
            "instruction",
            "has",
            "the",
            "longest",
            "critical",
            "path",
            "o",
            "Must",
            "go",
            "through",
            "all",
            "5",
            "stages",
            ":",
            "IF/ID/EX/MEM/WB",
            "o",
            "Whereas",
            "add",
            "goes",
            "through",
            "just",
            "4",
            "stages",
            ":",
            "IF/ID/EX/WB",
            "\u25cf",
            "If",
            "each",
            "phase",
            "takes",
            "1",
            "ns",
            "each",
            ",",
            "cycle",
            "time",
            "must",
            "be",
            "5",
            "ns",
            ":",
            "o",
            "Because",
            "it",
            "needs",
            "to",
            "be",
            "able",
            "to",
            "handle",
            "lw",
            ",",
            "which",
            "takes",
            "5",
            "ns",
            "o",
            "add",
            "also",
            "takes",
            "5",
            "ns",
            "when",
            "it",
            "could",
            "have",
            "been",
            "done",
            "in",
            "4",
            "ns",
            "Q",
            ")",
            "If",
            "lw",
            "is",
            "1",
            "%",
            "and",
            "add",
            "is",
            "99",
            "%",
            "of",
            "instruction",
            "mix",
            ",",
            "what",
            "is",
            "the",
            "average",
            "instruction",
            "execution",
            "time",
            "?",
            "A",
            ")",
            "Still",
            "5",
            "ns",
            "!",
            "Even",
            "if",
            "lw",
            "is",
            "only",
            "1",
            "%",
            "of",
            "instructions",
            "!",
            "27"
        ],
        "labels": [
            "O",
            "B",
            "I",
            "I",
            "I",
            "I",
            "O",
            "O",
            "O",
            "O",
            "O",
            "O",
            "B",
            "O",
            "O",
            "O",
            "O",
            "O",
            "O",
            "O",
            "O",
            "O",
            "O",
            "O",
            "O",
            "O",
            "O",
            "O",
            "O",
            "O",
            "O",
            "O",
            "O",
            "O",
            "O",
            "O",
            "O",
            "O",
            "O",
            "O",
            "O",
            "O",
            "O",
            "O",
            "O",
            "O",
            "O",
            "O",
            "O",
            "O",
            "O",
            "O",
            "O",
            "O",
            "O",
            "O",
            "O",
            "O",
            "O",
            "O",
            "O",
            "O",
            "O",
            "B",
            "O",
            "O",
            "O",
            "O",
            "O",
            "O",
            "O",
            "O",
            "O",
            "O",
            "O",
            "O",
            "O",
            "O",
            "O",
            "O",
            "O",
            "O",
            "O",
            "O",
            "O",
            "O",
            "O",
            "B",
            "O",
            "O",
            "O",
            "O",
            "O",
            "O",
            "O",
            "O",
            "O",
            "O",
            "O",
            "O",
            "O",
            "O",
            "O",
            "O",
            "O",
            "O",
            "O",
            "O",
            "O",
            "O",
            "O",
            "O",
            "O",
            "O",
            "O",
            "O",
            "B",
            "O",
            "O",
            "O",
            "O",
            "O",
            "O",
            "O",
            "O"
        ]
    },
    {
        "words": [
            "A",
            "Multi-cycle",
            "Implementation",
            "\u25cf",
            "It",
            "takes",
            "one",
            "cycle",
            "for",
            "each",
            "phase",
            "through",
            "the",
            "use",
            "of",
            "internal",
            "latches",
            "IF",
            "ID",
            "EX",
            "MEM",
            "Ins",
            ".",
            "Decoder",
            "Register",
            "Memory",
            "Memory",
            "File",
            "ALU",
            "WB",
            "28"
        ],
        "labels": [
            "O",
            "B",
            "I",
            "O",
            "O",
            "O",
            "O",
            "O",
            "O",
            "O",
            "O",
            "O",
            "O",
            "O",
            "O",
            "O",
            "O",
            "O",
            "O",
            "O",
            "O",
            "O",
            "O",
            "B",
            "O",
            "B",
            "B",
            "O",
            "B",
            "O",
            "O"
        ]
    },
    {
        "words": [
            "A",
            "Multi-cycle",
            "Implementation",
            "is",
            "Faster",
            "!",
            "\u25cf",
            "Now",
            "each",
            "instruction",
            "takes",
            "different",
            "number",
            "of",
            "cycles",
            "to",
            "complete",
            "o",
            "lw",
            "takes",
            "5",
            "cycles",
            ":",
            "IF/ID/EX/MEM/WB",
            "o",
            "add",
            "takes",
            "4",
            "cycles",
            ":",
            "IF/ID/EX/WB",
            "\u25cf",
            "If",
            "each",
            "phase",
            "takes",
            "1",
            "ns",
            "as",
            "before",
            ":",
            "o",
            "lw",
            "takes",
            "5",
            "ns",
            "and",
            "add",
            "takes",
            "4",
            "ns",
            "Q",
            ")",
            "If",
            "lw",
            "is",
            "1",
            "%",
            "and",
            "add",
            "is",
            "99",
            "%",
            "of",
            "instruction",
            "mix",
            ",",
            "what",
            "is",
            "the",
            "average",
            "instruction",
            "execution",
            "time",
            "?",
            "A",
            ")",
            "0.01",
            "*",
            "5",
            "ns",
            "+",
            "0.99",
            "*",
            "4",
            "ns",
            "=",
            "4.01",
            "ns",
            "(",
            "25",
            "%",
            "faster",
            "than",
            "single",
            "cycle",
            ")",
            "*",
            "Caveat",
            ":",
            "delay",
            "due",
            "to",
            "the",
            "added",
            "latches",
            "not",
            "shown",
            ",",
            "but",
            "net",
            "win",
            "29"
        ],
        "labels": [
            "B",
            "B",
            "I",
            "O",
            "O",
            "O",
            "O",
            "O",
            "O",
            "O",
            "O",
            "O",
            "O",
            "O",
            "O",
            "O",
            "O",
            "O",
            "B",
            "O",
            "O",
            "O",
            "O",
            "O",
            "O",
            "O",
            "O",
            "O",
            "O",
            "O",
            "O",
            "O",
            "O",
            "O",
            "O",
            "O",
            "O",
            "O",
            "O",
            "O",
            "O",
            "O",
            "B",
            "O",
            "O",
            "O",
            "O",
            "O",
            "O",
            "O",
            "O",
            "O",
            "O",
            "O",
            "B",
            "O",
            "O",
            "O",
            "O",
            "O",
            "O",
            "O",
            "O",
            "O",
            "O",
            "O",
            "O",
            "O",
            "O",
            "O",
            "O",
            "O",
            "O",
            "O",
            "O",
            "O",
            "O",
            "O",
            "O",
            "O",
            "O",
            "O",
            "O",
            "O",
            "O",
            "O",
            "O",
            "O",
            "O",
            "O",
            "O",
            "O",
            "O",
            "O",
            "O",
            "O",
            "O",
            "O",
            "O",
            "O",
            "O",
            "O",
            "O",
            "O",
            "O",
            "O",
            "O",
            "O",
            "O",
            "O",
            "O",
            "O",
            "O"
        ]
    },
    {
        "words": [
            "And",
            "we",
            "can",
            "do",
            "even",
            "better",
            "!",
            "\u25cf",
            "Did",
            "you",
            "notice",
            "?",
            "o",
            "When",
            "an",
            "instruction",
            "is",
            "on",
            "a",
            "particular",
            "phase",
            "(",
            "e.g",
            ".",
            "IF",
            ")",
            "\u2026",
            "o",
            "\u2026",
            "other",
            "phases",
            "(",
            "ID/EX/MEM/WB",
            ")",
            "are",
            "not",
            "doing",
            "any",
            "work",
            "!",
            "\u25cf",
            "Our",
            "CPU",
            "is",
            "getting",
            "chronically",
            "underutilized",
            "!",
            "o",
            "If",
            "CPU",
            "is",
            "a",
            "factory",
            ",",
            "80",
            "%",
            "(",
            "4/5",
            ")",
            "of",
            "the",
            "workers",
            "are",
            "idling",
            "!",
            "\u25cf",
            "Car",
            "factories",
            "create",
            "an",
            "assembly",
            "line",
            "to",
            "solve",
            "this",
            "problem",
            "o",
            "No",
            "need",
            "to",
            "wait",
            "until",
            "a",
            "car",
            "is",
            "finished",
            "before",
            "starting",
            "on",
            "next",
            "one",
            "o",
            "Our",
            "CPU",
            "is",
            "going",
            "to",
            "use",
            "a",
            "pipeline",
            "(",
            "similar",
            "concept",
            ")",
            "30"
        ],
        "labels": [
            "O",
            "O",
            "O",
            "O",
            "O",
            "O",
            "O",
            "O",
            "O",
            "O",
            "O",
            "O",
            "O",
            "O",
            "O",
            "O",
            "O",
            "O",
            "O",
            "O",
            "O",
            "O",
            "O",
            "O",
            "O",
            "O",
            "O",
            "O",
            "O",
            "O",
            "O",
            "O",
            "O",
            "O",
            "O",
            "O",
            "O",
            "O",
            "O",
            "O",
            "O",
            "O",
            "O",
            "O",
            "O",
            "O",
            "O",
            "O",
            "O",
            "O",
            "O",
            "O",
            "O",
            "O",
            "O",
            "O",
            "O",
            "O",
            "O",
            "O",
            "O",
            "O",
            "O",
            "O",
            "O",
            "O",
            "O",
            "O",
            "O",
            "O",
            "O",
            "O",
            "O",
            "O",
            "O",
            "O",
            "O",
            "O",
            "O",
            "O",
            "O",
            "O",
            "O",
            "O",
            "O",
            "O",
            "O",
            "O",
            "O",
            "O",
            "O",
            "O",
            "O",
            "O",
            "O",
            "O",
            "O",
            "O",
            "O",
            "O",
            "O",
            "O",
            "O",
            "O",
            "O",
            "O"
        ]
    }
]