[
    {
        "words": [
            "CS",
            "1541",
            "Introduction",
            "Technology",
            "Advances",
            "Wonsun",
            "Ahn",
            "Department",
            "of",
            "Computer",
            "Science",
            "School",
            "of",
            "Computing",
            "and",
            "Information"
        ],
        "labels": [
            "O",
            "O",
            "O",
            "B",
            "I",
            "O",
            "O",
            "O",
            "O",
            "O",
            "O",
            "O",
            "O",
            "O",
            "O",
            "O"
        ]
    },
    {
        "words": [
            "Technology",
            "Advances",
            "Advances",
            "in",
            "Technology",
            "\u25fc",
            "Technology",
            "has",
            "been",
            "advancing",
            "at",
            "lightning",
            "speed",
            "\u25fc",
            "Architecture",
            "and",
            "IT",
            "as",
            "a",
            "whole",
            "were",
            "beneficiaries",
            "\u25fc",
            "Technology",
            "advance",
            "is",
            "summarized",
            "by",
            "Moore",
            "\u2019",
            "s",
            "Law",
            "\u26ab",
            "You",
            "probably",
            "heard",
            "of",
            "it",
            "at",
            "some",
            "point",
            ".",
            "Something",
            "about",
            "\u2026",
            "\u26ab",
            "\u201c",
            "X",
            "doubles",
            "every",
            "18-24",
            "months",
            "at",
            "constant",
            "cost",
            "\u201d",
            "\u25fc",
            "Is",
            "X",
            ":",
            "\u26ab",
            "CPU",
            "performance",
            "?",
            "\u26ab",
            "CPU",
            "clock",
            "frequency",
            "?",
            "\u26ab",
            "Transistors",
            "per",
            "CPU",
            "chip",
            "?",
            "\u26ab",
            "Area",
            "of",
            "CPU",
            "chip",
            "?"
        ],
        "labels": [
            "B",
            "I",
            "O",
            "O",
            "O",
            "O",
            "O",
            "O",
            "O",
            "O",
            "O",
            "O",
            "O",
            "O",
            "B",
            "O",
            "B",
            "O",
            "O",
            "O",
            "O",
            "O",
            "O",
            "O",
            "O",
            "O",
            "O",
            "O",
            "B",
            "I",
            "I",
            "I",
            "O",
            "O",
            "O",
            "O",
            "O",
            "O",
            "O",
            "O",
            "O",
            "O",
            "O",
            "O",
            "O",
            "O",
            "O",
            "O",
            "O",
            "O",
            "O",
            "O",
            "O",
            "O",
            "O",
            "O",
            "O",
            "O",
            "O",
            "O",
            "O",
            "B",
            "I",
            "O",
            "O",
            "B",
            "I",
            "I",
            "O",
            "O",
            "B",
            "I",
            "I",
            "I",
            "O",
            "O",
            "B",
            "I",
            "I",
            "I",
            "O"
        ]
    },
    {
        "words": [
            "Moore",
            "\u2019",
            "s",
            "Law",
            "2X",
            "transistors",
            "every",
            "2",
            "years",
            "!"
        ],
        "labels": [
            "B",
            "I",
            "I",
            "I",
            "O",
            "O",
            "O",
            "O",
            "O",
            "O"
        ]
    },
    {
        "words": [
            "Miniaturization",
            "of",
            "Transistors",
            "Data",
            "source",
            ":",
            "Radamson",
            ",",
            "H.H",
            ".",
            ";",
            "He",
            ",",
            "X.",
            ";",
            "Zhang",
            ",",
            "Q.",
            ";",
            "Liu",
            ",",
            "J.",
            ";",
            "Cui",
            ",",
            "H.",
            ";",
            "Xiang",
            ",",
            "J.",
            ";",
            "Kong",
            ",",
            "Z.",
            ";",
            "Xiong",
            ",",
            "W.",
            ";",
            "Li",
            ",",
            "J.",
            ";",
            "Gao",
            ",",
            "J.",
            ";",
            "Yang",
            ",",
            "H.",
            ";",
            "Gu",
            ",",
            "S.",
            ";",
            "Zhao",
            ",",
            "X.",
            ";",
            "Du",
            ",",
            "Y.",
            ";",
            "Yu",
            ",",
            "J.",
            ";",
            "Wang",
            ",",
            "G.",
            "Miniaturization",
            "of",
            "CMOS",
            ".",
            "Micromachines",
            "2019",
            ",",
            "10",
            ",",
            "293",
            ".",
            "\u25fc",
            "Moore",
            "\u2019",
            "s",
            "Law",
            "has",
            "been",
            "driven",
            "by",
            "transistor",
            "miniaturization",
            "\u26ab",
            "CPU",
            "chip",
            "area",
            "hasn",
            "\u2019",
            "t",
            "changed",
            "much"
        ],
        "labels": [
            "B",
            "I",
            "B",
            "O",
            "O",
            "O",
            "O",
            "O",
            "O",
            "O",
            "O",
            "O",
            "O",
            "O",
            "O",
            "O",
            "O",
            "O",
            "O",
            "O",
            "O",
            "O",
            "O",
            "O",
            "O",
            "O",
            "O",
            "O",
            "O",
            "O",
            "O",
            "O",
            "O",
            "O",
            "O",
            "O",
            "O",
            "O",
            "O",
            "O",
            "O",
            "O",
            "O",
            "O",
            "O",
            "O",
            "O",
            "O",
            "O",
            "O",
            "O",
            "O",
            "O",
            "O",
            "O",
            "O",
            "O",
            "O",
            "O",
            "O",
            "O",
            "O",
            "O",
            "O",
            "O",
            "O",
            "O",
            "O",
            "O",
            "O",
            "O",
            "O",
            "O",
            "O",
            "O",
            "O",
            "O",
            "O",
            "O",
            "O",
            "O",
            "O",
            "B",
            "I",
            "I",
            "I",
            "O",
            "O",
            "O",
            "O",
            "O",
            "O",
            "O",
            "O",
            "O",
            "O",
            "O",
            "O",
            "O",
            "O",
            "O"
        ]
    },
    {
        "words": [
            "Future",
            "of",
            "Moore",
            "\u2019",
            "s",
            "Law",
            "\u25fc",
            "The",
            "semiconductor",
            "industry",
            "has",
            "produced",
            "roadmaps",
            "\u26ab",
            "Semiconductor",
            "Industry",
            "Association",
            "(",
            "SIA",
            ")",
            ":",
            "1977~1997",
            "\u26ab",
            "International",
            "Technology",
            "Roadmap",
            "for",
            "Semiconductors",
            "(",
            "ITRS",
            ")",
            ":",
            "1998~2016",
            "\u26ab",
            "International",
            "Roadmap",
            "for",
            "Devices",
            "and",
            "Systems",
            "(",
            "IRDS",
            ")",
            ":",
            "2017~Present",
            "\u25fc",
            "IRDS",
            "Lithography",
            "Projection",
            "(",
            "2020",
            ")",
            "Year",
            "of",
            "Production",
            "2018",
            "2020",
            "2022",
            "2025",
            "2028",
            "2031",
            "2034",
            "Technology",
            "Node",
            "(",
            "nm",
            ")",
            "7",
            "5",
            "3",
            "2.1",
            "1.5",
            "1.0",
            "0.7",
            "\u26ab",
            "Looks",
            "like",
            "Moore",
            "\u2019",
            "s",
            "Law",
            "will",
            "continue",
            "into",
            "foreseeable",
            "future",
            "\u26ab",
            "IRDS",
            "does",
            "not",
            "project",
            "significant",
            "increase",
            "in",
            "CPU",
            "chip",
            "size",
            "\u26ab",
            "Increases",
            "in",
            "transistors",
            "will",
            "come",
            "from",
            "transistor",
            "density"
        ],
        "labels": [
            "O",
            "O",
            "B",
            "I",
            "I",
            "I",
            "O",
            "O",
            "O",
            "O",
            "O",
            "O",
            "O",
            "O",
            "B",
            "I",
            "I",
            "O",
            "O",
            "O",
            "O",
            "O",
            "O",
            "B",
            "I",
            "I",
            "I",
            "I",
            "O",
            "B",
            "O",
            "O",
            "O",
            "O",
            "B",
            "I",
            "I",
            "I",
            "I",
            "I",
            "O",
            "B",
            "O",
            "O",
            "O",
            "O",
            "B",
            "I",
            "I",
            "O",
            "O",
            "O",
            "O",
            "O",
            "O",
            "O",
            "O",
            "O",
            "O",
            "O",
            "O",
            "O",
            "O",
            "O",
            "O",
            "O",
            "O",
            "O",
            "O",
            "O",
            "O",
            "O",
            "O",
            "O",
            "O",
            "O",
            "O",
            "B",
            "I",
            "I",
            "I",
            "O",
            "O",
            "O",
            "O",
            "O",
            "O",
            "B",
            "O",
            "O",
            "O",
            "O",
            "O",
            "O",
            "B",
            "I",
            "I",
            "O",
            "O",
            "O",
            "O",
            "O",
            "O",
            "O",
            "O",
            "O"
        ]
    },
    {
        "words": [
            "IRDS",
            "isn",
            "\u2019",
            "t",
            "Perfect",
            "\u25fc",
            "ITRS",
            "(",
            "predecessor",
            "of",
            "IRDS",
            ")",
            "has",
            "made",
            "corrections",
            "before",
            "\u26ab",
            "After",
            "all",
            ",",
            "you",
            "are",
            "trying",
            "to",
            "predict",
            "the",
            "future",
            "\u26ab",
            "But",
            "architects",
            "rely",
            "on",
            "the",
            "roadmap",
            "to",
            "design",
            "future",
            "processors"
        ],
        "labels": [
            "B",
            "O",
            "O",
            "O",
            "O",
            "O",
            "B",
            "O",
            "O",
            "O",
            "B",
            "O",
            "O",
            "O",
            "O",
            "O",
            "O",
            "O",
            "O",
            "O",
            "O",
            "O",
            "O",
            "O",
            "O",
            "O",
            "O",
            "O",
            "O",
            "O",
            "O",
            "O",
            "O",
            "O",
            "O",
            "O",
            "O",
            "O"
        ]
    },
    {
        "words": [
            "Moore",
            "\u2019",
            "s",
            "Law",
            "and",
            "Performance",
            "\u25fc",
            "Million-dollar",
            "question",
            ":",
            "Did",
            "Moore",
            "\u2019",
            "s",
            "Law",
            "result",
            "in",
            "higher",
            "performance",
            "CPUs",
            "?",
            "\u25fc",
            "We",
            "will",
            "do",
            "a",
            "Zoom",
            "breakout",
            "room",
            "session",
            "1",
            ".",
            "Get",
            "to",
            "know",
            "each",
            "other",
            "(",
            "5",
            "mins",
            ")",
            ":",
            "\u26ab",
            "Introduce",
            "yourself",
            "and",
            "say",
            "one",
            "fun",
            "thing",
            "you",
            "did",
            "over",
            "winter",
            "2",
            ".",
            "And",
            "then",
            "answer",
            "the",
            "following",
            "questions",
            "(",
            "5",
            "mins",
            ")",
            ":",
            "\u26ab",
            "When",
            "you",
            "decide",
            "on",
            "a",
            "CPU",
            "for",
            "your",
            "laptop",
            ",",
            "what",
            "number",
            "(",
            "s",
            ")",
            "do",
            "you",
            "look",
            "at",
            "to",
            "measure",
            "how",
            "fast",
            "the",
            "CPU",
            "is",
            "?",
            "\u26ab",
            "Are",
            "CPUs",
            "getting",
            "faster",
            "using",
            "that",
            "measure",
            "?",
            "3",
            ".",
            "After",
            "10",
            "minutes",
            ",",
            "we",
            "will",
            "share",
            "discussions",
            "with",
            "class"
        ],
        "labels": [
            "B",
            "I",
            "I",
            "I",
            "I",
            "I",
            "O",
            "O",
            "O",
            "O",
            "O",
            "B",
            "I",
            "I",
            "I",
            "O",
            "O",
            "O",
            "O",
            "B",
            "O",
            "O",
            "O",
            "O",
            "O",
            "O",
            "B",
            "I",
            "I",
            "I",
            "O",
            "O",
            "O",
            "O",
            "O",
            "O",
            "O",
            "O",
            "O",
            "O",
            "O",
            "O",
            "O",
            "O",
            "O",
            "O",
            "O",
            "O",
            "O",
            "O",
            "O",
            "O",
            "O",
            "O",
            "O",
            "O",
            "O",
            "O",
            "O",
            "O",
            "O",
            "O",
            "O",
            "O",
            "O",
            "O",
            "O",
            "O",
            "O",
            "O",
            "O",
            "O",
            "O",
            "O",
            "O",
            "O",
            "O",
            "O",
            "O",
            "O",
            "O",
            "O",
            "O",
            "O",
            "O",
            "O",
            "O",
            "O",
            "O",
            "O",
            "O",
            "O",
            "O",
            "O",
            "O",
            "O",
            "O",
            "B",
            "O",
            "O",
            "O",
            "O",
            "O",
            "O",
            "O",
            "O",
            "O",
            "O",
            "O",
            "O",
            "O",
            "O",
            "O",
            "O",
            "O",
            "O"
        ]
    },
    {
        "words": [
            "Are",
            "CPUs",
            "getting",
            "Faster",
            "?",
            "Measure",
            "of",
            "Performance",
            "Is",
            "it",
            "Getting",
            "Better",
            "?",
            "Response",
            "time",
            "(",
            "for",
            "an",
            "app",
            ")",
            "Depends",
            "(",
            "generally",
            "increasing",
            ")",
            "Number",
            "of",
            "cores",
            "Generally",
            "upwards",
            "trajectory",
            "Power",
            "draw",
            "/",
            "Thermals",
            "Getting",
            "lower",
            "Clock",
            "speed",
            "Same",
            "Cache",
            "size",
            "Increasing"
        ],
        "labels": [
            "O",
            "B",
            "O",
            "O",
            "O",
            "B",
            "I",
            "I",
            "O",
            "O",
            "O",
            "O",
            "O",
            "B",
            "I",
            "O",
            "O",
            "O",
            "O",
            "O",
            "O",
            "O",
            "O",
            "O",
            "O",
            "B",
            "I",
            "I",
            "O",
            "O",
            "O",
            "B",
            "I",
            "O",
            "B",
            "O",
            "O",
            "B",
            "I",
            "O",
            "B",
            "I",
            "O"
        ]
    },
    {
        "words": [
            "Components",
            "of",
            "Execution",
            "Time",
            "\u25fc",
            "Processor",
            "activity",
            "happens",
            "on",
            "clock",
            "\u201c",
            "ticks",
            "\u201d",
            "or",
            "cycles",
            "time",
            "\u26ab",
            "On",
            "each",
            "tick",
            ",",
            "bits",
            "flow",
            "through",
            "logic",
            "gates",
            "and",
            "are",
            "latched",
            "seconds",
            "\u25fc",
            "Execution",
            "time",
            "=",
            "program",
            "seconds",
            "cycles",
            "seconds",
            "=",
            "X",
            "program",
            "program",
            "cycle",
            "=",
            "instructions",
            "X",
            "cycles",
            "seconds",
            "program",
            "X",
            "instruction",
            "cycle"
        ],
        "labels": [
            "B",
            "I",
            "B",
            "I",
            "O",
            "B",
            "I",
            "O",
            "O",
            "O",
            "O",
            "O",
            "O",
            "O",
            "O",
            "O",
            "O",
            "O",
            "O",
            "O",
            "O",
            "O",
            "O",
            "O",
            "O",
            "O",
            "O",
            "O",
            "O",
            "O",
            "O",
            "B",
            "I",
            "O",
            "O",
            "O",
            "O",
            "O",
            "O",
            "O",
            "O",
            "O",
            "O",
            "O",
            "O",
            "O",
            "O",
            "O",
            "O",
            "O",
            "O",
            "O"
        ]
    },
    {
        "words": [
            "Improving",
            "Execution",
            "Time",
            "instructions",
            "cycles",
            "seconds",
            "program",
            "X",
            "X",
            "instruction",
            "cycle",
            "seconds",
            "\u25fc",
            "Improving",
            "cycle",
            ":",
            "cycles",
            "seconds",
            "\u26ab",
            "Clock",
            "frequency",
            "=",
            "=",
            "reverse",
            "of",
            "second",
            "cycle",
            "\u26ab",
            "Higher",
            "clock",
            "frequency",
            "(",
            "GHz",
            ")",
            "leads",
            "to",
            "shorter",
            "exec",
            "time",
            "cycles",
            "\u25fc",
            "Improving",
            "instruction",
            ":",
            "\u26ab",
            "Also",
            "known",
            "as",
            "CPI",
            "(",
            "Cycles",
            "Per",
            "Instruction",
            ")",
            "instructions",
            "cycles",
            "\u26ab",
            "IPC",
            "(",
            "Instructions",
            "Per",
            "Cycle",
            ")",
            "=",
            "=",
            "reverse",
            "of",
            "cycles",
            "instructions",
            "\u26ab",
            "Higher",
            "IPC",
            "leads",
            "to",
            "shorter",
            "execution",
            "time",
            "instructions",
            "\u25fc",
            "Improving",
            "program",
            ":",
            "\u26ab",
            "Less",
            "instructions",
            "leads",
            "to",
            "shorter",
            "execution",
            "time",
            "\u26ab",
            "ISAs",
            "that",
            "do",
            "a",
            "lot",
            "of",
            "work",
            "with",
            "one",
            "instruction",
            "shortens",
            "time"
        ],
        "labels": [
            "B",
            "B",
            "I",
            "O",
            "O",
            "O",
            "O",
            "O",
            "O",
            "O",
            "O",
            "O",
            "O",
            "O",
            "O",
            "O",
            "O",
            "O",
            "O",
            "B",
            "I",
            "O",
            "O",
            "O",
            "O",
            "O",
            "O",
            "O",
            "B",
            "I",
            "I",
            "O",
            "O",
            "O",
            "O",
            "O",
            "O",
            "O",
            "O",
            "O",
            "O",
            "O",
            "O",
            "O",
            "O",
            "O",
            "O",
            "O",
            "B",
            "O",
            "O",
            "O",
            "O",
            "O",
            "O",
            "O",
            "O",
            "B",
            "O",
            "O",
            "O",
            "O",
            "O",
            "O",
            "O",
            "O",
            "O",
            "O",
            "O",
            "O",
            "O",
            "B",
            "O",
            "O",
            "O",
            "O",
            "O",
            "O",
            "O",
            "O",
            "O",
            "O",
            "O",
            "O",
            "O",
            "O",
            "O",
            "O",
            "O",
            "O",
            "O",
            "B",
            "O",
            "O",
            "O",
            "O",
            "O",
            "O",
            "O",
            "O",
            "O",
            "O",
            "O"
        ]
    },
    {
        "words": [
            "Moore",
            "\u2019",
            "s",
            "Law",
            "and",
            "Performance",
            "\u25fc",
            "Million-dollar",
            "question",
            ":",
            "Did",
            "Moore",
            "\u2019",
            "s",
            "Law",
            "result",
            "in",
            "higher",
            "performance",
            "CPUs",
            "?",
            "\u25fc",
            "Law",
            "impacts",
            "both",
            "architecture",
            "and",
            "physical",
            "layers",
            "Instruction",
            "Set",
            "Architecture",
            "Computer",
            "Processor",
            "Organization",
            "Architecture",
            "Transistor",
            "Implementation",
            "Physical",
            "Layer",
            "\u26ab",
            "Processor",
            "Organization",
            ":",
            "many",
            "more",
            "transistors",
            "to",
            "use",
            "in",
            "design",
            "\u26ab",
            "Transistor",
            "Implementation",
            ":",
            "smaller",
            ",",
            "more",
            "efficient",
            "transistors"
        ],
        "labels": [
            "B",
            "I",
            "I",
            "I",
            "I",
            "I",
            "O",
            "O",
            "O",
            "O",
            "O",
            "B",
            "I",
            "I",
            "I",
            "O",
            "O",
            "O",
            "O",
            "B",
            "O",
            "O",
            "O",
            "O",
            "O",
            "O",
            "O",
            "O",
            "O",
            "B",
            "I",
            "B",
            "O",
            "B",
            "I",
            "B",
            "B",
            "I",
            "B",
            "I",
            "O",
            "B",
            "I",
            "O",
            "O",
            "O",
            "O",
            "O",
            "O",
            "O",
            "O",
            "O",
            "B",
            "I",
            "O",
            "O",
            "O",
            "O",
            "O",
            "O"
        ]
    },
    {
        "words": [
            "Moore",
            "\u2019",
            "s",
            "Law",
            "Impact",
            "on",
            "Architecture",
            "\u25fc",
            "So",
            "where",
            "did",
            "architects",
            "use",
            "all",
            "those",
            "transistors",
            "?",
            "\u25fc",
            "Well",
            ",",
            "we",
            "will",
            "learn",
            "this",
            "throughout",
            "the",
            "semester",
            "\u263a",
            "\u26ab",
            "Pipelining",
            "\u26ab",
            "Parallel",
            "execution",
            "\u26ab",
            "Prediction",
            "of",
            "values",
            "\u26ab",
            "Speculative",
            "execution",
            "\u26ab",
            "Memory",
            "caching",
            "\u26ab",
            "In",
            "short",
            ",",
            "they",
            "were",
            "used",
            "to",
            "improve",
            "frequency",
            "or",
            "IPC",
            "\u25fc",
            "Let",
            "\u2019",
            "s",
            "go",
            "on",
            "to",
            "impact",
            "on",
            "the",
            "physical",
            "layer",
            "for",
            "now"
        ],
        "labels": [
            "B",
            "I",
            "I",
            "I",
            "I",
            "I",
            "B",
            "O",
            "O",
            "O",
            "O",
            "O",
            "O",
            "O",
            "O",
            "O",
            "O",
            "O",
            "O",
            "O",
            "O",
            "O",
            "O",
            "O",
            "O",
            "O",
            "O",
            "O",
            "O",
            "B",
            "O",
            "B",
            "I",
            "O",
            "B",
            "I",
            "I",
            "O",
            "B",
            "I",
            "O",
            "B",
            "I",
            "O",
            "O",
            "O",
            "O",
            "O",
            "O",
            "O",
            "O",
            "O",
            "O",
            "O",
            "B",
            "O",
            "O",
            "O",
            "O",
            "O",
            "O",
            "O",
            "O",
            "O",
            "O",
            "O",
            "O",
            "O",
            "O"
        ]
    },
    {
        "words": [
            "Moore",
            "\u2019",
            "s",
            "Law",
            "Impact",
            "on",
            "Physical",
            "Layer",
            "\u25fc",
            "CPU",
            "frequency",
            "is",
            "also",
            "impacted",
            "by",
            "transistor",
            "speed",
            "\u26ab",
            "As",
            "well",
            "as",
            "how",
            "many",
            "transistors",
            "are",
            "in",
            "between",
            "clock",
            "ticks",
            "(",
            "which",
            "is",
            "determined",
            "by",
            "processor",
            "organization",
            ")",
            "\u25fc",
            "So",
            "did",
            "Moore",
            "\u2019",
            "s",
            "Law",
            "result",
            "in",
            "faster",
            "transistors",
            "?",
            "\u26ab",
            "In",
            "other",
            "words",
            ",",
            "are",
            "smaller",
            "transistors",
            "faster",
            "?"
        ],
        "labels": [
            "B",
            "I",
            "I",
            "I",
            "O",
            "O",
            "B",
            "I",
            "O",
            "B",
            "I",
            "O",
            "O",
            "O",
            "O",
            "O",
            "O",
            "O",
            "O",
            "O",
            "O",
            "O",
            "O",
            "O",
            "O",
            "O",
            "O",
            "O",
            "O",
            "O",
            "O",
            "O",
            "O",
            "O",
            "O",
            "O",
            "O",
            "O",
            "O",
            "O",
            "B",
            "I",
            "I",
            "I",
            "O",
            "O",
            "O",
            "O",
            "O",
            "O",
            "O",
            "O",
            "O",
            "O",
            "O",
            "O",
            "O",
            "O",
            "O"
        ]
    },
    {
        "words": [
            "Speed",
            "of",
            "Transistors",
            "\u25fc",
            "Transistor",
            "101",
            ":",
            "Transistors",
            "are",
            "like",
            "faucets",
            "!",
            "\u25fc",
            "To",
            "make",
            "a",
            "transistor",
            "go",
            "fast",
            ",",
            "do",
            "one",
            "of",
            "the",
            "following",
            ":",
            "\u26ab",
            "Reduce",
            "distance",
            "from",
            "source",
            "to",
            "sink",
            "(",
            "channel",
            "length",
            ")",
            "\uf0f2",
            "\u26ab",
            "Reduce",
            "bucket",
            "size",
            "(",
            "capacitance",
            ")",
            "\uf0f2",
            "\u26ab",
            "Increase",
            "water",
            "pressure",
            "(",
            "supply",
            "voltage",
            ")",
            "\uf0f1"
        ],
        "labels": [
            "B",
            "I",
            "B",
            "O",
            "O",
            "O",
            "O",
            "B",
            "O",
            "O",
            "O",
            "O",
            "O",
            "O",
            "O",
            "O",
            "O",
            "O",
            "O",
            "O",
            "O",
            "O",
            "O",
            "O",
            "O",
            "O",
            "O",
            "O",
            "O",
            "O",
            "O",
            "O",
            "O",
            "O",
            "O",
            "O",
            "O",
            "O",
            "O",
            "O",
            "O",
            "O",
            "O",
            "O",
            "O",
            "O",
            "O",
            "O",
            "O",
            "O",
            "O",
            "O",
            "O",
            "O",
            "O"
        ]
    },
    {
        "words": [
            "Smaller",
            "Transistors",
            "are",
            "Faster",
            "!",
            "\u25fc",
            "Transistor",
            "101",
            ":",
            "Transistors",
            "are",
            "like",
            "faucets",
            "!",
            "\u25fc",
            "When",
            "a",
            "transistor",
            "gets",
            "smaller",
            ":",
            "\u26ab",
            "Channel",
            "length",
            "(",
            "channel",
            "resistance",
            ")",
            "is",
            "reduced",
            "\uf0f2",
            "\u26ab",
            "Capacitance",
            "is",
            "reduced",
            "\uf0f2",
            "\u25fc",
            "So",
            ",",
            "given",
            "the",
            "same",
            "supply",
            "voltage",
            ",",
            "smaller",
            "is",
            "faster",
            "!",
            "\u25fc",
            "So",
            ",",
            "did",
            "Moore",
            "\u2019",
            "s",
            "Law",
            "enjoy",
            "faster",
            "and",
            "faster",
            "frequencies",
            "?"
        ],
        "labels": [
            "O",
            "B",
            "O",
            "O",
            "O",
            "O",
            "O",
            "O",
            "O",
            "B",
            "O",
            "O",
            "O",
            "O",
            "O",
            "O",
            "O",
            "O",
            "O",
            "O",
            "O",
            "O",
            "O",
            "O",
            "O",
            "O",
            "O",
            "O",
            "O",
            "O",
            "O",
            "O",
            "B",
            "O",
            "O",
            "O",
            "O",
            "O",
            "O",
            "O",
            "O",
            "O",
            "O",
            "O",
            "O",
            "O",
            "O",
            "O",
            "O",
            "O",
            "O",
            "O",
            "O",
            "B",
            "I",
            "I",
            "I",
            "O",
            "O",
            "O",
            "O",
            "O",
            "O"
        ]
    },
    {
        "words": [
            "Yes",
            ",",
            "for",
            "a",
            "while",
            "\u2026",
            "Exponential",
            "increase",
            "!",
            "Source",
            ":",
            "Computer",
            "Architecture",
            ",",
            "A",
            "Quantitative",
            "Approach",
            "(",
            "6th",
            "ed",
            ".",
            ")",
            "by",
            "John",
            "Hennessy",
            "and",
            "David",
            "Patterson",
            ",",
            "2017",
            "\u25fc",
            "Improvements",
            "in",
            "large",
            "part",
            "due",
            "to",
            "transistors",
            "\u26ab",
            "Processor",
            "design",
            "also",
            "contributed",
            "but",
            "we",
            "\u2019",
            "ll",
            "discuss",
            "later"
        ],
        "labels": [
            "O",
            "O",
            "O",
            "O",
            "O",
            "O",
            "O",
            "O",
            "O",
            "O",
            "O",
            "B",
            "B",
            "O",
            "O",
            "O",
            "O",
            "O",
            "O",
            "O",
            "O",
            "O",
            "O",
            "O",
            "O",
            "O",
            "O",
            "O",
            "O",
            "O",
            "O",
            "O",
            "O",
            "O",
            "O",
            "O",
            "O",
            "O",
            "O",
            "O",
            "O",
            "O",
            "O",
            "O",
            "O",
            "O",
            "O",
            "O",
            "O"
        ]
    },
    {
        "words": [
            "But",
            "not",
            "so",
            "much",
            "lately",
            "What",
            "happened",
            "?",
            "Source",
            ":",
            "Computer",
            "Architecture",
            ",",
            "A",
            "Quantitative",
            "Approach",
            "(",
            "6th",
            "ed",
            ".",
            ")",
            "by",
            "John",
            "Hennessy",
            "and",
            "David",
            "Patterson",
            ",",
            "2017",
            "\u25fc",
            "Suddenly",
            "around",
            "2003",
            ",",
            "frequency",
            "scaling",
            "stops"
        ],
        "labels": [
            "O",
            "O",
            "O",
            "O",
            "O",
            "O",
            "O",
            "O",
            "O",
            "O",
            "B",
            "B",
            "O",
            "O",
            "O",
            "O",
            "O",
            "O",
            "O",
            "O",
            "O",
            "O",
            "O",
            "O",
            "O",
            "O",
            "O",
            "O",
            "O",
            "O",
            "O",
            "O",
            "O",
            "O",
            "O",
            "O",
            "O"
        ]
    },
    {
        "words": [
            "Dent",
            "in",
            "CPU",
            "Performance",
            "Inflection",
            "Point",
            "Source",
            ":",
            "https",
            ":",
            "//preshing.com/20120208/",
            "a-look-back-at-single-threaded-cpu-performance/",
            "\u25fc",
            "This",
            "caused",
            "a",
            "big",
            "dent",
            "in",
            "CPU",
            "performance",
            "at",
            "2003",
            "\u25fc",
            "Improvements",
            "henceforth",
            "only",
            "came",
            "from",
            "architecture",
            "\u26ab",
            "From",
            "improvements",
            "to",
            "IPC",
            "(",
            "instructions",
            "per",
            "cycle",
            ")"
        ],
        "labels": [
            "B",
            "I",
            "B",
            "I",
            "B",
            "I",
            "O",
            "O",
            "O",
            "O",
            "O",
            "O",
            "O",
            "O",
            "O",
            "O",
            "O",
            "O",
            "O",
            "B",
            "I",
            "O",
            "O",
            "O",
            "O",
            "O",
            "O",
            "O",
            "O",
            "O",
            "O",
            "O",
            "O",
            "O",
            "B",
            "O",
            "O",
            "O",
            "O",
            "O"
        ]
    },
    {
        "words": [
            "So",
            "What",
            "Happened",
            "?",
            "TDP",
            ".",
            "\u25fc",
            "TDP",
            "(",
            "Thermal",
            "Design",
            "Power",
            ")",
            ":",
            "\u26ab",
            "Maximum",
            "power",
            "(",
            "heat",
            ")",
            "that",
            "CPU",
            "is",
            "designed",
            "to",
            "generate",
            "\u26ab",
            "Capped",
            "by",
            "the",
            "amount",
            "of",
            "heat",
            "cooling",
            "system",
            "can",
            "handle",
            "\u26ab",
            "Cooling",
            "system",
            "hasn",
            "\u2019",
            "t",
            "improved",
            "much",
            "over",
            "generations",
            "\u25fc",
            "CPU",
            "Power",
            "=",
            "A",
            "*",
            "N",
            "*",
            "CFV2",
            "must",
            "be",
            "<",
            "TDP",
            "\u26ab",
            "A",
            "=",
            "Activity",
            "factor",
            "(",
            "%",
            "of",
            "transistors",
            "with",
            "activity",
            ")",
            "\u26ab",
            "N",
            "=",
            "Number",
            "of",
            "transistors",
            "\u26ab",
            "C",
            "=",
            "Capacitance",
            "\u26ab",
            "F",
            "=",
            "Frequency",
            "\u26ab",
            "V",
            "=",
            "Supply",
            "Voltage",
            "\u25fc",
            "What",
            "happens",
            "to",
            "each",
            "factor",
            "with",
            "Moore",
            "\u2019",
            "s",
            "Law",
            "?"
        ],
        "labels": [
            "O",
            "O",
            "O",
            "O",
            "B",
            "O",
            "O",
            "B",
            "O",
            "B",
            "I",
            "I",
            "O",
            "O",
            "O",
            "O",
            "O",
            "O",
            "O",
            "O",
            "O",
            "O",
            "O",
            "O",
            "O",
            "O",
            "O",
            "O",
            "O",
            "O",
            "O",
            "O",
            "O",
            "O",
            "O",
            "O",
            "O",
            "O",
            "O",
            "O",
            "O",
            "O",
            "O",
            "O",
            "O",
            "O",
            "O",
            "O",
            "B",
            "I",
            "O",
            "O",
            "O",
            "O",
            "O",
            "O",
            "O",
            "O",
            "O",
            "B",
            "O",
            "O",
            "O",
            "B",
            "I",
            "O",
            "O",
            "O",
            "O",
            "O",
            "O",
            "O",
            "O",
            "O",
            "O",
            "B",
            "I",
            "I",
            "O",
            "O",
            "O",
            "B",
            "O",
            "O",
            "O",
            "B",
            "O",
            "O",
            "O",
            "B",
            "I",
            "O",
            "O",
            "O",
            "O",
            "O",
            "O",
            "O",
            "B",
            "I",
            "I",
            "I",
            "O"
        ]
    },
    {
        "words": [
            "TDP",
            "and",
            "Moore",
            "\u2019",
            "s",
            "Law",
            "\u25fc",
            "CPU",
            "Power",
            "\u221d",
            "A",
            "*",
            "N",
            "*",
            "CFV2",
            "with",
            "Moore",
            "\u2019",
            "s",
            "Law",
            "\u26ab",
            "A",
            "=",
            "Activity",
            "factor",
            "\u26ab",
            "N",
            "=",
            "Number",
            "of",
            "transistors",
            "(",
            "\u221d",
            "1/transistor",
            "size2",
            ")",
            "\uf0f1",
            "\uf0f1",
            "\u26ab",
            "C",
            "=",
            "Capacitance",
            "(",
            "\u221d",
            "transistor",
            "size",
            ")",
            "\uf0f2",
            "\u26ab",
            "F",
            "=",
            "CPU",
            "frequency",
            "(",
            "\u221d",
            "1/transistor",
            "size",
            ")",
            "\uf0f1",
            "\u26ab",
            "V",
            "=",
            "CPU",
            "Supply",
            "Voltage",
            "\u25fc",
            "Decrease",
            "in",
            "C",
            "can",
            "not",
            "offset",
            "increases",
            "in",
            "N",
            "and",
            "F",
            "\u26ab",
            "Power",
            "increases",
            "quadratically",
            "with",
            "reductions",
            "in",
            "transistor",
            "size",
            "\u26ab",
            "That",
            "means",
            "F",
            "(",
            "frequency",
            ")",
            "needs",
            "to",
            "be",
            "decreased",
            "to",
            "meet",
            "TDP",
            "Q",
            ")",
            "So",
            "how",
            "did",
            "CPU",
            "frequency",
            "keep",
            "increasing",
            "up",
            "to",
            "2003",
            "?",
            "A",
            ")",
            "By",
            "maintaining",
            "power",
            "through",
            "reductions",
            "in",
            "Voltage",
            "\uf0f2"
        ],
        "labels": [
            "B",
            "I",
            "B",
            "I",
            "I",
            "I",
            "O",
            "B",
            "I",
            "O",
            "O",
            "O",
            "O",
            "O",
            "O",
            "O",
            "B",
            "I",
            "I",
            "I",
            "O",
            "O",
            "O",
            "B",
            "I",
            "O",
            "O",
            "O",
            "B",
            "I",
            "I",
            "O",
            "O",
            "O",
            "O",
            "O",
            "O",
            "O",
            "O",
            "O",
            "O",
            "B",
            "O",
            "O",
            "O",
            "O",
            "O",
            "O",
            "O",
            "O",
            "O",
            "B",
            "I",
            "O",
            "O",
            "O",
            "O",
            "O",
            "O",
            "O",
            "O",
            "O",
            "O",
            "B",
            "I",
            "O",
            "O",
            "O",
            "O",
            "O",
            "O",
            "O",
            "O",
            "O",
            "O",
            "O",
            "O",
            "O",
            "O",
            "O",
            "O",
            "O",
            "O",
            "O",
            "O",
            "O",
            "O",
            "O",
            "O",
            "O",
            "O",
            "O",
            "O",
            "O",
            "O",
            "O",
            "O",
            "O",
            "O",
            "B",
            "O",
            "O",
            "O",
            "O",
            "O",
            "B",
            "I",
            "O",
            "O",
            "O",
            "O",
            "O",
            "O",
            "O",
            "O",
            "O",
            "O",
            "O",
            "O",
            "O",
            "O",
            "O",
            "O"
        ]
    },
    {
        "words": [
            "Dennard",
            "Scaling",
            "\u25fc",
            "By",
            "reducing",
            "CPU",
            "Supply",
            "Voltage",
            "\u221d",
            "transistor",
            "size",
            "\u25fc",
            "CPU",
            "Power",
            "\u221d",
            "A",
            "*",
            "N",
            "*",
            "CFV2",
            "with",
            "Moore",
            "\u2019",
            "s",
            "Law",
            "\u26ab",
            "A",
            "=",
            "Activity",
            "factor",
            "\u26ab",
            "N",
            "=",
            "Number",
            "of",
            "transistors",
            "(",
            "\u221d",
            "1/transistor",
            "size2",
            ")",
            "\uf0f1",
            "\uf0f1",
            "\u26ab",
            "C",
            "=",
            "Capacitance",
            "(",
            "\u221d",
            "transistor",
            "size",
            ")",
            "\uf0f2",
            "\u26ab",
            "F",
            "=",
            "CPU",
            "frequency",
            "(",
            "\u221d",
            "1/transistor",
            "size",
            ")",
            "\uf0f1",
            "\u26ab",
            "V",
            "=",
            "CPU",
            "Supply",
            "Voltage",
            "(",
            "\u221d",
            "transistor",
            "size",
            ")",
            "\uf0f2",
            "\uf0f2",
            "\u25fc",
            "Factors",
            "balance",
            "each",
            "other",
            "out",
            "to",
            "keep",
            "power",
            "constant",
            "\u26ab",
            "Note",
            "that",
            "reducing",
            "V",
            "(",
            "\u221d",
            "transistor",
            "size",
            ")",
            "has",
            "a",
            "quadratic",
            "effect",
            "\u25fc",
            "Dennard",
            "Scaling",
            ":",
            "Above",
            "recipe",
            "for",
            "scaling",
            "up",
            "frequency",
            ",",
            "while",
            "reducing",
            "supply",
            "voltage",
            "to",
            "keep",
            "power",
            "constant"
        ],
        "labels": [
            "B",
            "I",
            "O",
            "O",
            "O",
            "O",
            "B",
            "I",
            "O",
            "O",
            "O",
            "O",
            "B",
            "I",
            "O",
            "O",
            "O",
            "O",
            "O",
            "O",
            "O",
            "B",
            "I",
            "I",
            "I",
            "O",
            "O",
            "O",
            "B",
            "I",
            "O",
            "O",
            "O",
            "B",
            "I",
            "I",
            "O",
            "O",
            "O",
            "O",
            "O",
            "O",
            "O",
            "O",
            "O",
            "O",
            "B",
            "O",
            "O",
            "O",
            "O",
            "O",
            "O",
            "O",
            "O",
            "O",
            "B",
            "I",
            "O",
            "O",
            "O",
            "O",
            "O",
            "O",
            "O",
            "O",
            "O",
            "O",
            "B",
            "I",
            "O",
            "O",
            "O",
            "O",
            "O",
            "O",
            "O",
            "O",
            "O",
            "O",
            "O",
            "O",
            "O",
            "O",
            "O",
            "O",
            "O",
            "O",
            "O",
            "O",
            "O",
            "O",
            "O",
            "O",
            "O",
            "O",
            "O",
            "O",
            "O",
            "O",
            "O",
            "O",
            "B",
            "I",
            "O",
            "O",
            "O",
            "O",
            "O",
            "O",
            "O",
            "O",
            "O",
            "O",
            "O",
            "O",
            "O",
            "O",
            "O",
            "O"
        ]
    },
    {
        "words": [
            "Dennard",
            "Scaling",
            "and",
            "Vth",
            "\u25fc",
            "So",
            ",",
            "it",
            "\u2019",
            "s",
            "that",
            "easy",
            "?",
            "Just",
            "reduce",
            "V",
            "until",
            "you",
            "meet",
            "TDP",
            "?",
            "\u25fc",
            "No",
            ",",
            "it",
            "\u2019",
            "s",
            "not",
            "that",
            "simple",
            "\uf04c",
            ".",
            "\u25fc",
            "Reducing",
            "Vdd",
            "(",
            "supply",
            "voltage",
            ")",
            "affects",
            "CPU",
            "operation",
            "\u26ab",
            "As",
            "Vdd",
            "is",
            "reduced",
            ",",
            "CPU",
            "becomes",
            "slower",
            "and",
            "slower",
            "\u26ab",
            "Eventually",
            ",",
            "CPU",
            "stops",
            "working",
            "altogether",
            "\u25fc",
            "CPU",
            "(",
            "specifically",
            "transistors",
            ")",
            "needs",
            "redesigning",
            "\u26ab",
            "Vth",
            "(",
            "threshold",
            "voltage",
            ")",
            "needs",
            "to",
            "be",
            "reduced",
            "along",
            "with",
            "Vdd",
            "\u26ab",
            "To",
            "understand",
            "this",
            ",",
            "we",
            "need",
            "a",
            "101",
            "on",
            "MOSFETs"
        ],
        "labels": [
            "B",
            "I",
            "O",
            "B",
            "O",
            "O",
            "O",
            "O",
            "O",
            "O",
            "O",
            "O",
            "O",
            "O",
            "O",
            "O",
            "O",
            "O",
            "O",
            "B",
            "O",
            "O",
            "O",
            "O",
            "O",
            "O",
            "O",
            "O",
            "O",
            "O",
            "O",
            "O",
            "O",
            "O",
            "O",
            "O",
            "O",
            "O",
            "O",
            "O",
            "O",
            "O",
            "O",
            "O",
            "O",
            "O",
            "O",
            "O",
            "O",
            "O",
            "O",
            "O",
            "O",
            "O",
            "O",
            "O",
            "O",
            "O",
            "O",
            "O",
            "O",
            "O",
            "O",
            "O",
            "O",
            "O",
            "O",
            "O",
            "O",
            "B",
            "O",
            "O",
            "O",
            "O",
            "O",
            "O",
            "O",
            "O",
            "O",
            "O",
            "O",
            "O",
            "O",
            "O",
            "O",
            "O",
            "O",
            "O",
            "O",
            "O",
            "O",
            "O"
        ]
    },
    {
        "words": [
            "MOSFET",
            "101",
            "\u25fc",
            "MOSFET",
            "(",
            "Metal",
            "Oxide",
            "Silicon",
            "Field",
            "Effect",
            "Transistor",
            ")",
            "[",
            "A",
            "MOSFET",
            "transistor",
            "switched",
            "off",
            "]",
            "[",
            "A",
            "MOSFET",
            "transistor",
            "switched",
            "on",
            "]",
            "\u25fc",
            "Gate",
            "is",
            "switched",
            "on",
            "when",
            "VG",
            "reaches",
            "a",
            "threshold",
            "Vth",
            "\u26ab",
            "By",
            "creating",
            "a",
            "channel",
            "in",
            "depletion",
            "region",
            "through",
            "field",
            "effect",
            "\u26ab",
            "Vth",
            ":",
            "threshold",
            "voltage",
            "(",
            "minimum",
            "voltage",
            "to",
            "create",
            "channel",
            ")"
        ],
        "labels": [
            "B",
            "O",
            "O",
            "B",
            "O",
            "O",
            "O",
            "O",
            "O",
            "O",
            "O",
            "O",
            "O",
            "O",
            "B",
            "O",
            "O",
            "O",
            "O",
            "O",
            "O",
            "B",
            "O",
            "O",
            "O",
            "O",
            "O",
            "O",
            "O",
            "O",
            "O",
            "O",
            "O",
            "O",
            "O",
            "O",
            "B",
            "O",
            "O",
            "O",
            "O",
            "O",
            "O",
            "O",
            "O",
            "O",
            "O",
            "O",
            "O",
            "B",
            "O",
            "O",
            "O",
            "O",
            "O",
            "O",
            "O",
            "O",
            "O",
            "O"
        ]
    },
    {
        "words": [
            "MOSFET",
            "101",
            "\u25fc",
            "RC",
            "charging",
            "curve",
            "of",
            "VG",
            "Vdd",
            "VG",
            "Vth",
            "Ton",
            "\u25fc",
            "Speed",
            "(",
            "Ton",
            ")",
            "is",
            "determined",
            "by",
            "Vdd",
            "if",
            "Vth",
            "is",
            "fixed",
            "\u26ab",
            "Vdd",
            "is",
            "the",
            "CPU",
            "supply",
            "voltage",
            "(",
            "the",
            "water",
            "pressure",
            ")",
            "\u26ab",
            "If",
            "Vdd",
            "is",
            "lower",
            ",",
            "VG",
            "will",
            "reach",
            "Vth",
            "more",
            "slowly",
            "(",
            "low",
            "pressure",
            ")"
        ],
        "labels": [
            "B",
            "O",
            "O",
            "B",
            "I",
            "I",
            "O",
            "O",
            "O",
            "O",
            "B",
            "O",
            "O",
            "O",
            "O",
            "O",
            "O",
            "O",
            "O",
            "O",
            "O",
            "O",
            "B",
            "O",
            "O",
            "O",
            "O",
            "O",
            "O",
            "O",
            "O",
            "O",
            "O",
            "O",
            "O",
            "O",
            "O",
            "O",
            "O",
            "O",
            "O",
            "O",
            "O",
            "O",
            "O",
            "O",
            "B",
            "O",
            "O",
            "O",
            "O",
            "O",
            "O"
        ]
    },
    {
        "words": [
            "MOSFET",
            "101",
            "\u25fc",
            "RC",
            "Charging",
            "Curve",
            "of",
            "VG",
            "Vdd",
            "VG",
            "Vdd",
            "\u2019",
            "VG",
            "\u2019",
            "Vth",
            "Vth",
            "\u2019",
            "Ton",
            "\u25fc",
            "Speed",
            "(",
            "Ton",
            ")",
            "is",
            "maintained",
            "while",
            "reducing",
            "Vdd",
            "to",
            "Vdd",
            "\u2019",
            ",",
            "only",
            "if",
            "Vth",
            "is",
            "also",
            "reduced",
            "to",
            "Vth",
            "\u2019"
        ],
        "labels": [
            "B",
            "O",
            "O",
            "B",
            "I",
            "I",
            "O",
            "O",
            "O",
            "O",
            "O",
            "O",
            "O",
            "O",
            "B",
            "B",
            "O",
            "O",
            "O",
            "O",
            "O",
            "O",
            "O",
            "O",
            "O",
            "O",
            "O",
            "O",
            "O",
            "O",
            "O",
            "O",
            "O",
            "O",
            "B",
            "O",
            "O",
            "O",
            "O",
            "B",
            "O"
        ]
    },
    {
        "words": [
            "End",
            "of",
            "Dennard",
            "Scaling",
            "Vth",
            "stopped",
            "scaling",
            "\u25fc",
            "And",
            "around",
            "2003",
            "is",
            "when",
            "Dennard",
            "Scaling",
            "ended"
        ],
        "labels": [
            "B",
            "I",
            "B",
            "I",
            "B",
            "O",
            "O",
            "O",
            "O",
            "O",
            "O",
            "O",
            "O",
            "B",
            "I",
            "O"
        ]
    },
    {
        "words": [
            "Limits",
            "to",
            "Dropping",
            "Vth",
            "\u25fc",
            "Subthreshold",
            "leakage",
            "\u26ab",
            "Transistor",
            "leaks",
            "current",
            "even",
            "when",
            "gate",
            "is",
            "off",
            "(",
            "VG",
            "=",
            "0",
            ")",
            "\u26ab",
            "This",
            "leakage",
            "current",
            "translates",
            "to",
            "leakage",
            "power",
            "\u26ab",
            "Leakage",
            "worsens",
            "when",
            "Vth",
            "is",
            "dropped",
            "(",
            "related",
            "to",
            "oxide",
            "thickness",
            ")"
        ],
        "labels": [
            "B",
            "I",
            "I",
            "B",
            "O",
            "B",
            "I",
            "O",
            "O",
            "O",
            "O",
            "O",
            "O",
            "O",
            "O",
            "O",
            "O",
            "O",
            "O",
            "O",
            "O",
            "O",
            "O",
            "O",
            "O",
            "O",
            "O",
            "O",
            "O",
            "O",
            "O",
            "O",
            "O",
            "B",
            "O",
            "O",
            "O",
            "O",
            "O",
            "O",
            "O",
            "O"
        ]
    },
    {
        "words": [
            "Leakage",
            "Power",
            "across",
            "Generations",
            "\u25fc",
            "Leakage",
            "power",
            "has",
            "increased",
            "across",
            "technology",
            "nodes",
            "Source",
            ":",
            "L.",
            "Yan",
            ",",
            "Jiong",
            "Luo",
            "and",
            "N.",
            "K.",
            "Jha",
            ",",
            "``",
            "Joint",
            "dynamic",
            "voltage",
            "scaling",
            "and",
            "adaptive",
            "body",
            "biasing",
            "for",
            "heterogeneous",
            "distributed",
            "real-time",
            "embedded",
            "systems",
            ",",
            "''",
            "in",
            "IEEE",
            "Transactions",
            "on",
            "Computer-Aided",
            "Design",
            "of",
            "Integrated",
            "Circuits",
            "and",
            "Systems",
            ",",
            "vol",
            ".",
            "24",
            ",",
            "no",
            ".",
            "7",
            ",",
            "pp",
            ".",
            "1030-1041",
            ",",
            "July",
            "2005"
        ],
        "labels": [
            "B",
            "I",
            "I",
            "I",
            "O",
            "O",
            "O",
            "O",
            "O",
            "O",
            "O",
            "O",
            "O",
            "O",
            "O",
            "O",
            "O",
            "O",
            "O",
            "O",
            "O",
            "O",
            "O",
            "O",
            "O",
            "O",
            "O",
            "O",
            "O",
            "O",
            "O",
            "O",
            "O",
            "O",
            "O",
            "O",
            "O",
            "O",
            "O",
            "O",
            "O",
            "O",
            "O",
            "O",
            "O",
            "O",
            "O",
            "O",
            "O",
            "O",
            "O",
            "O",
            "O",
            "O",
            "O",
            "O",
            "O",
            "O",
            "O",
            "O",
            "O",
            "O",
            "O",
            "O",
            "O",
            "O",
            "O"
        ]
    },
    {
        "words": [
            "End",
            "of",
            "Dennard",
            "Scaling",
            "\u25fc",
            "Previous",
            "power",
            "calculation",
            "was",
            "incomplete",
            "\u26ab",
            "CPU",
            "power",
            "is",
            "the",
            "sum",
            "of",
            "both",
            "dynamic",
            "and",
            "leakage",
            "power",
            "\u25fc",
            "PowerCPU",
            "\u221d",
            "Powerdynamic",
            "+",
            "Powerleakage",
            "\u26ab",
            "Powerdynamic",
            "\u221d",
            "A",
            "*",
            "N",
            "*",
            "CFVdd2",
            "\u26ab",
            "Powerleakage",
            "\u221d",
            "f",
            "(",
            "N",
            ",",
            "Vdd",
            ",",
            "Vth",
            ")",
            "\u221d",
            "N",
            "*",
            "Vdd",
            "*",
            "e-Vth",
            "\u26ab",
            "Leakage",
            "worsens",
            "exponentially",
            "when",
            "Vth",
            "is",
            "dropped",
            "\u26ab",
            "Catch-22",
            ":",
            "when",
            "dropping",
            "Vth",
            ",",
            "Powerdynamic",
            "\uf0f2",
            "but",
            "Powerleakage",
            "\uf0f1\uf0f1",
            "\u25fc",
            "Vth",
            "can",
            "\u2019",
            "t",
            "be",
            "reduced",
            "further",
            ",",
            "so",
            "Vdd",
            "can",
            "\u2019",
            "t",
            "be",
            "reduced",
            "\u25fc",
            "Dennard",
            "Scaling",
            "relies",
            "on",
            "reducing",
            "Vdd",
            ",",
            "so",
            "it",
            "\u2019",
            "s",
            "the",
            "end"
        ],
        "labels": [
            "B",
            "I",
            "B",
            "I",
            "O",
            "O",
            "O",
            "O",
            "O",
            "O",
            "O",
            "B",
            "I",
            "O",
            "O",
            "O",
            "O",
            "O",
            "O",
            "O",
            "O",
            "O",
            "O",
            "B",
            "O",
            "O",
            "O",
            "O",
            "O",
            "O",
            "O",
            "O",
            "O",
            "O",
            "O",
            "O",
            "O",
            "O",
            "O",
            "O",
            "O",
            "O",
            "O",
            "O",
            "O",
            "B",
            "O",
            "O",
            "O",
            "O",
            "O",
            "O",
            "O",
            "O",
            "O",
            "O",
            "O",
            "O",
            "B",
            "O",
            "O",
            "O",
            "O",
            "O",
            "O",
            "O",
            "B",
            "O",
            "O",
            "O",
            "O",
            "O",
            "O",
            "O",
            "B",
            "O",
            "O",
            "O",
            "O",
            "O",
            "O",
            "O",
            "O",
            "O",
            "O",
            "O",
            "O",
            "O",
            "O",
            "O",
            "B",
            "I",
            "O",
            "O",
            "O",
            "O",
            "O",
            "O",
            "O",
            "O",
            "O",
            "O",
            "O"
        ]
    },
    {
        "words": [
            "\u201c",
            "Dark",
            "Silicon",
            "\u201d",
            "Rears",
            "its",
            "Head",
            "\u25fc",
            "What",
            "happens",
            "to",
            "frequency",
            "without",
            "Dennard",
            "Scaling",
            "?",
            "\u25fc",
            "Powerdynamic",
            "(",
            "\u221d",
            "A",
            "*",
            "N",
            "*",
            "CFV2",
            ")",
            "+",
            "Powerleakage",
            "(",
            "\u221d",
            "N",
            "*",
            "V",
            "*",
            "e-Vth",
            ")",
            "\u26ab",
            "A",
            "=",
            "Activity",
            "factor",
            "\u26ab",
            "N",
            "=",
            "Number",
            "of",
            "transistors",
            "(",
            "\u221d",
            "1/transistor",
            "size2",
            ")",
            "\uf0f1",
            "\uf0f1",
            "\u26ab",
            "C",
            "=",
            "Capacitance",
            "(",
            "\u221d",
            "transistor",
            "size",
            ")",
            "\uf0f2",
            "\u26ab",
            "V",
            "=",
            "CPU",
            "Supply",
            "Voltage",
            "\uf0f3",
            "(",
            "Due",
            "to",
            "fixed",
            "Vth",
            ")",
            "\u26ab",
            "F",
            "=",
            "CPU",
            "frequency",
            "?",
            "?",
            "?",
            "\u25fc",
            "To",
            "offset",
            "N",
            ",",
            "you",
            "actually",
            "have",
            "to",
            "decrease",
            "F",
            "\u25fc",
            "Otherwise",
            ",",
            "if",
            "you",
            "want",
            "to",
            "maintain",
            "F",
            ",",
            "must",
            "decrease",
            "N",
            "\u26ab",
            "That",
            "is",
            ",",
            "you",
            "can",
            "not",
            "power",
            "on",
            "all",
            "the",
            "transistors",
            "at",
            "any",
            "given",
            "point",
            "\u26ab",
            "Dark",
            "silicon",
            ":",
            "situation",
            "where",
            "chip",
            "is",
            "only",
            "partially",
            "powered"
        ],
        "labels": [
            "O",
            "B",
            "I",
            "O",
            "O",
            "O",
            "O",
            "O",
            "O",
            "O",
            "O",
            "O",
            "O",
            "B",
            "I",
            "O",
            "O",
            "O",
            "O",
            "O",
            "O",
            "O",
            "O",
            "O",
            "O",
            "O",
            "O",
            "O",
            "O",
            "O",
            "O",
            "O",
            "O",
            "O",
            "O",
            "O",
            "O",
            "O",
            "O",
            "B",
            "I",
            "O",
            "O",
            "O",
            "B",
            "I",
            "I",
            "O",
            "O",
            "O",
            "O",
            "O",
            "O",
            "O",
            "O",
            "O",
            "O",
            "B",
            "O",
            "O",
            "O",
            "O",
            "O",
            "O",
            "O",
            "O",
            "O",
            "O",
            "B",
            "I",
            "O",
            "O",
            "O",
            "O",
            "O",
            "B",
            "O",
            "O",
            "O",
            "O",
            "B",
            "I",
            "O",
            "O",
            "O",
            "O",
            "O",
            "O",
            "O",
            "O",
            "O",
            "O",
            "O",
            "O",
            "O",
            "O",
            "O",
            "O",
            "O",
            "O",
            "O",
            "O",
            "O",
            "O",
            "O",
            "O",
            "O",
            "O",
            "O",
            "O",
            "O",
            "O",
            "O",
            "O",
            "O",
            "O",
            "O",
            "O",
            "O",
            "O",
            "O",
            "O",
            "O",
            "O",
            "O",
            "O",
            "B",
            "I",
            "O",
            "O",
            "O",
            "O",
            "O",
            "O",
            "O",
            "O"
        ]
    },
    {
        "words": [
            "Free",
            "Ride",
            "is",
            "Over",
            "\u25fc",
            "\u201c",
            "Free",
            "\u201d",
            "speed",
            "improvements",
            "from",
            "transistors",
            "is",
            "over",
            "\u25fc",
            "Now",
            "it",
            "\u2019",
            "s",
            "up",
            "to",
            "architects",
            "to",
            "improve",
            "performance",
            "\u26ab",
            "Moore",
            "\u2019",
            "s",
            "Law",
            "is",
            "still",
            "alive",
            "and",
            "well",
            "(",
            "although",
            "slowing",
            "down",
            ")",
            "\u26ab",
            "Architects",
            "are",
            "flooded",
            "with",
            "extra",
            "transistors",
            "each",
            "generation",
            "\u26ab",
            "But",
            "it",
            "\u2019",
            "s",
            "hard",
            "to",
            "even",
            "keep",
            "them",
            "powered",
            "without",
            "reducing",
            "F",
            "!",
            "\u25fc",
            "Now",
            "is",
            "a",
            "good",
            "time",
            "to",
            "discuss",
            "technology",
            "constraints",
            "\u26ab",
            "Since",
            "we",
            "already",
            "mentioned",
            "a",
            "big",
            "one",
            ":",
            "TDP"
        ],
        "labels": [
            "B",
            "I",
            "I",
            "I",
            "O",
            "O",
            "O",
            "O",
            "O",
            "O",
            "O",
            "O",
            "O",
            "O",
            "O",
            "O",
            "O",
            "O",
            "O",
            "O",
            "O",
            "O",
            "O",
            "O",
            "O",
            "O",
            "B",
            "I",
            "I",
            "I",
            "O",
            "O",
            "O",
            "O",
            "O",
            "O",
            "O",
            "O",
            "O",
            "O",
            "O",
            "O",
            "O",
            "O",
            "O",
            "O",
            "O",
            "O",
            "O",
            "O",
            "O",
            "O",
            "O",
            "O",
            "O",
            "O",
            "O",
            "O",
            "O",
            "O",
            "O",
            "O",
            "O",
            "O",
            "O",
            "O",
            "O",
            "O",
            "O",
            "O",
            "O",
            "O",
            "O",
            "O",
            "O",
            "O",
            "O",
            "O",
            "O",
            "O",
            "O",
            "O",
            "O",
            "B"
        ]
    },
    {
        "words": [],
        "labels": []
    }
]