[
    {
        "words": [
            "CS",
            "1541",
            "Introduction",
            "Technology",
            "Constraints",
            "Wonsun",
            "Ahn",
            "Department",
            "of",
            "Computer",
            "Science",
            "School",
            "of",
            "Computing",
            "and",
            "Information"
        ],
        "labels": [
            "O",
            "O",
            "O",
            "B",
            "I",
            "O",
            "O",
            "O",
            "O",
            "O",
            "O",
            "O",
            "O",
            "O",
            "O",
            "O"
        ]
    },
    {
        "words": [
            "Technology",
            "Constraints",
            "Technology",
            "Constraints",
            "\u25fc",
            "Constraints",
            "in",
            "technology",
            "push",
            "architecture",
            "too",
            "App",
            "1",
            "App",
            "2",
            "App",
            "3",
            "Operating",
            "System",
            "Software",
            "Layer",
            "Instruction",
            "Set",
            "Architecture",
            "Computer",
            "Processor",
            "Organization",
            "Architecture",
            "Technology",
            "push",
            "Transistor",
            "Implementation",
            "Physical",
            "Layer",
            "\u26ab",
            "Power",
            "Wall",
            ":",
            "Thermal",
            "Design",
            "Power",
            "(",
            "TDP",
            ")",
            "constraint",
            "\u26ab",
            "Memory",
            "Wall",
            ":",
            "Constraint",
            "in",
            "bandwidth",
            "to",
            "memory",
            "\u26ab",
            "Variability",
            ":",
            "Limits",
            "in",
            "the",
            "precision",
            "of",
            "manufacturing",
            "technology",
            "\u25fc",
            "Processor",
            "must",
            "be",
            "designed",
            "to",
            "meet",
            "all",
            "constraints"
        ],
        "labels": [
            "B",
            "I",
            "B",
            "I",
            "O",
            "B",
            "I",
            "I",
            "O",
            "O",
            "O",
            "B",
            "O",
            "B",
            "O",
            "B",
            "O",
            "B",
            "I",
            "B",
            "I",
            "B",
            "I",
            "B",
            "O",
            "B",
            "I",
            "B",
            "O",
            "O",
            "B",
            "I",
            "B",
            "I",
            "O",
            "B",
            "I",
            "O",
            "B",
            "I",
            "I",
            "I",
            "I",
            "I",
            "O",
            "O",
            "B",
            "I",
            "O",
            "O",
            "O",
            "O",
            "O",
            "O",
            "O",
            "B",
            "O",
            "O",
            "O",
            "O",
            "O",
            "O",
            "O",
            "O",
            "O",
            "B",
            "O",
            "O",
            "O",
            "O",
            "O",
            "O",
            "O"
        ]
    },
    {
        "words": [
            "Power",
            "Wall",
            "\u25fc",
            "PowerCPU",
            "=",
            "Powerdynamic",
            "+",
            "Powerleakage",
            "Powerdynamic",
            "\u221d",
            "A",
            "*",
            "N",
            "*",
            "CFV2",
            "Powerleakage",
            "\u221d",
            "f",
            "(",
            "N",
            ",",
            "V",
            ",",
            "Vth",
            ")",
            "\u221d",
            "N",
            "*",
            "V",
            "*",
            "e-Vth",
            "\u26ab",
            "Leakage",
            "power",
            "is",
            "also",
            "called",
            "static",
            "power",
            "\u26ab",
            "This",
            "total",
            "CPU",
            "power",
            "can",
            "not",
            "exceed",
            "TDP",
            "\u25fc",
            "Moore",
            "\u2019",
            "s",
            "Law",
            "transistor",
            "scaling",
            "means",
            "two",
            "things",
            ":",
            "\u26ab",
            "N",
            "=",
            "Number",
            "of",
            "transistors",
            "(",
            "\u221d",
            "1/transistor",
            "size2",
            ")",
            "\uf0f1",
            "\uf0f1",
            "\u26ab",
            "C",
            "=",
            "Capacitance",
            "(",
            "\u221d",
            "transistor",
            "size",
            ")",
            "\uf0f2",
            "\u26ab",
            "Reductions",
            "in",
            "C",
            "does",
            "not",
            "compensate",
            "for",
            "increases",
            "in",
            "N",
            "\u25fc",
            "Architects",
            "must",
            "use",
            "tricks",
            "to",
            "keep",
            "power",
            "in",
            "check",
            "\u26ab",
            "To",
            "keep",
            "packing",
            "more",
            "transistors",
            "to",
            "increase",
            "performance"
        ],
        "labels": [
            "B",
            "I",
            "O",
            "O",
            "O",
            "O",
            "O",
            "O",
            "O",
            "O",
            "O",
            "O",
            "O",
            "O",
            "O",
            "O",
            "O",
            "O",
            "O",
            "O",
            "O",
            "O",
            "O",
            "O",
            "O",
            "O",
            "O",
            "O",
            "O",
            "O",
            "O",
            "O",
            "B",
            "I",
            "O",
            "O",
            "O",
            "O",
            "O",
            "O",
            "O",
            "O",
            "O",
            "O",
            "O",
            "O",
            "O",
            "O",
            "O",
            "O",
            "O",
            "O",
            "O",
            "O",
            "O",
            "O",
            "O",
            "O",
            "O",
            "O",
            "O",
            "O",
            "B",
            "I",
            "I",
            "O",
            "O",
            "O",
            "O",
            "O",
            "O",
            "O",
            "O",
            "O",
            "O",
            "O",
            "O",
            "O",
            "O",
            "O",
            "O",
            "O",
            "O",
            "O",
            "O",
            "O",
            "O",
            "O",
            "O",
            "O",
            "O",
            "O",
            "O",
            "O",
            "O",
            "O",
            "O",
            "O",
            "O",
            "O",
            "O",
            "O",
            "O",
            "O",
            "O",
            "O",
            "O",
            "O",
            "O",
            "O",
            "O",
            "O"
        ]
    },
    {
        "words": [
            "1",
            ".",
            "Reducing",
            "Dynamic",
            "Power",
            "\u25fc",
            "Powerdynamic",
            "(",
            "\u221d",
            "A",
            "*",
            "N",
            "*",
            "CFV2",
            ")",
            "+",
            "Powerleakage",
            "(",
            "\u221d",
            "N",
            "*",
            "V",
            "*",
            "e-Vth",
            ")",
            "\u25fc",
            "Reducing",
            "A",
            "(",
            "Activity",
            ")",
            ":",
            "Clock",
            "gating",
            "\u26ab",
            "Disables",
            "the",
            "clock",
            "signal",
            "to",
            "unused",
            "parts",
            "of",
            "the",
            "chip",
            "(",
            "idle",
            "cores",
            ")",
            "\u26ab",
            "Wake-up",
            "is",
            "instantaneous",
            "(",
            "the",
            "moment",
            "clock",
            "signal",
            "goes",
            "in",
            ")",
            "\u25fc",
            "Reducing",
            "F",
            "(",
            "Frequency",
            ")",
            "and",
            "V",
            "(",
            "Supply",
            "Voltage",
            ")",
            "\u26ab",
            "When",
            "F",
            "is",
            "reduced",
            ",",
            "V",
            "can",
            "also",
            "be",
            "reduced",
            "(",
            "Transistor",
            "101",
            "and",
            "water",
            "pressure",
            ",",
            "remember",
            "?",
            ")",
            "\u26ab",
            "Dynamic",
            "Voltage",
            "Frequency",
            "Scaling",
            "(",
            "DVFS",
            ")",
            "done",
            "on",
            "multi-cores",
            "Slow",
            "down",
            "low-priority",
            "cores",
            ",",
            "speed",
            "up",
            "high-priority",
            "cores"
        ],
        "labels": [
            "O",
            "O",
            "O",
            "B",
            "I",
            "O",
            "O",
            "O",
            "O",
            "O",
            "O",
            "O",
            "O",
            "O",
            "O",
            "O",
            "O",
            "O",
            "O",
            "O",
            "O",
            "O",
            "O",
            "O",
            "O",
            "O",
            "O",
            "O",
            "O",
            "B",
            "O",
            "O",
            "B",
            "I",
            "O",
            "O",
            "O",
            "O",
            "O",
            "O",
            "O",
            "O",
            "O",
            "O",
            "O",
            "O",
            "O",
            "O",
            "O",
            "O",
            "O",
            "O",
            "O",
            "O",
            "O",
            "O",
            "O",
            "O",
            "O",
            "O",
            "O",
            "O",
            "O",
            "O",
            "O",
            "B",
            "O",
            "O",
            "O",
            "O",
            "B",
            "I",
            "O",
            "O",
            "O",
            "O",
            "O",
            "O",
            "O",
            "O",
            "O",
            "O",
            "O",
            "O",
            "O",
            "O",
            "O",
            "O",
            "O",
            "O",
            "O",
            "O",
            "O",
            "O",
            "O",
            "B",
            "I",
            "B",
            "O",
            "O",
            "O",
            "O",
            "O",
            "O",
            "O",
            "O",
            "O",
            "O",
            "O",
            "O",
            "O",
            "O",
            "O",
            "O"
        ]
    },
    {
        "words": [
            "DVFS",
            "and",
            "Transistor",
            "Speed",
            "\u25fc",
            "RC",
            "Charging",
            "Curve",
            "of",
            "VG",
            "Vdd1",
            "VG1",
            "Vdd2",
            "VG2",
            "Vth",
            "T1",
            "T2",
            "\u25fc",
            "Vdd1",
            "\u2192",
            "Vdd2",
            "saves",
            "power",
            ",",
            "but",
            "slows",
            "down",
            "T1",
            "\u2192",
            "T2",
            "\u25fc",
            "Vdd2",
            "\u2192",
            "Vdd1",
            "uses",
            "more",
            "power",
            ",",
            "but",
            "speeds",
            "up",
            "T2",
            "\u2192",
            "T1",
            "\u25fc",
            "Vdd",
            "\u221d",
            "1/T",
            "\u221d",
            "F",
            "(",
            "Vdd",
            "is",
            "proportional",
            "to",
            "frequency",
            ")"
        ],
        "labels": [
            "O",
            "O",
            "O",
            "O",
            "O",
            "O",
            "O",
            "O",
            "O",
            "O",
            "O",
            "O",
            "O",
            "O",
            "O",
            "O",
            "O",
            "O",
            "O",
            "O",
            "O",
            "O",
            "O",
            "O",
            "O",
            "O",
            "O",
            "O",
            "O",
            "O",
            "O",
            "O",
            "O",
            "O",
            "O",
            "O",
            "O",
            "O",
            "O",
            "O",
            "O",
            "O",
            "O",
            "O",
            "O",
            "O",
            "O",
            "O",
            "O",
            "O",
            "O",
            "O",
            "O",
            "O",
            "O",
            "O",
            "O"
        ]
    },
    {
        "words": [
            "2",
            ".",
            "Reducing",
            "Leakage",
            "Power",
            "\u25fc",
            "Powerdynamic",
            "(",
            "\u221d",
            "A",
            "*",
            "N",
            "*",
            "CFV2",
            ")",
            "+",
            "Powerleakage",
            "(",
            "\u221d",
            "N",
            "*",
            "V",
            "*",
            "e-Vth",
            ")",
            "\u25fc",
            "Reducing",
            "N",
            "(",
            "Transistor",
            "Number",
            ")",
            ":",
            "Power",
            "gating",
            "\u26ab",
            "Disables",
            "power",
            "to",
            "unused",
            "parts",
            "of",
            "the",
            "chip",
            "(",
            "unused",
            "cores",
            ")",
            "\u26ab",
            "Eliminates",
            "dynamic",
            "power",
            "and",
            "leakage",
            "power",
            "to",
            "those",
            "parts",
            "\u26ab",
            "Drawback",
            ":",
            "wake-up",
            "takes",
            "a",
            "much",
            "longer",
            "time",
            "than",
            "clock",
            "gating",
            "Delay",
            "for",
            "supply",
            "voltage",
            "to",
            "stabilize",
            "Delay",
            "to",
            "backup",
            "and",
            "restore",
            "CPU",
            "state",
            "to/from",
            "memory",
            "\u25fc",
            "Reducing",
            "V",
            "(",
            "Supply",
            "Voltage",
            ")",
            ":",
            "DVFS",
            "also",
            "helps",
            "here"
        ],
        "labels": [
            "O",
            "O",
            "O",
            "B",
            "I",
            "O",
            "O",
            "O",
            "O",
            "O",
            "O",
            "O",
            "O",
            "O",
            "O",
            "O",
            "O",
            "O",
            "O",
            "O",
            "O",
            "O",
            "O",
            "O",
            "O",
            "O",
            "O",
            "O",
            "O",
            "O",
            "O",
            "O",
            "O",
            "B",
            "I",
            "O",
            "O",
            "O",
            "O",
            "O",
            "O",
            "O",
            "O",
            "O",
            "O",
            "O",
            "O",
            "O",
            "O",
            "O",
            "O",
            "O",
            "O",
            "O",
            "O",
            "O",
            "O",
            "O",
            "O",
            "O",
            "O",
            "O",
            "O",
            "O",
            "O",
            "O",
            "O",
            "O",
            "O",
            "O",
            "O",
            "O",
            "O",
            "O",
            "O",
            "O",
            "O",
            "O",
            "O",
            "O",
            "O",
            "O",
            "O",
            "O",
            "O",
            "O",
            "O",
            "O",
            "O",
            "B",
            "I",
            "O",
            "O",
            "O",
            "O",
            "O",
            "O"
        ]
    },
    {
        "words": [
            "OS",
            "Manages",
            "Power",
            "\u25fc",
            "Who",
            "decides",
            "which",
            "cores",
            "to",
            "clock",
            "gate",
            "and",
            "power",
            "gate",
            "?",
            "\u25fc",
            "Who",
            "decides",
            "how",
            "to",
            "apply",
            "DVFS",
            "to",
            "the",
            "cores",
            "?",
            "\u25fc",
            "ACPI",
            "(",
            "Advanced",
            "Configuration",
            "and",
            "Power",
            "Interface",
            ")",
            "\u26ab",
            "OS",
            "performs",
            "power",
            "management",
            "using",
            "this",
            "interface",
            "OS",
            "knows",
            "best",
            "which",
            "threads",
            "to",
            "prioritize",
            "for",
            "best",
            "user",
            "experience",
            "\u26ab",
            "Open",
            "standard",
            "interface",
            "to",
            "system",
            "firmware",
            "Firmware",
            "sends",
            "signals",
            "to",
            "processor",
            "cores",
            "to",
            "control",
            "them",
            "App",
            "1",
            "App",
            "2",
            "App",
            "3",
            "OS",
            "Power",
            "Management",
            "Software",
            "Layer",
            "ACPI",
            "System",
            "Firmware",
            "Computer",
            "Processor",
            "Cores",
            "Architecture"
        ],
        "labels": [
            "B",
            "O",
            "O",
            "O",
            "O",
            "O",
            "O",
            "O",
            "O",
            "O",
            "O",
            "O",
            "O",
            "O",
            "O",
            "O",
            "O",
            "O",
            "O",
            "O",
            "O",
            "O",
            "O",
            "O",
            "O",
            "O",
            "O",
            "B",
            "O",
            "O",
            "O",
            "O",
            "O",
            "O",
            "O",
            "O",
            "B",
            "O",
            "O",
            "O",
            "O",
            "O",
            "O",
            "B",
            "O",
            "O",
            "O",
            "O",
            "O",
            "O",
            "O",
            "O",
            "O",
            "O",
            "O",
            "O",
            "O",
            "O",
            "O",
            "O",
            "O",
            "O",
            "O",
            "O",
            "O",
            "O",
            "O",
            "O",
            "O",
            "O",
            "B",
            "O",
            "B",
            "O",
            "B",
            "O",
            "B",
            "I",
            "I",
            "B",
            "I",
            "B",
            "B",
            "I",
            "O",
            "B",
            "I",
            "B"
        ]
    },
    {
        "words": [
            "3",
            ".",
            "Simpler",
            "Processor",
            "Design",
            "\u25fc",
            "Plenty",
            "of",
            "transistors",
            "but",
            "not",
            "enough",
            "power",
            "\u26ab",
            "Power",
            "becomes",
            "the",
            "ultimate",
            "currency",
            "in",
            "processor",
            "design",
            "\u25fc",
            "Complex",
            "logic",
            "for",
            "performance",
            "is",
            "power",
            "hungry",
            "\u26ab",
            "Not",
            "easy",
            "to",
            "eke",
            "out",
            "the",
            "last",
            "bit",
            "of",
            "performance",
            "out",
            "of",
            "a",
            "program",
            "\u26ab",
            "Diminishing",
            "returns",
            "on",
            "performance",
            "for",
            "power",
            "investment",
            "\u25fc",
            "Push",
            "towards",
            "simpler",
            "architectures",
            ":",
            "\u26ab",
            "Multi-cores",
            ":",
            "Run",
            "multiple",
            "programs",
            "(",
            "threads",
            ")",
            "on",
            "simple",
            "cores",
            "\u26ab",
            "GPUs",
            ":",
            "Run",
            "each",
            "instruction",
            "on",
            "massively",
            "parallel",
            "compute",
            "units",
            "\u26ab",
            "Caches",
            ":",
            "Memory",
            "caches",
            "are",
            "power",
            "efficient",
            "(",
            "low",
            "dynamic",
            "power",
            ")"
        ],
        "labels": [
            "O",
            "O",
            "B",
            "B",
            "O",
            "O",
            "O",
            "O",
            "O",
            "O",
            "O",
            "O",
            "O",
            "O",
            "O",
            "O",
            "O",
            "O",
            "O",
            "O",
            "O",
            "O",
            "O",
            "B",
            "I",
            "O",
            "O",
            "O",
            "O",
            "O",
            "O",
            "O",
            "O",
            "O",
            "O",
            "O",
            "O",
            "O",
            "O",
            "O",
            "O",
            "O",
            "O",
            "O",
            "O",
            "O",
            "B",
            "I",
            "O",
            "O",
            "O",
            "O",
            "O",
            "O",
            "O",
            "O",
            "O",
            "O",
            "O",
            "O",
            "B",
            "O",
            "O",
            "O",
            "O",
            "O",
            "O",
            "O",
            "O",
            "O",
            "O",
            "O",
            "B",
            "O",
            "O",
            "O",
            "O",
            "O",
            "O",
            "O",
            "O",
            "O",
            "O",
            "B",
            "O",
            "O",
            "O",
            "O",
            "O",
            "O",
            "O",
            "O",
            "O",
            "O",
            "O"
        ]
    },
    {
        "words": [
            "Memory",
            "Wall",
            "\u25fc",
            "Refers",
            "to",
            "both",
            "latency",
            "(",
            "ns",
            ")",
            "and",
            "bandwidth",
            "(",
            "GB/s",
            ")",
            "\u26ab",
            "CPU",
            "frequency",
            "and",
            "overall",
            "performance",
            "increased",
            "dramatically",
            "\u26ab",
            "Memory",
            "(",
            "DRAM",
            ")",
            "latency",
            "and",
            "bandwidth",
            "have",
            "lagged",
            "far",
            "behind",
            "\u25fc",
            "Why",
            "?",
            "\u26ab",
            "Limit",
            "on",
            "the",
            "number",
            "of",
            "CPU",
            "/",
            "DRAM",
            "pins",
            "that",
            "can",
            "be",
            "soldered",
            "on",
            "\u26ab",
            "DRAM",
            "manufacturers",
            "have",
            "traditionally",
            "prioritized",
            "capacity",
            "\u26ab",
            "DDR1",
            "(",
            "1998",
            ")",
            ":",
            "1.6",
            "GB/s",
            "\u2192",
            "DDR4",
            "(",
            "2014",
            ")",
            ":",
            "25.6",
            "GB/s",
            "(",
            "Impressive",
            "?",
            "Not",
            "so",
            "much",
            "compared",
            "to",
            "CPU",
            "performance",
            ")"
        ],
        "labels": [
            "B",
            "I",
            "O",
            "O",
            "O",
            "O",
            "O",
            "O",
            "O",
            "O",
            "O",
            "O",
            "O",
            "O",
            "O",
            "O",
            "O",
            "O",
            "O",
            "O",
            "O",
            "O",
            "O",
            "O",
            "B",
            "I",
            "I",
            "I",
            "O",
            "O",
            "O",
            "O",
            "O",
            "O",
            "O",
            "O",
            "O",
            "O",
            "O",
            "O",
            "O",
            "O",
            "O",
            "O",
            "O",
            "O",
            "O",
            "O",
            "O",
            "O",
            "O",
            "O",
            "O",
            "O",
            "O",
            "O",
            "O",
            "O",
            "O",
            "O",
            "O",
            "O",
            "O",
            "O",
            "O",
            "O",
            "O",
            "O",
            "O",
            "O",
            "O",
            "O",
            "O",
            "O",
            "O",
            "O",
            "O",
            "O",
            "O",
            "O",
            "O",
            "O",
            "O",
            "O",
            "O",
            "O",
            "O"
        ]
    },
    {
        "words": [
            "Memory",
            "Wall",
            "Source",
            ":",
            "SC16",
            "Invited",
            "Talk",
            "\u201c",
            "\u201c",
            "Memory",
            "Bandwidth",
            "and",
            "System",
            "Balance",
            "in",
            "HPC",
            "Systems",
            "\u201d",
            "by",
            "John",
            "D.",
            "McCalpin",
            "\u25fc",
            "FLOPS",
            "=",
            "floating",
            "point",
            "operations",
            "per",
            "second",
            "(",
            "performance",
            ")"
        ],
        "labels": [
            "B",
            "I",
            "O",
            "O",
            "O",
            "O",
            "O",
            "O",
            "O",
            "O",
            "B",
            "O",
            "O",
            "O",
            "O",
            "O",
            "O",
            "O",
            "O",
            "O",
            "O",
            "O",
            "O",
            "O",
            "O",
            "O",
            "O",
            "O",
            "O",
            "O",
            "O",
            "O",
            "O"
        ]
    },
    {
        "words": [
            "Memory",
            "Wall",
            "\u25fc",
            "Where",
            "did",
            "the",
            "Memory",
            "Wall",
            "push",
            "architecture",
            "?",
            "\u25fc",
            "Caches",
            ":",
            "If",
            "hit",
            "in",
            "cache",
            ",",
            "no",
            "need",
            "to",
            "go",
            "to",
            "memory",
            "\u26ab",
            "Caching",
            "reduces",
            "both",
            "data",
            "access",
            "latency/bandwidth",
            "\u25fc",
            "3D-Stacked",
            "Memory",
            ":",
            "Stack",
            "CPU",
            "on",
            "top",
            "of",
            "memory",
            "\u26ab",
            "Drill",
            "vias",
            ",",
            "or",
            "holes",
            ",",
            "through",
            "silicon",
            "to",
            "bond",
            "CPU",
            "with",
            "memory",
            "\u26ab",
            "Through",
            "silicon",
            "vias",
            "(",
            "TSVs",
            ")",
            "have",
            "low",
            "latency",
            "/",
            "high",
            "bandwidth"
        ],
        "labels": [
            "B",
            "I",
            "O",
            "O",
            "O",
            "O",
            "B",
            "I",
            "O",
            "O",
            "O",
            "O",
            "B",
            "O",
            "O",
            "O",
            "O",
            "O",
            "O",
            "O",
            "O",
            "O",
            "O",
            "O",
            "O",
            "O",
            "B",
            "O",
            "O",
            "O",
            "O",
            "O",
            "O",
            "B",
            "I",
            "O",
            "O",
            "O",
            "O",
            "O",
            "O",
            "O",
            "O",
            "O",
            "O",
            "O",
            "O",
            "O",
            "O",
            "O",
            "O",
            "O",
            "O",
            "O",
            "O",
            "O",
            "O",
            "O",
            "O",
            "O",
            "O",
            "O",
            "O",
            "O",
            "O",
            "O",
            "O",
            "O",
            "O"
        ]
    },
    {
        "words": [
            "Variability",
            "\u25fc",
            "Variability",
            ":",
            "differences",
            "in",
            "speed",
            "of",
            "individual",
            "transistors",
            "\u26ab",
            "If",
            "fab",
            "can",
            "\u2019",
            "t",
            "ensure",
            "uniformity",
            "of",
            "transistors",
            ",",
            "speeds",
            "will",
            "differ",
            "\u26ab",
            "Speed",
            "differences",
            "mostly",
            "come",
            "from",
            "variations",
            "in",
            "Vth",
            ":",
            "low",
            "Vth",
            "\u2192",
            "cycle",
            "time",
            "\uf0f2",
            "but",
            "leakage",
            "power",
            "\uf0f1",
            "high",
            "Vth",
            "\u2192",
            "cycle",
            "time",
            "\uf0f1",
            "but",
            "leakage",
            "power",
            "\uf0f2",
            "\u25fc",
            "If",
            "unlucky",
            "and",
            "a",
            "logic",
            "path",
            "has",
            "lots",
            "of",
            "slow",
            "transistors",
            "\u2192",
            "CPU",
            "may",
            "miss",
            "clock",
            "cycle",
            "time",
            "if",
            "path",
            "is",
            "exercised",
            "\u2192",
            "CPU",
            "must",
            "be",
            "discarded",
            ",",
            "since",
            "it",
            "malfunctions",
            "\u25fc",
            "If",
            "unlucky",
            "and",
            "a",
            "region",
            "has",
            "too",
            "many",
            "fast",
            "transistors",
            "\u2192",
            "Region",
            "may",
            "generate",
            "too",
            "much",
            "heat",
            "due",
            "to",
            "low",
            "Vth",
            "\u2192",
            "CPU",
            "must",
            "be",
            "discarded",
            ",",
            "due",
            "to",
            "overheating",
            "\u25fc",
            "Leads",
            "to",
            "low",
            "chip",
            "yield"
        ],
        "labels": [
            "B",
            "O",
            "B",
            "O",
            "O",
            "O",
            "O",
            "O",
            "O",
            "O",
            "O",
            "O",
            "O",
            "O",
            "O",
            "O",
            "O",
            "O",
            "O",
            "O",
            "O",
            "O",
            "O",
            "O",
            "O",
            "O",
            "O",
            "O",
            "O",
            "O",
            "O",
            "O",
            "O",
            "O",
            "O",
            "O",
            "O",
            "O",
            "O",
            "O",
            "O",
            "O",
            "O",
            "O",
            "O",
            "O",
            "O",
            "O",
            "O",
            "O",
            "O",
            "O",
            "O",
            "O",
            "O",
            "O",
            "O",
            "O",
            "O",
            "O",
            "O",
            "O",
            "O",
            "O",
            "O",
            "O",
            "O",
            "O",
            "O",
            "O",
            "O",
            "O",
            "O",
            "O",
            "O",
            "O",
            "O",
            "O",
            "O",
            "O",
            "O",
            "O",
            "O",
            "O",
            "O",
            "O",
            "O",
            "O",
            "O",
            "O",
            "O",
            "O",
            "O",
            "O",
            "O",
            "O",
            "O",
            "O",
            "O",
            "O",
            "O",
            "O",
            "O",
            "O",
            "O",
            "O",
            "O",
            "O",
            "O",
            "O",
            "O",
            "O",
            "O",
            "O",
            "O",
            "O",
            "O",
            "O",
            "O",
            "O",
            "O",
            "O",
            "O"
        ]
    },
    {
        "words": [
            "Wafer",
            "Yield",
            "\u25fc",
            "Lower",
            "yield",
            "leads",
            "to",
            "higher",
            "production",
            "cost"
        ],
        "labels": [
            "B",
            "I",
            "O",
            "O",
            "O",
            "O",
            "O",
            "O",
            "O",
            "O"
        ]
    },
    {
        "words": [
            "Variability",
            "\u25fc",
            "Where",
            "did",
            "Variability",
            "push",
            "architecture",
            "?",
            "\u25fc",
            "Product",
            "binning",
            ":",
            "Sell",
            "slower",
            "CPUs",
            "at",
            "a",
            "cheaper",
            "\u201c",
            "bin",
            "\u201d",
            "\u26ab",
            "And",
            "rate",
            "slower",
            "CPUs",
            "at",
            "a",
            "lower",
            "CPU",
            "frequency",
            "\u26ab",
            "Instead",
            "of",
            "discarding",
            "them",
            "as",
            "\u201c",
            "malfunctioning",
            "\u201d",
            "\u25fc",
            "Multi-cores",
            ":",
            "Easy",
            "to",
            "disable",
            "one",
            "or",
            "two",
            "buggy",
            "cores",
            "\u26ab",
            "Compared",
            "to",
            "single",
            "core",
            "where",
            "subcomponents",
            "must",
            "be",
            "disabled",
            "\u26ab",
            "Used",
            "when",
            "one",
            "or",
            "two",
            "cores",
            "are",
            "extremely",
            "slow",
            "\u25fc",
            "Limited",
            "pipelining",
            ":",
            "pipelining",
            "exacerbates",
            "variability",
            "\u26ab",
            "With",
            "long",
            "stages",
            ",",
            "many",
            "transistors",
            "so",
            "tend",
            "to",
            "even",
            "each",
            "other",
            "out",
            "\u26ab",
            "With",
            "short",
            "stages",
            ",",
            "few",
            "transistors",
            "so",
            "probable",
            "all",
            "are",
            "slow"
        ],
        "labels": [
            "B",
            "O",
            "O",
            "O",
            "B",
            "O",
            "O",
            "O",
            "O",
            "B",
            "I",
            "O",
            "O",
            "O",
            "O",
            "O",
            "O",
            "O",
            "O",
            "O",
            "O",
            "O",
            "O",
            "O",
            "O",
            "O",
            "O",
            "O",
            "O",
            "O",
            "O",
            "O",
            "O",
            "O",
            "O",
            "O",
            "O",
            "O",
            "O",
            "O",
            "O",
            "B",
            "O",
            "O",
            "O",
            "O",
            "O",
            "O",
            "O",
            "O",
            "O",
            "O",
            "O",
            "O",
            "O",
            "O",
            "O",
            "O",
            "O",
            "O",
            "O",
            "O",
            "O",
            "O",
            "O",
            "O",
            "O",
            "O",
            "O",
            "O",
            "O",
            "O",
            "O",
            "O",
            "O",
            "O",
            "O",
            "O",
            "O",
            "O",
            "O",
            "O",
            "O",
            "O",
            "O",
            "O",
            "O",
            "O",
            "O",
            "O",
            "O",
            "O",
            "O",
            "O",
            "O",
            "O",
            "O",
            "O",
            "O",
            "O",
            "O",
            "O",
            "O",
            "O"
        ]
    },
    {
        "words": [
            "Intel",
            "i9",
            "Product",
            "Binning",
            "Why",
            "the",
            "close",
            "to",
            "4X",
            "difference",
            "?",
            "Clock",
            "difference",
            "is",
            "just",
            "2X",
            "!",
            "Produced",
            "from",
            "one",
            "wafer",
            "Source",
            ":",
            "https",
            ":",
            "//www.techspot.com/article/2039-chip-binning/",
            "*",
            "TDP",
            "is",
            "calculated",
            "using",
            "the",
            "Base",
            "Clock",
            "frequency",
            "at",
            "a",
            "nominal",
            "supply",
            "voltage"
        ],
        "labels": [
            "B",
            "I",
            "B",
            "I",
            "O",
            "O",
            "O",
            "O",
            "O",
            "O",
            "O",
            "O",
            "O",
            "O",
            "O",
            "O",
            "O",
            "O",
            "O",
            "O",
            "O",
            "O",
            "O",
            "O",
            "O",
            "O",
            "O",
            "O",
            "O",
            "O",
            "O",
            "O",
            "O",
            "O",
            "O",
            "O",
            "O",
            "O",
            "O",
            "O"
        ]
    },
    {
        "words": [
            "Opportunities",
            "for",
            "Speed",
            "Improvement",
            "\u25fc",
            "So",
            "Dennard",
            "Scaling",
            "is",
            "dead",
            "\u26ab",
            "Free",
            "CPU",
            "frequency",
            "gains",
            "are",
            "no",
            "longer",
            "there",
            "\u25fc",
            "And",
            "we",
            "are",
            "walled",
            "in",
            "by",
            "technology",
            "constraints",
            "\u26ab",
            "Power",
            "wall",
            "\u26ab",
            "Memory",
            "wall",
            "\u26ab",
            "Variability",
            "\u26ab",
            "\u2026",
            "\u25fc",
            "Where",
            "do",
            "architects",
            "go",
            "look",
            "for",
            "performance",
            "?"
        ],
        "labels": [
            "O",
            "O",
            "O",
            "O",
            "O",
            "O",
            "O",
            "O",
            "O",
            "O",
            "O",
            "O",
            "O",
            "O",
            "O",
            "O",
            "O",
            "O",
            "O",
            "O",
            "O",
            "O",
            "O",
            "O",
            "O",
            "O",
            "O",
            "O",
            "O",
            "B",
            "I",
            "O",
            "B",
            "I",
            "O",
            "B",
            "O",
            "O",
            "O",
            "O",
            "O",
            "O",
            "O",
            "O",
            "O",
            "O",
            "O"
        ]
    },
    {
        "words": [
            "Improving",
            "Execution",
            "Time",
            "instructions",
            "cycles",
            "seconds",
            "\u25fc",
            "Execution",
            "time",
            "=",
            "program",
            "X",
            "instructions",
            "X",
            "cycle",
            "seconds",
            "\u25fc",
            "Improving",
            "cycle",
            ":",
            "\u26ab",
            "Pipelining",
            "can",
            "lead",
            "to",
            "higher",
            "frequencies",
            "cycles",
            "\u25fc",
            "Improving",
            "instructions",
            ":",
            "\u26ab",
            "Caching",
            "can",
            "reduce",
            "cycles",
            "for",
            "memory",
            "instructions",
            "\u26ab",
            "Superscalars",
            "can",
            "execute",
            "multiple",
            "instructions",
            "per",
            "cycle",
            "\u26ab",
            "Multi-cores",
            "execute",
            "multi-instructions",
            "from",
            "multi-threads",
            "instructions",
            "\u25fc",
            "Improving",
            "program",
            ":",
            "\u26ab",
            "GPUs",
            "are",
            "SIMD",
            "(",
            "Single",
            "Instruction",
            "Multiple",
            "Data",
            ")",
            "processors"
        ],
        "labels": [
            "B",
            "I",
            "I",
            "O",
            "O",
            "O",
            "O",
            "O",
            "O",
            "O",
            "O",
            "O",
            "O",
            "O",
            "O",
            "O",
            "O",
            "O",
            "O",
            "O",
            "O",
            "B",
            "O",
            "O",
            "O",
            "O",
            "O",
            "O",
            "O",
            "O",
            "O",
            "O",
            "O",
            "B",
            "O",
            "O",
            "O",
            "O",
            "O",
            "O",
            "O",
            "B",
            "O",
            "O",
            "O",
            "O",
            "O",
            "O",
            "O",
            "B",
            "O",
            "O",
            "O",
            "O",
            "O",
            "O",
            "O",
            "O",
            "O",
            "O",
            "B",
            "O",
            "O",
            "O",
            "O",
            "O",
            "O",
            "O",
            "O",
            "O"
        ]
    },
    {
        "words": [
            "What",
            "about",
            "Other",
            "Performance",
            "Goals",
            "?",
            "\u25fc",
            "We",
            "talked",
            "a",
            "lot",
            "about",
            "execution",
            "speed",
            "\u25fc",
            "But",
            "there",
            "are",
            "other",
            "performance",
            "goals",
            "such",
            "as",
            ":",
            "\u26ab",
            "Energy",
            "efficiency",
            "\u26ab",
            "Reliability",
            "\u26ab",
            "Security",
            "\u26ab",
            "\u2026",
            "\u25fc",
            "In",
            "this",
            "class",
            ",",
            "we",
            "will",
            "mainly",
            "focus",
            "on",
            "speed",
            "\u26ab",
            "Not",
            "that",
            "other",
            "goals",
            "are",
            "not",
            "important",
            "\u26ab",
            "We",
            "will",
            "touch",
            "upon",
            "other",
            "goals",
            "when",
            "relevant",
            "\u26ab",
            "Performance",
            "will",
            "be",
            "used",
            "synonymously",
            "with",
            "speed"
        ],
        "labels": [
            "O",
            "O",
            "O",
            "O",
            "O",
            "O",
            "O",
            "O",
            "O",
            "O",
            "O",
            "O",
            "O",
            "O",
            "O",
            "O",
            "O",
            "O",
            "O",
            "O",
            "O",
            "O",
            "O",
            "O",
            "O",
            "B",
            "I",
            "O",
            "B",
            "O",
            "B",
            "O",
            "O",
            "O",
            "O",
            "O",
            "O",
            "O",
            "O",
            "O",
            "O",
            "O",
            "O",
            "O",
            "O",
            "O",
            "O",
            "O",
            "O",
            "O",
            "O",
            "O",
            "O",
            "O",
            "O",
            "O",
            "O",
            "O",
            "O",
            "O",
            "O",
            "O",
            "O",
            "O",
            "O",
            "O",
            "O",
            "O",
            "O"
        ]
    },
    {
        "words": [
            "Textbook",
            "Chapters",
            "\u25fc",
            "Please",
            "review",
            "Chapter",
            "1",
            "of",
            "the",
            "textbook",
            "."
        ],
        "labels": [
            "B",
            "I",
            "O",
            "O",
            "O",
            "O",
            "O",
            "O",
            "O",
            "O",
            "O"
        ]
    },
    {
        "words": [],
        "labels": []
    }
]