[
    {
        "words": [
            "0",
            "CS/COE",
            "0449",
            "Introduction",
            "Introduction",
            "to",
            "Systems",
            "Software",
            "Luis",
            "Oliveira",
            "(",
            "with",
            "content",
            "borrowed",
            "from",
            "wilkie",
            "and",
            "Vinicius",
            "Petrucci",
            ")",
            "Summer",
            "2021"
        ],
        "labels": [
            "O",
            "O",
            "O",
            "O",
            "O",
            "O",
            "O",
            "O",
            "O",
            "O",
            "O",
            "O",
            "O",
            "O",
            "O",
            "O",
            "O",
            "O",
            "O",
            "O",
            "O",
            "O"
        ]
    },
    {
        "words": [
            "What",
            "do",
            "I",
            "need",
            "to",
            "know",
            "now",
            "!",
            "The",
            "classes",
            "will",
            "be",
            "recorded",
            "!",
            "\u2022",
            "You",
            "will",
            "be",
            "able",
            "to",
            "access",
            "the",
            "videos",
            "online",
            "\u25aa",
            "They",
            "are",
            "for",
            "your",
            "personal",
            "use",
            "only",
            "!",
            "\u25aa",
            "Do",
            "not",
            "distribute",
            "them",
            "!",
            "\u2022",
            "You",
            "don",
            "\u2019",
            "t",
            "need",
            "to",
            "turn",
            "on",
            "your",
            "camera",
            "\u25aa",
            "If",
            "you",
            "do",
            ",",
            "you",
            "may",
            "be",
            "recorded",
            "\u2022",
            "You",
            "can",
            "ask",
            "questions",
            "via",
            "text",
            "!",
            "\u25aa",
            "Chat",
            "is",
            "great",
            "for",
            "that",
            ".",
            "If",
            "I",
            "don",
            "\u2019",
            "t",
            "stop",
            "and",
            "read",
            "your",
            "questions",
            ",",
            "ask",
            "them",
            "again",
            "\u25aa",
            "But",
            "feel",
            "free",
            "to",
            "interrupt",
            "me",
            "at",
            "any",
            "point",
            ".",
            "2"
        ],
        "labels": [
            "O",
            "O",
            "O",
            "O",
            "O",
            "O",
            "O",
            "O",
            "O",
            "O",
            "O",
            "O",
            "O",
            "O",
            "O",
            "O",
            "O",
            "O",
            "O",
            "O",
            "O",
            "O",
            "O",
            "O",
            "O",
            "O",
            "O",
            "O",
            "O",
            "O",
            "O",
            "O",
            "O",
            "O",
            "O",
            "O",
            "O",
            "O",
            "O",
            "O",
            "O",
            "O",
            "O",
            "O",
            "O",
            "O",
            "O",
            "O",
            "O",
            "O",
            "O",
            "O",
            "O",
            "O",
            "O",
            "O",
            "O",
            "O",
            "O",
            "O",
            "O",
            "O",
            "O",
            "O",
            "O",
            "O",
            "O",
            "O",
            "O",
            "O",
            "O",
            "O",
            "O",
            "O",
            "O",
            "O",
            "O",
            "O",
            "O",
            "O",
            "O",
            "O",
            "O",
            "O",
            "O",
            "O",
            "O",
            "O",
            "O",
            "O",
            "O",
            "O",
            "O",
            "O",
            "O",
            "O",
            "O",
            "O",
            "O",
            "O"
        ]
    },
    {
        "words": [
            "Syllabus",
            "/",
            "Administrivia",
            "I",
            "\u2019",
            "m",
            "obligated",
            "to",
            "inform",
            "you",
            "that",
            "this",
            "is",
            ",",
            "in",
            "fact",
            ",",
            "a",
            "university",
            "course",
            ".",
            "3"
        ],
        "labels": [
            "O",
            "O",
            "O",
            "O",
            "O",
            "O",
            "O",
            "O",
            "O",
            "O",
            "O",
            "O",
            "O",
            "O",
            "O",
            "O",
            "O",
            "O",
            "O",
            "O",
            "O",
            "O"
        ]
    },
    {
        "words": [
            "Welcome",
            "!",
            "\u2022",
            "My",
            "name",
            "is",
            "Luis",
            "(",
            "pronounced",
            "Loo-eesh",
            ",",
            "but",
            "I",
            "don",
            "\u2019",
            "t",
            "really",
            "care",
            "\u263a",
            ")",
            "\u2022",
            "I",
            "\u2019",
            "m",
            "not",
            "from",
            "these",
            "parts",
            "as",
            "you",
            "can",
            "tell",
            "from",
            "my",
            "accent",
            "\u25aa",
            "I",
            "come",
            "from",
            "Portugal",
            "i",
            "before",
            "e",
            "except",
            "after",
            "c\u2026",
            "and",
            "this",
            "guy",
            "\u2019",
            "s",
            "name",
            "!",
            "\u2022",
            "course",
            "site",
            ":",
            "luisfnqoliveira.gitlab.io/cs449_su2021",
            "\u25aa",
            "all",
            "the",
            "stuff",
            "I",
            "talk",
            "about",
            "today",
            "is",
            "on",
            "the",
            "course",
            "site",
            "\u2022",
            "email",
            ":",
            "loliveira",
            "@",
            "pitt.edu",
            "\u2022",
            "office",
            ":",
            "5421",
            "SENSQ",
            "(",
            "haha",
            "\u2013",
            "more",
            "like",
            "Zoom",
            ")",
            "(",
            "check",
            "site",
            ")",
            "\u2022",
            "office",
            "Hours",
            ":",
            "TBD",
            "(",
            "check",
            "the",
            "site",
            ")",
            "4"
        ],
        "labels": [
            "O",
            "O",
            "O",
            "O",
            "O",
            "O",
            "O",
            "O",
            "O",
            "O",
            "O",
            "O",
            "O",
            "O",
            "O",
            "O",
            "O",
            "O",
            "O",
            "O",
            "O",
            "O",
            "O",
            "O",
            "O",
            "O",
            "O",
            "O",
            "O",
            "O",
            "O",
            "O",
            "O",
            "O",
            "O",
            "O",
            "O",
            "O",
            "O",
            "O",
            "O",
            "O",
            "O",
            "O",
            "O",
            "O",
            "O",
            "O",
            "O",
            "O",
            "O",
            "O",
            "O",
            "O",
            "O",
            "O",
            "O",
            "O",
            "O",
            "O",
            "O",
            "O",
            "O",
            "O",
            "O",
            "O",
            "O",
            "O",
            "O",
            "O",
            "O",
            "O",
            "O",
            "O",
            "O",
            "O",
            "O",
            "O",
            "O",
            "O",
            "O",
            "O",
            "O",
            "O",
            "O",
            "O",
            "O",
            "O",
            "O",
            "O",
            "O",
            "O",
            "O",
            "O",
            "O",
            "O",
            "O",
            "O",
            "O",
            "O",
            "O",
            "O",
            "O",
            "O"
        ]
    },
    {
        "words": [
            "The",
            "Textbooks",
            "\u2022",
            "The",
            "ANSI",
            "C",
            "Programming",
            "Language",
            "(",
            "2nd",
            "Edition",
            ")",
            "\u25aa",
            "By",
            "Brian",
            "Kernighan",
            "and",
            "Dennis",
            "Ritchie",
            "\u25aa",
            "Published",
            "by",
            "Prentice",
            "Hall",
            ",",
            "1988",
            "\u25aa",
            "Often",
            "called",
            "the",
            "K",
            "&",
            "R",
            "book",
            ".",
            "\u25aa",
            "Conventions",
            "referred",
            "to",
            "as",
            "K",
            "&",
            "R",
            "style",
            ".",
            "\u25aa",
            "Old",
            "but",
            "trusty",
            "!",
            "\u2022",
            "Computer",
            "Systems",
            ":",
            "A",
            "Programmer",
            "\u2019",
            "s",
            "Perspective",
            "(",
            "3rd",
            "Edition",
            ")",
            "\u25aa",
            "By",
            "Randal",
            "E.",
            "Bryant",
            "and",
            "David",
            "R.",
            "O",
            "\u2019",
            "Hallaron",
            "\u25aa",
            "Published",
            "by",
            "Pearson",
            ",",
            "2016",
            "5"
        ],
        "labels": [
            "O",
            "O",
            "O",
            "O",
            "O",
            "O",
            "O",
            "O",
            "O",
            "O",
            "O",
            "O",
            "O",
            "O",
            "O",
            "O",
            "O",
            "O",
            "O",
            "O",
            "O",
            "O",
            "O",
            "O",
            "O",
            "O",
            "O",
            "O",
            "O",
            "O",
            "O",
            "O",
            "O",
            "O",
            "O",
            "O",
            "O",
            "O",
            "O",
            "O",
            "O",
            "O",
            "O",
            "O",
            "O",
            "O",
            "O",
            "O",
            "O",
            "O",
            "O",
            "O",
            "O",
            "O",
            "O",
            "O",
            "O",
            "O",
            "O",
            "O",
            "O",
            "O",
            "O",
            "O",
            "O",
            "O",
            "O",
            "O",
            "O",
            "O",
            "O",
            "O",
            "O",
            "O",
            "O",
            "O",
            "O",
            "O",
            "O",
            "O",
            "O"
        ]
    },
    {
        "words": [
            "Course",
            "Layout",
            "\u2022",
            "Lectures",
            "\u25aa",
            "Present",
            "high-level",
            "concepts",
            ".",
            "\u2022",
            "Recitations",
            "\u25aa",
            "Applied",
            "concepts",
            "and",
            "introduce",
            "tools",
            "and",
            "skills",
            "for",
            "lab-work",
            ".",
            "\u25aa",
            "Clarify",
            "lectures",
            "and",
            "review",
            "topics",
            ".",
            "\u2022",
            "Programming",
            "Assignments",
            "(",
            "Labs",
            ")",
            "\u25aa",
            "THE",
            "BULK",
            "OF",
            "YOUR",
            "COURSEWORK",
            "!",
            "\u25aa",
            "Roughly",
            "one-two",
            "weeks",
            "per",
            "assignment",
            ".",
            "\u25aa",
            "Provide",
            "deeper",
            "dive",
            "into",
            "some",
            "new",
            "skill",
            "or",
            "systems",
            "concept",
            ".",
            "\u25aa",
            "Programming",
            ",",
            "measurement",
            ",",
            "design",
            ".",
            "\u2022",
            "Exams",
            "(",
            "Midterm",
            "+",
            "Final",
            ")",
            "\u25aa",
            "Tests",
            "comprehension",
            "of",
            "concepts",
            "6"
        ],
        "labels": [
            "O",
            "O",
            "O",
            "O",
            "O",
            "O",
            "O",
            "O",
            "O",
            "O",
            "O",
            "O",
            "O",
            "O",
            "O",
            "O",
            "O",
            "O",
            "O",
            "O",
            "O",
            "O",
            "O",
            "O",
            "O",
            "O",
            "O",
            "O",
            "O",
            "O",
            "O",
            "O",
            "O",
            "O",
            "O",
            "O",
            "O",
            "O",
            "O",
            "O",
            "O",
            "O",
            "O",
            "O",
            "O",
            "O",
            "O",
            "O",
            "O",
            "O",
            "O",
            "O",
            "O",
            "O",
            "O",
            "O",
            "O",
            "O",
            "O",
            "O",
            "O",
            "O",
            "O",
            "O",
            "O",
            "O",
            "O",
            "O",
            "O",
            "O",
            "O",
            "O",
            "O",
            "O",
            "O",
            "O",
            "O",
            "O",
            "O",
            "O",
            "O"
        ]
    },
    {
        "words": [
            "Policies",
            ":",
            "Lab",
            "Assignments",
            "\u2022",
            "Collaboration",
            "\u25aa",
            "You",
            "MUST",
            "WORK",
            "ALONE",
            "on",
            "all",
            "lab",
            "assignments",
            ".",
            "\u2022",
            "Submission",
            "\u25aa",
            "Electronic",
            "submission",
            "using",
            "Gradescope",
            "(",
            "no",
            "exception",
            ")",
            "\u25aa",
            "Check",
            "due",
            "dates",
            "on",
            "the",
            "course",
            "website",
            "\u2022",
            "Thoth",
            "Machine",
            "\u25aa",
            "Many",
            "labs",
            "will",
            "assume",
            "the",
            "use",
            "of",
            "a",
            "specialized",
            "machine",
            ".",
            "\u25aa",
            "You",
            "must",
            "use",
            "this",
            "machine",
            ":",
            "\u2022",
            "\u25aa",
            "Use",
            "your",
            "Pitt",
            "username",
            "and",
            "password",
            ".",
            "\u25aa",
            "Talk",
            "to",
            "your",
            "TA",
            "if",
            "you",
            "have",
            "any",
            "issues",
            ".",
            "(",
            "Do",
            "NOT",
            "start",
            "assignments",
            "late",
            "!",
            ")",
            "7"
        ],
        "labels": [
            "O",
            "O",
            "O",
            "O",
            "O",
            "O",
            "O",
            "O",
            "O",
            "O",
            "O",
            "O",
            "O",
            "O",
            "O",
            "O",
            "O",
            "O",
            "O",
            "O",
            "O",
            "O",
            "O",
            "O",
            "O",
            "O",
            "O",
            "O",
            "O",
            "O",
            "O",
            "O",
            "O",
            "O",
            "O",
            "O",
            "O",
            "O",
            "O",
            "O",
            "O",
            "O",
            "O",
            "O",
            "O",
            "O",
            "O",
            "O",
            "O",
            "O",
            "O",
            "O",
            "O",
            "O",
            "O",
            "O",
            "O",
            "O",
            "O",
            "O",
            "O",
            "O",
            "O",
            "O",
            "O",
            "O",
            "O",
            "O",
            "O",
            "O",
            "O",
            "O",
            "O",
            "O",
            "O",
            "O",
            "O",
            "O",
            "O",
            "O",
            "O",
            "O",
            "O",
            "O",
            "O",
            "O"
        ]
    },
    {
        "words": [
            "Policies",
            ":",
            "Late",
            "Work",
            "\u2022",
            "You",
            "get",
            "5",
            "Late",
            "Days",
            "\u25aa",
            "Covers",
            "most",
            "normal",
            "setbacks",
            "and",
            "life",
            "and",
            "schedule",
            "mishaps",
            ".",
            "\u25aa",
            "A",
            "maximum",
            "of",
            "2",
            "Late",
            "Days",
            "per",
            "lab",
            "assignment",
            ".",
            "\u25aa",
            "That",
            "is",
            ",",
            "assignments",
            "3",
            "days",
            "late",
            "will",
            "always",
            "take",
            "at",
            "least",
            "1",
            "penalty",
            "day",
            ".",
            "\u2022",
            "When",
            "you",
            "run",
            "out\u2026",
            "\u25aa",
            "Late",
            "penalty",
            "incurs",
            "a",
            "15",
            "%",
            "penalty",
            "for",
            "each",
            "day",
            ".",
            "(",
            "out",
            "of",
            "original",
            "100",
            "%",
            ")",
            "\u25aa",
            "An",
            "assignment",
            "can",
            "not",
            "be",
            "submitted",
            "after",
            "the",
            "3rd",
            "penalty",
            "day",
            ".",
            "\u2022",
            "Four",
            "days",
            "late",
            ":",
            "that",
            "\u2019",
            "s",
            "a",
            "0",
            ".",
            "\u2022",
            "Emergencies",
            "\u25aa",
            "Major",
            "emergencies",
            "require",
            "haste",
            "communication",
            "with",
            "me",
            "and",
            "your",
            "advisor",
            ".",
            "\u2022",
            "Start",
            "everything",
            "early",
            "!",
            "!",
            "8"
        ],
        "labels": [
            "O",
            "O",
            "O",
            "O",
            "O",
            "O",
            "O",
            "O",
            "O",
            "O",
            "O",
            "O",
            "O",
            "O",
            "O",
            "O",
            "O",
            "O",
            "O",
            "O",
            "O",
            "O",
            "O",
            "O",
            "O",
            "O",
            "O",
            "O",
            "O",
            "O",
            "O",
            "O",
            "O",
            "O",
            "O",
            "O",
            "O",
            "O",
            "O",
            "O",
            "O",
            "O",
            "O",
            "O",
            "O",
            "O",
            "O",
            "O",
            "O",
            "O",
            "O",
            "O",
            "O",
            "O",
            "O",
            "O",
            "O",
            "O",
            "O",
            "O",
            "O",
            "O",
            "O",
            "O",
            "O",
            "O",
            "O",
            "O",
            "O",
            "O",
            "O",
            "O",
            "O",
            "O",
            "O",
            "O",
            "O",
            "O",
            "O",
            "O",
            "O",
            "O",
            "O",
            "O",
            "O",
            "O",
            "O",
            "O",
            "O",
            "O",
            "O",
            "O",
            "O",
            "O",
            "O",
            "O",
            "O",
            "O",
            "O",
            "O",
            "O",
            "O",
            "O",
            "O",
            "O",
            "O",
            "O",
            "O",
            "O",
            "O",
            "O",
            "O",
            "O",
            "O",
            "O",
            "O",
            "O",
            "O"
        ]
    },
    {
        "words": [
            "Policies",
            ":",
            "Grading",
            "\u2022",
            "I",
            "don",
            "\u2019",
            "t",
            "keep",
            "track",
            "of",
            "attendance",
            "\u25aa",
            "But",
            "you",
            "should",
            "come",
            "to",
            "class",
            "!",
            "\u25aa",
            "A",
            "lot",
            "of",
            "the",
            "concepts",
            "are",
            "best",
            "demonstrated",
            "interactively",
            ".",
            "\u2022",
            "Labs",
            ":",
            "50",
            "%",
            "(",
            "Weighted",
            "according",
            "to",
            "effort",
            ")",
            "\u2022",
            "Quizzes",
            ":",
            "5",
            "%",
            "\u2022",
            "Midterm",
            ":",
            "15",
            "%",
            "\u2022",
            "Final",
            ":",
            "20",
            "%",
            "(",
            "Necessarily",
            "Cumulative",
            ")",
            "\u2022",
            "Homework",
            ":",
            "10",
            "%",
            "(",
            "Online",
            "problem",
            "sets",
            ")",
            "\u2022",
            "You",
            "CAN",
            "NOT",
            "pass",
            "without",
            "doing",
            "the",
            "lab",
            "assignments",
            ".",
            "9"
        ],
        "labels": [
            "O",
            "O",
            "O",
            "O",
            "O",
            "O",
            "O",
            "O",
            "O",
            "O",
            "O",
            "O",
            "O",
            "O",
            "O",
            "O",
            "O",
            "O",
            "O",
            "O",
            "O",
            "O",
            "O",
            "O",
            "O",
            "O",
            "O",
            "O",
            "O",
            "O",
            "O",
            "O",
            "O",
            "O",
            "O",
            "O",
            "O",
            "O",
            "O",
            "O",
            "O",
            "O",
            "O",
            "O",
            "O",
            "O",
            "O",
            "O",
            "O",
            "O",
            "O",
            "O",
            "O",
            "O",
            "O",
            "O",
            "O",
            "O",
            "O",
            "O",
            "O",
            "O",
            "O",
            "O",
            "O",
            "O",
            "O",
            "O",
            "O",
            "O",
            "O",
            "O",
            "O",
            "O",
            "O",
            "O",
            "O",
            "O",
            "O",
            "O",
            "O",
            "O",
            "O"
        ]
    },
    {
        "words": [
            "Policies",
            ":",
            "Conduct",
            "/",
            "Academic",
            "Integrity",
            "\u2022",
            "Disability",
            "Resources",
            "/",
            "Services",
            ":",
            "\u25aa",
            "Contact",
            "DRS",
            "412-648-7890",
            ";",
            "TTY",
            ":",
            "412-383-7355",
            "\u25aa",
            "They",
            "will",
            "email",
            "me",
            ",",
            "and",
            "I",
            "will",
            "listen",
            "to",
            "what",
            "they",
            "tell",
            "me",
            "to",
            "do",
            ".",
            "\u2022",
            "Cheating",
            ":",
            "\u25aa",
            "The",
            "default",
            "penalty",
            "is",
            "to",
            "be",
            "removed",
            "from",
            "the",
            "course",
            "with",
            "a",
            "failing",
            "grade",
            "\u25aa",
            "Pro-tip",
            ":",
            "DON",
            "\u2019",
            "T",
            "CHEAT",
            ".",
            "Start",
            "early",
            ".",
            "Ask",
            "appropriate",
            "staff",
            "for",
            "help",
            ".",
            "\u25aa",
            "The",
            "syllabus",
            "online",
            "has",
            "a",
            "more",
            "thorough",
            "policy",
            ".",
            "\u2022",
            "Conduct",
            ":",
            "\u25aa",
            "Jokes/comments",
            "about",
            "sex",
            ",",
            "gender",
            ",",
            "race",
            ",",
            "ethnicity",
            ",",
            "religion",
            ",",
            "etc",
            "are",
            "not",
            "tolerated",
            ".",
            "Includes",
            "any",
            "online",
            "spaces",
            "involved",
            ".",
            "10"
        ],
        "labels": [
            "O",
            "O",
            "O",
            "O",
            "O",
            "O",
            "O",
            "O",
            "O",
            "O",
            "O",
            "O",
            "O",
            "O",
            "O",
            "O",
            "O",
            "O",
            "O",
            "O",
            "O",
            "O",
            "O",
            "O",
            "O",
            "O",
            "O",
            "O",
            "O",
            "O",
            "O",
            "O",
            "O",
            "O",
            "O",
            "O",
            "O",
            "O",
            "O",
            "O",
            "O",
            "O",
            "O",
            "O",
            "O",
            "O",
            "O",
            "O",
            "O",
            "O",
            "O",
            "O",
            "O",
            "O",
            "O",
            "O",
            "O",
            "O",
            "O",
            "O",
            "O",
            "O",
            "O",
            "O",
            "O",
            "O",
            "O",
            "O",
            "O",
            "O",
            "O",
            "O",
            "O",
            "O",
            "O",
            "O",
            "O",
            "O",
            "O",
            "O",
            "O",
            "O",
            "O",
            "O",
            "O",
            "O",
            "O",
            "O",
            "O",
            "O",
            "O",
            "O",
            "O",
            "O",
            "O",
            "O",
            "O",
            "O",
            "O",
            "O",
            "O",
            "O",
            "O",
            "O",
            "O",
            "O",
            "O",
            "O",
            "O",
            "O",
            "O"
        ]
    },
    {
        "words": [
            "More",
            "Notes",
            "about",
            "Cheating",
            "\u2022",
            "Again",
            ",",
            "do",
            "not",
            "cheat",
            ".",
            "\u2022",
            "I",
            "\u2019",
            "m",
            "not",
            "grading",
            "lab",
            "assignments",
            ",",
            "but",
            "I",
            "still",
            "look",
            "at",
            "your",
            "work",
            ".",
            "\u2022",
            "Ask",
            "for",
            "help",
            "(",
            "There",
            "are",
            "PLENTY",
            "of",
            "resources",
            ")",
            "\u25aa",
            "TAs",
            "and",
            "my",
            "own",
            "office",
            "hours",
            "\u25aa",
            "Undergraduate",
            "Helpdesk",
            "(",
            "CRC",
            ")",
            "\u25aa",
            "We",
            "want",
            "you",
            "to",
            "succeed",
            "!",
            "\u2022",
            "I",
            "can",
            "definitely",
            "tell",
            "when",
            "someone",
            "cheats",
            ".",
            "\u25aa",
            "It",
            "is",
            "very",
            "obvious",
            ".",
            "\u25aa",
            "Do",
            "not",
            "do",
            "it",
            ".",
            "\u25aa",
            "The",
            "University",
            "is",
            "justifiably",
            "strict",
            "about",
            "it",
            ".",
            "\u2022",
            "Do",
            "not",
            "publish",
            "your",
            "code",
            "until",
            "after",
            "the",
            "semester",
            "(",
            "if",
            "at",
            "all",
            ")",
            "11"
        ],
        "labels": [
            "O",
            "O",
            "O",
            "O",
            "O",
            "O",
            "O",
            "O",
            "O",
            "O",
            "O",
            "O",
            "O",
            "O",
            "O",
            "O",
            "O",
            "O",
            "O",
            "O",
            "O",
            "O",
            "O",
            "O",
            "O",
            "O",
            "O",
            "O",
            "O",
            "O",
            "O",
            "O",
            "O",
            "O",
            "O",
            "O",
            "O",
            "O",
            "O",
            "O",
            "O",
            "O",
            "O",
            "O",
            "O",
            "O",
            "O",
            "O",
            "O",
            "O",
            "O",
            "O",
            "O",
            "O",
            "O",
            "O",
            "O",
            "O",
            "O",
            "O",
            "O",
            "O",
            "O",
            "O",
            "O",
            "O",
            "O",
            "O",
            "O",
            "O",
            "O",
            "O",
            "O",
            "O",
            "O",
            "O",
            "O",
            "O",
            "O",
            "O",
            "O",
            "O",
            "O",
            "O",
            "O",
            "O",
            "O",
            "O",
            "O",
            "O",
            "O",
            "O",
            "O",
            "O",
            "O",
            "O",
            "O",
            "O",
            "O",
            "O",
            "O",
            "O",
            "O",
            "O",
            "O"
        ]
    },
    {
        "words": [
            "Teaching",
            "Pedagogy",
            "/",
            "Philosophy",
            "\u2022",
            "I",
            "want",
            "you",
            "to",
            "walk",
            "away",
            "with",
            "a",
            "direction/goal",
            "to",
            "do",
            "something",
            "else",
            ".",
            "\u25aa",
            "Hopefully",
            ",",
            "you",
            "find",
            "something",
            "to",
            "be",
            "inspired",
            "by",
            ".",
            "\u2022",
            "I",
            "trust",
            "my",
            "students",
            "that",
            "they",
            "could",
            "learn",
            "on",
            "their",
            "own",
            ".",
            "\u25aa",
            "But",
            "don",
            "\u2019",
            "t",
            "want",
            "them",
            "to",
            "have",
            "to",
            "do",
            "so",
            ".",
            "\u25aa",
            "Ask",
            "questions",
            "!",
            "Challenge",
            "concepts",
            "!",
            "Ask",
            "for",
            "help",
            "!",
            "\u2022",
            "No",
            "questions",
            "are",
            "dumb",
            "!",
            "\u25aa",
            "You",
            "ARE",
            "learning",
            "!",
            "You",
            "are",
            "not",
            "supposed",
            "to",
            "know",
            "things\u2026",
            "\u25aa",
            "Even",
            "if",
            "you",
            "are",
            "supposed",
            "to",
            "know",
            "that",
            ",",
            "you",
            "don",
            "\u2019",
            "t\u2026",
            "so",
            "ask",
            "!",
            "\u25aa",
            "So",
            "ASK",
            "QUESTIONS",
            "!",
            "\u25aa",
            "DON",
            "\u2019",
            "T",
            "STRUGGLE",
            "IN",
            "SILENCE",
            "12"
        ],
        "labels": [
            "O",
            "O",
            "O",
            "O",
            "O",
            "O",
            "O",
            "O",
            "O",
            "O",
            "O",
            "O",
            "O",
            "O",
            "O",
            "O",
            "O",
            "O",
            "O",
            "O",
            "O",
            "O",
            "O",
            "O",
            "O",
            "O",
            "O",
            "O",
            "O",
            "O",
            "O",
            "O",
            "O",
            "O",
            "O",
            "O",
            "O",
            "O",
            "O",
            "O",
            "O",
            "O",
            "O",
            "O",
            "O",
            "O",
            "O",
            "O",
            "O",
            "O",
            "O",
            "O",
            "O",
            "O",
            "O",
            "O",
            "O",
            "O",
            "O",
            "O",
            "O",
            "O",
            "O",
            "O",
            "O",
            "O",
            "O",
            "O",
            "O",
            "O",
            "O",
            "O",
            "O",
            "O",
            "O",
            "O",
            "O",
            "O",
            "O",
            "O",
            "O",
            "O",
            "O",
            "O",
            "O",
            "O",
            "O",
            "O",
            "O",
            "O",
            "O",
            "O",
            "O",
            "O",
            "O",
            "O",
            "O",
            "O",
            "O",
            "O",
            "O",
            "O",
            "O",
            "O",
            "O",
            "O",
            "O",
            "O",
            "O",
            "O",
            "O",
            "O",
            "O",
            "O",
            "O"
        ]
    },
    {
        "words": [
            "Lessons",
            "learned",
            "\u2022",
            "I",
            "scare",
            "some",
            "students",
            "(",
            "source",
            ":",
            "OMETs",
            ")",
            "\u25aa",
            "Sorry",
            ":",
            "\u2019",
            ")",
            "\u25aa",
            "Don",
            "\u2019",
            "t",
            "be",
            "scared",
            "!",
            "I",
            "like",
            "to",
            "help",
            "!",
            "\u2022",
            "Regret",
            "#",
            "1",
            "of",
            "my",
            "students",
            ":",
            "\u25aa",
            "I",
            "should",
            "have",
            "started",
            "earlier",
            ";",
            ")",
            "\u2022",
            "Come",
            "to",
            "lectures",
            "synchronously",
            "if",
            "you",
            "can",
            "!",
            "\u25aa",
            "You",
            "have",
            "access",
            "to",
            "me",
            ",",
            "we",
            "can",
            "interact",
            "\u25aa",
            "You",
            "can",
            "ask",
            "questions",
            ",",
            "and",
            "get",
            "the",
            "answers",
            "promptly",
            "!",
            "\u25aa",
            "Please\u2026",
            "be",
            "interactive",
            "\u263a",
            "13"
        ],
        "labels": [
            "O",
            "O",
            "O",
            "O",
            "O",
            "O",
            "O",
            "O",
            "O",
            "O",
            "O",
            "O",
            "O",
            "O",
            "O",
            "O",
            "O",
            "O",
            "O",
            "O",
            "O",
            "O",
            "O",
            "O",
            "O",
            "O",
            "O",
            "O",
            "O",
            "O",
            "O",
            "O",
            "O",
            "O",
            "O",
            "O",
            "O",
            "O",
            "O",
            "O",
            "O",
            "O",
            "O",
            "O",
            "O",
            "O",
            "O",
            "O",
            "O",
            "O",
            "O",
            "O",
            "O",
            "O",
            "O",
            "O",
            "O",
            "O",
            "O",
            "O",
            "O",
            "O",
            "O",
            "O",
            "O",
            "O",
            "O",
            "O",
            "O",
            "O",
            "O",
            "O",
            "O",
            "O",
            "O",
            "O",
            "O",
            "O",
            "O",
            "O",
            "O",
            "O"
        ]
    },
    {
        "words": [
            "Quiz",
            ":",
            "CS",
            "447",
            "situation",
            "\u2022",
            "What",
            "is",
            "your",
            "CS",
            "447",
            "situation",
            "?",
            "(",
            "A",
            ")",
            "I",
            "am",
            "*",
            "not",
            "*",
            "taking",
            "CS",
            "447",
            "(",
            "CS",
            "minor",
            "?",
            ")",
            "(",
            "B",
            ")",
            "I",
            "am",
            "taking",
            "CS",
            "447",
            "*",
            "this",
            "*",
            "semester",
            "(",
            "C",
            ")",
            "I",
            "completed",
            "CS",
            "447",
            "*",
            "last",
            "*",
            "semester",
            "(",
            "D",
            ")",
            "I",
            "completed",
            "CS",
            "447",
            "at",
            "least",
            "2",
            "semesters",
            "ago",
            "14"
        ],
        "labels": [
            "O",
            "O",
            "O",
            "O",
            "O",
            "O",
            "O",
            "O",
            "O",
            "O",
            "O",
            "O",
            "O",
            "O",
            "O",
            "O",
            "O",
            "O",
            "O",
            "O",
            "O",
            "O",
            "O",
            "O",
            "O",
            "O",
            "O",
            "O",
            "O",
            "O",
            "O",
            "O",
            "O",
            "O",
            "O",
            "O",
            "O",
            "O",
            "O",
            "O",
            "O",
            "O",
            "O",
            "O",
            "O",
            "O",
            "O",
            "O",
            "O",
            "O",
            "O",
            "O",
            "O",
            "O",
            "O",
            "O",
            "O",
            "O",
            "O",
            "O",
            "O",
            "O",
            "O",
            "O",
            "O"
        ]
    },
    {
        "words": [
            "FLEXing",
            "@",
            "Pitt",
            "https",
            ":",
            "//www.kasperonbi.com/w",
            "orking-from-home-for-the-",
            "last-3-years-tips-and-tricks/",
            "15"
        ],
        "labels": [
            "O",
            "O",
            "O",
            "O",
            "O",
            "O",
            "O",
            "O",
            "O"
        ]
    },
    {
        "words": [
            "IDK",
            "you",
            "tell",
            "me",
            "\u2022",
            "Let",
            "\u2019",
            "s",
            "discuss",
            "some",
            "things",
            ":",
            "\u25aa",
            "What",
            "were",
            "your",
            "experiences",
            "last",
            "semester",
            "with",
            "remote",
            "teaching",
            "?",
            "\u2022",
            "Good/bad/ugly",
            "\u25aa",
            "If",
            "the",
            "university",
            "authorizes",
            ",",
            "do",
            "you",
            "want",
            "to",
            "attend",
            "classes",
            "physically",
            "?",
            "\u2022",
            "Why",
            "?",
            "(",
            "I",
            "really",
            "want",
            "to",
            "know",
            "your",
            "reasons",
            "!",
            ")",
            "\u2022",
            "Note",
            "the",
            "question",
            "is",
            "not",
            "do",
            "you",
            "prefer",
            "(",
            "cause",
            ",",
            "ya",
            "know",
            ",",
            "we",
            "all",
            "preferred",
            "no",
            "CoViD",
            "pandemic",
            ")",
            "\u2022",
            "My",
            "opinion",
            ":",
            "There",
            "is",
            "no",
            "benefit",
            "in",
            "coming",
            "that",
            "overweighs",
            "your",
            "health",
            ".",
            "\u25aa",
            "Who",
            "has",
            "timezone",
            "restrictions",
            "?",
            "\u2022",
            "How",
            "should",
            "I",
            "distribute",
            "my",
            "office",
            "hours",
            "?",
            "\u25aa",
            "Anything",
            "else",
            "?",
            "16"
        ],
        "labels": [
            "O",
            "O",
            "O",
            "O",
            "O",
            "O",
            "O",
            "O",
            "O",
            "O",
            "O",
            "O",
            "O",
            "O",
            "O",
            "O",
            "O",
            "O",
            "O",
            "O",
            "O",
            "O",
            "O",
            "O",
            "O",
            "O",
            "O",
            "O",
            "O",
            "O",
            "O",
            "O",
            "O",
            "O",
            "O",
            "O",
            "O",
            "O",
            "O",
            "O",
            "O",
            "O",
            "O",
            "O",
            "O",
            "O",
            "O",
            "O",
            "O",
            "O",
            "O",
            "O",
            "O",
            "O",
            "O",
            "O",
            "O",
            "O",
            "O",
            "O",
            "O",
            "O",
            "O",
            "O",
            "O",
            "O",
            "O",
            "O",
            "O",
            "O",
            "O",
            "O",
            "O",
            "O",
            "O",
            "O",
            "O",
            "O",
            "O",
            "O",
            "O",
            "O",
            "O",
            "O",
            "O",
            "O",
            "O",
            "O",
            "O",
            "O",
            "O",
            "O",
            "O",
            "O",
            "O",
            "O",
            "O",
            "O",
            "O",
            "O",
            "O",
            "O",
            "O",
            "O",
            "O",
            "O",
            "O",
            "O",
            "O"
        ]
    },
    {
        "words": [
            "What",
            "I",
            "know",
            "!",
            "\u25aa",
            "Lectures",
            "will",
            "be",
            "synchronous",
            "!",
            "And",
            "online",
            "!",
            "ALWAYS",
            "!",
            "\u2022",
            "But",
            "video",
            "will",
            "be",
            "available",
            "!",
            "\u2022",
            "If",
            "you",
            "can",
            ",",
            "attend",
            "synchronously",
            "!",
            "\u25aa",
            "You",
            "can",
            "attend",
            "lectures",
            "asynchronously",
            "\u2022",
            "Have",
            "a",
            "job",
            "?",
            "some",
            "scheduling",
            "problem",
            "?",
            "Idk",
            "?",
            "\u25aa",
            "Recitations",
            "are",
            "ALL",
            "remote",
            "!",
            "\u2022",
            "I",
            "think\u2026",
            "\u25aa",
            "IF",
            "we",
            "go",
            "back",
            "to",
            "the",
            "classroom",
            "\u2022",
            "First",
            "lecture",
            ",",
            "I",
            "\u2019",
            "ll",
            "be",
            "in",
            "the",
            "classroom",
            ",",
            "you",
            "will",
            "be",
            "at",
            "home",
            ".",
            "Why",
            "?",
            "\u2022",
            "If",
            "technical",
            "issues",
            "come",
            ",",
            "I",
            "\u2019",
            "ll",
            "just",
            "relocate",
            "to",
            "teach",
            "remotely",
            "\u2022",
            "You",
            "can",
            "experience",
            "how",
            "it",
            "feels",
            "(",
            "teacher",
            "in",
            "classroom",
            ",",
            "students",
            "remote",
            ")",
            "\u25aa",
            "EVERYONE",
            "WILL",
            "FOLLOW",
            "THE",
            "RULES",
            "(",
            "distance",
            ",",
            "mask",
            ",",
            "etc.",
            "!",
            ")",
            "\u2022",
            "https",
            ":",
            "//www.coronavirus.pitt.edu/",
            "\u2022",
            "NO",
            "EXCEPTION",
            "(",
            "class",
            "will",
            "be",
            "dismissed",
            ")",
            "17"
        ],
        "labels": [
            "O",
            "O",
            "O",
            "O",
            "O",
            "O",
            "O",
            "O",
            "O",
            "O",
            "O",
            "O",
            "O",
            "O",
            "O",
            "O",
            "O",
            "O",
            "O",
            "O",
            "O",
            "O",
            "O",
            "O",
            "O",
            "O",
            "O",
            "O",
            "O",
            "O",
            "O",
            "O",
            "O",
            "O",
            "O",
            "O",
            "O",
            "O",
            "O",
            "O",
            "O",
            "O",
            "O",
            "O",
            "O",
            "O",
            "O",
            "O",
            "O",
            "O",
            "O",
            "O",
            "O",
            "O",
            "O",
            "O",
            "O",
            "O",
            "O",
            "O",
            "O",
            "O",
            "O",
            "O",
            "O",
            "O",
            "O",
            "O",
            "O",
            "O",
            "O",
            "O",
            "O",
            "O",
            "O",
            "O",
            "O",
            "O",
            "O",
            "O",
            "O",
            "O",
            "O",
            "O",
            "O",
            "O",
            "O",
            "O",
            "O",
            "O",
            "O",
            "O",
            "O",
            "O",
            "O",
            "O",
            "O",
            "O",
            "O",
            "O",
            "O",
            "O",
            "O",
            "O",
            "O",
            "O",
            "O",
            "O",
            "O",
            "O",
            "O",
            "O",
            "O",
            "O",
            "O",
            "O",
            "O",
            "O",
            "O",
            "O",
            "O",
            "O",
            "O",
            "O",
            "O",
            "O",
            "O",
            "O",
            "O",
            "O",
            "O",
            "O",
            "O",
            "O",
            "O",
            "O",
            "O",
            "O",
            "O",
            "O",
            "O"
        ]
    },
    {
        "words": [
            "Course",
            "Overview",
            "If",
            "food",
            "were",
            "knowledge",
            ",",
            "this",
            "would",
            "be",
            ",",
            "like",
            ",",
            "our",
            "restaurant",
            "menu",
            ".",
            "18"
        ],
        "labels": [
            "O",
            "O",
            "O",
            "O",
            "O",
            "O",
            "O",
            "O",
            "O",
            "O",
            "O",
            "O",
            "O",
            "O",
            "O",
            "O",
            "O",
            "O"
        ]
    },
    {
        "words": [
            "Topics",
            "(",
            "Subject",
            "to",
            "deviation",
            ")",
            "\u2022",
            "We",
            "\u2019",
            "re",
            "going",
            "to",
            "(",
            "tentatively",
            ")",
            "learn",
            "SO",
            "MUCH",
            "fun",
            "stuff",
            "!",
            "\u2022",
            "The",
            "C",
            "Systems",
            "Programming",
            "Language",
            "\u25aa",
            "Some",
            "x86",
            "Assembly",
            "\u2022",
            "Memory",
            "Models",
            "\u25aa",
            "Addresses",
            "and",
            "Pointers",
            "\u25aa",
            "Memory",
            "management",
            "\u2022",
            "Memory",
            "Caches",
            "\u2022",
            "Operating",
            "Systems",
            "\u25aa",
            "Processes",
            "/",
            "Signals",
            "\u25aa",
            "Interprocess",
            "Communication",
            "\u25aa",
            "The",
            "Basics",
            "of",
            "Virtual",
            "Memory",
            "\u25aa",
            "Basic",
            "Network",
            "Programming",
            "19"
        ],
        "labels": [
            "O",
            "O",
            "O",
            "O",
            "O",
            "O",
            "O",
            "O",
            "O",
            "O",
            "O",
            "O",
            "O",
            "O",
            "O",
            "O",
            "O",
            "O",
            "O",
            "O",
            "O",
            "O",
            "O",
            "B",
            "I",
            "I",
            "I",
            "O",
            "O",
            "B",
            "I",
            "O",
            "B",
            "O",
            "O",
            "B",
            "O",
            "B",
            "O",
            "B",
            "I",
            "O",
            "B",
            "I",
            "O",
            "B",
            "I",
            "O",
            "B",
            "O",
            "B",
            "O",
            "B",
            "I",
            "O",
            "O",
            "O",
            "O",
            "B",
            "I",
            "O",
            "O",
            "B",
            "I",
            "O"
        ]
    },
    {
        "words": [
            "Skills",
            "\u2022",
            "C",
            "Programming",
            "\u25aa",
            "Abstractions",
            "and",
            "coping",
            "without",
            "them",
            "\u25aa",
            "x86",
            "assembly",
            "(",
            "ISA",
            ")",
            "/",
            "calling",
            "conventions",
            "(",
            "ABI",
            ")",
            "\u25aa",
            "Interactive",
            "debugging",
            "\u25aa",
            "Data",
            "representation",
            "\u25aa",
            "We",
            "gain",
            "an",
            "appreciation",
            "of",
            "abstraction",
            "(",
            "and",
            "respecting",
            "limitations",
            ")",
            "\u2022",
            "Systems",
            "Design",
            "\u25aa",
            "Learning",
            "the",
            "\u201c",
            "why",
            "\u201d",
            "for",
            "many",
            "systems",
            "abstractions",
            "\u25aa",
            "Manipulating",
            "systems",
            "and",
            "existing",
            "programs",
            "\u25aa",
            "Thinking",
            "about",
            "how",
            "systems",
            "might",
            "change",
            "in",
            "the",
            "future",
            "\u25aa",
            "We",
            "demystify",
            "software",
            "so",
            "as",
            "to",
            "no",
            "longer",
            "be",
            "a",
            "hostage",
            "to",
            "its",
            "design",
            "20"
        ],
        "labels": [
            "O",
            "O",
            "O",
            "O",
            "O",
            "B",
            "O",
            "O",
            "O",
            "O",
            "O",
            "B",
            "I",
            "O",
            "B",
            "O",
            "O",
            "B",
            "I",
            "O",
            "B",
            "O",
            "O",
            "O",
            "O",
            "O",
            "B",
            "I",
            "O",
            "O",
            "O",
            "O",
            "O",
            "O",
            "O",
            "O",
            "O",
            "O",
            "O",
            "O",
            "O",
            "B",
            "O",
            "O",
            "O",
            "O",
            "O",
            "O",
            "O",
            "O",
            "O",
            "B",
            "O",
            "O",
            "O",
            "B",
            "O",
            "O",
            "O",
            "O",
            "O",
            "O",
            "O",
            "B",
            "O",
            "O",
            "O",
            "O",
            "O",
            "O",
            "O",
            "O",
            "O",
            "O",
            "O",
            "O",
            "O",
            "O",
            "O",
            "O",
            "O",
            "O",
            "O",
            "O",
            "O"
        ]
    },
    {
        "words": [
            "What",
            "is",
            "Systems",
            "?",
            "\u2022",
            "Systems",
            "is",
            "broad",
            "\u25aa",
            "A",
            "subfield",
            "of",
            "CS",
            "dealing",
            "with",
            "the",
            "interactions",
            "between",
            "software",
            "/",
            "hardware",
            ".",
            "\u25aa",
            "A",
            "layer",
            "that",
            "provides",
            "abstractions",
            "and",
            "must",
            "constantly",
            "reevaluate",
            "them",
            ".",
            "\u2022",
            "Operating",
            "Systems",
            "\u2022",
            "File",
            "Systems",
            "\u2022",
            "Program",
            "Analysis",
            "/",
            "Debugging",
            "Tools",
            "\u2022",
            "Intra/Inter",
            "System",
            "Protocols",
            "\u25aa",
            "A",
            "house",
            "built",
            "from",
            "trade-offs",
            "in",
            "approach\u2026",
            "\u2022",
            "Do",
            "you",
            "build",
            "better",
            "hardware",
            "?",
            "Add",
            "more",
            "memory",
            "?",
            "\u2022",
            "Or",
            ",",
            "do",
            "you",
            "design",
            "better",
            "software",
            "?",
            "\u25aa",
            "And",
            "trade-offs",
            "in",
            "design\u2026",
            "\u2022",
            "Do",
            "you",
            "choose",
            "the",
            "specialized",
            "path",
            "?",
            "\u2022",
            "Or",
            ",",
            "do",
            "you",
            "create",
            "a",
            "general",
            "system",
            "?",
            "\u2022",
            "Both",
            "?",
            "?",
            "\u25aa",
            "Very",
            "opinionated",
            "!",
            "!",
            "!",
            "!",
            "!",
            "!",
            "!",
            "!",
            "!",
            "!",
            "21"
        ],
        "labels": [
            "O",
            "O",
            "B",
            "O",
            "O",
            "B",
            "O",
            "O",
            "O",
            "O",
            "O",
            "O",
            "O",
            "O",
            "O",
            "O",
            "O",
            "O",
            "B",
            "O",
            "B",
            "O",
            "O",
            "O",
            "O",
            "O",
            "O",
            "B",
            "O",
            "O",
            "O",
            "O",
            "O",
            "O",
            "O",
            "B",
            "I",
            "O",
            "B",
            "I",
            "O",
            "B",
            "I",
            "O",
            "B",
            "I",
            "O",
            "O",
            "B",
            "I",
            "O",
            "O",
            "O",
            "O",
            "O",
            "O",
            "O",
            "O",
            "O",
            "O",
            "O",
            "O",
            "O",
            "O",
            "O",
            "O",
            "O",
            "O",
            "O",
            "O",
            "O",
            "O",
            "O",
            "O",
            "O",
            "O",
            "O",
            "O",
            "O",
            "O",
            "O",
            "O",
            "O",
            "O",
            "O",
            "O",
            "O",
            "O",
            "O",
            "O",
            "O",
            "O",
            "O",
            "O",
            "O",
            "O",
            "O",
            "O",
            "O",
            "O",
            "O",
            "O",
            "O",
            "O",
            "O",
            "O",
            "O",
            "O",
            "O",
            "O",
            "O",
            "O",
            "O",
            "O",
            "O",
            "O",
            "O",
            "O",
            "O"
        ]
    },
    {
        "words": [
            "What",
            "is",
            "Systems",
            "?",
            "?",
            "Looking",
            "for",
            "guidance",
            "by",
            "looking",
            "at",
            "recent",
            "research",
            ":",
            "\u2022",
            "Research",
            "Conferences",
            "\u25aa",
            "SOSP/OSDI/EuroSys",
            "\u2013",
            "OS",
            "design",
            ",",
            "kernel",
            "design",
            ",",
            "virtualization",
            "\u2022",
            "Parit",
            "models",
            ":",
            "erasure-coded",
            "resilience",
            "for",
            "prediction",
            "serving",
            "systems",
            "\u2022",
            "Teechain",
            ":",
            "a",
            "secure",
            "payment",
            "network",
            "with",
            "asynchronous",
            "blockchain",
            "access",
            "\u2022",
            "Finding",
            "semantic",
            "bugs",
            "in",
            "file",
            "systems",
            "with",
            "an",
            "extensible",
            "fuzzing",
            "framework",
            "\u2022",
            "File",
            "systems",
            "unfit",
            "as",
            "distributed",
            "storage",
            "backends",
            ":",
            "lessons",
            "from",
            "10",
            "years",
            "of",
            "Ceph",
            "evolution",
            "\u2022",
            "Snap",
            ":",
            "a",
            "microkernel",
            "approach",
            "to",
            "host",
            "networking",
            "\u25aa",
            "HotOS",
            "\u2013",
            "Positions",
            "on",
            "Systems",
            "\u2019",
            "future",
            "\u2022",
            "Machine",
            "Learning",
            "Systems",
            "are",
            "Stuck",
            "in",
            "a",
            "Rut",
            "\u2022",
            "Granular",
            "Computing",
            "\u2022",
            "I/O",
            "Is",
            "Faster",
            "Than",
            "the",
            "CPU",
            "--",
            "Let",
            "'s",
            "Partition",
            "Resources",
            "and",
            "Eliminate",
            "(",
            "Most",
            ")",
            "OS",
            "Abstractions",
            "\u2022",
            "I",
            "'m",
            "Not",
            "Dead",
            "Yet",
            "!",
            ":",
            "The",
            "Role",
            "of",
            "the",
            "Operating",
            "System",
            "in",
            "a",
            "Kernel-Bypass",
            "Era",
            "\u2022",
            "Unikernels",
            ":",
            "The",
            "Next",
            "Stage",
            "of",
            "Linux",
            "'s",
            "Dominance",
            "\u2022",
            "The",
            "Case",
            "for",
            "I/O-Device-as-a-Service",
            "22"
        ],
        "labels": [
            "O",
            "O",
            "B",
            "O",
            "O",
            "O",
            "O",
            "O",
            "O",
            "O",
            "O",
            "O",
            "O",
            "O",
            "O",
            "O",
            "O",
            "O",
            "O",
            "O",
            "O",
            "O",
            "O",
            "O",
            "O",
            "O",
            "O",
            "O",
            "O",
            "O",
            "O",
            "O",
            "O",
            "O",
            "O",
            "O",
            "O",
            "O",
            "O",
            "O",
            "O",
            "O",
            "O",
            "O",
            "O",
            "O",
            "O",
            "O",
            "O",
            "O",
            "O",
            "O",
            "O",
            "O",
            "O",
            "O",
            "O",
            "O",
            "O",
            "O",
            "O",
            "O",
            "O",
            "O",
            "O",
            "O",
            "O",
            "O",
            "O",
            "O",
            "O",
            "O",
            "O",
            "O",
            "O",
            "O",
            "O",
            "O",
            "O",
            "O",
            "O",
            "O",
            "O",
            "O",
            "O",
            "O",
            "O",
            "O",
            "O",
            "O",
            "O",
            "O",
            "O",
            "O",
            "O",
            "O",
            "O",
            "O",
            "O",
            "O",
            "O",
            "O",
            "O",
            "O",
            "O",
            "O",
            "O",
            "O",
            "O",
            "O",
            "O",
            "O",
            "O",
            "O",
            "O",
            "O",
            "O",
            "O",
            "O",
            "O",
            "O",
            "O",
            "O",
            "O",
            "O",
            "O",
            "O",
            "O",
            "O",
            "O",
            "O",
            "O",
            "O",
            "O",
            "O",
            "O",
            "O",
            "O",
            "O",
            "O",
            "O",
            "O",
            "O",
            "O",
            "O",
            "O",
            "O",
            "O",
            "O",
            "O",
            "O",
            "O",
            "O",
            "O",
            "O",
            "O",
            "O",
            "O"
        ]
    },
    {
        "words": [
            "Why",
            "the",
            "C",
            "Programming",
            "Language",
            "?",
            "\u2022",
            "Because",
            "B",
            "sucks",
            "and",
            "D",
            "wasn",
            "\u2019",
            "t",
            "invented",
            "yet",
            ".",
            "J/K",
            ".",
            "\u2022",
            "C",
            "was",
            "invented",
            "in",
            "1972",
            "alongside",
            "UNIX",
            "to",
            "an",
            "effort",
            "to",
            "aid",
            "application",
            "development",
            "of",
            "that",
            "system",
            ".",
            "\u2022",
            "Eventually",
            "UNIX",
            "itself",
            "was",
            "rewritten",
            "in",
            "C",
            "cementing",
            "C",
            "as",
            "a",
            "systems",
            "language",
            ".",
            "\u2022",
            "As",
            "such",
            ",",
            "C",
            "provides",
            "a",
            "high-level",
            "abstraction",
            "of",
            "assembly",
            "/",
            "machine-",
            "code",
            "and",
            "a",
            "low-level",
            "abstraction",
            "of",
            "memory",
            ",",
            "from",
            "the",
            "perspective",
            "of",
            "the",
            "C",
            "programmer",
            ".",
            "\u25aa",
            "This",
            "is",
            "important",
            "for",
            "programming",
            "systems",
            "code",
            "!",
            "\u25aa",
            "Allows",
            "full",
            "manipulation",
            "of",
            "memory",
            "(",
            "to",
            "one",
            "\u2019",
            "s",
            "peril",
            ",",
            "often",
            ".",
            ")",
            "\u25aa",
            "This",
            ",",
            "in",
            "turn",
            ",",
            "allows",
            "for",
            "full",
            "manipulation",
            "of",
            "cpu/hardware",
            ".",
            "23"
        ],
        "labels": [
            "O",
            "O",
            "B",
            "I",
            "I",
            "O",
            "O",
            "O",
            "O",
            "O",
            "O",
            "O",
            "O",
            "O",
            "O",
            "O",
            "O",
            "O",
            "O",
            "O",
            "O",
            "B",
            "O",
            "O",
            "O",
            "O",
            "O",
            "B",
            "O",
            "O",
            "O",
            "O",
            "O",
            "O",
            "O",
            "O",
            "O",
            "O",
            "O",
            "O",
            "O",
            "B",
            "O",
            "O",
            "O",
            "O",
            "B",
            "O",
            "B",
            "O",
            "O",
            "B",
            "I",
            "O",
            "O",
            "O",
            "O",
            "O",
            "B",
            "O",
            "O",
            "O",
            "B",
            "O",
            "B",
            "O",
            "B",
            "I",
            "O",
            "O",
            "O",
            "B",
            "O",
            "B",
            "O",
            "O",
            "O",
            "O",
            "O",
            "O",
            "B",
            "O",
            "O",
            "O",
            "O",
            "O",
            "O",
            "O",
            "O",
            "B",
            "O",
            "O",
            "O",
            "O",
            "O",
            "O",
            "O",
            "B",
            "O",
            "O",
            "O",
            "O",
            "O",
            "O",
            "O",
            "O",
            "O",
            "O",
            "O",
            "O",
            "O",
            "O",
            "O",
            "O",
            "O",
            "O",
            "O",
            "O",
            "O",
            "O",
            "O",
            "O"
        ]
    },
    {
        "words": [
            "Why",
            "the",
            "C",
            "Programming",
            "Language",
            "?",
            "?",
            "\u2022",
            "Learning",
            "C",
            "helps",
            "you",
            "understand",
            "Systems",
            ".",
            "\u2022",
            "Understanding",
            "Systems",
            "lets",
            "you",
            "make",
            "them",
            "better",
            ".",
            "\u25aa",
            "Or",
            "break",
            "them",
            ".",
            "\u263a",
            "\u2022",
            "C",
            "reveals",
            "the",
            "underlying",
            "memory",
            "model",
            "and",
            "execution",
            "environment",
            ".",
            "\u25aa",
            "Lets",
            "you",
            "understand",
            "any",
            "program",
            ".",
            "\u25aa",
            "Even",
            "if",
            "you",
            "do",
            "not",
            "have",
            "the",
            "original",
            "code",
            ".",
            "\u2022",
            "Failing",
            "at",
            "C",
            "helps",
            "you",
            "learn\u2026",
            "\u25aa",
            "Because",
            "then",
            "you",
            "debug",
            "your",
            "program",
            ".",
            "\u25aa",
            "And",
            "debuggers",
            "are",
            "very",
            "useful",
            "tools",
            ".",
            "24"
        ],
        "labels": [
            "O",
            "O",
            "B",
            "I",
            "I",
            "O",
            "O",
            "O",
            "O",
            "B",
            "O",
            "O",
            "O",
            "B",
            "O",
            "O",
            "O",
            "B",
            "O",
            "O",
            "O",
            "O",
            "O",
            "O",
            "O",
            "O",
            "O",
            "O",
            "O",
            "O",
            "O",
            "B",
            "O",
            "O",
            "O",
            "B",
            "I",
            "O",
            "O",
            "O",
            "O",
            "O",
            "O",
            "O",
            "O",
            "O",
            "O",
            "O",
            "O",
            "O",
            "O",
            "O",
            "O",
            "O",
            "O",
            "O",
            "O",
            "O",
            "O",
            "O",
            "O",
            "O",
            "O",
            "O",
            "O",
            "O",
            "O",
            "O",
            "O",
            "O",
            "O",
            "O",
            "O",
            "O",
            "O",
            "O",
            "O",
            "O",
            "O",
            "O",
            "O",
            "O",
            "O"
        ]
    },
    {
        "words": [
            "How",
            "people",
            "use",
            "these",
            "skills",
            "\u2022",
            "Writing",
            "Operating",
            "Systems",
            "\u25aa",
            "not",
            "the",
            "entire",
            "thing",
            "hopefully",
            "\u25aa",
            "\u2026",
            "but",
            "parts",
            "are",
            "generally",
            "gon",
            "na",
            "be",
            "C/C-like",
            "\u25aa",
            "Understanding",
            "systems",
            "means",
            "knowing",
            "how",
            "to",
            "mitigate/improve",
            "performance",
            ".",
            "\u2022",
            "Important",
            "that",
            "your",
            "abstractions",
            "don",
            "\u2019",
            "t",
            "hurt",
            "performance",
            "because",
            "EVERY",
            "user",
            "application",
            "suffers",
            ".",
            "\u2022",
            "Yet",
            ",",
            "performance",
            "is",
            "not",
            "the",
            "only",
            "consideration",
            ";",
            "understanding",
            "abstractions",
            "should",
            "help",
            "alleviate",
            "design",
            "fatigue",
            ".",
            "https",
            ":",
            "//wilkie.how/posts/kaashoeks-law",
            "\u25aa",
            "Linux",
            "and",
            "Device",
            "Drivers",
            ":",
            "10+",
            "million",
            "lines",
            "of",
            "C",
            "\u2022",
            "Yikes",
            ".",
            "\u2022",
            "But",
            ",",
            "learning",
            "C",
            "means",
            "you",
            "can",
            "potentially",
            "read",
            "this",
            "and",
            "learn",
            "more",
            "about",
            "/",
            "improve",
            "/",
            "extend",
            "Linux",
            ".",
            "25"
        ],
        "labels": [
            "O",
            "O",
            "O",
            "O",
            "O",
            "O",
            "O",
            "B",
            "I",
            "O",
            "O",
            "O",
            "O",
            "O",
            "O",
            "O",
            "O",
            "O",
            "O",
            "O",
            "O",
            "O",
            "O",
            "O",
            "O",
            "O",
            "O",
            "B",
            "O",
            "O",
            "O",
            "O",
            "O",
            "O",
            "O",
            "O",
            "O",
            "O",
            "O",
            "B",
            "O",
            "O",
            "O",
            "O",
            "O",
            "O",
            "O",
            "O",
            "O",
            "O",
            "O",
            "O",
            "O",
            "O",
            "O",
            "O",
            "O",
            "O",
            "O",
            "O",
            "O",
            "O",
            "B",
            "O",
            "O",
            "O",
            "O",
            "O",
            "O",
            "O",
            "O",
            "O",
            "O",
            "B",
            "O",
            "B",
            "I",
            "O",
            "O",
            "O",
            "O",
            "O",
            "B",
            "O",
            "O",
            "O",
            "O",
            "O",
            "O",
            "O",
            "B",
            "O",
            "O",
            "O",
            "O",
            "O",
            "O",
            "O",
            "O",
            "O",
            "O",
            "O",
            "O",
            "O",
            "O",
            "O",
            "O",
            "O"
        ]
    },
    {
        "words": [
            "How",
            "people",
            "use",
            "these",
            "skills",
            "\u2022",
            "Debugging",
            "Higher-level",
            "Programs",
            "\u25aa",
            "Yes",
            ",",
            "even",
            "Python",
            "itself",
            "crashes",
            "!",
            "\u25aa",
            "\u2026",
            "and",
            "the",
            "Python",
            "interpreter",
            "is",
            "written",
            "in",
            "C",
            "\u2026",
            "\u25aa",
            "\u2026",
            "and",
            "computers",
            "don",
            "\u2019",
            "t",
            "understand",
            "C",
            "\u2026",
            "\u25aa",
            "\u2026",
            "so",
            "it",
            "\u2019",
            "s",
            "gon",
            "na",
            "give",
            "you",
            "an",
            "assembly",
            "dump",
            ".",
            "26"
        ],
        "labels": [
            "O",
            "O",
            "O",
            "O",
            "O",
            "O",
            "B",
            "O",
            "O",
            "O",
            "O",
            "O",
            "O",
            "O",
            "O",
            "O",
            "O",
            "O",
            "O",
            "O",
            "O",
            "O",
            "O",
            "O",
            "O",
            "O",
            "O",
            "O",
            "O",
            "O",
            "O",
            "O",
            "O",
            "O",
            "O",
            "O",
            "O",
            "O",
            "O",
            "O",
            "O",
            "O",
            "O",
            "O",
            "O",
            "O",
            "O",
            "O",
            "O",
            "B",
            "I",
            "O",
            "O"
        ]
    },
    {
        "words": [
            "How",
            "people",
            "use",
            "these",
            "skills",
            "\u2022",
            "Creating",
            "Art",
            "\u25aa",
            "Real-time",
            "art",
            "includes",
            "not",
            "just",
            "video",
            "games",
            ".",
            "\u25aa",
            "There",
            "is",
            "a",
            "lot",
            "of",
            "fun",
            "and",
            "skill",
            "involved",
            ".",
            "\u25aa",
            "Being",
            "creative",
            "within",
            "a",
            "constraint",
            "has",
            "been",
            "very",
            "alluring",
            ".",
            "\u25aa",
            "The",
            "Demoscene",
            "is",
            "such",
            "a",
            "community",
            ".",
            "27"
        ],
        "labels": [
            "O",
            "O",
            "O",
            "O",
            "O",
            "O",
            "O",
            "O",
            "O",
            "O",
            "O",
            "O",
            "O",
            "O",
            "O",
            "O",
            "O",
            "O",
            "O",
            "O",
            "O",
            "O",
            "O",
            "O",
            "O",
            "O",
            "O",
            "O",
            "O",
            "O",
            "O",
            "O",
            "O",
            "O",
            "O",
            "O",
            "O",
            "O",
            "O",
            "O",
            "O",
            "O",
            "O",
            "O",
            "O",
            "O",
            "O",
            "O"
        ]
    },
    {
        "words": [
            "How",
            "people",
            "use",
            "these",
            "skills",
            "\u2022",
            "Breaking",
            "Things",
            "for",
            "Great",
            "Good",
            "\u25aa",
            "Or",
            "great",
            "bad\u2026",
            "I",
            "\u2019",
            "m",
            "not",
            "your",
            "parents",
            ".",
            "\u25aa",
            "Why",
            "?",
            "Old",
            "programs",
            "with",
            "copy-protection",
            "are",
            "still",
            "useful",
            ".",
            "\u2022",
            "Original",
            "source",
            "code",
            "backed",
            "up",
            "?",
            "?",
            "What",
            "time",
            "do",
            "you",
            "think",
            "this",
            "is",
            "?",
            "?",
            "Never",
            "?",
            "?",
            "?",
            "?",
            "\u25aa",
            "And",
            "it",
            "is",
            "technically",
            "legal",
            "to",
            "reverse-engineer",
            "and/or",
            "change",
            "them",
            ".",
            "\u2022",
            "The",
            "best",
            "kind",
            "of",
            "legal",
            ".",
            "\u2022",
            "But",
            "I",
            "\u2019",
            "m",
            "not",
            "a",
            "lawyer",
            "and",
            "this",
            "is",
            "not",
            "legal",
            "advice",
            ".",
            "lol",
            "\u25aa",
            "You",
            "will",
            "typically",
            "use",
            "a",
            "\u201c",
            "debugger",
            "\u201d",
            "to",
            "break",
            "down",
            "a",
            "program",
            "\u2019",
            "s",
            "behavior",
            ".",
            "\u25aa",
            "And",
            "then",
            "patch",
            "it",
            "to",
            "do",
            "/",
            "not-do",
            "things",
            ".",
            "\u25aa",
            "Generally",
            "done",
            "professionally",
            "by",
            "librarians/archivists",
            ".",
            "\u25aa",
            "We",
            "will",
            "also",
            "do",
            "this",
            "!",
            "!",
            "28"
        ],
        "labels": [
            "O",
            "O",
            "O",
            "O",
            "O",
            "O",
            "O",
            "O",
            "O",
            "O",
            "O",
            "O",
            "O",
            "O",
            "O",
            "O",
            "O",
            "O",
            "O",
            "O",
            "O",
            "O",
            "O",
            "O",
            "O",
            "O",
            "O",
            "O",
            "O",
            "O",
            "O",
            "O",
            "O",
            "O",
            "O",
            "O",
            "O",
            "O",
            "O",
            "O",
            "O",
            "O",
            "O",
            "O",
            "O",
            "O",
            "O",
            "O",
            "O",
            "O",
            "O",
            "O",
            "O",
            "O",
            "O",
            "O",
            "O",
            "O",
            "O",
            "O",
            "O",
            "O",
            "O",
            "O",
            "O",
            "O",
            "O",
            "O",
            "O",
            "O",
            "O",
            "O",
            "O",
            "O",
            "O",
            "O",
            "O",
            "O",
            "O",
            "O",
            "O",
            "O",
            "O",
            "O",
            "O",
            "O",
            "O",
            "O",
            "O",
            "O",
            "O",
            "O",
            "O",
            "O",
            "O",
            "O",
            "O",
            "B",
            "O",
            "O",
            "O",
            "O",
            "O",
            "O",
            "O",
            "O",
            "O",
            "O",
            "O",
            "O",
            "O",
            "O",
            "O",
            "O",
            "O",
            "O",
            "O",
            "O",
            "O",
            "O",
            "O",
            "O",
            "O",
            "O",
            "O",
            "O",
            "O",
            "O",
            "O",
            "O",
            "O",
            "O",
            "O",
            "O",
            "O"
        ]
    },
    {
        "words": [
            "How",
            "YOU",
            "will",
            "use",
            "these",
            "skills",
            "\u2022",
            "All",
            "of",
            "the",
            "above",
            "!",
            "!",
            "\u2022",
            "And",
            ",",
            "of",
            "course",
            ",",
            "TO",
            "HAVE",
            "FUN",
            "!",
            "!",
            "29"
        ],
        "labels": [
            "O",
            "O",
            "O",
            "O",
            "O",
            "O",
            "O",
            "O",
            "O",
            "O",
            "O",
            "O",
            "O",
            "O",
            "O",
            "O",
            "O",
            "O",
            "O",
            "O",
            "O",
            "O",
            "O",
            "O",
            "O"
        ]
    }
]