[
    {
        "words": [
            "Introduction",
            "to",
            "Operating",
            "Systems",
            "CS",
            "1550",
            "Spring",
            "2022",
            "Sherif",
            "Khattab",
            "ksm73",
            "@",
            "pitt.edu",
            "(",
            "Some",
            "slides",
            "are",
            "from",
            "Silberschatz",
            ",",
            "Galvin",
            "and",
            "Gagne",
            "\u00a92013",
            ")"
        ],
        "labels": [
            "O",
            "O",
            "O",
            "O",
            "O",
            "O",
            "O",
            "O",
            "O",
            "O",
            "O",
            "O",
            "O",
            "O",
            "O",
            "O",
            "O",
            "O",
            "O",
            "O",
            "O",
            "O",
            "O",
            "O",
            "O"
        ]
    },
    {
        "words": [
            "Course",
            "Goal",
            "and",
            "Objectives",
            "Continue",
            "to",
            "demystify",
            "a",
            "good",
            "portion",
            "of",
            "the",
            "magic",
            "about",
            "how",
            "computers",
            "work",
            "so",
            "that",
            "you",
            "can",
            "write",
            "more",
            "efficient",
            "programs",
            "The",
            "specific",
            "objectives",
            "are",
            ":",
            "1",
            ".",
            "Modify",
            "and",
            "compile",
            "the",
            "Linux",
            "kernel",
            "to",
            "add",
            "system",
            "calls",
            "2",
            ".",
            "Write",
            "multi-process/multi-thread",
            "programs",
            "free",
            "from",
            "race",
            "conditions",
            "and",
            "deadlocks",
            "3",
            ".",
            "Simulate",
            "page-replacement",
            "algorithms",
            "for",
            "virtual",
            "memory",
            "management",
            "4",
            ".",
            "Implement",
            "a",
            "user-land",
            "file",
            "system",
            "CS/COE",
            "1550",
            "\u2013",
            "Operating",
            "Systems",
            "\u2013",
            "Sherif",
            "Khattab",
            "2"
        ],
        "labels": [
            "O",
            "O",
            "O",
            "O",
            "O",
            "O",
            "O",
            "O",
            "O",
            "O",
            "O",
            "O",
            "O",
            "O",
            "O",
            "O",
            "O",
            "O",
            "O",
            "O",
            "O",
            "O",
            "O",
            "O",
            "O",
            "O",
            "O",
            "O",
            "O",
            "O",
            "O",
            "O",
            "O",
            "O",
            "O",
            "O",
            "B",
            "I",
            "O",
            "O",
            "O",
            "O",
            "O",
            "O",
            "O",
            "O",
            "O",
            "O",
            "O",
            "O",
            "O",
            "O",
            "O",
            "O",
            "O",
            "O",
            "O",
            "O",
            "O",
            "O",
            "O",
            "O",
            "O",
            "O",
            "O",
            "O",
            "O",
            "O",
            "O",
            "O",
            "O",
            "O",
            "O",
            "O",
            "O",
            "O",
            "O",
            "O"
        ]
    },
    {
        "words": [
            "Contact",
            "Info",
            "\u2022",
            "Course",
            "website",
            ":",
            "http",
            ":",
            "//www.cs.pitt.edu/~skhattab/cs1550/",
            "\u2022",
            "Instructor",
            ":",
            "Sherif",
            "Khattab",
            "ksm73",
            "@",
            "pitt.edu",
            "OH",
            ":",
            "https",
            ":",
            "//khattab.youcanbook.me",
            "TuTh",
            ":",
            "16:30-19:30",
            "(",
            "remote",
            "until",
            "Jan",
            "26",
            "then",
            "in-person/remote",
            ")",
            "F",
            ":",
            "16:00-18:00",
            "(",
            "remote",
            "only",
            "for",
            "the",
            "entire",
            "term",
            ")",
            "\u2022",
            "6307",
            "Sennott",
            "Square",
            ",",
            "Virtual",
            "Office",
            ":",
            "https",
            ":",
            "//pitt.zoom.us/my/khattab",
            "\u2022",
            "Teaching",
            "Team",
            ":",
            "TBD",
            "\u2022",
            "Recitations",
            "start",
            "this",
            "week",
            "!",
            "\u2022",
            "Communication",
            "1",
            ".",
            "End",
            "of",
            "week",
            "newsletter",
            "2",
            ".",
            "Piazza",
            "(",
            "Please",
            "expect",
            "a",
            "response",
            "within",
            "72",
            "hours",
            ")",
            "1",
            ".",
            "Email",
            "not",
            "recommended",
            "!",
            "CS/COE",
            "1550",
            "\u2013",
            "Operating",
            "Systems",
            "\u2013",
            "Sherif",
            "Khattab",
            "3"
        ],
        "labels": [
            "O",
            "O",
            "O",
            "O",
            "O",
            "O",
            "O",
            "O",
            "O",
            "O",
            "O",
            "O",
            "O",
            "O",
            "O",
            "O",
            "O",
            "O",
            "O",
            "O",
            "O",
            "O",
            "O",
            "O",
            "O",
            "O",
            "O",
            "O",
            "O",
            "O",
            "O",
            "O",
            "O",
            "O",
            "O",
            "O",
            "O",
            "O",
            "O",
            "O",
            "O",
            "O",
            "O",
            "O",
            "O",
            "O",
            "O",
            "O",
            "O",
            "O",
            "O",
            "O",
            "O",
            "O",
            "O",
            "O",
            "O",
            "O",
            "O",
            "O",
            "O",
            "O",
            "O",
            "O",
            "O",
            "O",
            "O",
            "O",
            "O",
            "O",
            "O",
            "O",
            "O",
            "O",
            "O",
            "O",
            "O",
            "O",
            "O",
            "O",
            "O",
            "O",
            "O",
            "O",
            "O",
            "O",
            "O",
            "O",
            "O",
            "O",
            "O",
            "O",
            "O",
            "O",
            "O",
            "O",
            "O",
            "O",
            "O",
            "O",
            "O"
        ]
    },
    {
        "words": [
            "Textbook",
            "Operating",
            "System",
            "Concepts",
            "(",
            "9th",
            "Edition",
            ")",
            "Silberschatz",
            ",",
            "Galvin",
            ",",
            "and",
            "Gagne",
            "CS/COE",
            "1550",
            "\u2013",
            "Operating",
            "Systems",
            "\u2013",
            "Sherif",
            "Khattab",
            "4"
        ],
        "labels": [
            "O",
            "O",
            "O",
            "O",
            "O",
            "O",
            "O",
            "O",
            "O",
            "O",
            "O",
            "O",
            "O",
            "O",
            "O",
            "O",
            "O",
            "O",
            "O",
            "O",
            "O",
            "O",
            "O"
        ]
    },
    {
        "words": [
            "Grading",
            "\u2022",
            "40",
            "%",
            "on",
            "4",
            "projects",
            "\u2022",
            "System",
            "programming",
            "using",
            "C",
            "\u2022",
            "Posted",
            "on",
            "Canvas",
            "and",
            "submitted",
            "on",
            "Gradescope",
            "(",
            "auto-",
            "graded",
            ")",
            "\u2022",
            "20",
            "%",
            "on",
            "two",
            "exams",
            ":",
            "12",
            "%",
            "on",
            "higher",
            "and",
            "8",
            "%",
            "on",
            "lower",
            "\u2022",
            "18",
            "%",
            "on",
            "weekly",
            "homework",
            "assignments",
            "\u2022",
            "14",
            "%",
            "recitation",
            ":",
            "5",
            "labs",
            "using",
            "MIT",
            "\u2019",
            "s",
            "Xv6",
            "operating",
            "system",
            "and",
            "4",
            "quizzes",
            "on",
            "the",
            "projects",
            "\u2022",
            "8",
            "%",
            "in-class",
            "Tophat",
            "questions",
            "and",
            "discussions",
            "CS/COE",
            "1550",
            "\u2013",
            "Operating",
            "Systems",
            "\u2013",
            "Sherif",
            "Khattab",
            "5"
        ],
        "labels": [
            "O",
            "O",
            "O",
            "O",
            "O",
            "O",
            "O",
            "O",
            "O",
            "O",
            "O",
            "O",
            "O",
            "O",
            "O",
            "O",
            "O",
            "O",
            "O",
            "O",
            "O",
            "O",
            "O",
            "O",
            "O",
            "O",
            "O",
            "O",
            "O",
            "O",
            "O",
            "O",
            "O",
            "O",
            "O",
            "O",
            "O",
            "O",
            "O",
            "O",
            "O",
            "O",
            "O",
            "O",
            "O",
            "O",
            "O",
            "O",
            "O",
            "O",
            "O",
            "O",
            "O",
            "O",
            "O",
            "O",
            "O",
            "O",
            "O",
            "O",
            "O",
            "O",
            "O",
            "O",
            "O",
            "O",
            "O",
            "O",
            "O",
            "O",
            "O",
            "O",
            "O",
            "O",
            "O",
            "O",
            "O",
            "O",
            "O",
            "O",
            "O",
            "O",
            "O",
            "O"
        ]
    },
    {
        "words": [
            "Canvas",
            "Walkthrough",
            "\u2022",
            "Lectures",
            "posted",
            "on",
            "Tophat",
            "by",
            "end",
            "of",
            "each",
            "lecture",
            "day",
            "\u2022",
            "Lecture",
            "and",
            "recitation",
            "recordings",
            "under",
            "Panopto",
            "Video",
            "\u2022",
            "Pre-",
            "and",
            "Post-course",
            "test",
            "\u2022",
            "Piazza",
            "for",
            "discussion",
            "\u2022",
            "Gradescope",
            "and",
            "autograding",
            "policies",
            "\u2022",
            "Homework",
            "attempts",
            "\u2022",
            "Academic",
            "Integrity",
            "\u2022",
            "NameCoach",
            "CS/COE",
            "1550",
            "\u2013",
            "Operating",
            "Systems",
            "\u2013",
            "Sherif",
            "Khattab",
            "6"
        ],
        "labels": [
            "O",
            "O",
            "O",
            "O",
            "O",
            "O",
            "O",
            "O",
            "O",
            "O",
            "O",
            "O",
            "O",
            "O",
            "O",
            "O",
            "O",
            "O",
            "O",
            "O",
            "O",
            "O",
            "O",
            "O",
            "O",
            "O",
            "O",
            "O",
            "O",
            "O",
            "O",
            "O",
            "O",
            "O",
            "O",
            "O",
            "O",
            "O",
            "O",
            "O",
            "O",
            "O",
            "O",
            "O",
            "O",
            "O",
            "O",
            "O",
            "O",
            "O",
            "O",
            "O"
        ]
    },
    {
        "words": [
            "Expectations",
            "\u2022",
            "Your",
            "continuous",
            "feedback",
            "is",
            "important",
            "!",
            "\u2022",
            "Anonymous",
            "Qualtrics",
            "survey",
            "\u2022",
            "Midterm",
            "and",
            "Final",
            "OMET",
            "\u2022",
            "Your",
            "engagement",
            "is",
            "valued",
            "and",
            "encouraged",
            ".",
            "CS/COE",
            "1550",
            "\u2013",
            "Operating",
            "Systems",
            "\u2013",
            "Sherif",
            "Khattab",
            "7"
        ],
        "labels": [
            "O",
            "O",
            "O",
            "O",
            "O",
            "O",
            "O",
            "O",
            "O",
            "O",
            "O",
            "O",
            "O",
            "O",
            "O",
            "O",
            "O",
            "O",
            "O",
            "O",
            "O",
            "O",
            "O",
            "O",
            "O",
            "O",
            "O",
            "O",
            "O",
            "O",
            "O",
            "O",
            "O",
            "O"
        ]
    },
    {
        "words": [
            "Lecture",
            "structure",
            "(",
            "mostly",
            ")",
            "Time",
            "Description",
            "~5",
            "min",
            "before",
            "and",
            "Informal",
            "chat",
            "after",
            "class",
            "~25",
            "min",
            "Announcements",
            ",",
            "review",
            "of",
            "reflections",
            ",",
            "and",
            "QA",
            "on",
            "projects/labs/homework",
            "problems",
            "~40",
            "min",
            "Lecturing",
            "~5",
            "min",
            "Tophat",
            "questions",
            "and/or",
            "activities",
            "~5",
            "minutes",
            "QA",
            "and",
            "muddiest",
            "points/reflections",
            "CS/COE",
            "1550",
            "\u2013",
            "Operating",
            "Systems",
            "\u2013",
            "Sherif",
            "Khattab",
            "8"
        ],
        "labels": [
            "O",
            "O",
            "O",
            "O",
            "O",
            "O",
            "O",
            "O",
            "O",
            "O",
            "O",
            "O",
            "O",
            "O",
            "O",
            "O",
            "O",
            "O",
            "O",
            "O",
            "O",
            "O",
            "O",
            "O",
            "O",
            "O",
            "O",
            "O",
            "O",
            "O",
            "O",
            "O",
            "O",
            "O",
            "O",
            "O",
            "O",
            "O",
            "O",
            "O",
            "O",
            "O",
            "O",
            "O",
            "O",
            "O",
            "O",
            "O",
            "O",
            "O",
            "O",
            "O"
        ]
    },
    {
        "words": [
            "Why",
            "is",
            "this",
            "class",
            "(",
            "notoriously",
            ")",
            "hard",
            "?",
            "\u2022",
            "Lots",
            "of",
            "concepts",
            "\u2022",
            "Attend",
            "lectures",
            "and",
            "recitations",
            "(",
            "if",
            "you",
            "absolutely",
            "can",
            "not",
            "attend",
            "live",
            ",",
            "watch",
            "the",
            "video",
            "recordings",
            ")",
            "\u2022",
            "Study",
            "often",
            "!",
            "\u2022",
            "Put",
            "effort",
            "into",
            "the",
            "weekly",
            "homework",
            "assignments",
            "\u2022",
            "Projects",
            "are",
            "relatively",
            "hard",
            "\u2022",
            "Refresh",
            "your",
            "C",
            "programming",
            "and",
            "GDB",
            "debugging",
            "skills",
            "(",
            "CS",
            "0449",
            "!",
            ")",
            "\u2022",
            "Start",
            "early",
            "and",
            "show",
            "up",
            "to",
            "office",
            "hours",
            "!",
            "CS/COE",
            "1550",
            "\u2013",
            "Operating",
            "Systems",
            "\u2013",
            "Sherif",
            "Khattab",
            "9"
        ],
        "labels": [
            "O",
            "O",
            "O",
            "O",
            "O",
            "O",
            "O",
            "O",
            "O",
            "O",
            "O",
            "O",
            "O",
            "O",
            "O",
            "O",
            "O",
            "O",
            "O",
            "O",
            "O",
            "O",
            "O",
            "O",
            "O",
            "O",
            "O",
            "O",
            "O",
            "O",
            "O",
            "O",
            "O",
            "O",
            "O",
            "O",
            "O",
            "O",
            "O",
            "O",
            "O",
            "O",
            "O",
            "O",
            "O",
            "O",
            "O",
            "O",
            "O",
            "O",
            "O",
            "O",
            "B",
            "I",
            "O",
            "B",
            "I",
            "I",
            "O",
            "O",
            "O",
            "O",
            "O",
            "O",
            "O",
            "O",
            "O",
            "O",
            "O",
            "O",
            "O",
            "O",
            "O",
            "O",
            "O",
            "O",
            "O",
            "O",
            "O",
            "O",
            "O",
            "O"
        ]
    }
]