[
    {
        "words": [
            "Introduction",
            "to",
            "Operating",
            "Systems",
            "CS",
            "1550",
            "Spring",
            "2022",
            "Sherif",
            "Khattab",
            "ksm73",
            "@",
            "pitt.edu",
            "(",
            "Some",
            "slides",
            "are",
            "from",
            "Silberschatz",
            ",",
            "Galvin",
            "and",
            "Gagne",
            "\u00a92013",
            ")"
        ],
        "labels": [
            "B",
            "I",
            "I",
            "I",
            "O",
            "O",
            "O",
            "O",
            "O",
            "O",
            "O",
            "O",
            "O",
            "O",
            "O",
            "O",
            "O",
            "O",
            "O",
            "O",
            "O",
            "O",
            "O",
            "O",
            "O"
        ]
    },
    {
        "words": [
            "Announcements",
            "\u2022",
            "Upcoming",
            "deadlines",
            ":",
            "\u2022",
            "Lab",
            "3",
            ":",
            "due",
            "on",
            "4/1",
            "\u2022",
            "Homework",
            "9",
            ":",
            "due",
            "on",
            "4/4",
            "\u2022",
            "Project",
            "3",
            ":",
            "due",
            "on",
            "4/11",
            "CS/COE",
            "1550",
            "\u2013",
            "Operating",
            "Systems",
            "\u2013",
            "Sherif",
            "Khattab",
            "2"
        ],
        "labels": [
            "O",
            "O",
            "O",
            "O",
            "O",
            "O",
            "O",
            "O",
            "O",
            "O",
            "O",
            "O",
            "O",
            "O",
            "O",
            "O",
            "O",
            "O",
            "O",
            "O",
            "O",
            "O",
            "O",
            "O",
            "O",
            "O",
            "O",
            "O",
            "O",
            "O",
            "O",
            "O",
            "O",
            "O",
            "O"
        ]
    },
    {
        "words": [
            "Previous",
            "lecture",
            "\u2026",
            "\u2022",
            "The",
            "problem",
            "of",
            "large",
            "page",
            "tables",
            "CS/COE",
            "1550",
            "\u2013",
            "Operating",
            "Systems",
            "\u2013",
            "Sherif",
            "Khattab",
            "3"
        ],
        "labels": [
            "O",
            "O",
            "O",
            "O",
            "O",
            "O",
            "O",
            "B",
            "I",
            "I",
            "O",
            "O",
            "O",
            "O",
            "O",
            "O",
            "O",
            "O",
            "O"
        ]
    },
    {
        "words": [
            "Muddiest",
            "Points",
            "(",
            "1/2",
            ")",
            "\u2022",
            "How",
            "to",
            "determine",
            "number",
            "of",
            "bits",
            "(",
            "2^n",
            ")",
            "from",
            "day",
            "4gb",
            "or",
            "4kb",
            "\u2022",
            "Calculating",
            "the",
            "PTE",
            "frame",
            "number",
            "size",
            ".",
            "\u2022",
            "calculating",
            "the",
            "number",
            "of",
            "frames",
            "\u2022",
            "userspace",
            "page",
            "replacement",
            "\u2022",
            "For",
            "the",
            "final",
            "top",
            "hat",
            "question",
            ",",
            "how",
            "did",
            "we",
            "get",
            "24",
            "in",
            "the",
            "answer",
            "24",
            "*",
            "(",
            "2^20",
            ")",
            "?",
            "I",
            "understand",
            "that",
            "we",
            "did",
            "log",
            "(",
            "2^20",
            ")",
            "to",
            "get",
            "20",
            ",",
            "but",
            "where",
            "did",
            "the",
            "extra",
            "4",
            "come",
            "from",
            "?",
            "\u2022",
            "I",
            "do",
            "n't",
            "understand",
            "the",
            "last",
            "two",
            "examples",
            "about",
            "calculating",
            "the",
            "PTE",
            "s",
            "and",
            "frames",
            ",",
            "what",
            "information",
            "(",
            "values",
            ")",
            "do",
            "we",
            "need",
            "to",
            "look",
            "at",
            "in",
            "terms",
            "of",
            "different",
            "questions",
            "?",
            "\u2022",
            "Could",
            "you",
            "list",
            "the",
            "formulas",
            "for",
            "page",
            "table",
            "entries",
            "?",
            "CS/COE",
            "1550",
            "\u2013",
            "Operating",
            "Systems",
            "\u2013",
            "Sherif",
            "Khattab",
            "4"
        ],
        "labels": [
            "B",
            "I",
            "O",
            "O",
            "O",
            "O",
            "O",
            "O",
            "O",
            "B",
            "I",
            "I",
            "O",
            "O",
            "O",
            "O",
            "O",
            "O",
            "O",
            "O",
            "O",
            "O",
            "O",
            "B",
            "I",
            "I",
            "I",
            "O",
            "O",
            "O",
            "O",
            "B",
            "I",
            "I",
            "O",
            "B",
            "I",
            "I",
            "O",
            "O",
            "O",
            "O",
            "B",
            "I",
            "I",
            "O",
            "O",
            "O",
            "O",
            "O",
            "O",
            "O",
            "O",
            "O",
            "O",
            "O",
            "O",
            "O",
            "O",
            "O",
            "O",
            "O",
            "O",
            "O",
            "O",
            "O",
            "O",
            "O",
            "O",
            "O",
            "O",
            "O",
            "O",
            "O",
            "O",
            "O",
            "O",
            "O",
            "O",
            "O",
            "O",
            "O",
            "O",
            "O",
            "O",
            "O",
            "O",
            "O",
            "O",
            "O",
            "O",
            "O",
            "O",
            "O",
            "O",
            "O",
            "O",
            "O",
            "O",
            "O",
            "O",
            "O",
            "O",
            "O",
            "O",
            "O",
            "O",
            "O",
            "O",
            "O",
            "O",
            "O",
            "O",
            "O",
            "O",
            "O",
            "O",
            "O",
            "O",
            "O",
            "O",
            "O",
            "O",
            "B",
            "I",
            "I",
            "O",
            "O",
            "O",
            "O",
            "O",
            "O",
            "O",
            "O",
            "O",
            "O"
        ]
    },
    {
        "words": [
            "Muddiest",
            "Points",
            "(",
            "2/2",
            ")",
            "\u2022",
            "In",
            "the",
            "OPT",
            "simulation",
            ",",
            "why",
            "do",
            "we",
            "only",
            "re",
            "order",
            "the",
            "pages",
            "above",
            "the",
            "one",
            "we",
            "want",
            "?",
            "Would",
            "n't",
            "it",
            "be",
            "better",
            "to",
            "re",
            "order",
            "everything",
            "?",
            "\u2022",
            "OPT",
            "trace",
            "was",
            "slightly",
            "confusing",
            "of",
            "what",
            "switches",
            "where",
            "\u2022",
            "How",
            "to",
            "find",
            "the",
            "number",
            "of",
            "writes",
            "for",
            "LRU",
            "and",
            "OPT",
            "?",
            "\u2022",
            "How",
            "to",
            "calculate",
            "the",
            "distance",
            "in",
            "the",
            "tables",
            "we",
            "made",
            "\u2022",
            "Are",
            "local",
            "or",
            "global",
            "selection",
            "policies",
            "more",
            "common",
            "in",
            "modern",
            "OS",
            "\u2019",
            "s",
            "?",
            "CS/COE",
            "1550",
            "\u2013",
            "Operating",
            "Systems",
            "\u2013",
            "Sherif",
            "Khattab",
            "5"
        ],
        "labels": [
            "B",
            "I",
            "O",
            "O",
            "O",
            "O",
            "O",
            "O",
            "B",
            "I",
            "O",
            "O",
            "O",
            "O",
            "O",
            "O",
            "O",
            "O",
            "O",
            "O",
            "O",
            "O",
            "O",
            "O",
            "O",
            "O",
            "O",
            "O",
            "O",
            "O",
            "O",
            "O",
            "O",
            "O",
            "O",
            "O",
            "O",
            "O",
            "O",
            "O",
            "O",
            "O",
            "O",
            "O",
            "O",
            "O",
            "O",
            "O",
            "O",
            "O",
            "O",
            "O",
            "O",
            "O",
            "O",
            "O",
            "O",
            "O",
            "O",
            "O",
            "O",
            "O",
            "O",
            "O",
            "O",
            "O",
            "O",
            "O",
            "O",
            "O",
            "O",
            "B",
            "I",
            "I",
            "I",
            "I",
            "O",
            "O",
            "O",
            "O",
            "O",
            "O",
            "O",
            "O",
            "O",
            "O",
            "O",
            "O",
            "O",
            "O",
            "O",
            "O",
            "O"
        ]
    },
    {
        "words": [
            "Problem",
            "of",
            "the",
            "Day",
            "\u2022",
            "How",
            "to",
            "keep",
            "track",
            "of",
            "larger",
            "page",
            "tables",
            "that",
            "can",
            "store",
            "more",
            "pages",
            "\u2022",
            "How",
            "big",
            "can",
            "a",
            "page",
            "table",
            "be",
            "?",
            "\u2022",
            "64-bit",
            "machine",
            "\u2022",
            "4",
            "KB",
            "page",
            "size",
            "\u2022",
            "How",
            "many",
            "pages",
            "?",
            "\u2022",
            "How",
            "many",
            "PTE",
            "?",
            "\u2022",
            "How",
            "big",
            "is",
            "a",
            "PTE",
            "?",
            "\u2022",
            "How",
            "big",
            "is",
            "the",
            "page",
            "table",
            "of",
            "one",
            "process",
            "?",
            "CS",
            "1550",
            "\u2013",
            "Operating",
            "Systems",
            "\u2013",
            "Sherif",
            "Khattab",
            "6"
        ],
        "labels": [
            "B",
            "I",
            "I",
            "I",
            "O",
            "O",
            "O",
            "O",
            "O",
            "O",
            "O",
            "O",
            "O",
            "O",
            "O",
            "O",
            "O",
            "O",
            "O",
            "O",
            "O",
            "O",
            "O",
            "O",
            "O",
            "O",
            "O",
            "O",
            "O",
            "O",
            "O",
            "O",
            "O",
            "O",
            "O",
            "O",
            "O",
            "O",
            "O",
            "O",
            "O",
            "O",
            "O",
            "O",
            "O",
            "O",
            "O",
            "O",
            "O",
            "O",
            "O",
            "O",
            "O",
            "O",
            "O",
            "O",
            "O",
            "O",
            "O",
            "O",
            "O",
            "O",
            "O",
            "O",
            "O",
            "O",
            "O",
            "O",
            "O",
            "O",
            "O",
            "O"
        ]
    },
    {
        "words": [
            "Address",
            "Translation",
            "Structures",
            "CS",
            "1550",
            "\u2013",
            "Operating",
            "Systems",
            "\u2013",
            "Sherif",
            "Khattab",
            "7"
        ],
        "labels": [
            "B",
            "I",
            "I",
            "O",
            "O",
            "O",
            "O",
            "O",
            "O",
            "O",
            "O",
            "O"
        ]
    },
    {
        "words": [
            "Memory",
            "&",
            "paging",
            "structures",
            "Physical",
            "Page",
            "frame",
            "number",
            "memory",
            "Page",
            "0",
            "6",
            "Page",
            "1",
            "3",
            "0",
            "Page",
            "1",
            "(",
            "P1",
            ")",
            "Page",
            "2",
            "4",
            "1",
            "Page",
            "3",
            "9",
            "2",
            "Page",
            "4",
            "(",
            "P0",
            ")",
            "Page",
            "4",
            "2",
            "3",
            "Page",
            "1",
            "(",
            "P0",
            ")",
            "Free",
            "4",
            "Page",
            "2",
            "(",
            "P0",
            ")",
            "Logical",
            "memory",
            "(",
            "P0",
            ")",
            "Page",
            "table",
            "(",
            "P0",
            ")",
            "pages",
            "5",
            "6",
            "Page",
            "0",
            "(",
            "P0",
            ")",
            "Page",
            "0",
            "8",
            "7",
            "Page",
            "1",
            "0",
            "8",
            "Page",
            "0",
            "(",
            "P1",
            ")",
            "9",
            "Page",
            "3",
            "(",
            "P0",
            ")",
            "Logical",
            "memory",
            "(",
            "P1",
            ")",
            "Page",
            "table",
            "(",
            "P1",
            ")",
            "CS",
            "1550",
            "\u2013",
            "Operating",
            "Systems",
            "\u2013",
            "Sherif",
            "Khattab",
            "8"
        ],
        "labels": [
            "B",
            "I",
            "I",
            "I",
            "O",
            "B",
            "I",
            "I",
            "O",
            "O",
            "O",
            "O",
            "O",
            "O",
            "O",
            "O",
            "O",
            "O",
            "O",
            "O",
            "O",
            "O",
            "O",
            "O",
            "O",
            "O",
            "O",
            "O",
            "O",
            "O",
            "O",
            "O",
            "O",
            "O",
            "O",
            "O",
            "O",
            "O",
            "O",
            "O",
            "O",
            "O",
            "O",
            "O",
            "O",
            "O",
            "O",
            "O",
            "O",
            "O",
            "O",
            "O",
            "O",
            "O",
            "O",
            "O",
            "O",
            "O",
            "O",
            "O",
            "O",
            "O",
            "O",
            "O",
            "O",
            "O",
            "O",
            "O",
            "O",
            "O",
            "O",
            "O",
            "O",
            "O",
            "O",
            "O",
            "O",
            "O",
            "O",
            "O",
            "O",
            "O",
            "O",
            "O",
            "O",
            "O",
            "O",
            "O",
            "O",
            "O",
            "O",
            "O",
            "O",
            "O",
            "O",
            "O",
            "O",
            "O",
            "O",
            "O",
            "O",
            "O",
            "O",
            "O",
            "O",
            "O"
        ]
    },
    {
        "words": [
            "Mapping",
            "logical",
            "=",
            ">",
            "physical",
            "address",
            "\u25fc",
            "Split",
            "address",
            "from",
            "CPU",
            "into",
            "two",
            "pieces",
            "\u25fc",
            "Page",
            "number",
            "(",
            "p",
            ")",
            "Example",
            ":",
            "\u25fc",
            "Page",
            "offset",
            "(",
            "d",
            ")",
            "\u2022",
            "4",
            "KB",
            "(",
            "=4096",
            "byte",
            ")",
            "pages",
            "\u25fc",
            "Page",
            "number",
            "\u2022",
            "32",
            "bit",
            "logical",
            "addresses",
            "\u25fc",
            "Index",
            "into",
            "page",
            "table",
            "2d",
            "=",
            "4096",
            "d",
            "=",
            "12",
            "\u25fc",
            "Page",
            "table",
            "contains",
            "base",
            "address",
            "of",
            "page",
            "in",
            "physical",
            "memory",
            "\u25fc",
            "Page",
            "offset",
            "\u25fc",
            "Added",
            "to",
            "base",
            "address",
            "to",
            "get",
            "actual",
            "32-12",
            "=",
            "20",
            "bits",
            "12",
            "bits",
            "physical",
            "memory",
            "address",
            "\u25fc",
            "Page",
            "size",
            "=",
            "2d",
            "bytes",
            "p",
            "d",
            "32",
            "bit",
            "logical",
            "address",
            "CS",
            "1550",
            "\u2013",
            "Operating",
            "Systems",
            "\u2013",
            "Sherif",
            "Khattab",
            "9"
        ],
        "labels": [
            "B",
            "I",
            "I",
            "I",
            "I",
            "I",
            "O",
            "O",
            "O",
            "O",
            "O",
            "O",
            "O",
            "O",
            "O",
            "B",
            "I",
            "O",
            "O",
            "O",
            "O",
            "O",
            "O",
            "B",
            "I",
            "O",
            "O",
            "O",
            "O",
            "O",
            "O",
            "O",
            "O",
            "O",
            "O",
            "O",
            "O",
            "B",
            "I",
            "O",
            "O",
            "O",
            "O",
            "O",
            "O",
            "O",
            "O",
            "O",
            "O",
            "O",
            "O",
            "O",
            "O",
            "O",
            "O",
            "O",
            "O",
            "O",
            "O",
            "O",
            "O",
            "O",
            "O",
            "O",
            "O",
            "O",
            "O",
            "B",
            "I",
            "O",
            "O",
            "O",
            "O",
            "O",
            "O",
            "O",
            "O",
            "O",
            "O",
            "O",
            "O",
            "O",
            "O",
            "O",
            "O",
            "O",
            "O",
            "B",
            "I",
            "O",
            "O",
            "O",
            "O",
            "O",
            "O",
            "O",
            "O",
            "O",
            "O",
            "O",
            "O",
            "O",
            "O",
            "O",
            "O",
            "O",
            "O"
        ]
    },
    {
        "words": [
            "Address",
            "translation",
            "architecture",
            "Page",
            "frame",
            "number",
            "Page",
            "frame",
            "number",
            "page",
            "number",
            "page",
            "offset",
            "0",
            "CPU",
            "p",
            "d",
            "f",
            "d",
            "1",
            "..",
            ".",
            "0",
            "f-1",
            "1",
            "..",
            "f",
            ".",
            "f+1",
            "p-1",
            "f+2",
            "p",
            "f",
            "..",
            ".",
            "p+1",
            "physical",
            "memory",
            "page",
            "table",
            "CS",
            "1550",
            "\u2013",
            "Operating",
            "Systems",
            "\u2013",
            "Sherif",
            "Khattab",
            "10"
        ],
        "labels": [
            "B",
            "I",
            "I",
            "B",
            "I",
            "I",
            "B",
            "I",
            "I",
            "O",
            "O",
            "O",
            "O",
            "O",
            "O",
            "O",
            "O",
            "O",
            "O",
            "O",
            "O",
            "O",
            "O",
            "O",
            "O",
            "O",
            "O",
            "O",
            "O",
            "O",
            "O",
            "O",
            "O",
            "O",
            "O",
            "O",
            "O",
            "O",
            "O",
            "O",
            "O",
            "O",
            "O",
            "O",
            "O",
            "O",
            "O",
            "O",
            "O"
        ]
    },
    {
        "words": [
            "Memory",
            "Sizes",
            "CS",
            "1550",
            "\u2013",
            "Operating",
            "Systems",
            "\u2013",
            "Sherif",
            "Khattab",
            "11"
        ],
        "labels": [
            "B",
            "I",
            "O",
            "O",
            "O",
            "O",
            "O",
            "O",
            "O",
            "O",
            "O"
        ]
    },
    {
        "words": [
            "Address",
            "Translation",
            "Relations",
            "CS",
            "1550",
            "\u2013",
            "Operating",
            "Systems",
            "\u2013",
            "Sherif",
            "Khattab",
            "12"
        ],
        "labels": [
            "B",
            "I",
            "I",
            "O",
            "O",
            "O",
            "O",
            "O",
            "O",
            "O",
            "O",
            "O"
        ]
    },
    {
        "words": [
            "Page",
            "number",
            "vs",
            ".",
            "Offset",
            "CS",
            "1550",
            "\u2013",
            "Operating",
            "Systems",
            "\u2013",
            "Sherif",
            "Khattab",
            "13"
        ],
        "labels": [
            "B",
            "I",
            "I",
            "I",
            "I",
            "O",
            "O",
            "O",
            "O",
            "O",
            "O",
            "O",
            "O",
            "O"
        ]
    },
    {
        "words": [
            "Solution",
            "1",
            ":",
            "Two-level",
            "page",
            "tables",
            "\u25fc",
            "Problem",
            ":",
            "page",
            "tables",
            "can",
            "be",
            "too",
            "..",
            "large",
            ".",
            "\u25fc",
            "232",
            "bytes",
            "in",
            "4KB",
            "pages",
            "need",
            "1",
            "..",
            "220",
            ".",
            "million",
            "PTEs",
            "Solution",
            ":",
            "use",
            "multi-level",
            "page",
            "657",
            "..",
            "\u25fc",
            "..",
            ".",
            "tables",
            ".",
            "..",
            "\u25fc",
            "\u201c",
            "Page",
            "size",
            "\u201d",
            "in",
            "first",
            "page",
            "table",
            "is",
            "401",
            ".",
            "large",
            "(",
            "megabytes",
            ")",
            "..",
            "..",
            ".",
            "\u25fc",
            "PTE",
            "marked",
            "invalid",
            "in",
            "first",
            "page",
            "125",
            "table",
            "needs",
            "no",
            "2nd",
            "level",
            "page",
            ".",
            "..",
            ".",
            "613",
            "table",
            "..",
            ".",
            "..",
            "\u25fc",
            "1st",
            "level",
            "page",
            "table",
            "has",
            "pointers",
            "to",
            ".",
            "2nd",
            "level",
            "page",
            "tables",
            "1st",
            "level",
            "961",
            "..",
            "page",
            "table",
            ".",
            "\u25fc",
            "2nd",
            "level",
            "page",
            "table",
            "has",
            "actual",
            "884",
            "physical",
            "page",
            "numbers",
            "in",
            "it",
            "..",
            "960",
            ".",
            "..",
            "2nd",
            "level",
            ".",
            "main",
            "page",
            "tables",
            "955",
            "memory",
            "CS",
            "1550",
            "\u2013",
            "Operating",
            "Systems",
            "\u2013",
            "Sherif",
            "Khattab",
            "14"
        ],
        "labels": [
            "B",
            "I",
            "O",
            "B",
            "I",
            "I",
            "O",
            "O",
            "O",
            "O",
            "O",
            "O",
            "O",
            "O",
            "O",
            "O",
            "O",
            "O",
            "O",
            "O",
            "O",
            "O",
            "O",
            "O",
            "O",
            "O",
            "O",
            "O",
            "O",
            "O",
            "O",
            "O",
            "O",
            "O",
            "O",
            "O",
            "O",
            "O",
            "O",
            "O",
            "O",
            "O",
            "O",
            "O",
            "O",
            "B",
            "I",
            "O",
            "O",
            "O",
            "O",
            "O",
            "O",
            "O",
            "O",
            "O",
            "O",
            "O",
            "O",
            "O",
            "O",
            "O",
            "O",
            "O",
            "O",
            "O",
            "O",
            "O",
            "O",
            "O",
            "O",
            "O",
            "O",
            "O",
            "O",
            "O",
            "O",
            "O",
            "O",
            "O",
            "O",
            "O",
            "O",
            "O",
            "O",
            "O",
            "O",
            "O",
            "O",
            "O",
            "O",
            "O",
            "O",
            "O",
            "O",
            "O",
            "O",
            "O",
            "O",
            "O",
            "O",
            "O",
            "O",
            "O",
            "O",
            "O",
            "O",
            "O",
            "O",
            "O",
            "O",
            "O",
            "O",
            "O",
            "O",
            "O",
            "O",
            "O",
            "O",
            "O",
            "O",
            "O",
            "O",
            "O",
            "O",
            "O",
            "O",
            "O",
            "O",
            "O",
            "O",
            "O",
            "O",
            "O",
            "O",
            "O",
            "O",
            "O"
        ]
    },
    {
        "words": [
            "Two-level",
            "Page",
            "Table",
            "CS",
            "1550",
            "\u2013",
            "Operating",
            "Systems",
            "\u2013",
            "Sherif",
            "Khattab",
            "15"
        ],
        "labels": [
            "B",
            "I",
            "I",
            "O",
            "O",
            "O",
            "O",
            "O",
            "O",
            "O",
            "O",
            "O"
        ]
    },
    {
        "words": [
            "More",
            "on",
            "two-level",
            "page",
            "tables",
            "\u25fc",
            "Tradeoffs",
            "between",
            "1st",
            "and",
            "2nd",
            "level",
            "page",
            "table",
            "sizes",
            "\u25fc",
            "Total",
            "number",
            "of",
            "bits",
            "indexing",
            "1st",
            "and",
            "2nd",
            "level",
            "table",
            "is",
            "constant",
            "for",
            "a",
            "given",
            "page",
            "size",
            "and",
            "logical",
            "address",
            "length",
            "\u25fc",
            "Tradeoff",
            "between",
            "number",
            "of",
            "bits",
            "indexing",
            "1st",
            "and",
            "number",
            "indexing",
            "2nd",
            "level",
            "tables",
            "\u25fc",
            "More",
            "bits",
            "in",
            "1st",
            "level",
            ":",
            "fine",
            "granularity",
            "at",
            "2nd",
            "level",
            "\u25fc",
            "Fewer",
            "bits",
            "in",
            "1st",
            "level",
            ":",
            "maybe",
            "less",
            "wasted",
            "space",
            "?",
            "\u25fc",
            "All",
            "addresses",
            "in",
            "table",
            "are",
            "physical",
            "addresses",
            "\u25fc",
            "Protection",
            "bits",
            "kept",
            "in",
            "2nd",
            "level",
            "table",
            "CS",
            "1550",
            "\u2013",
            "Operating",
            "Systems",
            "\u2013",
            "Sherif",
            "Khattab",
            "16"
        ],
        "labels": [
            "B",
            "I",
            "I",
            "I",
            "I",
            "O",
            "B",
            "O",
            "O",
            "O",
            "O",
            "O",
            "O",
            "O",
            "O",
            "O",
            "O",
            "B",
            "I",
            "I",
            "O",
            "O",
            "O",
            "O",
            "O",
            "O",
            "O",
            "O",
            "O",
            "O",
            "O",
            "O",
            "O",
            "O",
            "O",
            "O",
            "O",
            "O",
            "O",
            "O",
            "B",
            "I",
            "I",
            "O",
            "O",
            "O",
            "O",
            "O",
            "O",
            "O",
            "O",
            "O",
            "O",
            "O",
            "O",
            "O",
            "O",
            "O",
            "O",
            "O",
            "O",
            "O",
            "O",
            "O",
            "O",
            "O",
            "O",
            "O",
            "O",
            "O",
            "O",
            "O",
            "O",
            "O",
            "O",
            "O",
            "O",
            "O",
            "O",
            "O",
            "O",
            "O",
            "O",
            "O",
            "O",
            "O",
            "O",
            "O",
            "O",
            "O",
            "O",
            "O",
            "O",
            "O",
            "O",
            "O",
            "O",
            "O",
            "O",
            "O"
        ]
    },
    {
        "words": [
            "Two-level",
            "paging",
            ":",
            "example",
            "\u25fc",
            "System",
            "characteristics",
            "\u25fc",
            "8",
            "KB",
            "pages",
            "\u25fc",
            "32-bit",
            "logical",
            "address",
            "divided",
            "into",
            "13",
            "bit",
            "page",
            "offset",
            ",",
            "19",
            "bit",
            "page",
            "number",
            "\u25fc",
            "Page",
            "number",
            "divided",
            "into",
            ":",
            "\u25fc",
            "10",
            "bit",
            "page",
            "number",
            "\u25fc",
            "9",
            "bit",
            "page",
            "offset",
            "\u25fc",
            "Logical",
            "address",
            "looks",
            "like",
            "this",
            ":",
            "\u25fc",
            "p1",
            "is",
            "an",
            "index",
            "into",
            "the",
            "1st",
            "level",
            "page",
            "table",
            "\u25fc",
            "p2",
            "is",
            "an",
            "index",
            "into",
            "the",
            "2nd",
            "level",
            "page",
            "table",
            "pointed",
            "to",
            "by",
            "p1",
            "page",
            "number",
            "page",
            "offset",
            "p1",
            "=",
            "10",
            "bits",
            "p2",
            "=",
            "9",
            "bits",
            "offset",
            "=",
            "13",
            "bits",
            "CS",
            "1550",
            "\u2013",
            "Operating",
            "Systems",
            "\u2013",
            "Sherif",
            "Khattab",
            "17"
        ],
        "labels": [
            "B",
            "I",
            "O",
            "B",
            "O",
            "B",
            "I",
            "O",
            "O",
            "O",
            "O",
            "O",
            "O",
            "O",
            "O",
            "O",
            "O",
            "O",
            "O",
            "O",
            "O",
            "O",
            "O",
            "O",
            "O",
            "O",
            "O",
            "B",
            "I",
            "O",
            "O",
            "O",
            "O",
            "O",
            "O",
            "O",
            "O",
            "O",
            "O",
            "O",
            "O",
            "O",
            "O",
            "O",
            "O",
            "O",
            "O",
            "O",
            "O",
            "O",
            "O",
            "O",
            "O",
            "O",
            "O",
            "O",
            "O",
            "O",
            "O",
            "O",
            "O",
            "O",
            "O",
            "O",
            "O",
            "O",
            "O",
            "O",
            "O",
            "O",
            "O",
            "O",
            "O",
            "O",
            "O",
            "O",
            "O",
            "O",
            "O",
            "O",
            "O",
            "O",
            "O",
            "O",
            "O",
            "O",
            "O",
            "O",
            "O",
            "O",
            "O",
            "O",
            "O",
            "O",
            "O",
            "O",
            "O",
            "O",
            "O",
            "O"
        ]
    },
    {
        "words": [
            "2-level",
            "address",
            "translation",
            "example",
            "page",
            "number",
            "page",
            "offset",
            "p1",
            "=",
            "10",
            "bits",
            "p2",
            "=",
            "9",
            "bits",
            "offset",
            "=",
            "13",
            "bits",
            "frame",
            "number",
            "0",
            "Page",
            "physical",
            "address",
            "1",
            "table",
            "0",
            "19",
            "13",
            "..",
            "base",
            "1",
            ".",
            "..",
            "0",
            ".",
            "1",
            "p1",
            "..",
            "..",
            "..",
            ".",
            ".",
            ".",
            "p2",
            "main",
            "memory",
            "1st",
            "level",
            "page",
            "table",
            "..",
            ".",
            "2nd",
            "level",
            "page",
            "table",
            "CS",
            "1550",
            "\u2013",
            "Operating",
            "Systems",
            "\u2013",
            "Sherif",
            "Khattab",
            "18"
        ],
        "labels": [
            "B",
            "B",
            "I",
            "B",
            "O",
            "O",
            "O",
            "O",
            "O",
            "O",
            "O",
            "O",
            "O",
            "O",
            "O",
            "O",
            "O",
            "O",
            "O",
            "O",
            "O",
            "O",
            "O",
            "O",
            "O",
            "O",
            "O",
            "O",
            "O",
            "O",
            "O",
            "O",
            "O",
            "O",
            "O",
            "O",
            "O",
            "O",
            "O",
            "O",
            "O",
            "O",
            "O",
            "O",
            "O",
            "O",
            "O",
            "O",
            "O",
            "O",
            "O",
            "O",
            "O",
            "O",
            "O",
            "O",
            "O",
            "O",
            "O",
            "O",
            "O",
            "O",
            "O",
            "O",
            "O",
            "O",
            "O",
            "O"
        ]
    },
    {
        "words": [
            "Address",
            "Translation",
            ":",
            "2-level",
            "Page",
            "Table",
            "CS",
            "1550",
            "\u2013",
            "Operating",
            "Systems",
            "\u2013",
            "Sherif",
            "Khattab",
            "19"
        ],
        "labels": [
            "B",
            "I",
            "O",
            "O",
            "O",
            "O",
            "O",
            "O",
            "O",
            "O",
            "O",
            "O",
            "O",
            "O",
            "O"
        ]
    },
    {
        "words": [
            "TLB",
            "CS",
            "1550",
            "\u2013",
            "Operating",
            "Systems",
            "\u2013",
            "Sherif",
            "Khattab",
            "20"
        ],
        "labels": [
            "B",
            "O",
            "O",
            "O",
            "O",
            "O",
            "O",
            "O",
            "O",
            "O"
        ]
    },
    {
        "words": [
            "Translation",
            "Lookaside",
            "Buffer",
            "(",
            "TLB",
            ")",
            "\u25fc",
            "Search",
            "the",
            "TLB",
            "for",
            "the",
            "desired",
            "logical",
            "page",
            "number",
            "\u25fc",
            "Search",
            "entries",
            "in",
            "parallel",
            "\u25fc",
            "Use",
            "standard",
            "cache",
            "techniques",
            "Logical",
            "Physical",
            "\u25fc",
            "If",
            "desired",
            "logical",
            "page",
            "number",
            "is",
            "found",
            ",",
            "page",
            "#",
            "frame",
            "#",
            "get",
            "frame",
            "number",
            "from",
            "TLB",
            "8",
            "3",
            "\u25fc",
            "If",
            "desired",
            "logical",
            "page",
            "number",
            "isn",
            "\u2019",
            "t",
            "found",
            "\u25fc",
            "Get",
            "frame",
            "number",
            "from",
            "page",
            "table",
            "in",
            "unused",
            "memory",
            "2",
            "1",
            "\u25fc",
            "Replace",
            "an",
            "entry",
            "in",
            "the",
            "TLB",
            "with",
            "the",
            "3",
            "0",
            "logical",
            "&",
            "physical",
            "page",
            "numbers",
            "from",
            "this",
            "reference",
            "12",
            "12",
            "29",
            "6",
            "22",
            "11",
            "7",
            "4",
            "Example",
            "TLB",
            "CS",
            "1550",
            "\u2013",
            "Operating",
            "Systems",
            "\u2013",
            "Sherif",
            "Khattab",
            "21"
        ],
        "labels": [
            "B",
            "I",
            "I",
            "O",
            "B",
            "O",
            "O",
            "O",
            "O",
            "B",
            "O",
            "O",
            "O",
            "O",
            "O",
            "O",
            "O",
            "O",
            "O",
            "O",
            "O",
            "O",
            "O",
            "O",
            "O",
            "O",
            "O",
            "O",
            "O",
            "O",
            "O",
            "O",
            "O",
            "O",
            "O",
            "O",
            "O",
            "O",
            "O",
            "O",
            "O",
            "O",
            "O",
            "O",
            "O",
            "B",
            "O",
            "O",
            "O",
            "O",
            "O",
            "O",
            "O",
            "O",
            "O",
            "O",
            "O",
            "O",
            "O",
            "O",
            "O",
            "O",
            "O",
            "O",
            "O",
            "O",
            "O",
            "O",
            "O",
            "O",
            "O",
            "O",
            "O",
            "O",
            "O",
            "O",
            "B",
            "O",
            "O",
            "O",
            "O",
            "O",
            "O",
            "O",
            "O",
            "O",
            "O",
            "O",
            "O",
            "O",
            "O",
            "O",
            "O",
            "O",
            "O",
            "O",
            "O",
            "O",
            "B",
            "O",
            "O",
            "O",
            "O",
            "O",
            "O",
            "O",
            "O",
            "O"
        ]
    },
    {
        "words": [
            "Handling",
            "TLB",
            "misses",
            "\u25fc",
            "If",
            "PTE",
            "isn",
            "\u2019",
            "t",
            "found",
            "in",
            "TLB",
            ",",
            "OS",
            "needs",
            "to",
            "do",
            "the",
            "lookup",
            "in",
            "the",
            "page",
            "table",
            "\u25fc",
            "Lookup",
            "can",
            "be",
            "done",
            "in",
            "hardware",
            "or",
            "software",
            "\u25fc",
            "Hardware",
            "TLB",
            "replacement",
            "\u25fc",
            "CPU",
            "hardware",
            "does",
            "page",
            "table",
            "lookup",
            "\u25fc",
            "Can",
            "be",
            "faster",
            "than",
            "software",
            "\u25fc",
            "Less",
            "flexible",
            "than",
            "software",
            ",",
            "and",
            "more",
            "complex",
            "hardware",
            "\u25fc",
            "Software",
            "TLB",
            "replacement",
            "\u25fc",
            "OS",
            "gets",
            "TLB",
            "exception",
            "\u25fc",
            "Exception",
            "handler",
            "does",
            "page",
            "table",
            "lookup",
            "&",
            "places",
            "the",
            "result",
            "into",
            "the",
            "TLB",
            "\u25fc",
            "Program",
            "continues",
            "after",
            "return",
            "from",
            "exception",
            "\u25fc",
            "Larger",
            "TLB",
            "(",
            "lower",
            "miss",
            "rate",
            ")",
            "can",
            "make",
            "this",
            "feasible",
            "CS",
            "1550",
            "\u2013",
            "Operating",
            "Systems",
            "\u2013",
            "Sherif",
            "Khattab",
            "22"
        ],
        "labels": [
            "B",
            "B",
            "O",
            "O",
            "O",
            "O",
            "O",
            "O",
            "O",
            "O",
            "O",
            "B",
            "O",
            "O",
            "O",
            "O",
            "O",
            "O",
            "O",
            "O",
            "O",
            "O",
            "O",
            "O",
            "O",
            "O",
            "O",
            "O",
            "O",
            "O",
            "O",
            "O",
            "O",
            "O",
            "B",
            "O",
            "O",
            "O",
            "O",
            "O",
            "O",
            "O",
            "O",
            "O",
            "O",
            "O",
            "O",
            "O",
            "O",
            "O",
            "O",
            "O",
            "O",
            "O",
            "O",
            "O",
            "O",
            "O",
            "O",
            "O",
            "O",
            "B",
            "O",
            "O",
            "O",
            "O",
            "B",
            "O",
            "O",
            "O",
            "O",
            "O",
            "O",
            "O",
            "O",
            "O",
            "O",
            "O",
            "O",
            "O",
            "O",
            "B",
            "O",
            "O",
            "O",
            "O",
            "O",
            "O",
            "O",
            "O",
            "O",
            "B",
            "O",
            "O",
            "O",
            "O",
            "O",
            "O",
            "O",
            "O",
            "O",
            "O",
            "O",
            "O",
            "O",
            "O",
            "O",
            "O",
            "O",
            "O"
        ]
    },
    {
        "words": [
            "How",
            "long",
            "do",
            "memory",
            "accesses",
            "take",
            "?",
            "\u25fc",
            "Assume",
            "the",
            "following",
            "times",
            ":",
            "\u25fc",
            "TLB",
            "lookup",
            "time",
            "=",
            "a",
            "(",
            "often",
            "zero",
            "-",
            "overlapped",
            "in",
            "CPU",
            ")",
            "\u25fc",
            "Memory",
            "access",
            "time",
            "=",
            "m",
            "\u25fc",
            "Hit",
            "ratio",
            "(",
            "h",
            ")",
            "is",
            "percentage",
            "of",
            "time",
            "that",
            "a",
            "logical",
            "page",
            "number",
            "is",
            "found",
            "in",
            "the",
            "TLB",
            "\u25fc",
            "Larger",
            "TLB",
            "usually",
            "means",
            "higher",
            "h",
            "\u25fc",
            "TLB",
            "structure",
            "can",
            "affect",
            "h",
            "as",
            "well",
            "\u25fc",
            "Effective",
            "access",
            "time",
            "(",
            "an",
            "average",
            ")",
            "is",
            "calculated",
            "as",
            ":",
            "\u25fc",
            "EAT",
            "=",
            "(",
            "m",
            "+",
            "a",
            ")",
            "h",
            "+",
            "(",
            "m",
            "+",
            "m",
            "+",
            "a",
            ")",
            "(",
            "1-h",
            ")",
            "\u25fc",
            "EAT",
            "=a",
            "+",
            "(",
            "2-h",
            ")",
            "m",
            "\u25fc",
            "Interpretation",
            "\u25fc",
            "Reference",
            "always",
            "requires",
            "TLB",
            "lookup",
            ",",
            "1",
            "memory",
            "access",
            "\u25fc",
            "TLB",
            "misses",
            "also",
            "require",
            "an",
            "additional",
            "memory",
            "reference",
            "CS",
            "1550",
            "\u2013",
            "Operating",
            "Systems",
            "\u2013",
            "Sherif",
            "Khattab",
            "23"
        ],
        "labels": [
            "O",
            "O",
            "O",
            "B",
            "I",
            "O",
            "O",
            "O",
            "O",
            "O",
            "O",
            "O",
            "O",
            "O",
            "B",
            "I",
            "I",
            "O",
            "O",
            "O",
            "O",
            "O",
            "O",
            "O",
            "O",
            "O",
            "O",
            "O",
            "B",
            "I",
            "I",
            "O",
            "O",
            "O",
            "B",
            "I",
            "O",
            "O",
            "O",
            "O",
            "O",
            "O",
            "O",
            "O",
            "O",
            "O",
            "O",
            "O",
            "O",
            "O",
            "O",
            "O",
            "B",
            "O",
            "O",
            "B",
            "O",
            "O",
            "O",
            "O",
            "O",
            "B",
            "O",
            "O",
            "O",
            "O",
            "O",
            "O",
            "O",
            "B",
            "I",
            "I",
            "O",
            "O",
            "O",
            "O",
            "O",
            "O",
            "O",
            "O",
            "O",
            "O",
            "O",
            "O",
            "O",
            "O",
            "O",
            "O",
            "O",
            "O",
            "O",
            "O",
            "O",
            "O",
            "O",
            "O",
            "O",
            "O",
            "O",
            "O",
            "O",
            "O",
            "O",
            "O",
            "O",
            "O",
            "O",
            "O",
            "O",
            "O",
            "O",
            "O",
            "O",
            "O",
            "B",
            "O",
            "O",
            "O",
            "O",
            "O",
            "O",
            "B",
            "O",
            "O",
            "O",
            "O",
            "O",
            "O",
            "O",
            "O",
            "O",
            "O",
            "O",
            "O",
            "O",
            "O",
            "O",
            "O"
        ]
    },
    {
        "words": [
            "Effective",
            "Access",
            "Time",
            "CS",
            "1550",
            "\u2013",
            "Operating",
            "Systems",
            "\u2013",
            "Sherif",
            "Khattab",
            "24"
        ],
        "labels": [
            "B",
            "I",
            "I",
            "O",
            "O",
            "O",
            "O",
            "O",
            "O",
            "O",
            "O",
            "O"
        ]
    },
    {
        "words": [
            "EAT",
            "Calculation",
            "CS",
            "1550",
            "\u2013",
            "Operating",
            "Systems",
            "\u2013",
            "Sherif",
            "Khattab",
            "25"
        ],
        "labels": [
            "B",
            "I",
            "O",
            "O",
            "O",
            "O",
            "O",
            "O",
            "O",
            "O",
            "O"
        ]
    },
    {
        "words": [
            "Solution",
            "2",
            ":",
            "Inverted",
            "page",
            "table",
            "\u25fc",
            "Reduce",
            "page",
            "table",
            "size",
            "further",
            ":",
            "keep",
            "one",
            "entry",
            "for",
            "each",
            "frame",
            "in",
            "memory",
            "\u25fc",
            "PTE",
            "contains",
            "\u25fc",
            "Virtual",
            "address",
            "pointing",
            "to",
            "this",
            "frame",
            "\u25fc",
            "Information",
            "about",
            "the",
            "process",
            "that",
            "owns",
            "this",
            "page",
            "\u25fc",
            "Search",
            "page",
            "table",
            "by",
            "\u25fc",
            "Hashing",
            "the",
            "virtual",
            "page",
            "number",
            "and",
            "process",
            "ID",
            "\u25fc",
            "Starting",
            "at",
            "the",
            "entry",
            "corresponding",
            "to",
            "the",
            "hash",
            "result",
            "\u25fc",
            "Search",
            "until",
            "either",
            "the",
            "entry",
            "is",
            "found",
            "or",
            "a",
            "limit",
            "is",
            "reached",
            "\u25fc",
            "Page",
            "frame",
            "number",
            "is",
            "index",
            "of",
            "PTE",
            "\u25fc",
            "Improve",
            "performance",
            "by",
            "using",
            "more",
            "advanced",
            "hashing",
            "algorithms",
            "CS",
            "1550",
            "\u2013",
            "Operating",
            "Systems",
            "\u2013",
            "Sherif",
            "Khattab",
            "26"
        ],
        "labels": [
            "B",
            "I",
            "O",
            "B",
            "I",
            "I",
            "O",
            "O",
            "O",
            "O",
            "O",
            "O",
            "O",
            "O",
            "O",
            "O",
            "O",
            "O",
            "O",
            "O",
            "O",
            "O",
            "O",
            "O",
            "O",
            "O",
            "O",
            "O",
            "O",
            "O",
            "O",
            "O",
            "O",
            "O",
            "O",
            "O",
            "O",
            "O",
            "O",
            "O",
            "O",
            "O",
            "O",
            "O",
            "O",
            "O",
            "O",
            "O",
            "O",
            "O",
            "O",
            "O",
            "O",
            "O",
            "O",
            "O",
            "O",
            "O",
            "O",
            "O",
            "O",
            "O",
            "O",
            "O",
            "O",
            "O",
            "O",
            "O",
            "O",
            "O",
            "O",
            "O",
            "O",
            "O",
            "O",
            "O",
            "O",
            "O",
            "B",
            "I",
            "I",
            "O",
            "O",
            "O",
            "O",
            "O",
            "O",
            "O",
            "O",
            "O",
            "O",
            "O",
            "O",
            "O",
            "O",
            "O",
            "O",
            "O",
            "O",
            "O",
            "O",
            "O",
            "O"
        ]
    },
    {
        "words": [
            "Inverted",
            "page",
            "table",
            "architecture",
            "page",
            "number",
            "page",
            "offset",
            "process",
            "ID",
            "p",
            "=",
            "19",
            "bits",
            "offset",
            "=",
            "13",
            "bits",
            "Page",
            "frame",
            "number",
            "0",
            "pid",
            "p",
            "physical",
            "address",
            "1",
            "19",
            "13",
            "..",
            "search",
            ".",
            "0",
            "pid0",
            "p0",
            "1",
            "..",
            "pid1",
            "p1",
            ".",
            "..",
            ".",
            "k",
            "k",
            "pidk",
            "pk",
            "main",
            "memory",
            "..",
            ".",
            "inverted",
            "page",
            "table",
            "CS",
            "1550",
            "\u2013",
            "Operating",
            "Systems",
            "\u2013",
            "Sherif",
            "Khattab",
            "27"
        ],
        "labels": [
            "B",
            "I",
            "I",
            "I",
            "O",
            "O",
            "O",
            "O",
            "O",
            "O",
            "O",
            "O",
            "O",
            "O",
            "O",
            "O",
            "O",
            "O",
            "B",
            "I",
            "I",
            "O",
            "O",
            "O",
            "O",
            "O",
            "O",
            "O",
            "O",
            "O",
            "O",
            "O",
            "O",
            "O",
            "O",
            "O",
            "O",
            "O",
            "O",
            "O",
            "O",
            "O",
            "O",
            "O",
            "O",
            "O",
            "O",
            "O",
            "O",
            "O",
            "O",
            "O",
            "O",
            "O",
            "O",
            "O",
            "O",
            "O",
            "O",
            "O",
            "O",
            "O"
        ]
    },
    {
        "words": [
            "Inverted",
            "Page",
            "Table",
            "Example",
            "CS",
            "1550",
            "\u2013",
            "Operating",
            "Systems",
            "\u2013",
            "Sherif",
            "Khattab",
            "28"
        ],
        "labels": [
            "B",
            "I",
            "I",
            "I",
            "O",
            "O",
            "O",
            "O",
            "O",
            "O",
            "O",
            "O",
            "O"
        ]
    }
]