[
    {
        "words": [
            "Introduction",
            "to",
            "Operating",
            "Systems",
            "CS/COE",
            "1550",
            "Spring",
            "2022",
            "Sherif",
            "Khattab",
            "ksm73",
            "@",
            "pitt.edu",
            "(",
            "Some",
            "slides",
            "are",
            "from",
            "Silberschatz",
            ",",
            "Galvin",
            "and",
            "Gagne",
            "\u00a92013",
            ")"
        ],
        "labels": [
            "O",
            "O",
            "O",
            "O",
            "O",
            "O",
            "O",
            "O",
            "O",
            "O",
            "O",
            "O",
            "O",
            "O",
            "O",
            "O",
            "O",
            "O",
            "O",
            "O",
            "O",
            "O",
            "O",
            "O",
            "O"
        ]
    },
    {
        "words": [
            "Announcements",
            "\u2022",
            "Upcoming",
            "deadlines",
            "\u2022",
            "Homework",
            "3",
            "is",
            "due",
            "next",
            "Monday",
            "2/7",
            "\u2022",
            "Lab",
            "1",
            "is",
            "due",
            "this",
            "Friday",
            "2/4",
            "\u2022",
            "Project",
            "1",
            "due",
            "on",
            "2/18",
            "CS",
            "1550",
            "\u2013",
            "Operating",
            "Systems",
            "\u2013",
            "Sherif",
            "Khattab"
        ],
        "labels": [
            "O",
            "O",
            "O",
            "O",
            "O",
            "O",
            "O",
            "O",
            "O",
            "O",
            "O",
            "O",
            "O",
            "O",
            "O",
            "O",
            "O",
            "O",
            "O",
            "O",
            "O",
            "O",
            "O",
            "O",
            "O",
            "O",
            "O",
            "O",
            "O",
            "O",
            "O",
            "O",
            "O",
            "O"
        ]
    },
    {
        "words": [
            "Previous",
            "lecture",
            "\u2026",
            "\u2022",
            "Bounded",
            "buffer",
            "problem",
            "\u2022",
            "semaphore-based",
            "solution",
            "CS",
            "1550",
            "\u2013",
            "Operating",
            "Systems",
            "\u2013",
            "Sherif",
            "Khattab"
        ],
        "labels": [
            "O",
            "O",
            "O",
            "O",
            "B",
            "I",
            "I",
            "O",
            "O",
            "O",
            "O",
            "O",
            "O",
            "O",
            "O",
            "O",
            "O",
            "O"
        ]
    },
    {
        "words": [
            "Muddiest",
            "Points",
            "CS",
            "1550",
            "\u2013",
            "Operating",
            "Systems",
            "\u2013",
            "Sherif",
            "Khattab"
        ],
        "labels": [
            "O",
            "O",
            "O",
            "O",
            "O",
            "O",
            "O",
            "O",
            "O",
            "O"
        ]
    },
    {
        "words": [
            "Problem",
            "of",
            "the",
            "Day",
            "It",
            "is",
            "easy",
            "to",
            "make",
            "mistakes",
            "when",
            "using",
            "semaphores",
            "CS",
            "1550",
            "\u2013",
            "Operating",
            "Systems",
            "\u2013",
            "Sherif",
            "Khattab"
        ],
        "labels": [
            "O",
            "O",
            "O",
            "O",
            "O",
            "O",
            "O",
            "O",
            "O",
            "O",
            "O",
            "O",
            "O",
            "O",
            "O",
            "O",
            "O",
            "O",
            "O",
            "O",
            "O"
        ]
    },
    {
        "words": [
            "Produces",
            "Consumers",
            "Problem",
            "CS",
            "1550",
            "\u2013",
            "Operating",
            "Systems",
            "\u2013",
            "Sherif",
            "Khattab"
        ],
        "labels": [
            "O",
            "O",
            "O",
            "O",
            "O",
            "O",
            "O",
            "O",
            "O",
            "O",
            "O"
        ]
    },
    {
        "words": [
            "Solving",
            "Producers",
            "Consumers",
            "using",
            "Semaphores",
            "CS",
            "1550",
            "\u2013",
            "Operating",
            "Systems",
            "\u2013",
            "Sherif",
            "Khattab"
        ],
        "labels": [
            "O",
            "O",
            "O",
            "O",
            "B",
            "O",
            "O",
            "O",
            "O",
            "O",
            "O",
            "O",
            "O"
        ]
    },
    {
        "words": [
            "Is",
            "this",
            "sequence",
            "feasible",
            "?",
            "n",
            "==",
            "3",
            "for",
            "(",
            "i=0",
            ";",
            "i",
            "<",
            "3",
            ";",
            "i++",
            ")",
            "{",
            "Pi",
            "arrives",
            "Pi",
            "enters",
            "Pi",
            "leaves",
            "}",
            "P3",
            "arrives",
            "C0",
            "arrives",
            "C0",
            "enters",
            "C0",
            "leaves",
            "P3",
            "enters",
            "P3",
            "leaves",
            "CS",
            "1550",
            "\u2013",
            "Operating",
            "Systems",
            "\u2013",
            "Sherif",
            "Khattab"
        ],
        "labels": [
            "O",
            "O",
            "O",
            "O",
            "O",
            "O",
            "O",
            "O",
            "O",
            "O",
            "O",
            "O",
            "O",
            "O",
            "O",
            "O",
            "O",
            "O",
            "O",
            "O",
            "O",
            "O",
            "O",
            "O",
            "O",
            "O",
            "O",
            "O",
            "O",
            "O",
            "O",
            "O",
            "O",
            "O",
            "O",
            "O",
            "O",
            "O",
            "O",
            "O",
            "O",
            "O",
            "O",
            "O",
            "O",
            "O"
        ]
    },
    {
        "words": [
            "Some",
            "thoughts",
            "\u2022",
            "If",
            "we",
            "have",
            "one",
            "producer",
            "and",
            "one",
            "consumer",
            "\u2022",
            "do",
            "we",
            "need",
            "count",
            "?",
            "\u2022",
            "do",
            "we",
            "need",
            "the",
            "mutex",
            "?",
            "\u2022",
            "For",
            "multiple",
            "producers",
            "and",
            "consumers",
            "\u2022",
            "what",
            "benefit",
            "do",
            "we",
            "get",
            "if",
            "we",
            "have",
            "one",
            "mutex",
            "for",
            "producers",
            "and",
            "one",
            "for",
            "consumers",
            "?",
            "CS",
            "1550",
            "\u2013",
            "Operating",
            "Systems",
            "\u2013",
            "Sherif",
            "Khattab"
        ],
        "labels": [
            "O",
            "O",
            "O",
            "O",
            "O",
            "O",
            "O",
            "O",
            "O",
            "O",
            "O",
            "O",
            "O",
            "O",
            "O",
            "O",
            "O",
            "O",
            "O",
            "O",
            "O",
            "O",
            "O",
            "O",
            "O",
            "O",
            "O",
            "O",
            "O",
            "O",
            "O",
            "O",
            "O",
            "O",
            "O",
            "O",
            "O",
            "O",
            "O",
            "O",
            "O",
            "O",
            "O",
            "O",
            "O",
            "O",
            "O",
            "O",
            "O",
            "O",
            "O",
            "O",
            "O",
            "O",
            "O",
            "O"
        ]
    },
    {
        "words": [
            "Let",
            "\u2019",
            "s",
            "make",
            "a",
            "\u201c",
            "small",
            "\u201d",
            "change",
            "CS",
            "1550",
            "\u2013",
            "Operating",
            "Systems",
            "\u2013",
            "Sherif",
            "Khattab"
        ],
        "labels": [
            "O",
            "O",
            "O",
            "O",
            "O",
            "O",
            "O",
            "O",
            "O",
            "O",
            "O",
            "O",
            "O",
            "O",
            "O",
            "O",
            "O"
        ]
    },
    {
        "words": [
            "Let",
            "\u2019",
            "s",
            "make",
            "a",
            "\u201c",
            "small",
            "\u201d",
            "change",
            "Semaphore",
            "empty",
            "(",
            "n",
            ")",
            ",",
            "full",
            "(",
            "0",
            ")",
            ";",
            "Mutex",
            "sem",
            "(",
            "1",
            ")",
            ";",
            "Producer",
            "Consumer",
            "down",
            "(",
            "sem",
            ")",
            "down",
            "(",
            "full",
            ")",
            "down",
            "(",
            "empty",
            ")",
            "down",
            "(",
            "sem",
            ")",
            "buffer",
            "[",
            "in",
            "]",
            "=",
            "new",
            "item",
            "Item",
            "=",
            "buffer",
            "[",
            "out",
            "]",
            "in",
            "=",
            "(",
            "in",
            "+",
            "1",
            ")",
            "%",
            "n",
            "out",
            "=",
            "(",
            "out",
            "+",
            "1",
            ")",
            "%",
            "n",
            "count++",
            "count",
            "--",
            "up",
            "(",
            "empty",
            ")",
            "up",
            "(",
            "sem",
            ")",
            "up",
            "(",
            "sem",
            ")",
            "up",
            "(",
            "full",
            ")",
            "CS",
            "1550",
            "\u2013",
            "Operating",
            "Systems",
            "\u2013",
            "Sherif",
            "Khattab"
        ],
        "labels": [
            "O",
            "O",
            "O",
            "O",
            "O",
            "O",
            "O",
            "O",
            "O",
            "O",
            "O",
            "O",
            "O",
            "O",
            "O",
            "O",
            "O",
            "O",
            "O",
            "O",
            "B",
            "O",
            "O",
            "O",
            "O",
            "O",
            "O",
            "O",
            "O",
            "O",
            "O",
            "O",
            "O",
            "O",
            "O",
            "O",
            "O",
            "O",
            "O",
            "O",
            "O",
            "O",
            "O",
            "O",
            "O",
            "O",
            "O",
            "O",
            "O",
            "O",
            "O",
            "O",
            "O",
            "O",
            "O",
            "O",
            "O",
            "O",
            "O",
            "O",
            "O",
            "O",
            "O",
            "O",
            "O",
            "O",
            "O",
            "O",
            "O",
            "O",
            "O",
            "O",
            "O",
            "O",
            "O",
            "O",
            "O",
            "O",
            "O",
            "O",
            "O",
            "O",
            "O",
            "O",
            "O",
            "O",
            "O",
            "O",
            "O",
            "O",
            "O",
            "O",
            "O",
            "O",
            "O",
            "O",
            "O",
            "O",
            "O",
            "O",
            "O",
            "O"
        ]
    },
    {
        "words": [
            "Is",
            "this",
            "sequence",
            "feasible",
            "?",
            "n",
            "==",
            "3",
            "for",
            "(",
            "i=0",
            ";",
            "i",
            "<",
            "3",
            ";",
            "i++",
            ")",
            "{",
            "Pi",
            "arrives",
            "Pi",
            "enters",
            "Pi",
            "leaves",
            "}",
            "P3",
            "arrives",
            "C0",
            "arrives",
            "C0",
            "enters",
            "C0",
            "leaves",
            "P3",
            "enters",
            "P3",
            "leaves",
            "CS",
            "1550",
            "\u2013",
            "Operating",
            "Systems",
            "\u2013",
            "Sherif",
            "Khattab"
        ],
        "labels": [
            "O",
            "O",
            "O",
            "O",
            "O",
            "O",
            "O",
            "O",
            "O",
            "O",
            "O",
            "O",
            "O",
            "O",
            "O",
            "O",
            "O",
            "O",
            "O",
            "O",
            "O",
            "O",
            "O",
            "O",
            "O",
            "O",
            "O",
            "O",
            "O",
            "O",
            "O",
            "O",
            "O",
            "O",
            "O",
            "O",
            "O",
            "O",
            "O",
            "O",
            "O",
            "O",
            "O",
            "O",
            "O",
            "O"
        ]
    },
    {
        "words": [
            "Solution",
            "\u2022",
            "Condition",
            "Variable",
            "\u2022",
            "Yet",
            "another",
            "construct",
            "(",
            "Add",
            "to",
            "Spinlock",
            "and",
            "Semaphore",
            ")",
            "\u2022",
            "Has",
            "3",
            "operations",
            "\u2022",
            "These",
            "3",
            "operations",
            "have",
            "to",
            "be",
            "called",
            "while",
            "holding",
            "a",
            "mutex",
            "lock",
            "\u2022",
            "wait",
            "(",
            ")",
            "\u2022",
            "unlock",
            "mutex",
            "\u2022",
            "block",
            "process",
            "\u2022",
            "when",
            "awake",
            ",",
            "relock",
            "mutex",
            "\u2022",
            "when",
            "successful",
            ",",
            "return",
            "\u2022",
            "signal",
            "(",
            ")",
            "\u2022",
            "wakeup",
            "one",
            "waiting",
            "process",
            "in",
            "the",
            "condition",
            "variable",
            "\u2019",
            "s",
            "queue",
            "if",
            "any",
            "\u2022",
            "broadcast",
            "(",
            ")",
            "\u2022",
            "wakeup",
            "all",
            "waiting",
            "processes",
            "in",
            "the",
            "condition",
            "variable",
            "\u2019",
            "s",
            "queue",
            "if",
            "any",
            "\u2022",
            "Not",
            "foreign",
            "to",
            "us",
            "at",
            "all",
            "\u2022",
            "Every",
            "object",
            "variable",
            "in",
            "Java",
            "is",
            "a",
            "Condition",
            "Variable",
            "CS",
            "1550",
            "\u2013",
            "Operating",
            "Systems",
            "\u2013",
            "Sherif",
            "Khattab"
        ],
        "labels": [
            "O",
            "O",
            "B",
            "I",
            "O",
            "O",
            "O",
            "O",
            "O",
            "O",
            "O",
            "O",
            "O",
            "O",
            "O",
            "O",
            "O",
            "O",
            "O",
            "O",
            "O",
            "O",
            "O",
            "O",
            "O",
            "O",
            "O",
            "O",
            "O",
            "O",
            "O",
            "O",
            "O",
            "B",
            "I",
            "I",
            "O",
            "O",
            "O",
            "O",
            "O",
            "O",
            "O",
            "O",
            "O",
            "O",
            "O",
            "O",
            "O",
            "O",
            "O",
            "O",
            "O",
            "O",
            "B",
            "I",
            "I",
            "O",
            "O",
            "O",
            "O",
            "O",
            "O",
            "O",
            "O",
            "O",
            "O",
            "O",
            "O",
            "O",
            "O",
            "O",
            "B",
            "I",
            "I",
            "O",
            "O",
            "O",
            "O",
            "O",
            "O",
            "O",
            "O",
            "O",
            "O",
            "O",
            "O",
            "O",
            "O",
            "O",
            "O",
            "O",
            "O",
            "O",
            "O",
            "O",
            "O",
            "O",
            "O",
            "O",
            "O",
            "O",
            "O",
            "O",
            "B",
            "I",
            "O",
            "O",
            "O",
            "O",
            "O",
            "O",
            "O",
            "O"
        ]
    },
    {
        "words": [
            "Solving",
            "Bounded",
            "Buffer",
            "Using",
            "Condition",
            "Variables",
            "CS",
            "1550",
            "\u2013",
            "Operating",
            "Systems",
            "\u2013",
            "Sherif",
            "Khattab"
        ],
        "labels": [
            "O",
            "O",
            "O",
            "O",
            "O",
            "O",
            "O",
            "O",
            "O",
            "O",
            "O",
            "O",
            "O",
            "O"
        ]
    }
]