[
    {
        "words": [
            "Introduction",
            "to",
            "Operating",
            "Systems",
            "CS/COE",
            "1550",
            "Process",
            "Synchronization",
            "-",
            "1",
            "Spring",
            "2022",
            "Sherif",
            "Khattab",
            "ksm73",
            "@",
            "pitt.edu",
            "(",
            "Some",
            "slides",
            "are",
            "from",
            "Silberschatz",
            ",",
            "Galvin",
            "and",
            "Gagne",
            "\u00a92013",
            ")"
        ],
        "labels": [
            "O",
            "O",
            "O",
            "O",
            "O",
            "O",
            "B",
            "I",
            "O",
            "O",
            "O",
            "O",
            "O",
            "O",
            "O",
            "O",
            "O",
            "O",
            "O",
            "O",
            "O",
            "O",
            "O",
            "O",
            "O",
            "O",
            "O",
            "O",
            "O"
        ]
    },
    {
        "words": [
            "Announcements",
            "\u2022",
            "Homework",
            "1",
            "is",
            "due",
            "next",
            "Monday",
            "at",
            "11:59",
            "pm",
            "\u2022",
            "Recitations",
            "started",
            "last",
            "week",
            "\u2022",
            "Please",
            "watch",
            "the",
            "videos",
            "\u2022",
            "Lab",
            "1",
            "is",
            "due",
            "on",
            "2/4",
            "at",
            "11:59",
            "pm",
            "\u2022",
            "Distributed",
            "using",
            "GitHub",
            "Classroom",
            "\u2022",
            "Explained",
            "in",
            "this",
            "week",
            "\u2019",
            "s",
            "recitations",
            "\u2022",
            "Steps",
            "of",
            "a",
            "syscall",
            "posted",
            "on",
            "Canvas",
            "\u2022",
            "TA",
            "Office",
            "hours",
            "available",
            "on",
            "the",
            "syllabus",
            "page",
            "\u2022",
            "Muddiest",
            "points",
            "will",
            "be",
            "anonymous",
            "and",
            "not",
            "seen",
            "to",
            "students",
            "CS/COE",
            "1550",
            "\u2013",
            "Operating",
            "Systems",
            "\u2013",
            "Sherif",
            "Khattab",
            "2"
        ],
        "labels": [
            "O",
            "O",
            "O",
            "O",
            "O",
            "O",
            "O",
            "O",
            "O",
            "O",
            "O",
            "O",
            "O",
            "O",
            "O",
            "O",
            "O",
            "O",
            "O",
            "O",
            "O",
            "O",
            "O",
            "O",
            "O",
            "O",
            "O",
            "O",
            "O",
            "O",
            "O",
            "O",
            "O",
            "O",
            "O",
            "O",
            "O",
            "O",
            "O",
            "O",
            "O",
            "O",
            "O",
            "O",
            "O",
            "O",
            "O",
            "O",
            "O",
            "O",
            "O",
            "O",
            "O",
            "O",
            "O",
            "O",
            "O",
            "O",
            "O",
            "O",
            "O",
            "O",
            "B",
            "I",
            "O",
            "O",
            "O",
            "O",
            "O",
            "O",
            "O",
            "O",
            "O",
            "O",
            "O",
            "O",
            "O",
            "O",
            "O",
            "O",
            "O"
        ]
    },
    {
        "words": [
            "Muddiest",
            "Points",
            "\u2022",
            "storage/access",
            "of",
            "the",
            "mode",
            "bits",
            "\u2022",
            "syscalls",
            "\u2022",
            "idt/isr",
            "vs",
            "syscall",
            "table",
            "\u2022",
            "Difference",
            "between",
            "f1~f7",
            "(",
            "what",
            "to",
            "call",
            "them",
            "?",
            ")",
            "and",
            "f8~f10",
            "(",
            "syscall",
            "functions",
            ")",
            "\u2022",
            "the",
            "beginning",
            "of",
            "the",
            "syscall",
            "process",
            "\u2022",
            "syscall",
            "steps",
            "\u2022",
            "eax",
            "register",
            "relevance",
            "to",
            "interrupts/syscall",
            "\u2022",
            "How",
            "user",
            "programs",
            "need",
            "to",
            "be",
            "changed",
            "for",
            "new",
            "syscalls",
            "\u2022",
            "How",
            "high",
            "level",
            "code",
            "interacts",
            "with",
            "syscalls",
            "\u2022",
            "xv6",
            "walkthrough",
            "\u2022",
            "Array",
            "of",
            "functions",
            "syntax",
            "in",
            "C",
            "\u2022",
            "monolithic",
            "vs",
            "micro",
            "CS/COE",
            "1550",
            "\u2013",
            "Operating",
            "Systems",
            "\u2013",
            "Sherif",
            "Khattab",
            "3"
        ],
        "labels": [
            "B",
            "I",
            "O",
            "O",
            "O",
            "O",
            "O",
            "O",
            "O",
            "O",
            "O",
            "O",
            "O",
            "O",
            "O",
            "O",
            "O",
            "O",
            "O",
            "O",
            "O",
            "O",
            "O",
            "O",
            "O",
            "O",
            "O",
            "O",
            "O",
            "O",
            "O",
            "O",
            "O",
            "O",
            "O",
            "O",
            "O",
            "O",
            "O",
            "O",
            "O",
            "O",
            "O",
            "O",
            "O",
            "O",
            "O",
            "O",
            "O",
            "O",
            "O",
            "O",
            "O",
            "O",
            "O",
            "O",
            "O",
            "O",
            "O",
            "O",
            "O",
            "O",
            "O",
            "O",
            "O",
            "O",
            "O",
            "O",
            "O",
            "O",
            "O",
            "O",
            "O",
            "O",
            "O",
            "O",
            "O",
            "O",
            "O",
            "O",
            "O",
            "O",
            "O",
            "O",
            "O",
            "O",
            "O",
            "O",
            "O",
            "O"
        ]
    },
    {
        "words": [
            "Problem",
            ":",
            "race",
            "conditions",
            "\u2022",
            "R",
            "is",
            "a",
            "CPU",
            "register",
            "P1",
            "P2",
            "x++",
            "x++",
            "\u2022",
            "X",
            "is",
            "a",
            "variable",
            "x=3",
            "stored",
            "in",
            "memory",
            "R",
            "<",
            "=",
            "x",
            "R",
            "=",
            "R+1",
            "R",
            "=",
            ">",
            "x",
            "R",
            "<",
            "=",
            "x",
            "R",
            "=",
            "R+1",
            "R",
            "=",
            ">",
            "x",
            "x=5",
            "R",
            "<",
            "=",
            "x",
            "R",
            "<",
            "=",
            "x",
            "R",
            "=",
            "R+1",
            "R",
            "=",
            "R+1",
            "R",
            "=",
            ">",
            "x",
            "R",
            "=",
            ">",
            "x",
            "x=6",
            "!",
            "CS/COE",
            "1550",
            "\u2013",
            "Operating",
            "Systems",
            "\u2013",
            "Sherif",
            "Khattab",
            "4"
        ],
        "labels": [
            "O",
            "O",
            "O",
            "O",
            "O",
            "O",
            "O",
            "O",
            "O",
            "O",
            "O",
            "O",
            "O",
            "O",
            "O",
            "O",
            "O",
            "O",
            "O",
            "O",
            "O",
            "O",
            "O",
            "O",
            "O",
            "O",
            "O",
            "O",
            "O",
            "O",
            "O",
            "O",
            "O",
            "O",
            "O",
            "O",
            "O",
            "O",
            "O",
            "O",
            "O",
            "O",
            "O",
            "O",
            "O",
            "O",
            "O",
            "O",
            "O",
            "O",
            "O",
            "O",
            "O",
            "O",
            "O",
            "O",
            "O",
            "O",
            "O",
            "O",
            "O",
            "O",
            "O",
            "O",
            "O",
            "O",
            "O",
            "O",
            "O",
            "O",
            "O",
            "O",
            "O",
            "O",
            "O",
            "O",
            "O",
            "O",
            "O"
        ]
    },
    {
        "words": [
            "Race",
            "conditions",
            "\u2022",
            "Cooperating",
            "processes",
            "share",
            "storage",
            "(",
            "memory",
            ")",
            "\u2022",
            "Both",
            "may",
            "read",
            "and",
            "write",
            "the",
            "shared",
            "memory",
            "\u2022",
            "Problem",
            ":",
            "can",
            "\u2019",
            "t",
            "guarantee",
            "that",
            "read",
            "followed",
            "by",
            "write",
            "is",
            "atomic",
            "\u2022",
            "Atomic",
            "means",
            "uninterruptible",
            "\u2022",
            "Ordering",
            "matters",
            "!",
            "\u2022",
            "This",
            "can",
            "result",
            "in",
            "erroneous",
            "results",
            "!",
            "\u2022",
            "We",
            "need",
            "to",
            "eliminate",
            "race",
            "conditions\u2026",
            "CS/COE",
            "1550",
            "\u2013",
            "Operating",
            "Systems",
            "\u2013",
            "Sherif",
            "Khattab",
            "5"
        ],
        "labels": [
            "B",
            "I",
            "O",
            "O",
            "O",
            "O",
            "O",
            "O",
            "O",
            "O",
            "O",
            "O",
            "O",
            "O",
            "O",
            "O",
            "O",
            "O",
            "O",
            "O",
            "O",
            "O",
            "O",
            "O",
            "O",
            "O",
            "O",
            "O",
            "O",
            "O",
            "O",
            "O",
            "O",
            "O",
            "O",
            "O",
            "O",
            "O",
            "O",
            "O",
            "O",
            "O",
            "O",
            "O",
            "O",
            "O",
            "O",
            "O",
            "O",
            "O",
            "O",
            "O",
            "O",
            "O",
            "O",
            "O",
            "O",
            "O",
            "O",
            "O",
            "O",
            "O",
            "O",
            "O",
            "O"
        ]
    },
    {
        "words": [
            "Atomic",
            "operations",
            "\u2022",
            "If",
            "done",
            "in",
            "one",
            "instruction",
            ",",
            "then",
            "not",
            "interruptible",
            "CS/COE",
            "1550",
            "\u2013",
            "Operating",
            "Systems",
            "\u2013",
            "Sherif",
            "Khattab",
            "6"
        ],
        "labels": [
            "B",
            "I",
            "O",
            "O",
            "O",
            "O",
            "O",
            "O",
            "O",
            "O",
            "O",
            "O",
            "O",
            "O",
            "O",
            "O",
            "O",
            "O",
            "O",
            "O",
            "O"
        ]
    },
    {
        "words": [
            "Context",
            "Switching",
            "How",
            "did",
            "the",
            "CPU",
            "switch",
            "from",
            "P1",
            "to",
            "P2",
            "then",
            "to",
            "P1",
            "then",
            "to",
            "P2",
            "again",
            "\u2026",
            "?",
            "CS/COE",
            "1550",
            "\u2013",
            "Operating",
            "Systems",
            "\u2013",
            "Sherif",
            "Khattab",
            "7"
        ],
        "labels": [
            "B",
            "I",
            "O",
            "O",
            "O",
            "O",
            "O",
            "O",
            "O",
            "O",
            "O",
            "O",
            "O",
            "O",
            "O",
            "O",
            "O",
            "O",
            "O",
            "O",
            "O",
            "O",
            "O",
            "O",
            "O",
            "O",
            "O",
            "O",
            "O"
        ]
    },
    {
        "words": [
            "Process",
            "Control",
            "Block",
            "``",
            "Active",
            "entities",
            "are",
            "data",
            "structures",
            "when",
            "viewed",
            "from",
            "a",
            "lower",
            "level",
            ".",
            "\u2019",
            "\u2019",
            "Raphael",
            "Finkel",
            ",",
            "University",
            "of",
            "Kentucky",
            "CS/COE",
            "1550",
            "\u2013",
            "Operating",
            "Systems",
            "\u2013",
            "Sherif",
            "Khattab",
            "8"
        ],
        "labels": [
            "B",
            "I",
            "I",
            "O",
            "O",
            "O",
            "O",
            "O",
            "O",
            "O",
            "O",
            "O",
            "O",
            "O",
            "O",
            "O",
            "O",
            "O",
            "O",
            "O",
            "O",
            "O",
            "O",
            "O",
            "O",
            "O",
            "O",
            "O",
            "O",
            "O",
            "O",
            "O",
            "O"
        ]
    },
    {
        "words": [
            "Process",
            "Control",
            "Block",
            "(",
            "PCB",
            ")",
            "Information",
            "associated",
            "with",
            "each",
            "process",
            "(",
            "also",
            "called",
            "task",
            "control",
            "block",
            ")",
            "\u2022",
            "Process",
            "state",
            "\u2013",
            "running",
            ",",
            "waiting",
            ",",
            "etc",
            "\u2022",
            "Program",
            "counter",
            "\u2013",
            "location",
            "of",
            "instruction",
            "to",
            "execute",
            "next",
            "\u2022",
            "CPU",
            "registers",
            "\u2013",
            "contents",
            "of",
            "all",
            "process-centric",
            "registers",
            "\u2022",
            "CPU",
            "scheduling",
            "information-",
            "priorities",
            ",",
            "scheduling",
            "queue",
            "pointers",
            "\u2022",
            "Memory-management",
            "information",
            "\u2013",
            "memory",
            "allocated",
            "to",
            "the",
            "process",
            "\u2022",
            "Accounting",
            "information",
            "\u2013",
            "CPU",
            "used",
            ",",
            "clock",
            "time",
            "elapsed",
            "since",
            "start",
            ",",
            "time",
            "limits",
            "\u2022",
            "I/O",
            "status",
            "information",
            "\u2013",
            "I/O",
            "devices",
            "allocated",
            "to",
            "process",
            ",",
            "list",
            "of",
            "open",
            "files",
            "CS/COE",
            "1550",
            "\u2013",
            "Operating",
            "Systems",
            "\u2013",
            "Sherif",
            "Khattab",
            "9"
        ],
        "labels": [
            "B",
            "I",
            "I",
            "O",
            "O",
            "O",
            "O",
            "O",
            "O",
            "O",
            "O",
            "O",
            "O",
            "O",
            "O",
            "O",
            "O",
            "O",
            "O",
            "O",
            "O",
            "O",
            "O",
            "O",
            "O",
            "O",
            "O",
            "O",
            "O",
            "O",
            "O",
            "O",
            "O",
            "O",
            "O",
            "O",
            "O",
            "O",
            "O",
            "O",
            "O",
            "O",
            "O",
            "O",
            "O",
            "O",
            "O",
            "O",
            "O",
            "O",
            "O",
            "O",
            "O",
            "O",
            "O",
            "O",
            "O",
            "O",
            "O",
            "O",
            "O",
            "O",
            "O",
            "O",
            "O",
            "O",
            "O",
            "O",
            "O",
            "O",
            "O",
            "O",
            "O",
            "O",
            "O",
            "O",
            "O",
            "O",
            "O",
            "O",
            "O",
            "O",
            "O",
            "O",
            "O",
            "O",
            "O",
            "O",
            "O",
            "O",
            "O",
            "O",
            "O",
            "O",
            "O",
            "O",
            "O",
            "O",
            "O",
            "O",
            "O",
            "O",
            "O"
        ]
    },
    {
        "words": [
            "Process",
            "Representation",
            "in",
            "Linux",
            "Represented",
            "by",
            "the",
            "C",
            "structure",
            "task_struct",
            "pid_t",
            "pid",
            ";",
            "/",
            "*",
            "process",
            "identifier",
            "*",
            "/",
            "long",
            "state",
            ";",
            "/",
            "*",
            "state",
            "of",
            "the",
            "process",
            "*",
            "/",
            "unsigned",
            "int",
            "time_slice",
            "/",
            "*",
            "scheduling",
            "information",
            "*",
            "/",
            "struct",
            "task_struct",
            "*",
            "parent",
            ";",
            "/",
            "*",
            "this",
            "process",
            "\u2019",
            "s",
            "parent",
            "*",
            "/",
            "struct",
            "list_head",
            "children",
            ";",
            "/",
            "*",
            "this",
            "process",
            "\u2019",
            "s",
            "children",
            "*",
            "/",
            "struct",
            "files_struct",
            "*",
            "files",
            ";",
            "/",
            "*",
            "list",
            "of",
            "open",
            "files",
            "*",
            "/",
            "struct",
            "mm_struct",
            "*",
            "mm",
            ";",
            "/",
            "*",
            "address",
            "space",
            "of",
            "this",
            "process",
            "*",
            "/",
            "CS/COE",
            "1550",
            "\u2013",
            "Operating",
            "Systems",
            "\u2013",
            "Sherif",
            "Khattab",
            "10"
        ],
        "labels": [
            "B",
            "I",
            "I",
            "I",
            "O",
            "O",
            "O",
            "O",
            "O",
            "O",
            "O",
            "O",
            "O",
            "O",
            "O",
            "O",
            "O",
            "O",
            "O",
            "O",
            "O",
            "O",
            "O",
            "O",
            "O",
            "O",
            "O",
            "O",
            "O",
            "O",
            "O",
            "O",
            "O",
            "O",
            "O",
            "O",
            "O",
            "O",
            "O",
            "O",
            "O",
            "O",
            "O",
            "O",
            "O",
            "O",
            "O",
            "O",
            "O",
            "O",
            "O",
            "O",
            "O",
            "O",
            "O",
            "O",
            "O",
            "O",
            "O",
            "O",
            "O",
            "O",
            "O",
            "O",
            "O",
            "O",
            "O",
            "O",
            "O",
            "O",
            "O",
            "O",
            "O",
            "O",
            "O",
            "O",
            "O",
            "O",
            "O",
            "O",
            "O",
            "O",
            "O",
            "O",
            "O",
            "O",
            "O",
            "O",
            "O",
            "O",
            "O",
            "O",
            "O",
            "O",
            "O",
            "O",
            "O",
            "O",
            "O",
            "O",
            "O",
            "O"
        ]
    },
    {
        "words": [
            "Context",
            "Switch",
            "\u2022",
            "When",
            "CPU",
            "switches",
            "to",
            "another",
            "process",
            ",",
            "the",
            "system",
            "must",
            "save",
            "the",
            "state",
            "of",
            "the",
            "old",
            "process",
            "and",
            "load",
            "the",
            "saved",
            "state",
            "for",
            "the",
            "new",
            "process",
            "via",
            "a",
            "context",
            "switch",
            "\u2022",
            "Context",
            "of",
            "a",
            "process",
            "represented",
            "in",
            "the",
            "PCB",
            "\u2022",
            "Context-switch",
            "time",
            "is",
            "overhead",
            ";",
            "the",
            "system",
            "does",
            "no",
            "useful",
            "work",
            "while",
            "switching",
            "\u2022",
            "The",
            "more",
            "complex",
            "the",
            "OS",
            "and",
            "the",
            "PCB",
            "\u2794",
            "the",
            "longer",
            "the",
            "context",
            "switch",
            "\u2022",
            "Time",
            "dependent",
            "on",
            "hardware",
            "support",
            "\u2022",
            "Some",
            "hardware",
            "provides",
            "multiple",
            "sets",
            "of",
            "registers",
            "per",
            "CPU",
            "\u2794",
            "multiple",
            "contexts",
            "loaded",
            "at",
            "once",
            "CS/COE",
            "1550",
            "\u2013",
            "Operating",
            "Systems",
            "\u2013",
            "Sherif",
            "Khattab",
            "11"
        ],
        "labels": [
            "O",
            "O",
            "O",
            "O",
            "O",
            "O",
            "O",
            "O",
            "O",
            "O",
            "O",
            "O",
            "O",
            "O",
            "O",
            "O",
            "O",
            "O",
            "O",
            "O",
            "O",
            "O",
            "O",
            "O",
            "O",
            "O",
            "O",
            "O",
            "O",
            "O",
            "O",
            "O",
            "O",
            "O",
            "O",
            "O",
            "O",
            "O",
            "O",
            "O",
            "O",
            "O",
            "O",
            "O",
            "O",
            "O",
            "O",
            "O",
            "O",
            "O",
            "O",
            "O",
            "O",
            "O",
            "O",
            "O",
            "O",
            "O",
            "O",
            "O",
            "O",
            "O",
            "O",
            "O",
            "O",
            "O",
            "O",
            "O",
            "O",
            "O",
            "O",
            "O",
            "O",
            "O",
            "O",
            "O",
            "O",
            "O",
            "O",
            "O",
            "O",
            "O",
            "O",
            "O",
            "O",
            "O",
            "O",
            "O",
            "O",
            "O",
            "O",
            "O",
            "O",
            "O",
            "O",
            "O",
            "O",
            "O",
            "O",
            "O",
            "O",
            "O"
        ]
    },
    {
        "words": [
            "Context",
            "Switching",
            "CS/COE",
            "1550",
            "\u2013",
            "Operating",
            "Systems",
            "\u2013",
            "Sherif",
            "Khattab",
            "12"
        ],
        "labels": [
            "B",
            "I",
            "O",
            "O",
            "O",
            "O",
            "O",
            "O",
            "O",
            "O",
            "O"
        ]
    },
    {
        "words": [
            "Xv6",
            "Code",
            "Walkthrough",
            "\u2022",
            "PCB",
            "and",
            "process",
            "table",
            "\u2022",
            "Context",
            "switching",
            "\u2022",
            "Calling",
            "of",
            "the",
            "swtch",
            "routine",
            "CS/COE",
            "1550",
            "\u2013",
            "Operating",
            "Systems",
            "\u2013",
            "Sherif",
            "Khattab",
            "13"
        ],
        "labels": [
            "O",
            "O",
            "O",
            "O",
            "O",
            "O",
            "O",
            "O",
            "O",
            "B",
            "I",
            "O",
            "O",
            "O",
            "O",
            "O",
            "O",
            "O",
            "O",
            "O",
            "O",
            "O",
            "O",
            "O",
            "O",
            "O"
        ]
    },
    {
        "words": [
            "Context",
            "Switching",
            "in",
            "Xv6",
            "%",
            "eax",
            "%",
            "edx",
            "context",
            "Return",
            "address",
            "PCB",
            "of",
            "Process",
            "\ud835\udc430",
            "%",
            "esp",
            "%",
            "eip",
            "Stack",
            "of",
            "Process",
            "\ud835\udc430",
            "CPU",
            "Return",
            "Return",
            "address",
            "address",
            "context",
            "PCB",
            "of",
            "Process",
            "\ud835\udc431",
            "Stack",
            "of",
            "Process",
            "\ud835\udc431",
            "Memory",
            "CS/COE",
            "1550",
            "\u2013",
            "Operating",
            "Systems",
            "\u2013",
            "Sherif",
            "Khattab",
            "14"
        ],
        "labels": [
            "B",
            "I",
            "O",
            "O",
            "O",
            "O",
            "O",
            "O",
            "O",
            "O",
            "O",
            "O",
            "O",
            "O",
            "O",
            "O",
            "O",
            "O",
            "O",
            "O",
            "O",
            "O",
            "O",
            "O",
            "O",
            "O",
            "O",
            "O",
            "O",
            "O",
            "O",
            "O",
            "O",
            "O",
            "O",
            "O",
            "O",
            "O",
            "O",
            "O",
            "O",
            "O",
            "O",
            "O",
            "O",
            "O",
            "O"
        ]
    },
    {
        "words": [
            "Critical",
            "regions",
            "\u2022",
            "Back",
            "to",
            "the",
            "race",
            "conditions",
            "problem",
            "\u2022",
            "Use",
            "critical",
            "regions",
            "to",
            "provide",
            "mutual",
            "exclusion",
            "and",
            "help",
            "fix",
            "race",
            "conditions",
            "\u2022",
            "Let",
            "\u2019",
            "s",
            "put",
            "the",
            "statement",
            "x++",
            "in",
            "a",
            "critical",
            "region",
            "P1",
            "enters",
            "P1",
            "leaves",
            "critical",
            "region",
            "critical",
            "region",
            "Process",
            "P1",
            "P2",
            "enters",
            "P2",
            "leaves",
            "P2",
            "tries",
            "to",
            "enter",
            "critical",
            "region",
            "critical",
            "region",
            "critical",
            "region",
            "Process",
            "P2",
            "P2",
            "blocked",
            "Time",
            "CS/COE",
            "1550",
            "\u2013",
            "Operating",
            "Systems",
            "\u2013",
            "Sherif",
            "Khattab",
            "15"
        ],
        "labels": [
            "B",
            "I",
            "O",
            "O",
            "O",
            "O",
            "O",
            "O",
            "O",
            "O",
            "O",
            "O",
            "O",
            "O",
            "O",
            "O",
            "O",
            "O",
            "O",
            "O",
            "O",
            "O",
            "O",
            "O",
            "O",
            "O",
            "O",
            "O",
            "O",
            "O",
            "O",
            "O",
            "O",
            "O",
            "O",
            "O",
            "O",
            "O",
            "O",
            "O",
            "O",
            "O",
            "O",
            "O",
            "O",
            "O",
            "O",
            "O",
            "O",
            "O",
            "O",
            "O",
            "O",
            "O",
            "O",
            "O",
            "O",
            "O",
            "O",
            "O",
            "O",
            "O",
            "O",
            "O",
            "O",
            "O",
            "O",
            "O",
            "O",
            "O",
            "O",
            "O"
        ]
    },
    {
        "words": [
            "How",
            "to",
            "implement",
            "critical",
            "regions",
            "?",
            "\u2022",
            "Turn-based",
            "solutions",
            "\u2022",
            "Spinlocks",
            "\u2022",
            "Semaphores",
            "\u2022",
            "Monitors",
            "CS/COE",
            "1550",
            "\u2013",
            "Operating",
            "Systems",
            "\u2013",
            "Sherif",
            "Khattab",
            "16"
        ],
        "labels": [
            "O",
            "O",
            "O",
            "O",
            "O",
            "O",
            "O",
            "B",
            "I",
            "O",
            "B",
            "O",
            "B",
            "O",
            "B",
            "O",
            "O",
            "O",
            "O",
            "O",
            "O",
            "O",
            "O",
            "O"
        ]
    },
    {
        "words": [
            "Using",
            "Spinlocks",
            "Spinlock",
            "lock",
            ";",
            "Code",
            "for",
            "process",
            "Pi",
            "While",
            "(",
            "1",
            ")",
            "{",
            "Lock",
            "(",
            "lock",
            ")",
            "//",
            "critical",
            "section",
            "Unlock",
            "(",
            "lock",
            ")",
            ";",
            "//",
            "remainder",
            "of",
            "code",
            "}",
            "}",
            "CS/COE",
            "1550",
            "\u2013",
            "Operating",
            "Systems",
            "\u2013",
            "Sherif",
            "Khattab",
            "17"
        ],
        "labels": [
            "B",
            "B",
            "O",
            "O",
            "O",
            "O",
            "O",
            "O",
            "O",
            "O",
            "O",
            "O",
            "O",
            "O",
            "O",
            "O",
            "O",
            "O",
            "O",
            "O",
            "O",
            "O",
            "O",
            "O",
            "O",
            "O",
            "O",
            "O",
            "O",
            "O",
            "O",
            "O",
            "O",
            "O",
            "O",
            "O",
            "O",
            "O",
            "O",
            "O",
            "O"
        ]
    },
    {
        "words": [
            "Spinlock",
            "implementation",
            "(",
            "1/2",
            ")",
            "\u2022",
            "Solution",
            ":",
            "use",
            "hardware",
            "\u2022",
            "Several",
            "hardware",
            "methods",
            "\u2022",
            "Test",
            "&",
            "set",
            ":",
            "test",
            "a",
            "variable",
            "and",
            "set",
            "it",
            "in",
            "one",
            "instruction",
            "\u2022",
            "Atomic",
            "swap",
            ":",
            "switch",
            "register",
            "&",
            "memory",
            "in",
            "one",
            "instruction",
            "\u2022",
            "Turn",
            "off",
            "interrupts",
            ":",
            "process",
            "won",
            "\u2019",
            "t",
            "be",
            "switched",
            "out",
            "unless",
            "it",
            "asks",
            "to",
            "be",
            "suspended",
            "\u2022",
            "The",
            "first",
            "two",
            "methods",
            "can",
            "be",
            "implemented",
            "in",
            "user",
            "land",
            "\u2022",
            "Why",
            "can",
            "\u2019",
            "t",
            "we",
            "implement",
            "the",
            "third",
            "method",
            "in",
            "user",
            "land",
            "?",
            "CS/COE",
            "1550",
            "\u2013",
            "Operating",
            "Systems",
            "\u2013",
            "Sherif",
            "Khattab",
            "18"
        ],
        "labels": [
            "B",
            "I",
            "O",
            "O",
            "O",
            "O",
            "O",
            "O",
            "O",
            "O",
            "O",
            "O",
            "O",
            "O",
            "O",
            "O",
            "O",
            "O",
            "O",
            "O",
            "O",
            "O",
            "O",
            "O",
            "O",
            "O",
            "O",
            "O",
            "O",
            "O",
            "O",
            "O",
            "O",
            "O",
            "O",
            "O",
            "O",
            "O",
            "O",
            "O",
            "O",
            "O",
            "O",
            "O",
            "O",
            "O",
            "O",
            "O",
            "O",
            "O",
            "O",
            "O",
            "O",
            "O",
            "O",
            "O",
            "O",
            "O",
            "O",
            "O",
            "O",
            "O",
            "O",
            "O",
            "O",
            "O",
            "O",
            "O",
            "O",
            "O",
            "O",
            "O",
            "O",
            "O",
            "O",
            "O",
            "O",
            "O",
            "O",
            "O",
            "O",
            "O",
            "O",
            "O",
            "O",
            "O",
            "O",
            "O",
            "O",
            "O",
            "O"
        ]
    }
]