[
    {
        "words": [
            "Introduction",
            "to",
            "Operating",
            "Systems",
            "CS/COE",
            "1550",
            "Spring",
            "2022",
            "Sherif",
            "Khattab",
            "ksm73",
            "@",
            "pitt.edu",
            "(",
            "Some",
            "slides",
            "are",
            "from",
            "Silberschatz",
            ",",
            "Galvin",
            "and",
            "Gagne",
            "\u00a92013",
            ")"
        ],
        "labels": [
            "O",
            "O",
            "O",
            "O",
            "O",
            "O",
            "O",
            "O",
            "O",
            "O",
            "O",
            "O",
            "O",
            "O",
            "O",
            "O",
            "O",
            "O",
            "O",
            "O",
            "O",
            "O",
            "O",
            "O",
            "O"
        ]
    },
    {
        "words": [
            "Announcements",
            "\u2022",
            "Homework",
            "1",
            "is",
            "due",
            "next",
            "Monday",
            "at",
            "11:59",
            "pm",
            "\u2022",
            "Lab",
            "1",
            "is",
            "due",
            "on",
            "2/4",
            "at",
            "11:59",
            "pm",
            "\u2022",
            "Distributed",
            "using",
            "GitHub",
            "Classroom",
            "\u2022",
            "Explained",
            "in",
            "this",
            "week",
            "\u2019",
            "s",
            "recitations",
            "\u2022",
            "TA",
            "Office",
            "hours",
            "available",
            "on",
            "the",
            "syllabus",
            "page",
            "\u2022",
            "Project",
            "1",
            "will",
            "be",
            "up",
            "on",
            "Canvas",
            "this",
            "Friday",
            "\u2022",
            "Docker",
            "images",
            "are",
            "available",
            "on",
            "Canvas",
            "CS/COE",
            "1550",
            "\u2013",
            "Operating",
            "Systems",
            "\u2013",
            "Sherif",
            "Khattab",
            "2"
        ],
        "labels": [
            "O",
            "O",
            "O",
            "O",
            "O",
            "O",
            "O",
            "O",
            "O",
            "O",
            "O",
            "O",
            "O",
            "O",
            "O",
            "O",
            "O",
            "O",
            "O",
            "O",
            "O",
            "O",
            "O",
            "O",
            "O",
            "O",
            "O",
            "O",
            "O",
            "O",
            "O",
            "O",
            "O",
            "O",
            "O",
            "O",
            "O",
            "O",
            "O",
            "O",
            "O",
            "O",
            "O",
            "O",
            "O",
            "O",
            "O",
            "O",
            "O",
            "O",
            "O",
            "O",
            "O",
            "O",
            "O",
            "O",
            "O",
            "O",
            "O",
            "O",
            "O",
            "O",
            "O",
            "O",
            "O",
            "O",
            "O",
            "O",
            "O"
        ]
    },
    {
        "words": [
            "Muddiest",
            "Points",
            "\u2022",
            "the",
            "while",
            "(",
            "1",
            ")",
            "loop",
            "in",
            "the",
            "spinlocks",
            "example",
            "(",
            "just",
            "a",
            "placeholder",
            "I",
            "assume",
            "?",
            ")",
            "\u2022",
            "It",
            "would",
            "be",
            "helpful",
            "to",
            "have",
            "a",
            "step-by-step",
            "written",
            "out",
            "representation",
            "of",
            "Context",
            "Switching",
            "in",
            "Xv6",
            "to",
            "accompany",
            "the",
            "graphic",
            "\u2022",
            "Why",
            "only",
            "certain",
            "registers",
            "were",
            "pushed/popped",
            "in",
            "the",
            "context",
            "switches",
            ".",
            "Is",
            "it",
            "just",
            "because",
            "these",
            "are",
            "the",
            "only",
            "registers",
            "the",
            "processes",
            "could",
            "be",
            "using",
            "?",
            "\u2022",
            "How",
            "can",
            "hardware",
            "be",
            "directly",
            "accessed",
            "by",
            "user",
            "tasks",
            ",",
            "like",
            "the",
            "first",
            "two",
            "options",
            "in",
            "the",
            "spin",
            "lock",
            "slide",
            "?",
            "My",
            "thought",
            "was",
            "that",
            "something",
            "like",
            "an",
            "atomic",
            "swap",
            "would",
            "need",
            "hard",
            "wiring",
            ",",
            "not",
            "software",
            "\u2022",
            "Are",
            "race",
            "condition",
            "prevention",
            "methods",
            "implemented",
            "by",
            "the",
            "programmer",
            "or",
            "the",
            "operating",
            "system",
            "?",
            "\u2022",
            "What",
            "exactly",
            "is",
            "a",
            "critical",
            "region",
            "again",
            "?",
            "\u2022",
            "Are",
            "context",
            "switching",
            "done",
            "by",
            "the",
            "kernel",
            "?",
            "CS/COE",
            "1550",
            "\u2013",
            "Operating",
            "Systems",
            "\u2013",
            "Sherif",
            "Khattab",
            "3"
        ],
        "labels": [
            "O",
            "O",
            "O",
            "O",
            "O",
            "O",
            "O",
            "O",
            "O",
            "O",
            "O",
            "O",
            "O",
            "O",
            "O",
            "O",
            "O",
            "O",
            "O",
            "O",
            "O",
            "O",
            "O",
            "O",
            "O",
            "O",
            "O",
            "O",
            "O",
            "O",
            "O",
            "O",
            "O",
            "O",
            "O",
            "O",
            "O",
            "O",
            "O",
            "O",
            "O",
            "O",
            "O",
            "O",
            "O",
            "O",
            "O",
            "O",
            "O",
            "O",
            "O",
            "O",
            "O",
            "O",
            "O",
            "O",
            "O",
            "O",
            "O",
            "O",
            "O",
            "O",
            "O",
            "O",
            "O",
            "O",
            "O",
            "O",
            "O",
            "O",
            "O",
            "O",
            "O",
            "O",
            "O",
            "O",
            "O",
            "O",
            "O",
            "O",
            "O",
            "O",
            "O",
            "O",
            "O",
            "O",
            "O",
            "O",
            "O",
            "O",
            "O",
            "O",
            "O",
            "O",
            "O",
            "O",
            "O",
            "O",
            "O",
            "O",
            "O",
            "O",
            "O",
            "O",
            "O",
            "O",
            "O",
            "O",
            "O",
            "O",
            "O",
            "O",
            "O",
            "O",
            "O",
            "O",
            "O",
            "O",
            "O",
            "O",
            "O",
            "O",
            "O",
            "O",
            "O",
            "O",
            "O",
            "O",
            "O",
            "O",
            "O",
            "O",
            "O",
            "O",
            "O",
            "O",
            "O",
            "O",
            "O",
            "O",
            "O",
            "O",
            "O",
            "O",
            "O",
            "O",
            "O",
            "O",
            "O"
        ]
    },
    {
        "words": [
            "Agenda",
            "\u2022",
            "Busy",
            "Waiting",
            "Problem",
            "\u2022",
            "Why",
            "does",
            "it",
            "happen",
            "?",
            "\u2022",
            "What",
            "are",
            "its",
            "implications",
            "?",
            "\u2022",
            "How",
            "to",
            "solve",
            "it",
            "?",
            "\u2022",
            "Sempahores",
            "CS/COE",
            "1550",
            "\u2013",
            "Operating",
            "Systems",
            "\u2013",
            "Sherif",
            "Khattab",
            "4"
        ],
        "labels": [
            "O",
            "O",
            "B",
            "I",
            "I",
            "O",
            "O",
            "O",
            "O",
            "O",
            "O",
            "O",
            "O",
            "O",
            "O",
            "O",
            "O",
            "O",
            "O",
            "O",
            "O",
            "O",
            "O",
            "O",
            "B",
            "O",
            "O",
            "O",
            "O",
            "O",
            "O",
            "O",
            "O",
            "O"
        ]
    },
    {
        "words": [
            "Today",
            "\u2019",
            "s",
            "problem",
            ":",
            "Busy",
            "Waiting",
            "\u2022",
            "A",
            "process",
            "that",
            "is",
            "trying",
            "to",
            "acquire",
            "a",
            "locked",
            "spinlock",
            "is",
            "running",
            "!",
            "\u2022",
            "It",
            "continuously",
            "checks",
            ":",
            "\u2022",
            "can",
            "I",
            "get",
            "the",
            "lock",
            "?",
            "No",
            ",",
            "lock",
            "is",
            "held",
            "by",
            "another",
            "process",
            "\u2022",
            "can",
            "I",
            "get",
            "the",
            "lock",
            "?",
            "No",
            ",",
            "lock",
            "is",
            "held",
            "by",
            "another",
            "process",
            "\u2022",
            "\u2026",
            "\u2022",
            "This",
            "continuous",
            "check",
            "is",
            "called",
            "spinning",
            "or",
            "busy",
            "waiting",
            "\u2022",
            "But",
            "what",
            "is",
            "wrong",
            "with",
            "that",
            "?",
            "\u2022",
            "Busy",
            "waiting",
            "wastes",
            "CPU",
            "cycles",
            "\u2022",
            "on",
            "a",
            "single-core",
            "system",
            "it",
            "delays",
            "the",
            "process",
            "that",
            "is",
            "holding",
            "the",
            "lock",
            "from",
            "releasing",
            "it",
            "CS/COE",
            "1550",
            "\u2013",
            "Operating",
            "Systems",
            "\u2013",
            "Sherif",
            "Khattab",
            "5"
        ],
        "labels": [
            "O",
            "O",
            "O",
            "O",
            "O",
            "B",
            "I",
            "O",
            "O",
            "O",
            "O",
            "O",
            "O",
            "O",
            "O",
            "O",
            "O",
            "O",
            "O",
            "O",
            "O",
            "O",
            "O",
            "O",
            "O",
            "O",
            "O",
            "O",
            "O",
            "O",
            "O",
            "O",
            "O",
            "O",
            "O",
            "O",
            "O",
            "O",
            "O",
            "O",
            "O",
            "O",
            "O",
            "O",
            "O",
            "O",
            "O",
            "O",
            "O",
            "O",
            "O",
            "O",
            "O",
            "O",
            "O",
            "O",
            "O",
            "O",
            "O",
            "O",
            "O",
            "O",
            "O",
            "O",
            "O",
            "O",
            "O",
            "O",
            "O",
            "O",
            "O",
            "O",
            "O",
            "O",
            "O",
            "O",
            "O",
            "B",
            "I",
            "O",
            "O",
            "O",
            "O",
            "O",
            "O",
            "O",
            "O",
            "O",
            "O",
            "O",
            "O",
            "O",
            "O",
            "O",
            "O",
            "O",
            "O",
            "O",
            "O",
            "O",
            "O",
            "O",
            "O",
            "O",
            "O",
            "O",
            "O",
            "O"
        ]
    },
    {
        "words": [
            "Today",
            "\u2019",
            "s",
            "problem",
            ":",
            "Busy",
            "Waiting",
            "While",
            "P1",
            "is",
            "in",
            "the",
            "critical",
            "region",
            ",",
            "P2",
            "is",
            "busy",
            "waiting",
            "Shared",
            "Data",
            "Spinlock",
            "lk",
            ";",
            "int",
            "x",
            ";",
            "Process",
            "P1",
            "Process",
            "P2",
            "lock",
            "(",
            "lk",
            ")",
            ";",
            "lock",
            "(",
            "lk",
            ")",
            ";",
            "//critical",
            "region",
            "(",
            "e.g.",
            ",",
            "x++",
            ")",
            "//critical",
            "region",
            "(",
            "e.g.",
            ",",
            "x++",
            ")",
            "unlock",
            "(",
            "lk",
            ")",
            ";",
            "unlock",
            "(",
            "lk",
            ")",
            ";",
            "CS/COE",
            "1550",
            "\u2013",
            "Operating",
            "Systems",
            "\u2013",
            "Sherif",
            "Khattab",
            "6"
        ],
        "labels": [
            "O",
            "O",
            "O",
            "O",
            "O",
            "B",
            "I",
            "O",
            "O",
            "O",
            "O",
            "O",
            "O",
            "O",
            "O",
            "O",
            "O",
            "O",
            "O",
            "O",
            "O",
            "B",
            "O",
            "O",
            "O",
            "O",
            "O",
            "O",
            "O",
            "O",
            "O",
            "O",
            "O",
            "O",
            "O",
            "O",
            "O",
            "O",
            "O",
            "O",
            "O",
            "O",
            "O",
            "O",
            "O",
            "O",
            "O",
            "O",
            "O",
            "O",
            "O",
            "O",
            "O",
            "O",
            "O",
            "O",
            "O",
            "O",
            "O",
            "O",
            "O",
            "O",
            "O",
            "O",
            "O",
            "O",
            "O",
            "O",
            "O",
            "O",
            "O",
            "O",
            "O",
            "O"
        ]
    },
    {
        "words": [
            "But",
            "why",
            "?",
            "Why",
            "does",
            "busy",
            "waiting",
            "happen",
            "with",
            "spinlocks",
            "?",
            "CS/COE",
            "1550",
            "\u2013",
            "Operating",
            "Systems",
            "\u2013",
            "Sherif",
            "Khattab",
            "7"
        ],
        "labels": [
            "O",
            "O",
            "O",
            "O",
            "O",
            "O",
            "O",
            "O",
            "O",
            "O",
            "O",
            "O",
            "O",
            "O",
            "O",
            "O",
            "O",
            "O",
            "O",
            "O"
        ]
    },
    {
        "words": [
            "Atomic",
            "TestAndSet",
            "\u2022",
            "TestAndSet",
            "is",
            "an",
            "atomic",
            "instruction",
            "int",
            "TestAndSet",
            "(",
            "int",
            "&",
            "x",
            ")",
            "{",
            "\u2022",
            "Works",
            "for",
            "single-",
            "lock",
            "memory",
            "access",
            "to",
            "x",
            "core",
            "and",
            "multi-",
            "core",
            "Symmetric",
            "int",
            "temp",
            "=",
            "*",
            "x",
            ";",
            "Multi-Processing",
            "*",
            "x",
            "=",
            "1",
            ";",
            "(",
            "SMP",
            ")",
            "unlock",
            "memory",
            "access",
            "to",
            "x",
            "return",
            "temp",
            ";",
            "}",
            "CS/COE",
            "1550",
            "\u2013",
            "Operating",
            "Systems",
            "\u2013",
            "Sherif",
            "Khattab",
            "8"
        ],
        "labels": [
            "B",
            "I",
            "O",
            "O",
            "O",
            "O",
            "O",
            "O",
            "O",
            "O",
            "O",
            "O",
            "O",
            "O",
            "O",
            "O",
            "O",
            "O",
            "O",
            "O",
            "O",
            "O",
            "O",
            "O",
            "O",
            "O",
            "O",
            "O",
            "O",
            "O",
            "O",
            "O",
            "O",
            "O",
            "O",
            "O",
            "O",
            "O",
            "O",
            "O",
            "O",
            "O",
            "O",
            "O",
            "O",
            "O",
            "O",
            "O",
            "O",
            "O",
            "O",
            "O",
            "O",
            "O",
            "O",
            "O",
            "O",
            "O",
            "O",
            "O",
            "O",
            "O",
            "O"
        ]
    },
    {
        "words": [
            "Spinlock",
            "implementation",
            "using",
            "TestAndSet",
            "\u2022",
            "Single",
            "shared",
            "variable",
            ":",
            "lock",
            "\u2022",
            "Works",
            "for",
            "any",
            "number",
            "of",
            "processes",
            "int",
            "lock",
            "=",
            "0",
            ";",
            "Lock",
            "(",
            ")",
            "{",
            "while",
            "(",
            "TestAndSet",
            "(",
            "&",
            "lock",
            ")",
            ")",
            ";",
            "}",
            "Unlock",
            "(",
            ")",
            "{",
            "lock",
            "=",
            "0",
            ";",
            "}",
            "CS/COE",
            "1550",
            "\u2013",
            "Operating",
            "Systems",
            "\u2013",
            "Sherif",
            "Khattab",
            "9"
        ],
        "labels": [
            "B",
            "O",
            "O",
            "O",
            "O",
            "O",
            "O",
            "O",
            "O",
            "O",
            "O",
            "O",
            "O",
            "O",
            "O",
            "O",
            "O",
            "O",
            "O",
            "O",
            "O",
            "O",
            "O",
            "O",
            "O",
            "O",
            "O",
            "O",
            "O",
            "O",
            "O",
            "O",
            "O",
            "O",
            "O",
            "O",
            "O",
            "O",
            "O",
            "O",
            "O",
            "O",
            "O",
            "O",
            "O",
            "O",
            "O",
            "O",
            "O",
            "O",
            "O",
            "O",
            "O",
            "O"
        ]
    },
    {
        "words": [
            "Atomic",
            "Swap",
            "\u2022",
            "Swap",
            "is",
            "an",
            "atomic",
            "instruction",
            "int",
            "Swap",
            "(",
            "int",
            "&",
            "x",
            ",",
            "int",
            "y",
            ")",
            "{",
            "\u2022",
            "Works",
            "for",
            "single-",
            "lock",
            "memory",
            "access",
            "to",
            "x",
            "core",
            "and",
            "multi-",
            "core",
            "Symmetric",
            "int",
            "temp",
            "=",
            "*",
            "x",
            ";",
            "Multi-Processing",
            "*",
            "x",
            "=",
            "y",
            ";",
            "(",
            "SMP",
            ")",
            "unlock",
            "memory",
            "access",
            "to",
            "x",
            "return",
            "temp",
            ";",
            "}",
            "CS/COE",
            "1550",
            "\u2013",
            "Operating",
            "Systems",
            "\u2013",
            "Sherif",
            "Khattab",
            "10"
        ],
        "labels": [
            "B",
            "I",
            "O",
            "O",
            "O",
            "O",
            "O",
            "O",
            "O",
            "O",
            "O",
            "O",
            "O",
            "O",
            "O",
            "O",
            "O",
            "O",
            "O",
            "O",
            "O",
            "O",
            "O",
            "O",
            "O",
            "O",
            "O",
            "O",
            "O",
            "O",
            "O",
            "O",
            "O",
            "O",
            "O",
            "O",
            "O",
            "O",
            "O",
            "O",
            "O",
            "O",
            "O",
            "O",
            "O",
            "O",
            "O",
            "O",
            "O",
            "O",
            "O",
            "O",
            "O",
            "O",
            "O",
            "O",
            "O",
            "O",
            "O",
            "O",
            "O",
            "O",
            "O",
            "O",
            "O",
            "O"
        ]
    },
    {
        "words": [
            "Spinlock",
            "implementation",
            "using",
            "Swap",
            "\u2022",
            "Single",
            "shared",
            "variable",
            ":",
            "lock",
            "\u2022",
            "Works",
            "for",
            "any",
            "number",
            "of",
            "processes",
            "int",
            "lock",
            "=",
            "0",
            ";",
            "Lock",
            "(",
            ")",
            "{",
            "while",
            "(",
            "Swap",
            "(",
            "&",
            "lock",
            ",",
            "1",
            ")",
            ")",
            ";",
            "}",
            "Unlock",
            "(",
            ")",
            "{",
            "lock",
            "=",
            "0",
            ";",
            "}",
            "CS/COE",
            "1550",
            "\u2013",
            "Operating",
            "Systems",
            "\u2013",
            "Sherif",
            "Khattab",
            "11"
        ],
        "labels": [
            "B",
            "O",
            "O",
            "O",
            "O",
            "O",
            "O",
            "O",
            "O",
            "O",
            "O",
            "O",
            "O",
            "O",
            "O",
            "O",
            "O",
            "O",
            "O",
            "O",
            "O",
            "O",
            "O",
            "O",
            "O",
            "O",
            "O",
            "O",
            "O",
            "O",
            "O",
            "O",
            "O",
            "O",
            "O",
            "O",
            "O",
            "O",
            "O",
            "O",
            "O",
            "O",
            "O",
            "O",
            "O",
            "O",
            "O",
            "O",
            "O",
            "O",
            "O",
            "O",
            "O",
            "O",
            "O",
            "O"
        ]
    },
    {
        "words": [
            "Implication",
            "of",
            "Busy",
            "Waiting",
            "Subproblem",
            ":",
            "priority",
            "inversion",
            "(",
            "higher",
            "priority",
            "process",
            "busy",
            "waits",
            "for",
            "lower",
            "priority",
            "process",
            ")",
            "CS/COE",
            "1550",
            "\u2013",
            "Operating",
            "Systems",
            "\u2013",
            "Sherif",
            "Khattab",
            "12"
        ],
        "labels": [
            "B",
            "I",
            "B",
            "I",
            "O",
            "O",
            "O",
            "O",
            "O",
            "O",
            "O",
            "O",
            "O",
            "O",
            "O",
            "O",
            "O",
            "O",
            "O",
            "O",
            "O",
            "O",
            "O",
            "O",
            "O",
            "O",
            "O",
            "O"
        ]
    },
    {
        "words": [
            "Implementation",
            "Detail",
            "compiler",
            "and/or",
            "hardware",
            "may",
            "reorder",
            "instructions",
            "CS/COE",
            "1550",
            "\u2013",
            "Operating",
            "Systems",
            "\u2013",
            "Sherif",
            "Khattab",
            "13"
        ],
        "labels": [
            "B",
            "I",
            "O",
            "O",
            "O",
            "O",
            "O",
            "O",
            "O",
            "O",
            "O",
            "O",
            "O",
            "O",
            "O",
            "O",
            "O"
        ]
    },
    {
        "words": [
            "Xv6",
            "Walkthrough",
            "\u2022",
            "Spinlocks",
            "\u2022",
            "__sync_synchronize",
            "(",
            ")",
            "is",
            "a",
            "memory",
            "barrier",
            "instruction",
            "CS/COE",
            "1550",
            "\u2013",
            "Operating",
            "Systems",
            "\u2013",
            "Sherif",
            "Khattab",
            "14"
        ],
        "labels": [
            "B",
            "I",
            "O",
            "O",
            "O",
            "O",
            "O",
            "O",
            "O",
            "O",
            "O",
            "O",
            "O",
            "O",
            "O",
            "O",
            "O",
            "O",
            "O",
            "O",
            "O",
            "O"
        ]
    },
    {
        "words": [
            "Semaphores",
            "\u2022",
            "Solution",
            ":",
            "use",
            "semaphores",
            "\u2022",
            "Synchronization",
            "mechanism",
            "that",
            "doesn",
            "\u2019",
            "t",
            "require",
            "busy",
            "waiting",
            "\u2022",
            "Implementation",
            "\u2022",
            "Semaphore",
            "S",
            "accessed",
            "by",
            "two",
            "atomic",
            "operations",
            "\u2022",
            "Down",
            "(",
            "S",
            ")",
            ":",
            "decrement",
            "the",
            "semaphore",
            "if",
            ">",
            "0",
            ";",
            "block",
            "otherwise",
            "\u2022",
            "Up",
            "(",
            "S",
            ")",
            ":",
            "increment",
            "the",
            "semaphore",
            "and",
            "wakeup",
            "one",
            "blocked",
            "process",
            "if",
            "any",
            "\u2022",
            "Down",
            "(",
            ")",
            "is",
            "another",
            "name",
            "for",
            "P",
            "(",
            ")",
            "\u2022",
            "Up",
            "(",
            ")",
            "is",
            "another",
            "name",
            "for",
            "V",
            "(",
            ")",
            "CS/COE",
            "1550",
            "\u2013",
            "Operating",
            "Systems",
            "\u2013",
            "Sherif",
            "Khattab",
            "15"
        ],
        "labels": [
            "B",
            "O",
            "O",
            "O",
            "O",
            "O",
            "O",
            "O",
            "O",
            "O",
            "O",
            "O",
            "O",
            "O",
            "O",
            "O",
            "O",
            "O",
            "O",
            "O",
            "O",
            "O",
            "O",
            "O",
            "O",
            "O",
            "O",
            "O",
            "O",
            "O",
            "O",
            "O",
            "O",
            "O",
            "O",
            "O",
            "O",
            "O",
            "O",
            "O",
            "O",
            "O",
            "O",
            "O",
            "O",
            "O",
            "O",
            "O",
            "O",
            "O",
            "O",
            "O",
            "O",
            "O",
            "O",
            "O",
            "O",
            "O",
            "O",
            "O",
            "O",
            "O",
            "O",
            "O",
            "O",
            "O",
            "O",
            "O",
            "O",
            "O",
            "O",
            "O",
            "O",
            "O",
            "O",
            "O",
            "O",
            "O",
            "O",
            "O",
            "O",
            "O",
            "O",
            "O",
            "O",
            "O",
            "O",
            "O"
        ]
    },
    {
        "words": [
            "Busy",
            "waiting",
            "vs",
            ".",
            "Blocking",
            "Blocking",
            "involves",
            "2",
            "context",
            "switches",
            "CS/COE",
            "1550",
            "\u2013",
            "Operating",
            "Systems",
            "\u2013",
            "Sherif",
            "Khattab",
            "16"
        ],
        "labels": [
            "B",
            "I",
            "O",
            "O",
            "B",
            "B",
            "O",
            "O",
            "O",
            "O",
            "O",
            "O",
            "O",
            "O",
            "O",
            "O",
            "O",
            "O",
            "O"
        ]
    },
    {
        "words": [
            "Critical",
            "sections",
            "using",
            "semaphores",
            "Shared",
            "variables",
            "Semaphore",
            "sem",
            "(",
            "1",
            ")",
            ";",
            "Code",
            "for",
            "process",
            "Pi",
            "while",
            "(",
            "1",
            ")",
            "{",
            "//",
            "non-critical",
            "section",
            "down",
            "(",
            "sem",
            ")",
            ";",
            "//",
            "critical",
            "section",
            "up",
            "(",
            "sem",
            ")",
            ";",
            "//",
            "non-critical",
            "section",
            "}",
            "CS/COE",
            "1550",
            "\u2013",
            "Operating",
            "Systems",
            "\u2013",
            "Sherif",
            "Khattab",
            "17"
        ],
        "labels": [
            "O",
            "O",
            "O",
            "O",
            "O",
            "O",
            "O",
            "O",
            "O",
            "O",
            "O",
            "O",
            "O",
            "O",
            "O",
            "O",
            "O",
            "O",
            "O",
            "O",
            "O",
            "O",
            "O",
            "O",
            "O",
            "O",
            "O",
            "O",
            "O",
            "O",
            "O",
            "O",
            "O",
            "O",
            "O",
            "O",
            "O",
            "O",
            "O",
            "O",
            "O",
            "O",
            "O",
            "O",
            "O",
            "O",
            "O",
            "O",
            "O",
            "O"
        ]
    },
    {
        "words": [
            "Types",
            "of",
            "semaphores",
            "\u2022",
            "Two",
            "different",
            "types",
            "of",
            "semaphores",
            "\u2022",
            "Counting",
            "semaphores",
            "\u2022",
            "Binary",
            "semaphores",
            "\u2022",
            "Counting",
            "semaphore",
            "\u2022",
            "Value",
            "can",
            "range",
            "over",
            "an",
            "unrestricted",
            "range",
            "\u2022",
            "Binary",
            "semaphore",
            "\u2022",
            "Only",
            "two",
            "values",
            "possible",
            "\u2022",
            "1",
            "means",
            "the",
            "semaphore",
            "is",
            "available",
            "\u2022",
            "0",
            "means",
            "a",
            "process",
            "has",
            "acquired",
            "the",
            "semaphore",
            "\u2022",
            "May",
            "be",
            "simpler",
            "to",
            "implement",
            "\u2022",
            "Possible",
            "to",
            "implement",
            "one",
            "type",
            "using",
            "the",
            "other",
            "CS/COE",
            "1550",
            "\u2013",
            "Operating",
            "Systems",
            "\u2013",
            "Sherif",
            "Khattab",
            "18"
        ],
        "labels": [
            "O",
            "O",
            "O",
            "O",
            "O",
            "O",
            "O",
            "O",
            "O",
            "O",
            "O",
            "O",
            "O",
            "O",
            "O",
            "O",
            "O",
            "O",
            "O",
            "O",
            "O",
            "O",
            "O",
            "O",
            "O",
            "O",
            "O",
            "O",
            "O",
            "O",
            "O",
            "O",
            "O",
            "O",
            "O",
            "O",
            "O",
            "O",
            "O",
            "O",
            "O",
            "O",
            "O",
            "O",
            "O",
            "O",
            "O",
            "O",
            "O",
            "O",
            "O",
            "O",
            "O",
            "O",
            "O",
            "O",
            "O",
            "O",
            "O",
            "O",
            "O",
            "O",
            "O",
            "O",
            "O",
            "O",
            "O",
            "O",
            "O",
            "O",
            "O",
            "O",
            "O",
            "O"
        ]
    },
    {
        "words": [
            "Semaphore",
            "Implementation",
            "But",
            "how",
            "do",
            "semaphores",
            "avoid",
            "busy",
            "waiting",
            "?",
            "CS/COE",
            "1550",
            "\u2013",
            "Operating",
            "Systems",
            "\u2013",
            "Sherif",
            "Khattab",
            "19"
        ],
        "labels": [
            "B",
            "I",
            "O",
            "O",
            "O",
            "O",
            "O",
            "O",
            "O",
            "O",
            "O",
            "O",
            "O",
            "O",
            "O",
            "O",
            "O",
            "O",
            "O"
        ]
    },
    {
        "words": [
            "Implementing",
            "semaphores",
            "with",
            "blocking",
            "\u2022",
            "Assume",
            "two",
            "operations",
            ":",
            "down",
            "(",
            ")",
            "{",
            "\u2022",
            "Sleep",
            "(",
            ")",
            ":",
            "suspends",
            "current",
            "value",
            "-=",
            "1",
            ";",
            "process",
            "if",
            "(",
            "value",
            "<",
            "0",
            ")",
            "{",
            "//",
            "add",
            "this",
            "process",
            "to",
            "pl",
            "\u2022",
            "Wakeup",
            "(",
            "P",
            ")",
            ":",
            "allows",
            "process",
            "P",
            "Sleep",
            "(",
            ")",
            ";",
            "to",
            "resume",
            "execution",
            "}",
            "}",
            "\u2022",
            "Semaphore",
            "data",
            "structure",
            "up",
            "(",
            ")",
            "{",
            "\u2022",
            "Tracks",
            "value",
            "of",
            "semaphore",
            "Process",
            "P",
            ";",
            "value",
            "+=",
            "1",
            ";",
            "\u2022",
            "Keeps",
            "a",
            "list",
            "of",
            "processes",
            "if",
            "(",
            "value",
            "<",
            "=",
            "0",
            ")",
            "{",
            "waiting",
            "for",
            "the",
            "semaphore",
            "//",
            "remove",
            "a",
            "process",
            "P",
            "//",
            "from",
            "pl",
            "Wakeup",
            "(",
            "P",
            ")",
            ";",
            "struct",
            "Semaphore",
            "{",
            "}",
            "int",
            "value",
            ";",
            "}",
            "ProcessList",
            "pl",
            ";",
            "}",
            ";",
            "How",
            "to",
            "protect",
            "these",
            "shared",
            "variables",
            "?",
            "?",
            "CS/COE",
            "1550",
            "\u2013",
            "Operating",
            "Systems",
            "\u2013",
            "Sherif",
            "Khattab",
            "20"
        ],
        "labels": [
            "B",
            "I",
            "I",
            "I",
            "O",
            "O",
            "O",
            "O",
            "O",
            "O",
            "O",
            "O",
            "O",
            "O",
            "O",
            "O",
            "O",
            "O",
            "O",
            "O",
            "O",
            "O",
            "O",
            "O",
            "O",
            "O",
            "O",
            "O",
            "O",
            "O",
            "O",
            "O",
            "O",
            "O",
            "O",
            "O",
            "O",
            "O",
            "O",
            "O",
            "O",
            "O",
            "O",
            "O",
            "O",
            "O",
            "O",
            "O",
            "O",
            "O",
            "O",
            "O",
            "O",
            "O",
            "O",
            "O",
            "O",
            "O",
            "O",
            "O",
            "O",
            "O",
            "O",
            "O",
            "O",
            "O",
            "O",
            "O",
            "O",
            "O",
            "O",
            "O",
            "O",
            "O",
            "O",
            "O",
            "O",
            "O",
            "O",
            "O",
            "O",
            "O",
            "O",
            "O",
            "O",
            "O",
            "O",
            "O",
            "O",
            "O",
            "O",
            "O",
            "O",
            "O",
            "O",
            "O",
            "O",
            "O",
            "O",
            "O",
            "O",
            "O",
            "O",
            "O",
            "O",
            "O",
            "O",
            "O",
            "O",
            "O",
            "O",
            "O",
            "O",
            "O",
            "O",
            "O",
            "O",
            "O",
            "O",
            "O",
            "O",
            "O",
            "O",
            "O",
            "O",
            "O",
            "O",
            "O",
            "O",
            "O",
            "O",
            "O",
            "O",
            "O",
            "O",
            "O",
            "O"
        ]
    },
    {
        "words": [
            "Spinlocks",
            "in",
            "Semaphores",
            "down",
            "(",
            ")",
            "{",
            "value",
            "-=",
            "1",
            ";",
            "if",
            "(",
            "value",
            "<",
            "0",
            ")",
            "{",
            "//",
            "add",
            "this",
            "process",
            "to",
            "pl",
            "Sleep",
            "(",
            ")",
            ";",
            "}",
            "struct",
            "Semaphore",
            "{",
            "int",
            "value",
            ";",
            "ProcessList",
            "pl",
            ";",
            "}",
            "up",
            "(",
            ")",
            "{",
            "}",
            ";",
            "Process",
            "P",
            ";",
            "value",
            "+=",
            "1",
            ";",
            "if",
            "(",
            "value",
            "<",
            "=",
            "0",
            ")",
            "{",
            "//",
            "remove",
            "a",
            "process",
            "P",
            "//",
            "from",
            "pl",
            "Wakeup",
            "(",
            "P",
            ")",
            ";",
            "}",
            "}",
            "CS/COE",
            "1550",
            "\u2013",
            "Operating",
            "Systems",
            "\u2013",
            "Sherif",
            "Khattab",
            "21"
        ],
        "labels": [
            "B",
            "I",
            "B",
            "O",
            "O",
            "O",
            "O",
            "O",
            "O",
            "O",
            "O",
            "O",
            "O",
            "O",
            "O",
            "O",
            "O",
            "O",
            "O",
            "O",
            "O",
            "O",
            "O",
            "O",
            "O",
            "O",
            "O",
            "O",
            "O",
            "O",
            "O",
            "O",
            "O",
            "O",
            "O",
            "O",
            "O",
            "O",
            "O",
            "O",
            "O",
            "O",
            "O",
            "O",
            "O",
            "O",
            "O",
            "O",
            "O",
            "O",
            "O",
            "O",
            "O",
            "O",
            "O",
            "O",
            "O",
            "O",
            "O",
            "O",
            "O",
            "O",
            "O",
            "O",
            "O",
            "O",
            "O",
            "O",
            "O",
            "O",
            "O",
            "O",
            "O",
            "O",
            "O",
            "O",
            "O",
            "O",
            "O",
            "O",
            "O",
            "O",
            "O",
            "O"
        ]
    },
    {
        "words": [
            "Spinlocks",
            "are",
            "sometimes",
            "better",
            "than",
            "Semaphores",
            "\u2022",
            "Very",
            "(",
            "very",
            ")",
            "short",
            "waiting",
            "time",
            "to",
            "enter",
            "the",
            "critical",
            "section",
            "<",
            "the",
            "2",
            "context",
            "switches",
            "needed",
            "for",
            "blocking",
            "\u2022",
            "Multi-core",
            "\u2022",
            "so",
            "that",
            "the",
            "spinlock",
            "can",
            "be",
            "unlocked",
            "while",
            "the",
            "process",
            "is",
            "busy",
            "waiting",
            "\u2022",
            "Few",
            "contending",
            "processes",
            "for",
            "the",
            "critical",
            "section",
            "\u2022",
            "Short",
            "critical",
            "section",
            "code",
            "CS/COE",
            "1550",
            "\u2013",
            "Operating",
            "Systems",
            "\u2013",
            "Sherif",
            "Khattab",
            "22"
        ],
        "labels": [
            "O",
            "O",
            "O",
            "O",
            "O",
            "B",
            "O",
            "O",
            "O",
            "O",
            "O",
            "O",
            "O",
            "O",
            "O",
            "O",
            "O",
            "O",
            "O",
            "O",
            "O",
            "O",
            "O",
            "O",
            "O",
            "O",
            "O",
            "O",
            "O",
            "O",
            "O",
            "O",
            "O",
            "O",
            "O",
            "O",
            "O",
            "O",
            "O",
            "O",
            "O",
            "O",
            "O",
            "O",
            "O",
            "O",
            "O",
            "O",
            "O",
            "O",
            "O",
            "O",
            "O",
            "O",
            "O",
            "O",
            "O",
            "O",
            "O",
            "O",
            "O",
            "O",
            "O",
            "O",
            "O"
        ]
    }
]