[
    {
        "words": [
            "Introduction",
            "to",
            "Operating",
            "Systems",
            "CS/COE",
            "1550",
            "Spring",
            "2022",
            "Sherif",
            "Khattab",
            "ksm73",
            "@",
            "pitt.edu",
            "(",
            "Some",
            "slides",
            "are",
            "from",
            "Silberschatz",
            ",",
            "Galvin",
            "and",
            "Gagne",
            "\u00a92013",
            ")"
        ],
        "labels": [
            "O",
            "O",
            "O",
            "O",
            "O",
            "O",
            "O",
            "O",
            "O",
            "O",
            "O",
            "O",
            "O",
            "O",
            "O",
            "O",
            "O",
            "O",
            "O",
            "O",
            "O",
            "O",
            "O",
            "O",
            "O"
        ]
    },
    {
        "words": [
            "Announcements",
            "\u2022",
            "Upcoming",
            "deadlines",
            "\u2022",
            "Homework",
            "1",
            "is",
            "due",
            "today",
            "at",
            "11:59",
            "pm",
            "\u2022",
            "Homework",
            "2",
            "is",
            "due",
            "next",
            "Monday",
            "at",
            "11:59",
            "pm",
            "\u2022",
            "Lab",
            "1",
            "is",
            "due",
            "on",
            "2/4",
            "at",
            "11:59",
            "pm",
            "\u2022",
            "Project",
            "1",
            "is",
            "due",
            "on",
            "2/18",
            "at",
            "11:59",
            "pm",
            "\u2022",
            "TA",
            "Office",
            "hours",
            "available",
            "on",
            "the",
            "syllabus",
            "page",
            "CS/COE",
            "1550",
            "\u2013",
            "Operating",
            "Systems",
            "\u2013",
            "Sherif",
            "Khattab",
            "2"
        ],
        "labels": [
            "O",
            "O",
            "O",
            "O",
            "O",
            "O",
            "O",
            "O",
            "O",
            "O",
            "O",
            "O",
            "O",
            "O",
            "O",
            "O",
            "O",
            "O",
            "O",
            "O",
            "O",
            "O",
            "O",
            "O",
            "O",
            "O",
            "O",
            "O",
            "O",
            "O",
            "O",
            "O",
            "O",
            "O",
            "O",
            "O",
            "O",
            "O",
            "O",
            "O",
            "O",
            "O",
            "O",
            "O",
            "O",
            "O",
            "O",
            "O",
            "O",
            "O",
            "O",
            "O",
            "O",
            "O",
            "O",
            "O",
            "O",
            "O",
            "O",
            "O",
            "O"
        ]
    },
    {
        "words": [
            "Previous",
            "Lecture",
            "\u2026",
            "\u2022",
            "Busy",
            "waiting",
            "problem",
            "and",
            "how",
            "to",
            "solve",
            "it",
            "using",
            "semaphores",
            "CS/COE",
            "1550",
            "\u2013",
            "Operating",
            "Systems",
            "\u2013",
            "Sherif",
            "Khattab",
            "3"
        ],
        "labels": [
            "O",
            "O",
            "O",
            "O",
            "B",
            "I",
            "I",
            "O",
            "O",
            "O",
            "O",
            "O",
            "O",
            "O",
            "O",
            "O",
            "O",
            "O",
            "O",
            "O",
            "O",
            "O",
            "O"
        ]
    },
    {
        "words": [
            "Muddiest",
            "Points",
            "\u2022",
            "a",
            "little",
            "confused",
            "on",
            "the",
            "relationship",
            "between",
            "semaphores",
            "and",
            "spinlocks",
            "\u2022",
            "what",
            "\u2019",
            "s",
            "the",
            "advantage",
            "between",
            "a",
            "binary",
            "semaphore",
            "and",
            "a",
            "spinlock",
            "if",
            "a",
            "binary",
            "semaphore",
            "can",
            "only",
            "be",
            "for",
            "one",
            "process",
            "?",
            "\u2022",
            "What",
            "happens",
            "to",
            "each",
            "process",
            "with",
            "each",
            "up",
            "(",
            ")",
            "and",
            "down",
            "(",
            ")",
            "for",
            "multiple",
            "processes",
            "with",
            "varying",
            "priorities",
            "?",
            "Another",
            "walkthrough",
            "basically",
            "\u2022",
            "could",
            "you",
            "further",
            "explain",
            "how",
            "the",
            "semaphores",
            "with",
            "spinlocks",
            "still",
            "are",
            "able",
            "to",
            "keep",
            "their",
            "benefits",
            "?",
            "\u2022",
            "What",
            "is",
            "the",
            "point",
            "of",
            "having",
            "semaphores",
            "if",
            "you",
            "are",
            "going",
            "to",
            "tie",
            "them",
            "with",
            "spinlocks",
            "?",
            "Does",
            "that",
            "not",
            "defeat",
            "the",
            "benefits",
            "of",
            "using",
            "a",
            "semaphore",
            "?",
            "\u2022",
            "By",
            "introducing",
            "a",
            "spinlock",
            "within",
            "our",
            "semaphore",
            "implementation",
            ",",
            "does",
            "n't",
            "that",
            "bring",
            "up",
            "the",
            "issue",
            "of",
            "busy",
            "waiting",
            "?",
            "Or",
            "is",
            "this",
            "not",
            "an",
            "issue",
            "because",
            "the",
            "critical",
            "section",
            "is",
            "a",
            "relatively",
            "small",
            "block",
            "of",
            "code",
            "?",
            "\u2022",
            "what",
            "is",
            "the",
            "different",
            "between",
            "swap",
            "and",
            "test",
            "&",
            "set",
            "?",
            "\u2022",
            "Do",
            "Semaphores",
            "have",
            "the",
            "same",
            "issue",
            "with",
            "reordering",
            "instructions",
            "that",
            "spinlocks",
            "have",
            "?",
            "CS/COE",
            "1550",
            "\u2013",
            "Operating",
            "Systems",
            "\u2013",
            "Sherif",
            "Khattab",
            "4"
        ],
        "labels": [
            "O",
            "O",
            "O",
            "O",
            "O",
            "O",
            "O",
            "O",
            "O",
            "O",
            "O",
            "O",
            "O",
            "O",
            "O",
            "O",
            "O",
            "O",
            "O",
            "O",
            "O",
            "O",
            "O",
            "O",
            "O",
            "O",
            "O",
            "O",
            "O",
            "O",
            "O",
            "O",
            "O",
            "O",
            "O",
            "O",
            "O",
            "O",
            "O",
            "O",
            "O",
            "O",
            "O",
            "O",
            "O",
            "O",
            "O",
            "O",
            "O",
            "O",
            "O",
            "O",
            "O",
            "O",
            "O",
            "O",
            "O",
            "O",
            "O",
            "O",
            "O",
            "O",
            "O",
            "O",
            "O",
            "O",
            "O",
            "O",
            "O",
            "O",
            "O",
            "O",
            "O",
            "O",
            "O",
            "O",
            "O",
            "O",
            "O",
            "O",
            "O",
            "O",
            "O",
            "O",
            "O",
            "O",
            "O",
            "O",
            "O",
            "O",
            "O",
            "O",
            "O",
            "O",
            "O",
            "O",
            "O",
            "O",
            "O",
            "O",
            "O",
            "O",
            "O",
            "O",
            "O",
            "O",
            "O",
            "O",
            "O",
            "O",
            "O",
            "O",
            "O",
            "O",
            "O",
            "O",
            "O",
            "O",
            "O",
            "O",
            "O",
            "O",
            "O",
            "O",
            "O",
            "O",
            "O",
            "O",
            "O",
            "O",
            "O",
            "O",
            "O",
            "O",
            "O",
            "O",
            "O",
            "O",
            "O",
            "O",
            "O",
            "O",
            "O",
            "O",
            "O",
            "O",
            "O",
            "O",
            "O",
            "O",
            "O",
            "O",
            "O",
            "O",
            "O",
            "O",
            "O",
            "O",
            "O",
            "O",
            "O",
            "O",
            "B",
            "O",
            "O",
            "O",
            "O",
            "O",
            "O",
            "O",
            "O",
            "O",
            "O",
            "O",
            "O",
            "O",
            "O",
            "O",
            "O",
            "O",
            "O",
            "O",
            "O"
        ]
    },
    {
        "words": [
            "Muddiest",
            "Points",
            "(",
            "2/3",
            ")",
            "\u2022",
            "where",
            "the",
            "lock",
            "(",
            ")",
            "and",
            "unlock",
            "(",
            ")",
            "go",
            "in",
            "the",
            "pseudo",
            "code",
            "of",
            "the",
            "spinlock",
            "in",
            "semaphores",
            "example",
            "\u2022",
            "How",
            "to",
            "stop",
            "the",
            "up/down",
            "from",
            "breaking",
            "(",
            "the",
            "if",
            "else",
            "thing",
            "you",
            "brought",
            "up",
            "at",
            "the",
            "end",
            ")",
            "\u2022",
            "for",
            "the",
            "process",
            "list",
            "I",
            "am",
            "assuming",
            "we",
            "would",
            "use",
            "some",
            "sort",
            "of",
            "priority",
            "queue",
            "to",
            "sort",
            "the",
            "processes",
            "for",
            "the",
            "ProcessList",
            "?",
            "\u2022",
            "How",
            "a",
            "spinlock",
            "is",
            "implemented",
            "in",
            "a",
            "semaphore",
            "\u2022",
            "I",
            "think",
            "the",
            "functional",
            "difference",
            "between",
            "blocking",
            "and",
            "waiting",
            ".",
            "As",
            "in",
            ",",
            "what",
            "is",
            "actually",
            "happening",
            "while",
            "a",
            "process",
            "is",
            "infinite",
            "looping",
            "and",
            "awaiting",
            "a",
            "lock",
            "?",
            "Since",
            "it",
            "'s",
            "not",
            "``",
            "blocked",
            "''",
            ",",
            "does",
            "that",
            "mean",
            "that",
            "it",
            "prevents",
            "other",
            "processes",
            "from",
            "running",
            ",",
            "or",
            "can",
            "it",
            "be",
            "context",
            "switched",
            "out",
            "like",
            "any",
            "normal",
            "process",
            "?",
            "\u2022",
            "which",
            "implementation",
            "is",
            "most",
            "commonly",
            "used",
            "for",
            "semaphores",
            "\u2022",
            "difference",
            "between",
            "counting",
            "and",
            "binary",
            "semaphore",
            "(",
            "why",
            "counting",
            "would",
            "be",
            "used",
            ")",
            "\u2022",
            "can",
            "the",
            "semaphore",
            "be",
            ">",
            "0",
            ",",
            "and",
            "if",
            "so",
            "what",
            "does",
            "that",
            "mean",
            "?",
            "\u2022",
            "How",
            "are",
            "spinlocks",
            "implemented",
            "in",
            "hardware",
            "?",
            "Are",
            "they",
            "the",
            "only",
            "locking",
            "mechanism",
            "implemented",
            "in",
            "hardware",
            "?",
            "CS/COE",
            "1550",
            "\u2013",
            "Operating",
            "Systems",
            "\u2013",
            "Sherif",
            "Khattab",
            "5"
        ],
        "labels": [
            "O",
            "O",
            "O",
            "O",
            "O",
            "O",
            "O",
            "O",
            "O",
            "O",
            "O",
            "O",
            "O",
            "O",
            "O",
            "O",
            "O",
            "O",
            "O",
            "O",
            "O",
            "O",
            "O",
            "O",
            "O",
            "O",
            "O",
            "O",
            "O",
            "O",
            "O",
            "O",
            "O",
            "O",
            "O",
            "O",
            "O",
            "O",
            "O",
            "O",
            "O",
            "O",
            "O",
            "O",
            "O",
            "O",
            "O",
            "O",
            "O",
            "O",
            "O",
            "O",
            "O",
            "O",
            "O",
            "O",
            "O",
            "O",
            "O",
            "O",
            "O",
            "O",
            "O",
            "O",
            "O",
            "O",
            "O",
            "O",
            "O",
            "O",
            "O",
            "O",
            "O",
            "O",
            "O",
            "O",
            "O",
            "O",
            "O",
            "O",
            "O",
            "O",
            "O",
            "O",
            "O",
            "O",
            "O",
            "O",
            "O",
            "O",
            "O",
            "O",
            "O",
            "O",
            "O",
            "O",
            "O",
            "O",
            "O",
            "O",
            "O",
            "O",
            "O",
            "O",
            "O",
            "O",
            "O",
            "O",
            "O",
            "O",
            "O",
            "O",
            "O",
            "O",
            "O",
            "O",
            "O",
            "O",
            "O",
            "O",
            "O",
            "O",
            "O",
            "O",
            "O",
            "O",
            "O",
            "O",
            "O",
            "O",
            "O",
            "O",
            "O",
            "O",
            "O",
            "O",
            "O",
            "O",
            "O",
            "O",
            "O",
            "O",
            "O",
            "O",
            "O",
            "O",
            "O",
            "O",
            "O",
            "O",
            "O",
            "O",
            "O",
            "O",
            "O",
            "O",
            "O",
            "O",
            "O",
            "O",
            "O",
            "O",
            "O",
            "O",
            "O",
            "O",
            "O",
            "O",
            "O",
            "O",
            "O",
            "O",
            "O",
            "O",
            "O",
            "O",
            "O",
            "O",
            "O",
            "O",
            "O",
            "O",
            "O",
            "O",
            "O",
            "O",
            "O",
            "O",
            "O",
            "O",
            "O",
            "O",
            "O",
            "O",
            "O",
            "O",
            "O",
            "O",
            "O",
            "O",
            "O",
            "O",
            "O",
            "O",
            "O"
        ]
    },
    {
        "words": [
            "Muddiest",
            "Points",
            "(",
            "3/3",
            ")",
            "\u2022",
            "How",
            "process",
            "states",
            "are",
            "switched/clarification",
            "on",
            "ready/waiting/running",
            "\u2022",
            "What",
            "does",
            "the",
            "comment",
            "above",
            "the",
            "line",
            "of",
            "assembly",
            "code",
            "mean",
            "?",
            "\u2022",
            "I",
            "'m",
            "curious",
            "about",
            "memory",
            "barriers",
            ".",
            "could",
            "you",
            "talk",
            "more",
            "about",
            "how",
            "to",
            "use",
            "_sync_synchronize",
            "(",
            ")",
            "and",
            "how",
            "it",
            "works",
            "?",
            "\u2022",
            "Where",
            "exactly",
            "the",
            "code",
            "blocks",
            "\u2022",
            "from",
            "the",
            "tophat",
            "question",
            ":",
            "why",
            "can",
            "down",
            "move",
            "a",
            "process",
            "into",
            "ready",
            "\u2022",
            "When/why",
            "is",
            "reordering",
            "instructions",
            "in",
            "a",
            "critical",
            "section",
            "beneficial",
            "?",
            "\u2022",
            "Today",
            ",",
            "We",
            "heard",
            "``",
            "Block",
            "''",
            "a",
            "lot",
            "but",
            "it",
            "has",
            "the",
            "same",
            "meaning",
            "\u2022",
            "Implementation",
            "of",
            "mutex",
            "vs",
            "standard",
            "semaphore",
            "\u2022",
            "When",
            "would",
            "you",
            "know",
            "to",
            "use",
            "a",
            "spinlock",
            "instead",
            "of",
            "a",
            "semaphore",
            "?",
            "\u2022",
            "Why",
            "two",
            "context",
            "switches",
            "in",
            "semaphore",
            "\u2022",
            "What",
            "is/makes",
            "an",
            "operation",
            "atomic",
            "?",
            "CS/COE",
            "1550",
            "\u2013",
            "Operating",
            "Systems",
            "\u2013",
            "Sherif",
            "Khattab",
            "6"
        ],
        "labels": [
            "O",
            "O",
            "O",
            "O",
            "O",
            "O",
            "O",
            "O",
            "O",
            "O",
            "O",
            "O",
            "O",
            "O",
            "O",
            "O",
            "O",
            "O",
            "O",
            "O",
            "O",
            "O",
            "O",
            "O",
            "O",
            "O",
            "O",
            "O",
            "O",
            "O",
            "O",
            "O",
            "O",
            "O",
            "O",
            "O",
            "O",
            "O",
            "O",
            "O",
            "O",
            "O",
            "O",
            "O",
            "O",
            "O",
            "O",
            "O",
            "O",
            "O",
            "O",
            "O",
            "O",
            "O",
            "O",
            "O",
            "O",
            "O",
            "O",
            "O",
            "O",
            "O",
            "O",
            "O",
            "O",
            "O",
            "O",
            "O",
            "O",
            "O",
            "O",
            "O",
            "O",
            "O",
            "O",
            "O",
            "O",
            "O",
            "O",
            "O",
            "O",
            "O",
            "O",
            "O",
            "O",
            "O",
            "O",
            "O",
            "O",
            "O",
            "O",
            "O",
            "O",
            "O",
            "O",
            "O",
            "O",
            "O",
            "O",
            "O",
            "O",
            "O",
            "O",
            "O",
            "O",
            "O",
            "O",
            "O",
            "O",
            "O",
            "O",
            "O",
            "O",
            "O",
            "O",
            "O",
            "O",
            "O",
            "O",
            "O",
            "O",
            "O",
            "O",
            "O",
            "O",
            "O",
            "O",
            "O",
            "O",
            "O",
            "O",
            "O",
            "O",
            "O",
            "O",
            "O",
            "O",
            "O",
            "O",
            "O",
            "O"
        ]
    },
    {
        "words": [
            "Semaphore",
            "Usage",
            "Problem",
            ":",
            "Compromising",
            "Mutual",
            "Exclusion",
            "\u2022",
            "Any",
            "process",
            "can",
            "up",
            "(",
            ")",
            "the",
            "semaphore",
            "\u2022",
            "Solution",
            ":",
            "A",
            "Mutex",
            "can",
            "be",
            "up",
            "(",
            ")",
            "\u2019",
            "d",
            "only",
            "by",
            "the",
            "same",
            "process",
            "that",
            "down",
            "(",
            ")",
            "\u2019",
            "d",
            "it",
            "CS/COE",
            "1550",
            "\u2013",
            "Operating",
            "Systems",
            "\u2013",
            "Sherif",
            "Khattab",
            "7"
        ],
        "labels": [
            "O",
            "O",
            "O",
            "O",
            "O",
            "O",
            "O",
            "O",
            "O",
            "O",
            "O",
            "O",
            "O",
            "O",
            "O",
            "O",
            "O",
            "O",
            "O",
            "O",
            "B",
            "O",
            "O",
            "O",
            "O",
            "O",
            "O",
            "O",
            "O",
            "O",
            "O",
            "O",
            "O",
            "O",
            "O",
            "O",
            "O",
            "O",
            "O",
            "O",
            "O",
            "O",
            "O",
            "O",
            "O",
            "O",
            "O",
            "O",
            "O"
        ]
    },
    {
        "words": [
            "Semaphore",
            "Usage",
            "Problem",
            ":",
            "Deadlock",
            "and",
            "Starvation",
            "\u2022",
            "Deadlock",
            ":",
            "two",
            "or",
            "more",
            "processes",
            "are",
            "waiting",
            "indefinitely",
            "for",
            "an",
            "event",
            "that",
            "can",
            "only",
            "be",
            "caused",
            "by",
            "a",
            "waiting",
            "process",
            "\u2022",
            "P0",
            "gets",
            "A",
            ",",
            "needs",
            "B",
            "Shared",
            "variables",
            "\u2022",
            "P1",
            "gets",
            "B",
            ",",
            "needs",
            "A",
            "Semaphore",
            "A",
            "(",
            "1",
            ")",
            ",",
            "B",
            "(",
            "1",
            ")",
            ";",
            "\u2022",
            "Each",
            "process",
            "waiting",
            "for",
            "the",
            "other",
            "to",
            "signal",
            "\u2022",
            "Starvation",
            ":",
            "indefinite",
            "blocking",
            "Process",
            "P0",
            "Process",
            "P1",
            "\u2022",
            "Process",
            "is",
            "never",
            "removed",
            "from",
            "the",
            "A.down",
            "(",
            ")",
            ";",
            "B.down",
            "(",
            ")",
            ";",
            "semaphore",
            "queue",
            "in",
            "which",
            "its",
            "suspended",
            "B.down",
            "(",
            ")",
            ";",
            "A.down",
            "(",
            ")",
            ";",
            ".",
            ".",
            "\u2022",
            "May",
            "be",
            "caused",
            "by",
            "ordering",
            "in",
            "queues",
            ".",
            ".",
            "(",
            "priority",
            ")",
            ".",
            ".",
            "B.up",
            "(",
            ")",
            ";",
            "A.up",
            "(",
            ")",
            ";",
            "A.up",
            "(",
            ")",
            ";",
            "B.up",
            "(",
            ")",
            ";",
            "CS/COE",
            "1550",
            "\u2013",
            "Operating",
            "Systems",
            "\u2013",
            "Sherif",
            "Khattab",
            "8"
        ],
        "labels": [
            "O",
            "O",
            "O",
            "O",
            "B",
            "I",
            "B",
            "O",
            "B",
            "O",
            "O",
            "O",
            "O",
            "O",
            "O",
            "O",
            "O",
            "O",
            "O",
            "O",
            "O",
            "O",
            "O",
            "O",
            "O",
            "O",
            "O",
            "O",
            "O",
            "O",
            "O",
            "O",
            "O",
            "O",
            "O",
            "O",
            "O",
            "O",
            "O",
            "O",
            "O",
            "O",
            "O",
            "O",
            "O",
            "O",
            "O",
            "O",
            "O",
            "O",
            "O",
            "O",
            "O",
            "O",
            "O",
            "O",
            "O",
            "O",
            "O",
            "O",
            "O",
            "O",
            "O",
            "O",
            "O",
            "O",
            "B",
            "O",
            "O",
            "O",
            "O",
            "O",
            "O",
            "O",
            "O",
            "O",
            "O",
            "O",
            "O",
            "O",
            "O",
            "O",
            "O",
            "O",
            "O",
            "O",
            "O",
            "O",
            "O",
            "O",
            "O",
            "O",
            "O",
            "O",
            "O",
            "O",
            "O",
            "O",
            "O",
            "O",
            "O",
            "O",
            "O",
            "O",
            "O",
            "O",
            "O",
            "O",
            "O",
            "O",
            "O",
            "O",
            "O",
            "O",
            "O",
            "O",
            "O",
            "O",
            "O",
            "O",
            "O",
            "O",
            "O",
            "O",
            "O",
            "O",
            "O",
            "O",
            "O",
            "O",
            "O",
            "O",
            "O",
            "O",
            "O",
            "O",
            "O",
            "O",
            "O",
            "O",
            "O",
            "O",
            "O",
            "O",
            "O"
        ]
    },
    {
        "words": [
            "Semaphore",
            "Usage",
            "Problem",
            ":",
            "Priority",
            "Inversion",
            "\u2022",
            "Priority",
            "inversion",
            "is",
            "still",
            "possible",
            "using",
            "semaphores",
            "\u2022",
            "Slightly",
            "less",
            "likely",
            "\u2022",
            "Needs",
            "at",
            "least",
            "three",
            "processes",
            "CS/COE",
            "1550",
            "\u2013",
            "Operating",
            "Systems",
            "\u2013",
            "Sherif",
            "Khattab",
            "9"
        ],
        "labels": [
            "O",
            "O",
            "O",
            "O",
            "B",
            "I",
            "O",
            "B",
            "I",
            "O",
            "O",
            "O",
            "O",
            "O",
            "O",
            "O",
            "O",
            "O",
            "O",
            "O",
            "O",
            "O",
            "O",
            "O",
            "O",
            "O",
            "O",
            "O",
            "O",
            "O",
            "O",
            "O",
            "O"
        ]
    },
    {
        "words": [
            "fork",
            "(",
            ")",
            "tracing",
            "CS/COE",
            "1550",
            "\u2013",
            "Operating",
            "Systems",
            "\u2013",
            "Sherif",
            "Khattab",
            "10"
        ],
        "labels": [
            "B",
            "I",
            "I",
            "I",
            "O",
            "O",
            "O",
            "O",
            "O",
            "O",
            "O",
            "O",
            "O"
        ]
    },
    {
        "words": [
            "fork",
            "(",
            ")",
            "\u2019",
            "s",
            "of",
            "fork",
            "(",
            ")",
            "\u2019",
            "s",
            "CS/COE",
            "1550",
            "\u2013",
            "Operating",
            "Systems",
            "\u2013",
            "Sherif",
            "Khattab",
            "11"
        ],
        "labels": [
            "B",
            "I",
            "I",
            "I",
            "I",
            "I",
            "I",
            "I",
            "I",
            "I",
            "I",
            "O",
            "O",
            "O",
            "O",
            "O",
            "O",
            "O",
            "O",
            "O"
        ]
    }
]