[
    {
        "words": [
            "Introduction",
            "to",
            "Operating",
            "Systems",
            "CS",
            "1550",
            "Spring",
            "2022",
            "Sherif",
            "Khattab",
            "ksm73",
            "@",
            "pitt.edu",
            "(",
            "Some",
            "slides",
            "are",
            "from",
            "Silberschatz",
            ",",
            "Galvin",
            "and",
            "Gagne",
            "\u00a92013",
            ")"
        ],
        "labels": [
            "O",
            "O",
            "O",
            "O",
            "O",
            "O",
            "O",
            "O",
            "O",
            "O",
            "O",
            "O",
            "O",
            "O",
            "O",
            "O",
            "O",
            "O",
            "O",
            "O",
            "O",
            "O",
            "O",
            "O",
            "O"
        ]
    },
    {
        "words": [
            "Announcements",
            "\u2022",
            "Upcoming",
            "deadlines",
            ":",
            "\u2022",
            "Homework",
            "11",
            ":",
            "due",
            "on",
            "4/18",
            "\u2022",
            "Project",
            "3",
            ":",
            "Late",
            "due",
            "date",
            "on",
            "4/13",
            "\u2022",
            "Late",
            "penalty",
            "waived",
            "\u2022",
            "Lab",
            "4",
            ":",
            "due",
            "on",
            "4/15",
            "\u2022",
            "Quiz",
            "3",
            ":",
            "due",
            "on",
            "4/15",
            "\u2022",
            "Homework",
            "12",
            ":",
            "due",
            "on",
            "4/25",
            "\u2022",
            "Lab",
            "5",
            ":",
            "due",
            "on",
            "5/2",
            "\u2022",
            "Project",
            "4",
            "and",
            "Quiz",
            "4",
            ":",
            "due",
            "on",
            "5/2",
            "\u2022",
            "Bonus",
            "Homework",
            ":",
            "due",
            "on",
            "5/2",
            "\u2022",
            "Course",
            "Post-Test",
            ":",
            "due",
            "on",
            "5/2",
            "CS",
            "1550",
            "\u2013",
            "Operating",
            "Systems",
            "\u2013",
            "Sherif",
            "Khattab",
            "2"
        ],
        "labels": [
            "O",
            "O",
            "O",
            "O",
            "O",
            "O",
            "O",
            "O",
            "O",
            "O",
            "O",
            "O",
            "O",
            "O",
            "O",
            "O",
            "O",
            "O",
            "O",
            "O",
            "O",
            "O",
            "O",
            "O",
            "O",
            "O",
            "O",
            "O",
            "O",
            "O",
            "O",
            "O",
            "O",
            "O",
            "O",
            "O",
            "O",
            "O",
            "O",
            "O",
            "O",
            "O",
            "O",
            "O",
            "O",
            "O",
            "O",
            "O",
            "O",
            "O",
            "O",
            "O",
            "O",
            "O",
            "O",
            "O",
            "O",
            "O",
            "O",
            "O",
            "O",
            "O",
            "O",
            "O",
            "O",
            "O",
            "O",
            "O",
            "O",
            "O",
            "O",
            "O",
            "O",
            "O",
            "O",
            "O",
            "O",
            "O",
            "O",
            "O",
            "O",
            "O",
            "O",
            "O",
            "O",
            "O"
        ]
    },
    {
        "words": [
            "Muddiest",
            "Points",
            "(",
            "1/2",
            ")",
            "\u2022",
            "when",
            "is",
            "the",
            "parity",
            "checked",
            "to",
            "see",
            "if",
            "there",
            "is",
            "a",
            "bit",
            "error",
            "\u2022",
            "a",
            "little",
            "confused",
            "about",
            "parity",
            "example",
            "\u2022",
            "How",
            "to",
            "flip",
            "the",
            "correct",
            "bits",
            "back",
            "that",
            "were",
            "changed",
            "with",
            "parity",
            "?",
            "\u2022",
            "What",
            "is",
            "parity",
            "used",
            "for",
            "\u2022",
            "ECC",
            "\u2022",
            "What",
            "things",
            "move",
            "how",
            "using",
            "what",
            "in",
            "the",
            "disk",
            "\u2022",
            "disk",
            "request",
            "time",
            "delay",
            "factors",
            "\u2022",
            "transfer",
            "time/rotating",
            "time/seek",
            "time",
            "\u2022",
            "I",
            "feel",
            "like",
            "rotational",
            "delay",
            "and",
            "actual",
            "transfer",
            "time",
            "are",
            "overlapped",
            ".",
            "The",
            "sector",
            "is",
            "spending",
            "time",
            "to",
            "rotate",
            "to",
            "the",
            "head",
            ",",
            "and",
            "at",
            "the",
            "same",
            "time",
            ",",
            "the",
            "head",
            "is",
            "rotating",
            "to",
            "find",
            "that",
            "sector",
            ".",
            "Are",
            "they",
            "moving",
            "towards",
            "each",
            "other",
            "at",
            "the",
            "same",
            "time",
            "?",
            "CS",
            "1550",
            "\u2013",
            "Operating",
            "Systems",
            "\u2013",
            "Sherif",
            "Khattab",
            "3"
        ],
        "labels": [
            "O",
            "O",
            "O",
            "O",
            "O",
            "O",
            "O",
            "O",
            "O",
            "B",
            "O",
            "O",
            "O",
            "O",
            "O",
            "O",
            "O",
            "O",
            "O",
            "O",
            "O",
            "O",
            "O",
            "O",
            "B",
            "O",
            "O",
            "O",
            "O",
            "O",
            "O",
            "O",
            "O",
            "O",
            "O",
            "O",
            "O",
            "O",
            "B",
            "O",
            "O",
            "O",
            "O",
            "B",
            "O",
            "O",
            "O",
            "B",
            "O",
            "O",
            "O",
            "O",
            "O",
            "O",
            "O",
            "O",
            "O",
            "O",
            "O",
            "B",
            "I",
            "I",
            "I",
            "I",
            "O",
            "O",
            "O",
            "O",
            "O",
            "O",
            "O",
            "O",
            "O",
            "B",
            "I",
            "O",
            "B",
            "B",
            "I",
            "O",
            "O",
            "O",
            "O",
            "O",
            "O",
            "O",
            "O",
            "O",
            "O",
            "O",
            "O",
            "O",
            "O",
            "O",
            "O",
            "O",
            "O",
            "O",
            "O",
            "O",
            "O",
            "O",
            "O",
            "O",
            "O",
            "O",
            "O",
            "O",
            "O",
            "O",
            "O",
            "O",
            "O",
            "O",
            "O",
            "O",
            "O",
            "O",
            "O",
            "O",
            "O",
            "O",
            "O",
            "O",
            "O",
            "O",
            "O",
            "O"
        ]
    },
    {
        "words": [
            "Disk",
            "drive",
            "structure",
            "head",
            "sector",
            "platter",
            "track",
            "cylinder",
            "surfaces",
            "spindle",
            "actuator",
            "CS",
            "1550",
            "\u2013",
            "Operating",
            "Systems",
            "\u2013",
            "Sherif",
            "Khattab",
            "4"
        ],
        "labels": [
            "O",
            "O",
            "O",
            "O",
            "O",
            "O",
            "O",
            "O",
            "O",
            "O",
            "O",
            "O",
            "O",
            "O",
            "O",
            "O",
            "O",
            "O",
            "O",
            "O"
        ]
    },
    {
        "words": [
            "Muddiest",
            "Points",
            "(",
            "2/2",
            ")",
            "\u2022",
            "In",
            "the",
            "last",
            "top",
            "hat",
            "question",
            ",",
            "why",
            "the",
            "page",
            "table",
            "gets",
            "smaller",
            "if",
            "the",
            "page",
            "frames",
            "are",
            "larger",
            ".",
            "I",
            "understand",
            "that",
            "would",
            "mean",
            "less",
            "entries",
            ",",
            "but",
            "would",
            "n't",
            "each",
            "entry",
            "would",
            "be",
            "larger",
            ",",
            "making",
            "the",
            "overall",
            "table",
            "the",
            "same",
            "size",
            "?",
            "\u2022",
            "What",
            "are",
            "RAIDs",
            "for",
            "?",
            "\u2022",
            "Does",
            "RAID4",
            "have",
            "any",
            "advantages",
            "over",
            "RAID5",
            "?",
            "\u2022",
            "All",
            "of",
            "it",
            ",",
            "bro",
            "CS",
            "1550",
            "\u2013",
            "Operating",
            "Systems",
            "\u2013",
            "Sherif",
            "Khattab",
            "5"
        ],
        "labels": [
            "O",
            "O",
            "O",
            "O",
            "O",
            "O",
            "O",
            "O",
            "O",
            "O",
            "O",
            "O",
            "O",
            "O",
            "O",
            "O",
            "O",
            "O",
            "O",
            "O",
            "O",
            "O",
            "O",
            "O",
            "O",
            "O",
            "O",
            "O",
            "O",
            "O",
            "O",
            "O",
            "O",
            "O",
            "O",
            "O",
            "O",
            "O",
            "O",
            "O",
            "O",
            "O",
            "O",
            "O",
            "O",
            "O",
            "O",
            "O",
            "O",
            "O",
            "O",
            "O",
            "O",
            "O",
            "O",
            "O",
            "O",
            "O",
            "O",
            "O",
            "O",
            "O",
            "O",
            "O",
            "O",
            "O",
            "O",
            "O",
            "O",
            "O",
            "O",
            "O",
            "O",
            "O",
            "O",
            "O",
            "O",
            "O",
            "O",
            "O",
            "O"
        ]
    },
    {
        "words": [
            "Problem",
            "of",
            "the",
            "Day",
            "\u2013",
            "Part",
            "1",
            "\u2022",
            "How",
            "does",
            "a",
            "file",
            "system",
            "handle",
            "errors",
            "?",
            "\u2022",
            "Answer",
            ":",
            "Defense",
            "in",
            "Depth",
            "\u2022",
            "multiple",
            "layers",
            "of",
            "error",
            "detection/correction",
            "CS",
            "1550",
            "\u2013",
            "Operating",
            "Systems",
            "\u2013",
            "Sherif",
            "Khattab",
            "6"
        ],
        "labels": [
            "O",
            "O",
            "O",
            "O",
            "O",
            "O",
            "O",
            "O",
            "O",
            "O",
            "O",
            "O",
            "O",
            "O",
            "O",
            "O",
            "O",
            "O",
            "O",
            "O",
            "O",
            "O",
            "O",
            "O",
            "O",
            "O",
            "O",
            "O",
            "O",
            "O",
            "O",
            "O",
            "O",
            "O",
            "O",
            "O",
            "O"
        ]
    },
    {
        "words": [
            "When",
            "good",
            "disks",
            "go",
            "bad\u2026",
            "Disks",
            "have",
            "defects",
            "In",
            "3M+",
            "sectors",
            ",",
            "this",
            "isn",
            "\u2019",
            "t",
            "surprising",
            "!",
            "ECC",
            "helps",
            "with",
            "errors",
            ",",
            "but",
            "sometimes",
            "this",
            "isn",
            "\u2019",
            "t",
            "enough",
            "Disks",
            "keep",
            "spare",
            "sectors",
            "(",
            "normally",
            "unused",
            ")",
            "and",
            "remap",
            "bad",
            "sectors",
            "into",
            "these",
            "spares",
            "If",
            "there",
            "\u2019",
            "s",
            "time",
            ",",
            "the",
            "whole",
            "track",
            "could",
            "be",
            "reordered\u2026",
            "CS",
            "1550",
            "\u2013",
            "Operating",
            "Systems",
            "\u2013",
            "Sherif",
            "Khattab",
            "7"
        ],
        "labels": [
            "O",
            "O",
            "O",
            "O",
            "O",
            "O",
            "O",
            "O",
            "O",
            "O",
            "O",
            "O",
            "O",
            "O",
            "O",
            "O",
            "O",
            "O",
            "B",
            "O",
            "O",
            "O",
            "O",
            "O",
            "O",
            "O",
            "O",
            "O",
            "O",
            "O",
            "O",
            "O",
            "O",
            "O",
            "O",
            "O",
            "O",
            "O",
            "O",
            "O",
            "O",
            "O",
            "O",
            "O",
            "O",
            "O",
            "O",
            "O",
            "O",
            "O",
            "O",
            "O",
            "O",
            "O",
            "O",
            "O",
            "O",
            "O",
            "O",
            "O",
            "O",
            "O",
            "O",
            "O",
            "O",
            "O"
        ]
    },
    {
        "words": [
            "RAIDs",
            ",",
            "RAIDs",
            ",",
            "and",
            "more",
            "RAIDs",
            "Stripe",
            "strip",
            "strip",
            "RAID",
            "0",
            "(",
            "Redundant",
            "Array",
            "of",
            "Inexpensive",
            "Disks",
            "RAID",
            "1",
            "(",
            "Mirrored",
            "copies",
            ")",
            "RAID",
            "4",
            "(",
            "Striped",
            "with",
            "parity",
            ")",
            "RAID",
            "5",
            "(",
            "Parity",
            "rotates",
            "through",
            "disks",
            ")",
            "CS",
            "1550",
            "\u2013",
            "Operating",
            "Systems",
            "\u2013",
            "Sherif",
            "Khattab",
            "8"
        ],
        "labels": [
            "O",
            "O",
            "O",
            "O",
            "O",
            "O",
            "O",
            "O",
            "O",
            "O",
            "B",
            "I",
            "O",
            "B",
            "I",
            "I",
            "I",
            "I",
            "B",
            "I",
            "O",
            "O",
            "O",
            "O",
            "B",
            "I",
            "O",
            "O",
            "O",
            "B",
            "O",
            "B",
            "I",
            "O",
            "O",
            "O",
            "O",
            "O",
            "O",
            "O",
            "O",
            "O",
            "O",
            "O",
            "O",
            "O",
            "O",
            "O"
        ]
    },
    {
        "words": [
            "Backing",
            "up",
            "a",
            "file",
            "system",
            "\u2022",
            "A",
            "file",
            "system",
            "to",
            "be",
            "dumped",
            "\u2022",
            "Squares",
            "are",
            "directories",
            ",",
            "circles",
            "are",
            "files",
            "\u2022",
            "Shaded",
            "items",
            ",",
            "modified",
            "since",
            "last",
            "dump",
            "\u2022",
            "Each",
            "directory",
            "&",
            "file",
            "labeled",
            "by",
            "i-node",
            "number",
            "File",
            "that",
            "has",
            "not",
            "changed",
            "CS",
            "1550",
            "\u2013",
            "Operating",
            "Systems",
            "\u2013",
            "Sherif",
            "Khattab",
            "9"
        ],
        "labels": [
            "B",
            "I",
            "I",
            "I",
            "I",
            "O",
            "O",
            "O",
            "O",
            "O",
            "O",
            "O",
            "O",
            "O",
            "O",
            "O",
            "O",
            "O",
            "O",
            "O",
            "O",
            "O",
            "O",
            "O",
            "O",
            "O",
            "O",
            "O",
            "O",
            "O",
            "O",
            "O",
            "O",
            "O",
            "O",
            "O",
            "O",
            "O",
            "O",
            "O",
            "O",
            "O",
            "O",
            "O",
            "O",
            "O",
            "O",
            "O",
            "O",
            "O",
            "O"
        ]
    },
    {
        "words": [
            "Bitmaps",
            "used",
            "in",
            "a",
            "file",
            "system",
            "dump",
            "CS",
            "1550",
            "\u2013",
            "Operating",
            "Systems",
            "\u2013",
            "Sherif",
            "Khattab",
            "10"
        ],
        "labels": [
            "B",
            "O",
            "O",
            "O",
            "O",
            "O",
            "O",
            "O",
            "O",
            "O",
            "O",
            "O",
            "O",
            "O",
            "O",
            "O"
        ]
    },
    {
        "words": [
            "Checking",
            "the",
            "file",
            "system",
            "for",
            "consistency",
            "Consistent",
            "Missing",
            "(",
            "\u201c",
            "lost",
            "\u201d",
            ")",
            "block",
            "Duplicate",
            "block",
            "in",
            "free",
            "list",
            "Duplicate",
            "block",
            "in",
            "two",
            "files",
            "CS",
            "1550",
            "\u2013",
            "Operating",
            "Systems",
            "\u2013",
            "Sherif",
            "Khattab",
            "11"
        ],
        "labels": [
            "B",
            "I",
            "I",
            "I",
            "I",
            "I",
            "B",
            "B",
            "O",
            "O",
            "O",
            "O",
            "O",
            "O",
            "B",
            "I",
            "O",
            "O",
            "O",
            "B",
            "I",
            "O",
            "O",
            "O",
            "O",
            "O",
            "O",
            "O",
            "O",
            "O",
            "O",
            "O",
            "O"
        ]
    },
    {
        "words": [
            "Problem",
            "of",
            "the",
            "Day",
            "\u2013",
            "Part",
            "2",
            "\u2022",
            "How",
            "does",
            "a",
            "file",
            "system",
            "hide",
            "disk",
            "access",
            "delays",
            "?",
            "\u2022",
            "Answer",
            ":",
            "Caching",
            "CS",
            "1550",
            "\u2013",
            "Operating",
            "Systems",
            "\u2013",
            "Sherif",
            "Khattab",
            "12"
        ],
        "labels": [
            "O",
            "O",
            "O",
            "O",
            "O",
            "O",
            "O",
            "O",
            "O",
            "O",
            "O",
            "O",
            "O",
            "O",
            "B",
            "I",
            "I",
            "O",
            "O",
            "O",
            "O",
            "B",
            "O",
            "O",
            "O",
            "O",
            "O",
            "O",
            "O",
            "O",
            "O"
        ]
    },
    {
        "words": [
            "File",
            "block",
            "cache",
            "data",
            "structures",
            "CS",
            "1550",
            "\u2013",
            "Operating",
            "Systems",
            "\u2013",
            "Sherif",
            "Khattab",
            "13"
        ],
        "labels": [
            "B",
            "I",
            "I",
            "I",
            "I",
            "O",
            "O",
            "O",
            "O",
            "O",
            "O",
            "O",
            "O",
            "O"
        ]
    },
    {
        "words": [
            "Log-structured",
            "file",
            "systems",
            "\u2022",
            "Trends",
            "in",
            "disk",
            "&",
            "memory",
            "\u2022",
            "Faster",
            "CPUs",
            "\u2022",
            "Larger",
            "memories",
            "\u2022",
            "Result",
            "\u2022",
            "More",
            "memory",
            "-",
            ">",
            "disk",
            "caches",
            "can",
            "also",
            "be",
            "larger",
            "\u2022",
            "Increasing",
            "number",
            "of",
            "read",
            "requests",
            "can",
            "come",
            "from",
            "cache",
            "\u2022",
            "Thus",
            ",",
            "most",
            "disk",
            "accesses",
            "will",
            "be",
            "writes",
            "\u2022",
            "LFS",
            "structures",
            "entire",
            "disk",
            "as",
            "a",
            "log",
            "\u2022",
            "All",
            "writes",
            "initially",
            "buffered",
            "in",
            "memory",
            "\u2022",
            "Periodically",
            "write",
            "these",
            "to",
            "the",
            "end",
            "of",
            "the",
            "disk",
            "log",
            "\u2022",
            "When",
            "file",
            "opened",
            ",",
            "locate",
            "i-node",
            ",",
            "then",
            "find",
            "blocks",
            "\u2022",
            "Issue",
            ":",
            "what",
            "happens",
            "when",
            "blocks",
            "are",
            "deleted",
            "?",
            "CS",
            "1550",
            "\u2013",
            "Operating",
            "Systems",
            "\u2013",
            "Sherif",
            "Khattab",
            "14"
        ],
        "labels": [
            "B",
            "I",
            "I",
            "O",
            "O",
            "O",
            "O",
            "O",
            "O",
            "O",
            "O",
            "O",
            "O",
            "O",
            "O",
            "O",
            "O",
            "O",
            "O",
            "O",
            "O",
            "O",
            "O",
            "O",
            "O",
            "O",
            "O",
            "O",
            "O",
            "O",
            "O",
            "O",
            "O",
            "O",
            "O",
            "O",
            "O",
            "O",
            "O",
            "O",
            "O",
            "O",
            "O",
            "O",
            "O",
            "O",
            "O",
            "O",
            "O",
            "O",
            "O",
            "O",
            "O",
            "O",
            "O",
            "O",
            "O",
            "O",
            "O",
            "O",
            "O",
            "O",
            "O",
            "O",
            "O",
            "O",
            "O",
            "O",
            "O",
            "O",
            "O",
            "O",
            "O",
            "O",
            "O",
            "O",
            "O",
            "O",
            "O",
            "O",
            "O",
            "O",
            "O",
            "O",
            "O",
            "O",
            "O",
            "O",
            "O",
            "O",
            "O",
            "O",
            "O",
            "O",
            "O",
            "O",
            "O",
            "O",
            "O",
            "O",
            "O",
            "O",
            "O"
        ]
    },
    {
        "words": [
            "Log",
            "Structured",
            "File",
            "System",
            "CS",
            "1550",
            "\u2013",
            "Operating",
            "Systems",
            "\u2013",
            "Sherif",
            "Khattab",
            "15"
        ],
        "labels": [
            "B",
            "I",
            "I",
            "I",
            "O",
            "O",
            "O",
            "O",
            "O",
            "O",
            "O",
            "O",
            "O"
        ]
    },
    {
        "words": [
            "Log",
            "Structured",
            "File",
            "System",
            "CS",
            "1550",
            "\u2013",
            "Operating",
            "Systems",
            "\u2013",
            "Sherif",
            "Khattab",
            "16"
        ],
        "labels": [
            "B",
            "I",
            "I",
            "I",
            "O",
            "O",
            "O",
            "O",
            "O",
            "O",
            "O",
            "O",
            "O"
        ]
    },
    {
        "words": [
            "Flash",
            "File",
            "System",
            "Wear",
            "Leveling",
            "Count",
            "total",
            "writes",
            "per",
            "flash",
            "sector",
            "and",
            "attempt",
            "to",
            "balance",
            "across",
            "the",
            "whole",
            "disk",
            "CS",
            "1550",
            "\u2013",
            "Operating",
            "Systems",
            "\u2013",
            "Sherif",
            "Khattab",
            "17"
        ],
        "labels": [
            "B",
            "I",
            "I",
            "B",
            "I",
            "O",
            "O",
            "O",
            "O",
            "O",
            "O",
            "O",
            "O",
            "O",
            "O",
            "O",
            "O",
            "O",
            "O",
            "O",
            "O",
            "O",
            "O",
            "O",
            "O",
            "O",
            "O",
            "O"
        ]
    },
    {
        "words": [
            "Wear",
            "leveling",
            "for",
            "SSDs",
            "CS",
            "1550",
            "\u2013",
            "Operating",
            "Systems",
            "\u2013",
            "Sherif",
            "Khattab",
            "18"
        ],
        "labels": [
            "B",
            "I",
            "O",
            "O",
            "O",
            "O",
            "O",
            "O",
            "O",
            "O",
            "O",
            "O",
            "O"
        ]
    },
    {
        "words": [
            "Disk",
            "block",
            "size",
            "\u2022",
            "Dark",
            "line",
            "(",
            "left",
            "hand",
            "scale",
            ")",
            "gives",
            "data",
            "rate",
            "of",
            "a",
            "disk",
            "\u2022",
            "Dotted",
            "line",
            "(",
            "right",
            "hand",
            "scale",
            ")",
            "gives",
            "disk",
            "space",
            "efficiency",
            "\u2022",
            "All",
            "files",
            "2KB",
            "Block",
            "size",
            "CS",
            "1550",
            "\u2013",
            "Operating",
            "Systems",
            "\u2013",
            "Sherif",
            "Khattab",
            "19"
        ],
        "labels": [
            "O",
            "O",
            "O",
            "O",
            "O",
            "O",
            "O",
            "O",
            "O",
            "O",
            "O",
            "O",
            "O",
            "O",
            "O",
            "O",
            "O",
            "O",
            "O",
            "O",
            "O",
            "O",
            "O",
            "O",
            "O",
            "O",
            "O",
            "O",
            "O",
            "O",
            "O",
            "O",
            "O",
            "O",
            "O",
            "O",
            "O",
            "O",
            "O",
            "O",
            "O",
            "O",
            "O",
            "O"
        ]
    },
    {
        "words": [
            "Problem",
            "of",
            "the",
            "Day",
            "\u2013",
            "Part",
            "3",
            "\u2022",
            "How",
            "do",
            "device",
            "drivers",
            "program",
            "I/O",
            "devices",
            "?",
            "\u2022",
            "Answer",
            ":",
            "three",
            "methods",
            "\u2022",
            "polling",
            "\u2022",
            "Interrupts",
            "\u2022",
            "DMA",
            "CS",
            "1550",
            "\u2013",
            "Operating",
            "Systems",
            "\u2013",
            "Sherif",
            "Khattab",
            "20"
        ],
        "labels": [
            "O",
            "O",
            "O",
            "O",
            "O",
            "O",
            "O",
            "O",
            "O",
            "O",
            "B",
            "I",
            "O",
            "O",
            "O",
            "O",
            "O",
            "O",
            "O",
            "O",
            "O",
            "O",
            "O",
            "O",
            "B",
            "O",
            "B",
            "O",
            "O",
            "O",
            "O",
            "O",
            "O",
            "O",
            "O",
            "O"
        ]
    },
    {
        "words": [
            "How",
            "are",
            "I/O",
            "devices",
            "connected",
            "?",
            "\u2022",
            "Single-bus",
            "\u2022",
            "All",
            "memory",
            "accesses",
            "go",
            "over",
            "a",
            "shared",
            "bus",
            "\u2022",
            "I/O",
            "and",
            "RAM",
            "accesses",
            "CPU",
            "Memory",
            "I/O",
            "compete",
            "for",
            "bandwidth",
            "\u2022",
            "Dual-bus",
            "\u2022",
            "RAM",
            "access",
            "over",
            "high-",
            "speed",
            "bus",
            "\u2022",
            "I/O",
            "access",
            "over",
            "lower-speed",
            "CPU",
            "Memory",
            "I/O",
            "bus",
            "\u2022",
            "Less",
            "competition",
            "\u2022",
            "More",
            "hardware",
            "(",
            "more",
            "This",
            "port",
            "allows",
            "I/O",
            "devices",
            "expensive\u2026",
            ")",
            "access",
            "into",
            "memory",
            "CS",
            "1550",
            "\u2013",
            "Operating",
            "Systems",
            "\u2013",
            "Sherif",
            "Khattab",
            "21"
        ],
        "labels": [
            "O",
            "O",
            "O",
            "O",
            "O",
            "O",
            "O",
            "B",
            "O",
            "O",
            "O",
            "O",
            "O",
            "O",
            "O",
            "O",
            "O",
            "O",
            "O",
            "O",
            "O",
            "O",
            "O",
            "O",
            "O",
            "O",
            "O",
            "O",
            "O",
            "B",
            "O",
            "O",
            "O",
            "O",
            "O",
            "O",
            "O",
            "O",
            "O",
            "O",
            "O",
            "O",
            "O",
            "O",
            "O",
            "O",
            "O",
            "O",
            "O",
            "O",
            "O",
            "O",
            "O",
            "O",
            "O",
            "O",
            "O",
            "O",
            "O",
            "O",
            "O",
            "O",
            "O",
            "O",
            "O",
            "O",
            "O",
            "O",
            "O",
            "O",
            "O",
            "O",
            "O"
        ]
    },
    {
        "words": [
            "Memory-Mapped",
            "vs.",
            "separate",
            "I/O",
            "Space",
            "Memory",
            "0xFFF\u2026",
            "I/O",
            "ports",
            "0",
            "Separate",
            "Memory-mapped",
            "I/O",
            "Hybrid",
            ":",
            "both",
            "I/O",
            "&",
            "memory",
            "memory-mapped",
            "&",
            "space",
            "separate",
            "spaces",
            "CS",
            "1550",
            "\u2013",
            "Operating",
            "Systems",
            "\u2013",
            "Sherif",
            "Khattab",
            "22"
        ],
        "labels": [
            "O",
            "O",
            "B",
            "I",
            "I",
            "O",
            "O",
            "O",
            "O",
            "O",
            "O",
            "O",
            "O",
            "O",
            "O",
            "O",
            "O",
            "O",
            "O",
            "O",
            "O",
            "O",
            "O",
            "O",
            "O",
            "O",
            "O",
            "O",
            "O",
            "O",
            "O",
            "O",
            "O"
        ]
    },
    {
        "words": [
            "Example",
            ":",
            "Dynamic",
            "Frequency",
            "on",
            "XScale",
            "CS",
            "1550",
            "\u2013",
            "Operating",
            "Systems",
            "\u2013",
            "Sherif",
            "Khattab",
            "23"
        ],
        "labels": [
            "O",
            "O",
            "B",
            "I",
            "I",
            "I",
            "O",
            "O",
            "O",
            "O",
            "O",
            "O",
            "O",
            "O",
            "O"
        ]
    },
    {
        "words": [
            "Programmed",
            "I/O",
            "example",
            ":",
            "printing",
            "a",
            "page",
            "Printed",
            "Printed",
            "Printed",
            "User",
            "page",
            "page",
            "page",
            "ABCD",
            "ABCD",
            "ABCD",
            "EFGH",
            "EFGH",
            "A",
            "EFGH",
            "AB",
            "Kernel",
            "ABCD",
            "ABCD",
            "EFGH",
            "EFGH",
            "CS",
            "1550",
            "\u2013",
            "Operating",
            "Systems",
            "\u2013",
            "Sherif",
            "Khattab",
            "24"
        ],
        "labels": [
            "B",
            "I",
            "O",
            "O",
            "O",
            "O",
            "O",
            "O",
            "O",
            "O",
            "O",
            "O",
            "O",
            "O",
            "O",
            "O",
            "O",
            "O",
            "O",
            "O",
            "O",
            "O",
            "O",
            "O",
            "O",
            "O",
            "O",
            "O",
            "O",
            "O",
            "O",
            "O",
            "O",
            "O",
            "O",
            "O"
        ]
    },
    {
        "words": [
            "Polling",
            "copy_from_user",
            "(",
            "buffer",
            ",",
            "p",
            ",",
            "count",
            ")",
            ";",
            "//",
            "copy",
            "into",
            "kernel",
            "buffer",
            "for",
            "(",
            "j",
            "=",
            "0",
            ";",
            "j",
            "<",
            "count",
            ";",
            "j++",
            ")",
            "{",
            "//",
            "loop",
            "for",
            "each",
            "char",
            "while",
            "(",
            "*",
            "printer_status_reg",
            "!",
            "=",
            "READY",
            ")",
            ";",
            "//",
            "wait",
            "for",
            "printer",
            "to",
            "be",
            "ready",
            "*",
            "printer_data_reg",
            "=",
            "p",
            "[",
            "j",
            "]",
            ";",
            "//",
            "output",
            "a",
            "single",
            "character",
            "}",
            "return_to_user",
            "(",
            ")",
            ";",
            "CS",
            "1550",
            "\u2013",
            "Operating",
            "Systems",
            "\u2013",
            "Sherif",
            "Khattab",
            "25"
        ],
        "labels": [
            "B",
            "O",
            "O",
            "O",
            "O",
            "O",
            "O",
            "O",
            "O",
            "O",
            "O",
            "O",
            "O",
            "O",
            "O",
            "O",
            "O",
            "O",
            "O",
            "O",
            "O",
            "O",
            "O",
            "O",
            "O",
            "O",
            "O",
            "O",
            "O",
            "O",
            "O",
            "O",
            "O",
            "O",
            "O",
            "O",
            "O",
            "O",
            "O",
            "O",
            "O",
            "O",
            "O",
            "O",
            "O",
            "O",
            "O",
            "O",
            "O",
            "O",
            "O",
            "O",
            "O",
            "O",
            "O",
            "O",
            "O",
            "O",
            "O",
            "O",
            "O",
            "O",
            "O",
            "O",
            "O",
            "O",
            "O",
            "O",
            "O",
            "O",
            "O",
            "O",
            "O",
            "O",
            "O",
            "O"
        ]
    },
    {
        "words": [
            "Hardware",
            "\u2019",
            "s",
            "view",
            "of",
            "interrupts",
            "Bus",
            "CS",
            "1550",
            "\u2013",
            "Operating",
            "Systems",
            "\u2013",
            "Sherif",
            "Khattab",
            "26"
        ],
        "labels": [
            "B",
            "I",
            "I",
            "I",
            "I",
            "I",
            "O",
            "O",
            "O",
            "O",
            "O",
            "O",
            "O",
            "O",
            "O",
            "O"
        ]
    },
    {
        "words": [
            "Interrupt-driven",
            "I/O",
            "copy_from_user",
            "(",
            "buffer",
            ",",
            "p",
            ",",
            "count",
            ")",
            ";",
            "j",
            "=",
            "0",
            ";",
            "enable_interrupts",
            "(",
            ")",
            ";",
            "while",
            "(",
            "*",
            "printer_status_reg",
            "!",
            "=",
            "READY",
            ")",
            "Code",
            "run",
            "by",
            "system",
            "call",
            ";",
            "*",
            "printer_data_reg",
            "=",
            "p",
            "[",
            "0",
            "]",
            ";",
            "scheduler",
            "(",
            ")",
            ";",
            "//",
            "and",
            "block",
            "user",
            "if",
            "(",
            "count",
            "==",
            "0",
            ")",
            "{",
            "unblock_user",
            "(",
            ")",
            ";",
            "}",
            "else",
            "{",
            "j++",
            ";",
            "*",
            "printer_data_reg",
            "=",
            "p",
            "[",
            "j",
            "]",
            ";",
            "count",
            "--",
            ";",
            "Code",
            "run",
            "at",
            "interrupt",
            "time",
            "}",
            "(",
            "Interrupt",
            "handler",
            ")",
            "acknowledge_interrupt",
            "(",
            ")",
            ";",
            "return_from_interrupt",
            "(",
            ")",
            ";",
            "CS",
            "1550",
            "\u2013",
            "Operating",
            "Systems",
            "\u2013",
            "Sherif",
            "Khattab",
            "27"
        ],
        "labels": [
            "B",
            "I",
            "O",
            "O",
            "O",
            "O",
            "O",
            "O",
            "O",
            "O",
            "O",
            "O",
            "O",
            "O",
            "O",
            "O",
            "O",
            "O",
            "O",
            "O",
            "O",
            "O",
            "O",
            "O",
            "O",
            "O",
            "O",
            "O",
            "O",
            "O",
            "O",
            "O",
            "O",
            "O",
            "O",
            "O",
            "O",
            "O",
            "O",
            "O",
            "O",
            "O",
            "O",
            "O",
            "O",
            "O",
            "O",
            "O",
            "O",
            "O",
            "O",
            "O",
            "O",
            "O",
            "O",
            "O",
            "O",
            "O",
            "O",
            "O",
            "O",
            "O",
            "O",
            "O",
            "O",
            "O",
            "O",
            "O",
            "O",
            "O",
            "O",
            "O",
            "O",
            "O",
            "O",
            "O",
            "O",
            "O",
            "O",
            "O",
            "O",
            "O",
            "O",
            "O",
            "O",
            "O",
            "O",
            "O",
            "O",
            "O",
            "O",
            "O",
            "O",
            "O",
            "O",
            "O",
            "O",
            "O",
            "O",
            "O",
            "O",
            "O",
            "O"
        ]
    }
]