[
    {
        "words": [
            "Introduction",
            "to",
            "Operating",
            "Systems",
            "CS",
            "1550",
            "Spring",
            "2022",
            "Sherif",
            "Khattab",
            "ksm73",
            "@",
            "pitt.edu",
            "(",
            "Some",
            "slides",
            "are",
            "from",
            "Silberschatz",
            ",",
            "Galvin",
            "and",
            "Gagne",
            "\u00a92013",
            ")"
        ],
        "labels": [
            "B",
            "I",
            "I",
            "I",
            "O",
            "O",
            "O",
            "O",
            "O",
            "O",
            "O",
            "O",
            "O",
            "O",
            "O",
            "O",
            "O",
            "O",
            "O",
            "O",
            "O",
            "O",
            "O",
            "O",
            "O"
        ]
    },
    {
        "words": [
            "Announcements",
            "\u2022",
            "Upcoming",
            "deadlines",
            ":",
            "\u2022",
            "Quiz",
            "1",
            ":",
            "due",
            "2/25",
            "\u2022",
            "Homework",
            "6",
            ":",
            "due",
            "2/28",
            "\u2022",
            "Lab",
            "2",
            ":",
            "due",
            "on",
            "2/28",
            "\u2022",
            "Project",
            "2",
            ":",
            "due",
            "on",
            "3/18",
            "\u2022",
            "Midterm",
            "exam",
            "on",
            "Thursday",
            "3/3",
            "\u2022",
            "In-person",
            ",",
            "on",
            "paper",
            ",",
            "closed",
            "book",
            "CS/COE",
            "1550",
            "\u2013",
            "Operating",
            "Systems",
            "\u2013",
            "Sherif",
            "Khattab",
            "2"
        ],
        "labels": [
            "O",
            "O",
            "O",
            "O",
            "O",
            "O",
            "O",
            "O",
            "O",
            "O",
            "O",
            "O",
            "O",
            "O",
            "O",
            "O",
            "O",
            "O",
            "O",
            "O",
            "O",
            "O",
            "O",
            "O",
            "O",
            "O",
            "O",
            "O",
            "O",
            "O",
            "O",
            "O",
            "O",
            "O",
            "O",
            "O",
            "O",
            "O",
            "O",
            "O",
            "O",
            "O",
            "O",
            "O",
            "O",
            "O",
            "O",
            "O",
            "O",
            "O",
            "O",
            "O",
            "O",
            "O"
        ]
    },
    {
        "words": [
            "Previous",
            "lecture",
            "\u2026",
            "\u2022",
            "How",
            "does",
            "the",
            "short-term",
            "scheduler",
            "select",
            "the",
            "next",
            "process",
            "to",
            "run",
            "?",
            "\u2022",
            "FCFS",
            ",",
            "SJF",
            ",",
            "Priority",
            ",",
            "RR",
            "CS/COE",
            "1550",
            "\u2013",
            "Operating",
            "Systems",
            "\u2013",
            "Sherif",
            "Khattab",
            "3"
        ],
        "labels": [
            "O",
            "O",
            "O",
            "O",
            "O",
            "O",
            "O",
            "B",
            "I",
            "O",
            "O",
            "O",
            "O",
            "O",
            "O",
            "O",
            "O",
            "B",
            "O",
            "B",
            "O",
            "B",
            "O",
            "B",
            "O",
            "O",
            "O",
            "O",
            "O",
            "O",
            "O",
            "O",
            "O"
        ]
    },
    {
        "words": [
            "Muddiest",
            "Points",
            "(",
            "Scheduling",
            ")",
            "\u2022",
            "can",
            "a",
            "mix",
            "of",
            "scheduling",
            "algorithms",
            "be",
            "utilized",
            "by",
            "the",
            "scheduler",
            "?",
            "\u2022",
            "What",
            "makes",
            "the",
            "priorities",
            "algorithm",
            "significantly",
            "different",
            "from",
            "the",
            "shortest",
            "process",
            "first",
            "algorithm",
            "?",
            "\u2022",
            "How",
            "does",
            "First",
            "Come",
            "First",
            "Serve",
            "avoid",
            "starvation",
            "?",
            "What",
            "if",
            "a",
            "process",
            "runs",
            "indefinitely",
            "?",
            "\u2022",
            "What",
            "is",
            "the",
            "most",
            "commonly",
            "used",
            "in",
            "modern",
            "computer",
            "design",
            "?",
            "\u2022",
            "Convoy",
            "Effect",
            "\u2022",
            "In",
            "some",
            "points",
            ",",
            "we",
            "use",
            "Service",
            "Time",
            "for",
            "finding",
            "out",
            "which",
            "process",
            "is",
            "short",
            "time",
            ",",
            "is",
            "there",
            "any",
            "table",
            "that",
            "has",
            "the",
            "times",
            "of",
            "all",
            "process",
            "?",
            "or",
            "cpu",
            "or",
            "user",
            "predict",
            "these",
            "times",
            "?",
            "\u2022",
            "non-preemptive",
            "versus",
            "pre-emptive",
            "\u2022",
            "First",
            "Come",
            "First",
            "Serve",
            "Scheduling",
            "and",
            "Arrival",
            "Time",
            "how",
            "they",
            "work",
            "together",
            "CS/COE",
            "1550",
            "\u2013",
            "Operating",
            "Systems",
            "\u2013",
            "Sherif",
            "Khattab",
            "4"
        ],
        "labels": [
            "B",
            "I",
            "O",
            "O",
            "O",
            "O",
            "O",
            "O",
            "O",
            "O",
            "B",
            "I",
            "O",
            "O",
            "O",
            "O",
            "O",
            "O",
            "O",
            "O",
            "O",
            "O",
            "B",
            "I",
            "O",
            "O",
            "O",
            "O",
            "B",
            "I",
            "I",
            "I",
            "O",
            "O",
            "O",
            "O",
            "B",
            "I",
            "I",
            "I",
            "O",
            "B",
            "O",
            "O",
            "O",
            "O",
            "O",
            "O",
            "O",
            "O",
            "O",
            "O",
            "O",
            "O",
            "O",
            "O",
            "O",
            "O",
            "O",
            "O",
            "O",
            "O",
            "O",
            "O",
            "O",
            "O",
            "O",
            "O",
            "O",
            "O",
            "O",
            "O",
            "B",
            "I",
            "O",
            "O",
            "O",
            "O",
            "O",
            "O",
            "O",
            "O",
            "O",
            "O",
            "O",
            "O",
            "O",
            "O",
            "O",
            "O",
            "O",
            "O",
            "O",
            "O",
            "O",
            "O",
            "O",
            "O",
            "O",
            "O",
            "O",
            "O",
            "O",
            "O",
            "B",
            "O",
            "B",
            "O",
            "B",
            "I",
            "I",
            "I",
            "O",
            "O",
            "B",
            "I",
            "O",
            "O",
            "O",
            "O",
            "O",
            "O",
            "O",
            "O",
            "O",
            "O",
            "O",
            "O",
            "O"
        ]
    },
    {
        "words": [
            "Muddiest",
            "Points",
            "(",
            "Round",
            "Robin",
            ")",
            "\u2022",
            "Why",
            "does",
            "making",
            "the",
            "time",
            "quantum",
            "much",
            "longer",
            "than",
            "the",
            "CPU",
            "burst",
            "penalize",
            "I/O",
            "bound",
            "processes",
            "?",
            "\u2022",
            "What",
            "actually",
            "is",
            "``",
            "quantum",
            "''",
            "?",
            "Is",
            "it",
            "something",
            "that",
            "can",
            "be",
            "implemented",
            "?",
            "Or",
            "is",
            "it",
            "just",
            "conceptual",
            "\u2022",
            "quantum/time",
            "slice",
            "size",
            "choice",
            "\u2022",
            "Can",
            "the",
            "round-robin",
            "time",
            "quantum",
            "be",
            "dynamically",
            "selected",
            "?",
            "\u2022",
            "Round",
            "robin",
            "vs",
            "FCFS",
            "CS/COE",
            "1550",
            "\u2013",
            "Operating",
            "Systems",
            "\u2013",
            "Sherif",
            "Khattab",
            "5"
        ],
        "labels": [
            "B",
            "I",
            "O",
            "B",
            "I",
            "O",
            "O",
            "O",
            "O",
            "O",
            "O",
            "B",
            "I",
            "O",
            "O",
            "O",
            "O",
            "O",
            "O",
            "O",
            "B",
            "I",
            "I",
            "O",
            "O",
            "O",
            "O",
            "O",
            "O",
            "O",
            "O",
            "O",
            "O",
            "O",
            "O",
            "O",
            "O",
            "O",
            "O",
            "O",
            "O",
            "O",
            "O",
            "O",
            "O",
            "O",
            "O",
            "O",
            "O",
            "O",
            "O",
            "O",
            "O",
            "O",
            "B",
            "I",
            "O",
            "O",
            "O",
            "O",
            "O",
            "B",
            "I",
            "O",
            "B",
            "O",
            "O",
            "O",
            "O",
            "O",
            "O",
            "O",
            "O",
            "O"
        ]
    },
    {
        "words": [
            "Muddiest",
            "Points",
            "(",
            "misc",
            ".",
            ")",
            "\u2022",
            "Will",
            "practice",
            "exam",
            "be",
            "posted",
            "\u2022",
            "I",
            "'m",
            "from",
            "the",
            "future",
            "and",
            "Thoth",
            "went",
            "down",
            "again",
            ".",
            "Project",
            "2",
            "extension",
            "?",
            "\u2022",
            "What",
            "specific",
            "material",
            "is",
            "covered",
            "on",
            "the",
            "midterm",
            "exam",
            "?",
            "I",
            "'m",
            "somewhat",
            "unclear",
            "on",
            "that",
            "question",
            ".",
            "CS/COE",
            "1550",
            "\u2013",
            "Operating",
            "Systems",
            "\u2013",
            "Sherif",
            "Khattab",
            "6"
        ],
        "labels": [
            "B",
            "I",
            "O",
            "O",
            "O",
            "O",
            "O",
            "O",
            "O",
            "O",
            "O",
            "O",
            "O",
            "O",
            "O",
            "O",
            "O",
            "O",
            "O",
            "O",
            "O",
            "O",
            "O",
            "O",
            "O",
            "O",
            "O",
            "O",
            "O",
            "O",
            "O",
            "O",
            "O",
            "O",
            "O",
            "O",
            "O",
            "O",
            "O",
            "O",
            "O",
            "O",
            "O",
            "O",
            "O",
            "O",
            "O",
            "O",
            "O",
            "O",
            "O",
            "O",
            "O",
            "O",
            "O",
            "O"
        ]
    },
    {
        "words": [
            "Problem",
            "of",
            "the",
            "Day",
            ":",
            "CPU",
            "Scheduling",
            "How",
            "does",
            "the",
            "short-term",
            "scheduler",
            "select",
            "the",
            "next",
            "process",
            "to",
            "run",
            "?",
            "CS",
            "1550",
            "\u2013",
            "Operating",
            "Systems",
            "\u2013",
            "Sherif",
            "Khattab",
            "7"
        ],
        "labels": [
            "O",
            "O",
            "O",
            "O",
            "O",
            "O",
            "O",
            "O",
            "O",
            "O",
            "B",
            "I",
            "O",
            "O",
            "O",
            "O",
            "O",
            "O",
            "O",
            "O",
            "O",
            "O",
            "O",
            "O",
            "O",
            "O",
            "O",
            "O"
        ]
    },
    {
        "words": [
            "Multilevel",
            "Feedback",
            "Scheduling",
            "\u2022",
            "Preemptive",
            "scheduling",
            "with",
            "dynamic",
            "priorities",
            "\u2022",
            "N",
            "ready",
            "to",
            "execute",
            "queues",
            "with",
            "decreasing",
            "priorities",
            ":",
            "\u2022",
            "P",
            "(",
            "RQ0",
            ")",
            ">",
            "P",
            "(",
            "RQ1",
            ")",
            ">",
            "...",
            ">",
            "P",
            "(",
            "RQN-1",
            ")",
            "\u2022",
            "Dispatcher",
            "selects",
            "a",
            "process",
            "for",
            "execution",
            "from",
            "RQi",
            "only",
            "if",
            "RQi-1",
            "to",
            "RQ0",
            "are",
            "empty",
            "CS/COE",
            "1550",
            "\u2013",
            "Operating",
            "Systems",
            "\u2013",
            "Sherif",
            "Khattab",
            "8"
        ],
        "labels": [
            "B",
            "I",
            "I",
            "O",
            "O",
            "O",
            "O",
            "B",
            "I",
            "O",
            "B",
            "I",
            "I",
            "I",
            "I",
            "O",
            "O",
            "O",
            "O",
            "O",
            "O",
            "O",
            "O",
            "O",
            "O",
            "O",
            "O",
            "O",
            "O",
            "O",
            "O",
            "O",
            "O",
            "O",
            "O",
            "O",
            "O",
            "O",
            "O",
            "O",
            "O",
            "O",
            "O",
            "O",
            "O",
            "O",
            "O",
            "O",
            "O",
            "O",
            "O",
            "O",
            "O",
            "O",
            "O",
            "O",
            "O",
            "O",
            "O",
            "O",
            "O"
        ]
    },
    {
        "words": [
            "Multilevel",
            "Feedback",
            "Scheduling",
            "\u2022",
            "New",
            "process",
            "are",
            "placed",
            "in",
            "RQ0",
            "\u2022",
            "After",
            "the",
            "first",
            "quantum",
            ",",
            "they",
            "are",
            "moved",
            "to",
            "RQ1",
            ",",
            "and",
            "to",
            "RQ2",
            "after",
            "the",
            "second",
            "quantum",
            ",",
            "\u2026",
            "and",
            "to",
            "RQN-1",
            "after",
            "the",
            "Nth",
            "quantum",
            "\u2022",
            "I/O-bound",
            "processes",
            "remain",
            "in",
            "higher",
            "priority",
            "queues",
            ".",
            "\u2022",
            "CPU-bound",
            "jobs",
            "drift",
            "downward",
            ".",
            "\u2022",
            "Hence",
            ",",
            "long",
            "jobs",
            "may",
            "starve",
            "CS/COE",
            "1550",
            "\u2013",
            "Operating",
            "Systems",
            "\u2013",
            "Sherif",
            "Khattab",
            "9"
        ],
        "labels": [
            "B",
            "I",
            "I",
            "O",
            "O",
            "O",
            "O",
            "O",
            "O",
            "O",
            "O",
            "O",
            "O",
            "O",
            "O",
            "O",
            "O",
            "O",
            "O",
            "O",
            "O",
            "O",
            "O",
            "O",
            "O",
            "O",
            "O",
            "O",
            "O",
            "O",
            "O",
            "O",
            "O",
            "O",
            "O",
            "O",
            "O",
            "O",
            "O",
            "O",
            "O",
            "O",
            "O",
            "O",
            "O",
            "O",
            "O",
            "O",
            "B",
            "I",
            "O",
            "O",
            "O",
            "O",
            "O",
            "O",
            "B",
            "I",
            "O",
            "O",
            "O",
            "O",
            "O",
            "O",
            "O",
            "O",
            "O",
            "O",
            "O"
        ]
    },
    {
        "words": [
            "Multiple",
            "Feedback",
            "Queues",
            "Different",
            "RQs",
            "may",
            "have",
            "different",
            "quantum",
            "values",
            "CS/COE",
            "1550",
            "\u2013",
            "Operating",
            "Systems",
            "\u2013",
            "Sherif",
            "Khattab",
            "10"
        ],
        "labels": [
            "B",
            "I",
            "I",
            "O",
            "O",
            "O",
            "O",
            "O",
            "O",
            "O",
            "O",
            "O",
            "O",
            "O",
            "O",
            "O",
            "O",
            "O",
            "O"
        ]
    },
    {
        "words": [
            "Time",
            "Quantum",
            "for",
            "feedback",
            "Scheduling",
            "\u2022",
            "With",
            "a",
            "fixed",
            "quantum",
            "time",
            ",",
            "the",
            "turn-",
            "around",
            "time",
            "of",
            "longer",
            "processes",
            "can",
            "be",
            "Process",
            "Arrival",
            "Time",
            "Service",
            "Time",
            "high",
            "1",
            "2",
            "0",
            "2",
            "3",
            "6",
            "3",
            "4",
            "4",
            "\u2022",
            "To",
            "alleviate",
            "this",
            "problem",
            ",",
            "the",
            "time",
            "4",
            "5",
            "6",
            "8",
            "5",
            "2",
            "quantum",
            "can",
            "be",
            "increased",
            "based",
            "on",
            "the",
            "depth",
            "of",
            "the",
            "queue",
            "\u2022",
            "Time",
            "quantum",
            "of",
            "RQi",
            "=",
            "2i-1",
            "\u2022",
            "May",
            "still",
            "cause",
            "longer",
            "processes",
            "to",
            "suffer",
            "starvation",
            ".",
            "\u2022",
            "Possible",
            "fix",
            "is",
            "to",
            "promote",
            "a",
            "process",
            "to",
            "higher",
            "queue",
            "after",
            "some",
            "time",
            "CS/COE",
            "1550",
            "\u2013",
            "Operating",
            "Systems",
            "\u2013",
            "Sherif",
            "Khattab",
            "11"
        ],
        "labels": [
            "O",
            "O",
            "O",
            "O",
            "O",
            "O",
            "O",
            "O",
            "O",
            "O",
            "O",
            "O",
            "O",
            "O",
            "O",
            "O",
            "O",
            "O",
            "O",
            "O",
            "O",
            "O",
            "B",
            "I",
            "B",
            "I",
            "O",
            "O",
            "O",
            "O",
            "O",
            "O",
            "O",
            "O",
            "O",
            "O",
            "O",
            "O",
            "O",
            "O",
            "O",
            "O",
            "O",
            "O",
            "O",
            "O",
            "O",
            "O",
            "O",
            "O",
            "O",
            "O",
            "O",
            "O",
            "O",
            "O",
            "O",
            "B",
            "I",
            "I",
            "I",
            "O",
            "O",
            "O",
            "O",
            "O",
            "O",
            "O",
            "O",
            "O",
            "O",
            "O",
            "O",
            "O",
            "O",
            "O",
            "B",
            "O",
            "O",
            "O",
            "O",
            "O",
            "O",
            "O",
            "O",
            "O",
            "O",
            "O",
            "O",
            "O",
            "O",
            "O",
            "O",
            "O",
            "O",
            "O",
            "O",
            "O",
            "O",
            "O",
            "O"
        ]
    },
    {
        "words": [
            "Time",
            "Quantum",
            "for",
            "feedback",
            "Scheduling",
            "\u2022",
            "With",
            "a",
            "fixed",
            "quantum",
            "time",
            ",",
            "the",
            "turn-",
            "around",
            "time",
            "of",
            "longer",
            "processes",
            "can",
            "be",
            "Process",
            "Arrival",
            "Time",
            "Service",
            "Time",
            "high",
            "1",
            "2",
            "0",
            "2",
            "3",
            "6",
            "3",
            "4",
            "4",
            "\u2022",
            "To",
            "alleviate",
            "this",
            "problem",
            ",",
            "the",
            "time",
            "4",
            "5",
            "6",
            "8",
            "5",
            "2",
            "quantum",
            "can",
            "be",
            "increased",
            "based",
            "on",
            "the",
            "depth",
            "of",
            "the",
            "queue",
            "\u2022",
            "Time",
            "quantum",
            "of",
            "RQi",
            "=",
            "2i-1",
            "\u2022",
            "May",
            "still",
            "cause",
            "longer",
            "processes",
            "to",
            "suffer",
            "starvation",
            ".",
            "\u2022",
            "Possible",
            "fix",
            "is",
            "to",
            "promote",
            "a",
            "process",
            "to",
            "higher",
            "queue",
            "after",
            "some",
            "time",
            "CS/COE",
            "1550",
            "\u2013",
            "Operating",
            "Systems",
            "\u2013",
            "Sherif",
            "Khattab",
            "12"
        ],
        "labels": [
            "O",
            "O",
            "O",
            "O",
            "O",
            "O",
            "O",
            "O",
            "O",
            "O",
            "O",
            "O",
            "O",
            "O",
            "O",
            "O",
            "O",
            "O",
            "O",
            "O",
            "O",
            "O",
            "B",
            "I",
            "B",
            "I",
            "O",
            "O",
            "O",
            "O",
            "O",
            "O",
            "O",
            "O",
            "O",
            "O",
            "O",
            "O",
            "O",
            "O",
            "O",
            "O",
            "O",
            "O",
            "O",
            "O",
            "O",
            "O",
            "O",
            "O",
            "O",
            "O",
            "O",
            "O",
            "O",
            "O",
            "O",
            "B",
            "I",
            "I",
            "I",
            "O",
            "O",
            "O",
            "O",
            "O",
            "O",
            "O",
            "O",
            "O",
            "O",
            "O",
            "O",
            "O",
            "O",
            "O",
            "B",
            "O",
            "O",
            "O",
            "O",
            "O",
            "O",
            "O",
            "O",
            "O",
            "O",
            "O",
            "O",
            "O",
            "O",
            "O",
            "O",
            "O",
            "O",
            "O",
            "O",
            "O",
            "O",
            "O",
            "O"
        ]
    },
    {
        "words": [
            "Time",
            "Quantum",
            "for",
            "feedback",
            "Scheduling",
            "\u2022",
            "With",
            "a",
            "fixed",
            "quantum",
            "time",
            ",",
            "the",
            "turn-",
            "around",
            "time",
            "of",
            "longer",
            "processes",
            "can",
            "be",
            "Process",
            "Arrival",
            "Time",
            "Service",
            "Time",
            "high",
            "1",
            "2",
            "0",
            "2",
            "3",
            "6",
            "3",
            "4",
            "4",
            "\u2022",
            "To",
            "alleviate",
            "this",
            "problem",
            ",",
            "the",
            "time",
            "4",
            "5",
            "6",
            "8",
            "5",
            "2",
            "quantum",
            "can",
            "be",
            "increased",
            "based",
            "on",
            "the",
            "depth",
            "of",
            "the",
            "queue",
            "\u2022",
            "Time",
            "quantum",
            "of",
            "RQi",
            "=",
            "2i-1",
            "\u2022",
            "May",
            "still",
            "cause",
            "longer",
            "processes",
            "to",
            "suffer",
            "starvation",
            ".",
            "\u2022",
            "Possible",
            "fix",
            "is",
            "to",
            "promote",
            "a",
            "process",
            "to",
            "higher",
            "queue",
            "after",
            "some",
            "time",
            "CS/COE",
            "1550",
            "\u2013",
            "Operating",
            "Systems",
            "\u2013",
            "Sherif",
            "Khattab",
            "13"
        ],
        "labels": [
            "O",
            "O",
            "O",
            "O",
            "O",
            "O",
            "O",
            "O",
            "O",
            "O",
            "O",
            "O",
            "O",
            "O",
            "O",
            "O",
            "O",
            "O",
            "O",
            "O",
            "O",
            "O",
            "B",
            "I",
            "B",
            "I",
            "O",
            "O",
            "O",
            "O",
            "O",
            "O",
            "O",
            "O",
            "O",
            "O",
            "O",
            "O",
            "O",
            "O",
            "O",
            "O",
            "O",
            "O",
            "O",
            "O",
            "O",
            "O",
            "O",
            "O",
            "O",
            "O",
            "O",
            "O",
            "O",
            "O",
            "O",
            "B",
            "I",
            "I",
            "I",
            "O",
            "O",
            "O",
            "O",
            "O",
            "O",
            "O",
            "O",
            "O",
            "O",
            "O",
            "O",
            "O",
            "O",
            "O",
            "B",
            "O",
            "O",
            "O",
            "O",
            "O",
            "O",
            "O",
            "O",
            "O",
            "O",
            "O",
            "O",
            "O",
            "O",
            "O",
            "O",
            "O",
            "O",
            "O",
            "O",
            "O",
            "O",
            "O",
            "O"
        ]
    },
    {
        "words": [
            "Time",
            "Quantum",
            "for",
            "feedback",
            "Scheduling",
            "\u2022",
            "With",
            "a",
            "fixed",
            "quantum",
            "time",
            ",",
            "the",
            "turn-",
            "around",
            "time",
            "of",
            "longer",
            "processes",
            "can",
            "be",
            "Process",
            "Arrival",
            "Time",
            "Service",
            "Time",
            "high",
            "1",
            "2",
            "0",
            "2",
            "3",
            "6",
            "3",
            "4",
            "4",
            "\u2022",
            "To",
            "alleviate",
            "this",
            "problem",
            ",",
            "the",
            "time",
            "4",
            "5",
            "6",
            "8",
            "5",
            "2",
            "quantum",
            "can",
            "be",
            "increased",
            "based",
            "on",
            "the",
            "depth",
            "of",
            "the",
            "queue",
            "\u2022",
            "Time",
            "quantum",
            "of",
            "RQi",
            "=",
            "2i-1",
            "\u2022",
            "May",
            "still",
            "cause",
            "longer",
            "processes",
            "to",
            "suffer",
            "starvation",
            ".",
            "\u2022",
            "Possible",
            "fix",
            "is",
            "to",
            "promote",
            "a",
            "process",
            "to",
            "higher",
            "queue",
            "after",
            "some",
            "time",
            "CS/COE",
            "1550",
            "\u2013",
            "Operating",
            "Systems",
            "\u2013",
            "Sherif",
            "Khattab",
            "14"
        ],
        "labels": [
            "O",
            "O",
            "O",
            "O",
            "O",
            "O",
            "O",
            "O",
            "O",
            "O",
            "O",
            "O",
            "O",
            "O",
            "O",
            "O",
            "O",
            "O",
            "O",
            "O",
            "O",
            "O",
            "B",
            "I",
            "B",
            "I",
            "O",
            "O",
            "O",
            "O",
            "O",
            "O",
            "O",
            "O",
            "O",
            "O",
            "O",
            "O",
            "O",
            "O",
            "O",
            "O",
            "O",
            "O",
            "O",
            "O",
            "O",
            "O",
            "O",
            "O",
            "O",
            "O",
            "O",
            "O",
            "O",
            "O",
            "O",
            "B",
            "I",
            "I",
            "I",
            "O",
            "O",
            "O",
            "O",
            "O",
            "O",
            "O",
            "O",
            "O",
            "O",
            "O",
            "O",
            "O",
            "O",
            "O",
            "B",
            "O",
            "O",
            "O",
            "O",
            "O",
            "O",
            "O",
            "O",
            "O",
            "O",
            "O",
            "O",
            "O",
            "O",
            "O",
            "O",
            "O",
            "O",
            "O",
            "O",
            "O",
            "O",
            "O",
            "O"
        ]
    },
    {
        "words": [
            "Time",
            "Quantum",
            "for",
            "feedback",
            "Scheduling",
            "\u2022",
            "With",
            "a",
            "fixed",
            "quantum",
            "time",
            ",",
            "the",
            "turn-",
            "around",
            "time",
            "of",
            "longer",
            "processes",
            "can",
            "be",
            "Process",
            "Arrival",
            "Time",
            "Service",
            "Time",
            "high",
            "1",
            "2",
            "0",
            "2",
            "3",
            "6",
            "3",
            "4",
            "4",
            "\u2022",
            "To",
            "alleviate",
            "this",
            "problem",
            ",",
            "the",
            "time",
            "4",
            "5",
            "6",
            "8",
            "5",
            "2",
            "quantum",
            "can",
            "be",
            "increased",
            "based",
            "on",
            "the",
            "depth",
            "of",
            "the",
            "queue",
            "\u2022",
            "Time",
            "quantum",
            "of",
            "RQi",
            "=",
            "2i-1",
            "\u2022",
            "May",
            "still",
            "cause",
            "longer",
            "processes",
            "to",
            "suffer",
            "starvation",
            ".",
            "\u2022",
            "Possible",
            "fix",
            "is",
            "to",
            "promote",
            "a",
            "process",
            "to",
            "higher",
            "queue",
            "after",
            "some",
            "time",
            "CS/COE",
            "1550",
            "\u2013",
            "Operating",
            "Systems",
            "\u2013",
            "Sherif",
            "Khattab",
            "15"
        ],
        "labels": [
            "O",
            "O",
            "O",
            "O",
            "O",
            "O",
            "O",
            "O",
            "O",
            "O",
            "O",
            "O",
            "O",
            "O",
            "O",
            "O",
            "O",
            "O",
            "O",
            "O",
            "O",
            "O",
            "B",
            "I",
            "B",
            "I",
            "O",
            "O",
            "O",
            "O",
            "O",
            "O",
            "O",
            "O",
            "O",
            "O",
            "O",
            "O",
            "O",
            "O",
            "O",
            "O",
            "O",
            "O",
            "O",
            "O",
            "O",
            "O",
            "O",
            "O",
            "O",
            "O",
            "O",
            "O",
            "O",
            "O",
            "O",
            "B",
            "I",
            "I",
            "I",
            "O",
            "O",
            "O",
            "O",
            "O",
            "O",
            "O",
            "O",
            "O",
            "O",
            "O",
            "O",
            "O",
            "O",
            "O",
            "B",
            "O",
            "O",
            "O",
            "O",
            "O",
            "O",
            "O",
            "O",
            "O",
            "O",
            "O",
            "O",
            "O",
            "O",
            "O",
            "O",
            "O",
            "O",
            "O",
            "O",
            "O",
            "O",
            "O",
            "O"
        ]
    },
    {
        "words": [
            "Time",
            "Quantum",
            "for",
            "feedback",
            "Scheduling",
            "\u2022",
            "With",
            "a",
            "fixed",
            "quantum",
            "time",
            ",",
            "the",
            "turn-",
            "around",
            "time",
            "of",
            "longer",
            "processes",
            "can",
            "be",
            "Process",
            "Arrival",
            "Time",
            "Service",
            "Time",
            "high",
            "1",
            "2",
            "0",
            "2",
            "3",
            "6",
            "3",
            "4",
            "4",
            "\u2022",
            "To",
            "alleviate",
            "this",
            "problem",
            ",",
            "the",
            "time",
            "4",
            "5",
            "6",
            "8",
            "5",
            "2",
            "quantum",
            "can",
            "be",
            "increased",
            "based",
            "on",
            "the",
            "depth",
            "of",
            "the",
            "queue",
            "\u2022",
            "Time",
            "quantum",
            "of",
            "RQi",
            "=",
            "2i-1",
            "\u2022",
            "May",
            "still",
            "cause",
            "longer",
            "processes",
            "to",
            "suffer",
            "starvation",
            ".",
            "\u2022",
            "Possible",
            "fix",
            "is",
            "to",
            "promote",
            "a",
            "process",
            "to",
            "higher",
            "queue",
            "after",
            "some",
            "time",
            "CS/COE",
            "1550",
            "\u2013",
            "Operating",
            "Systems",
            "\u2013",
            "Sherif",
            "Khattab",
            "16"
        ],
        "labels": [
            "O",
            "O",
            "O",
            "O",
            "O",
            "O",
            "O",
            "O",
            "O",
            "O",
            "O",
            "O",
            "O",
            "O",
            "O",
            "O",
            "O",
            "O",
            "O",
            "O",
            "O",
            "O",
            "B",
            "I",
            "B",
            "I",
            "O",
            "O",
            "O",
            "O",
            "O",
            "O",
            "O",
            "O",
            "O",
            "O",
            "O",
            "O",
            "O",
            "O",
            "O",
            "O",
            "O",
            "O",
            "O",
            "O",
            "O",
            "O",
            "O",
            "O",
            "O",
            "O",
            "O",
            "O",
            "O",
            "O",
            "O",
            "B",
            "I",
            "I",
            "I",
            "O",
            "O",
            "O",
            "O",
            "O",
            "O",
            "O",
            "O",
            "O",
            "O",
            "O",
            "O",
            "O",
            "O",
            "O",
            "B",
            "O",
            "O",
            "O",
            "O",
            "O",
            "O",
            "O",
            "O",
            "O",
            "O",
            "O",
            "O",
            "O",
            "O",
            "O",
            "O",
            "O",
            "O",
            "O",
            "O",
            "O",
            "O",
            "O",
            "O"
        ]
    },
    {
        "words": [
            "Time",
            "Quantum",
            "for",
            "feedback",
            "Scheduling",
            "\u2022",
            "With",
            "a",
            "fixed",
            "quantum",
            "time",
            ",",
            "the",
            "turn-",
            "around",
            "time",
            "of",
            "longer",
            "processes",
            "can",
            "be",
            "Process",
            "Arrival",
            "Time",
            "Service",
            "Time",
            "high",
            "1",
            "2",
            "0",
            "2",
            "3",
            "6",
            "3",
            "4",
            "4",
            "\u2022",
            "To",
            "alleviate",
            "this",
            "problem",
            ",",
            "the",
            "time",
            "4",
            "5",
            "6",
            "8",
            "5",
            "2",
            "quantum",
            "can",
            "be",
            "increased",
            "based",
            "on",
            "the",
            "depth",
            "of",
            "the",
            "queue",
            "\u2022",
            "Time",
            "quantum",
            "of",
            "RQi",
            "=",
            "2i-1",
            "\u2022",
            "May",
            "still",
            "cause",
            "longer",
            "processes",
            "to",
            "suffer",
            "starvation",
            ".",
            "\u2022",
            "Possible",
            "fix",
            "is",
            "to",
            "promote",
            "a",
            "process",
            "to",
            "higher",
            "queue",
            "after",
            "some",
            "time",
            "CS/COE",
            "1550",
            "\u2013",
            "Operating",
            "Systems",
            "\u2013",
            "Sherif",
            "Khattab",
            "17"
        ],
        "labels": [
            "O",
            "O",
            "O",
            "O",
            "O",
            "O",
            "O",
            "O",
            "O",
            "O",
            "O",
            "O",
            "O",
            "O",
            "O",
            "O",
            "O",
            "O",
            "O",
            "O",
            "O",
            "O",
            "B",
            "I",
            "B",
            "I",
            "O",
            "O",
            "O",
            "O",
            "O",
            "O",
            "O",
            "O",
            "O",
            "O",
            "O",
            "O",
            "O",
            "O",
            "O",
            "O",
            "O",
            "O",
            "O",
            "O",
            "O",
            "O",
            "O",
            "O",
            "O",
            "O",
            "O",
            "O",
            "O",
            "O",
            "O",
            "B",
            "I",
            "I",
            "I",
            "O",
            "O",
            "O",
            "O",
            "O",
            "O",
            "O",
            "O",
            "O",
            "O",
            "O",
            "O",
            "O",
            "O",
            "O",
            "B",
            "O",
            "O",
            "O",
            "O",
            "O",
            "O",
            "O",
            "O",
            "O",
            "O",
            "O",
            "O",
            "O",
            "O",
            "O",
            "O",
            "O",
            "O",
            "O",
            "O",
            "O",
            "O",
            "O",
            "O"
        ]
    },
    {
        "words": [
            "Time",
            "Quantum",
            "for",
            "feedback",
            "Scheduling",
            "\u2022",
            "With",
            "a",
            "fixed",
            "quantum",
            "time",
            ",",
            "the",
            "turn-",
            "around",
            "time",
            "of",
            "longer",
            "processes",
            "can",
            "be",
            "Process",
            "Arrival",
            "Time",
            "Service",
            "Time",
            "high",
            "1",
            "2",
            "0",
            "2",
            "3",
            "6",
            "3",
            "4",
            "4",
            "\u2022",
            "To",
            "alleviate",
            "this",
            "problem",
            ",",
            "the",
            "time",
            "4",
            "5",
            "6",
            "8",
            "5",
            "2",
            "quantum",
            "can",
            "be",
            "increased",
            "based",
            "on",
            "the",
            "depth",
            "of",
            "the",
            "queue",
            "\u2022",
            "Time",
            "quantum",
            "of",
            "RQi",
            "=",
            "2i-1",
            "\u2022",
            "May",
            "still",
            "cause",
            "longer",
            "processes",
            "to",
            "suffer",
            "starvation",
            ".",
            "\u2022",
            "Possible",
            "fix",
            "is",
            "to",
            "promote",
            "a",
            "process",
            "to",
            "higher",
            "queue",
            "after",
            "some",
            "time",
            "CS/COE",
            "1550",
            "\u2013",
            "Operating",
            "Systems",
            "\u2013",
            "Sherif",
            "Khattab",
            "18"
        ],
        "labels": [
            "O",
            "O",
            "O",
            "O",
            "O",
            "O",
            "O",
            "O",
            "O",
            "O",
            "O",
            "O",
            "O",
            "O",
            "O",
            "O",
            "O",
            "O",
            "O",
            "O",
            "O",
            "O",
            "B",
            "I",
            "B",
            "I",
            "O",
            "O",
            "O",
            "O",
            "O",
            "O",
            "O",
            "O",
            "O",
            "O",
            "O",
            "O",
            "O",
            "O",
            "O",
            "O",
            "O",
            "O",
            "O",
            "O",
            "O",
            "O",
            "O",
            "O",
            "O",
            "O",
            "O",
            "O",
            "O",
            "O",
            "O",
            "B",
            "I",
            "I",
            "I",
            "O",
            "O",
            "O",
            "O",
            "O",
            "O",
            "O",
            "O",
            "O",
            "O",
            "O",
            "O",
            "O",
            "O",
            "O",
            "B",
            "O",
            "O",
            "O",
            "O",
            "O",
            "O",
            "O",
            "O",
            "O",
            "O",
            "O",
            "O",
            "O",
            "O",
            "O",
            "O",
            "O",
            "O",
            "O",
            "O",
            "O",
            "O",
            "O",
            "O"
        ]
    },
    {
        "words": [
            "Time",
            "Quantum",
            "for",
            "feedback",
            "Scheduling",
            "\u2022",
            "With",
            "a",
            "fixed",
            "quantum",
            "time",
            ",",
            "the",
            "turn-",
            "around",
            "time",
            "of",
            "longer",
            "processes",
            "can",
            "be",
            "Process",
            "Arrival",
            "Time",
            "Service",
            "Time",
            "high",
            "1",
            "2",
            "0",
            "2",
            "3",
            "6",
            "3",
            "4",
            "4",
            "\u2022",
            "To",
            "alleviate",
            "this",
            "problem",
            ",",
            "the",
            "time",
            "4",
            "5",
            "6",
            "8",
            "5",
            "2",
            "quantum",
            "can",
            "be",
            "increased",
            "based",
            "on",
            "the",
            "depth",
            "of",
            "the",
            "queue",
            "\u2022",
            "Time",
            "quantum",
            "of",
            "RQi",
            "=",
            "2i-1",
            "\u2022",
            "May",
            "still",
            "cause",
            "longer",
            "processes",
            "to",
            "suffer",
            "starvation",
            ".",
            "\u2022",
            "Possible",
            "fix",
            "is",
            "to",
            "promote",
            "a",
            "process",
            "to",
            "higher",
            "queue",
            "after",
            "some",
            "time",
            "CS/COE",
            "1550",
            "\u2013",
            "Operating",
            "Systems",
            "\u2013",
            "Sherif",
            "Khattab",
            "19"
        ],
        "labels": [
            "O",
            "O",
            "O",
            "O",
            "O",
            "O",
            "O",
            "O",
            "O",
            "O",
            "O",
            "O",
            "O",
            "O",
            "O",
            "O",
            "O",
            "O",
            "O",
            "O",
            "O",
            "O",
            "B",
            "I",
            "B",
            "I",
            "O",
            "O",
            "O",
            "O",
            "O",
            "O",
            "O",
            "O",
            "O",
            "O",
            "O",
            "O",
            "O",
            "O",
            "O",
            "O",
            "O",
            "O",
            "O",
            "O",
            "O",
            "O",
            "O",
            "O",
            "O",
            "O",
            "O",
            "O",
            "O",
            "O",
            "O",
            "B",
            "I",
            "I",
            "I",
            "O",
            "O",
            "O",
            "O",
            "O",
            "O",
            "O",
            "O",
            "O",
            "O",
            "O",
            "O",
            "O",
            "O",
            "O",
            "B",
            "O",
            "O",
            "O",
            "O",
            "O",
            "O",
            "O",
            "O",
            "O",
            "O",
            "O",
            "O",
            "O",
            "O",
            "O",
            "O",
            "O",
            "O",
            "O",
            "O",
            "O",
            "O",
            "O",
            "O"
        ]
    },
    {
        "words": [
            "Time",
            "Quantum",
            "for",
            "feedback",
            "Scheduling",
            "\u2022",
            "With",
            "a",
            "fixed",
            "quantum",
            "time",
            ",",
            "the",
            "turn-",
            "around",
            "time",
            "of",
            "longer",
            "processes",
            "can",
            "be",
            "Process",
            "Arrival",
            "Time",
            "Service",
            "Time",
            "high",
            "1",
            "2",
            "0",
            "2",
            "3",
            "6",
            "3",
            "4",
            "4",
            "\u2022",
            "To",
            "alleviate",
            "this",
            "problem",
            ",",
            "the",
            "time",
            "4",
            "5",
            "6",
            "8",
            "5",
            "2",
            "quantum",
            "can",
            "be",
            "increased",
            "based",
            "on",
            "the",
            "depth",
            "of",
            "the",
            "queue",
            "\u2022",
            "Time",
            "quantum",
            "of",
            "RQi",
            "=",
            "2i-1",
            "\u2022",
            "May",
            "still",
            "cause",
            "longer",
            "processes",
            "to",
            "suffer",
            "starvation",
            ".",
            "\u2022",
            "Possible",
            "fix",
            "is",
            "to",
            "promote",
            "a",
            "process",
            "to",
            "higher",
            "queue",
            "after",
            "some",
            "time",
            "CS/COE",
            "1550",
            "\u2013",
            "Operating",
            "Systems",
            "\u2013",
            "Sherif",
            "Khattab",
            "20"
        ],
        "labels": [
            "O",
            "O",
            "O",
            "O",
            "O",
            "O",
            "O",
            "O",
            "O",
            "O",
            "O",
            "O",
            "O",
            "O",
            "O",
            "O",
            "O",
            "O",
            "O",
            "O",
            "O",
            "O",
            "B",
            "I",
            "B",
            "I",
            "O",
            "O",
            "O",
            "O",
            "O",
            "O",
            "O",
            "O",
            "O",
            "O",
            "O",
            "O",
            "O",
            "O",
            "O",
            "O",
            "O",
            "O",
            "O",
            "O",
            "O",
            "O",
            "O",
            "O",
            "O",
            "O",
            "O",
            "O",
            "O",
            "O",
            "O",
            "B",
            "I",
            "I",
            "I",
            "O",
            "O",
            "O",
            "O",
            "O",
            "O",
            "O",
            "O",
            "O",
            "O",
            "O",
            "O",
            "O",
            "O",
            "O",
            "B",
            "O",
            "O",
            "O",
            "O",
            "O",
            "O",
            "O",
            "O",
            "O",
            "O",
            "O",
            "O",
            "O",
            "O",
            "O",
            "O",
            "O",
            "O",
            "O",
            "O",
            "O",
            "O",
            "O",
            "O"
        ]
    },
    {
        "words": [
            "Time",
            "Quantum",
            "for",
            "feedback",
            "Scheduling",
            "\u2022",
            "With",
            "a",
            "fixed",
            "quantum",
            "time",
            ",",
            "the",
            "turn-",
            "around",
            "time",
            "of",
            "longer",
            "processes",
            "can",
            "be",
            "Process",
            "Arrival",
            "Time",
            "Service",
            "Time",
            "high",
            "1",
            "2",
            "0",
            "2",
            "3",
            "6",
            "3",
            "4",
            "4",
            "\u2022",
            "To",
            "alleviate",
            "this",
            "problem",
            ",",
            "the",
            "time",
            "4",
            "5",
            "6",
            "8",
            "5",
            "2",
            "quantum",
            "can",
            "be",
            "increased",
            "based",
            "on",
            "the",
            "depth",
            "of",
            "the",
            "queue",
            "\u2022",
            "Time",
            "quantum",
            "of",
            "RQi",
            "=",
            "2i-1",
            "\u2022",
            "May",
            "still",
            "cause",
            "longer",
            "processes",
            "to",
            "suffer",
            "starvation",
            ".",
            "\u2022",
            "Possible",
            "fix",
            "is",
            "to",
            "promote",
            "a",
            "process",
            "to",
            "higher",
            "queue",
            "after",
            "some",
            "time",
            "CS/COE",
            "1550",
            "\u2013",
            "Operating",
            "Systems",
            "\u2013",
            "Sherif",
            "Khattab",
            "21"
        ],
        "labels": [
            "O",
            "O",
            "O",
            "O",
            "O",
            "O",
            "O",
            "O",
            "O",
            "O",
            "O",
            "O",
            "O",
            "O",
            "O",
            "O",
            "O",
            "O",
            "O",
            "O",
            "O",
            "O",
            "B",
            "I",
            "B",
            "I",
            "O",
            "O",
            "O",
            "O",
            "O",
            "O",
            "O",
            "O",
            "O",
            "O",
            "O",
            "O",
            "O",
            "O",
            "O",
            "O",
            "O",
            "O",
            "O",
            "O",
            "O",
            "O",
            "O",
            "O",
            "O",
            "O",
            "O",
            "O",
            "O",
            "O",
            "O",
            "B",
            "I",
            "I",
            "I",
            "O",
            "O",
            "O",
            "O",
            "O",
            "O",
            "O",
            "O",
            "O",
            "O",
            "O",
            "O",
            "O",
            "O",
            "O",
            "B",
            "O",
            "O",
            "O",
            "O",
            "O",
            "O",
            "O",
            "O",
            "O",
            "O",
            "O",
            "O",
            "O",
            "O",
            "O",
            "O",
            "O",
            "O",
            "O",
            "O",
            "O",
            "O",
            "O",
            "O"
        ]
    },
    {
        "words": [
            "Time",
            "Quantum",
            "for",
            "feedback",
            "Scheduling",
            "\u2022",
            "With",
            "a",
            "fixed",
            "quantum",
            "time",
            ",",
            "the",
            "turn-",
            "around",
            "time",
            "of",
            "longer",
            "processes",
            "can",
            "be",
            "Process",
            "Arrival",
            "Time",
            "Service",
            "Time",
            "high",
            "1",
            "2",
            "0",
            "2",
            "3",
            "6",
            "3",
            "4",
            "4",
            "\u2022",
            "To",
            "alleviate",
            "this",
            "problem",
            ",",
            "the",
            "time",
            "4",
            "5",
            "6",
            "8",
            "5",
            "2",
            "quantum",
            "can",
            "be",
            "increased",
            "based",
            "on",
            "the",
            "depth",
            "of",
            "the",
            "queue",
            "\u2022",
            "Time",
            "quantum",
            "of",
            "RQi",
            "=",
            "2i-1",
            "\u2022",
            "May",
            "still",
            "cause",
            "longer",
            "processes",
            "to",
            "suffer",
            "starvation",
            ".",
            "\u2022",
            "Possible",
            "fix",
            "is",
            "to",
            "promote",
            "a",
            "process",
            "to",
            "higher",
            "queue",
            "after",
            "some",
            "time",
            "CS/COE",
            "1550",
            "\u2013",
            "Operating",
            "Systems",
            "\u2013",
            "Sherif",
            "Khattab",
            "22"
        ],
        "labels": [
            "O",
            "O",
            "O",
            "O",
            "O",
            "O",
            "O",
            "O",
            "O",
            "O",
            "O",
            "O",
            "O",
            "O",
            "O",
            "O",
            "O",
            "O",
            "O",
            "O",
            "O",
            "O",
            "B",
            "I",
            "B",
            "I",
            "O",
            "O",
            "O",
            "O",
            "O",
            "O",
            "O",
            "O",
            "O",
            "O",
            "O",
            "O",
            "O",
            "O",
            "O",
            "O",
            "O",
            "O",
            "O",
            "O",
            "O",
            "O",
            "O",
            "O",
            "O",
            "O",
            "O",
            "O",
            "O",
            "O",
            "O",
            "B",
            "I",
            "I",
            "I",
            "O",
            "O",
            "O",
            "O",
            "O",
            "O",
            "O",
            "O",
            "O",
            "O",
            "O",
            "O",
            "O",
            "O",
            "O",
            "B",
            "O",
            "O",
            "O",
            "O",
            "O",
            "O",
            "O",
            "O",
            "O",
            "O",
            "O",
            "O",
            "O",
            "O",
            "O",
            "O",
            "O",
            "O",
            "O",
            "O",
            "O",
            "O",
            "O",
            "O"
        ]
    },
    {
        "words": [
            "Time",
            "Quantum",
            "for",
            "feedback",
            "Scheduling",
            "\u2022",
            "With",
            "a",
            "fixed",
            "quantum",
            "time",
            ",",
            "the",
            "turn-",
            "around",
            "time",
            "of",
            "longer",
            "processes",
            "can",
            "be",
            "Process",
            "Arrival",
            "Time",
            "Service",
            "Time",
            "high",
            "1",
            "2",
            "0",
            "2",
            "3",
            "6",
            "3",
            "4",
            "4",
            "\u2022",
            "To",
            "alleviate",
            "this",
            "problem",
            ",",
            "the",
            "time",
            "4",
            "5",
            "6",
            "8",
            "5",
            "2",
            "quantum",
            "can",
            "be",
            "increased",
            "based",
            "on",
            "the",
            "depth",
            "of",
            "the",
            "queue",
            "\u2022",
            "Time",
            "quantum",
            "of",
            "RQi",
            "=",
            "2i-1",
            "\u2022",
            "May",
            "still",
            "cause",
            "longer",
            "processes",
            "to",
            "suffer",
            "starvation",
            ".",
            "\u2022",
            "Possible",
            "fix",
            "is",
            "to",
            "promote",
            "a",
            "process",
            "to",
            "higher",
            "queue",
            "after",
            "some",
            "time",
            "CS/COE",
            "1550",
            "\u2013",
            "Operating",
            "Systems",
            "\u2013",
            "Sherif",
            "Khattab",
            "23"
        ],
        "labels": [
            "O",
            "O",
            "O",
            "O",
            "O",
            "O",
            "O",
            "O",
            "O",
            "O",
            "O",
            "O",
            "O",
            "O",
            "O",
            "O",
            "O",
            "O",
            "O",
            "O",
            "O",
            "O",
            "B",
            "I",
            "B",
            "I",
            "O",
            "O",
            "O",
            "O",
            "O",
            "O",
            "O",
            "O",
            "O",
            "O",
            "O",
            "O",
            "O",
            "O",
            "O",
            "O",
            "O",
            "O",
            "O",
            "O",
            "O",
            "O",
            "O",
            "O",
            "O",
            "O",
            "O",
            "O",
            "O",
            "O",
            "O",
            "B",
            "I",
            "I",
            "I",
            "O",
            "O",
            "O",
            "O",
            "O",
            "O",
            "O",
            "O",
            "O",
            "O",
            "O",
            "O",
            "O",
            "O",
            "O",
            "B",
            "O",
            "O",
            "O",
            "O",
            "O",
            "O",
            "O",
            "O",
            "O",
            "O",
            "O",
            "O",
            "O",
            "O",
            "O",
            "O",
            "O",
            "O",
            "O",
            "O",
            "O",
            "O",
            "O",
            "O"
        ]
    },
    {
        "words": [
            "Time",
            "Quantum",
            "for",
            "feedback",
            "Scheduling",
            "\u2022",
            "With",
            "a",
            "fixed",
            "quantum",
            "time",
            ",",
            "the",
            "turn-",
            "around",
            "time",
            "of",
            "longer",
            "processes",
            "can",
            "be",
            "Process",
            "Arrival",
            "Time",
            "Service",
            "Time",
            "high",
            "1",
            "2",
            "0",
            "2",
            "3",
            "6",
            "3",
            "4",
            "4",
            "\u2022",
            "To",
            "alleviate",
            "this",
            "problem",
            ",",
            "the",
            "time",
            "4",
            "5",
            "6",
            "8",
            "5",
            "2",
            "quantum",
            "can",
            "be",
            "increased",
            "based",
            "on",
            "the",
            "depth",
            "of",
            "the",
            "queue",
            "\u2022",
            "Time",
            "quantum",
            "of",
            "RQi",
            "=",
            "2i-1",
            "\u2022",
            "May",
            "still",
            "cause",
            "longer",
            "processes",
            "to",
            "suffer",
            "starvation",
            ".",
            "\u2022",
            "Possible",
            "fix",
            "is",
            "to",
            "promote",
            "a",
            "process",
            "to",
            "higher",
            "queue",
            "after",
            "some",
            "time",
            "CS/COE",
            "1550",
            "\u2013",
            "Operating",
            "Systems",
            "\u2013",
            "Sherif",
            "Khattab",
            "24"
        ],
        "labels": [
            "O",
            "O",
            "O",
            "O",
            "O",
            "O",
            "O",
            "O",
            "O",
            "O",
            "O",
            "O",
            "O",
            "O",
            "O",
            "O",
            "O",
            "O",
            "O",
            "O",
            "O",
            "O",
            "B",
            "I",
            "B",
            "I",
            "O",
            "O",
            "O",
            "O",
            "O",
            "O",
            "O",
            "O",
            "O",
            "O",
            "O",
            "O",
            "O",
            "O",
            "O",
            "O",
            "O",
            "O",
            "O",
            "O",
            "O",
            "O",
            "O",
            "O",
            "O",
            "O",
            "O",
            "O",
            "O",
            "O",
            "O",
            "B",
            "I",
            "I",
            "I",
            "O",
            "O",
            "O",
            "O",
            "O",
            "O",
            "O",
            "O",
            "O",
            "O",
            "O",
            "O",
            "O",
            "O",
            "O",
            "B",
            "O",
            "O",
            "O",
            "O",
            "O",
            "O",
            "O",
            "O",
            "O",
            "O",
            "O",
            "O",
            "O",
            "O",
            "O",
            "O",
            "O",
            "O",
            "O",
            "O",
            "O",
            "O",
            "O",
            "O"
        ]
    },
    {
        "words": [
            "Algorithm",
            "Comparison",
            "\u2022",
            "Which",
            "one",
            "is",
            "the",
            "best",
            "?",
            "\u2022",
            "The",
            "answer",
            "depends",
            "on",
            "many",
            "factors",
            ":",
            "\u2022",
            "the",
            "system",
            "workload",
            "(",
            "extremely",
            "variable",
            ")",
            "\u2022",
            "hardware",
            "support",
            "for",
            "the",
            "dispatcher",
            "\u2022",
            "relative",
            "importance",
            "of",
            "performance",
            "criteria",
            "(",
            "response",
            "time",
            ",",
            "CPU",
            "utilization",
            ",",
            "throughput",
            "...",
            ")",
            "\u2022",
            "The",
            "evaluation",
            "method",
            "used",
            "(",
            "each",
            "has",
            "its",
            "limitations",
            "...",
            ")",
            "CS/COE",
            "1550",
            "\u2013",
            "Operating",
            "Systems",
            "\u2013",
            "Sherif",
            "Khattab",
            "25"
        ],
        "labels": [
            "B",
            "I",
            "O",
            "O",
            "O",
            "O",
            "O",
            "O",
            "O",
            "O",
            "O",
            "O",
            "O",
            "O",
            "O",
            "O",
            "O",
            "O",
            "O",
            "B",
            "I",
            "O",
            "O",
            "O",
            "O",
            "O",
            "B",
            "I",
            "O",
            "O",
            "B",
            "O",
            "O",
            "O",
            "O",
            "B",
            "I",
            "O",
            "B",
            "I",
            "O",
            "B",
            "I",
            "O",
            "B",
            "O",
            "O",
            "O",
            "O",
            "B",
            "I",
            "O",
            "O",
            "O",
            "O",
            "O",
            "O",
            "O",
            "O",
            "O",
            "O",
            "O",
            "O",
            "O",
            "O",
            "O",
            "O",
            "O"
        ]
    },
    {
        "words": [
            "Back",
            "to",
            "SJF",
            ":",
            "CPU",
            "Burst",
            "Estimation",
            "\u2022",
            "Let",
            "T",
            "[",
            "i",
            "]",
            "be",
            "the",
            "execution",
            "time",
            "for",
            "the",
            "ith",
            "instance",
            "of",
            "this",
            "process",
            ":",
            "the",
            "actual",
            "duration",
            "of",
            "the",
            "ith",
            "CPU",
            "burst",
            "of",
            "this",
            "process",
            "\u2022",
            "Let",
            "S",
            "[",
            "i",
            "]",
            "be",
            "the",
            "predicted",
            "value",
            "for",
            "the",
            "ith",
            "CPU",
            "burst",
            "of",
            "this",
            "process",
            ".",
            "The",
            "simplest",
            "choice",
            "is",
            ":",
            "\u2022",
            "S",
            "[",
            "n+1",
            "]",
            "=",
            "(",
            "1/n",
            ")",
            "(",
            "T",
            "[",
            "1",
            "]",
            "+\u2026+T",
            "[",
            "n",
            "]",
            ")",
            "=",
            "(",
            "1/n",
            ")",
            "\u03a3",
            "{",
            "i=1",
            "to",
            "n",
            "}",
            "T",
            "[",
            "i",
            "]",
            "\u2022",
            "This",
            "can",
            "be",
            "more",
            "efficiently",
            "calculated",
            "as",
            ":",
            "\u2022",
            "S",
            "[",
            "n+1",
            "]",
            "=",
            "(",
            "1/n",
            ")",
            "T",
            "[",
            "n",
            "]",
            "+",
            "(",
            "(",
            "n-1",
            ")",
            "/n",
            ")",
            "S",
            "[",
            "n",
            "]",
            "\u2022",
            "This",
            "estimate",
            ",",
            "however",
            ",",
            "results",
            "in",
            "equal",
            "weight",
            "for",
            "each",
            "instance",
            "CS/COE",
            "1550",
            "\u2013",
            "Operating",
            "Systems",
            "\u2013",
            "Sherif",
            "Khattab",
            "26"
        ],
        "labels": [
            "O",
            "O",
            "B",
            "O",
            "B",
            "I",
            "I",
            "O",
            "O",
            "O",
            "O",
            "O",
            "O",
            "O",
            "O",
            "O",
            "O",
            "O",
            "O",
            "O",
            "O",
            "O",
            "O",
            "O",
            "O",
            "O",
            "O",
            "O",
            "O",
            "O",
            "O",
            "O",
            "O",
            "O",
            "O",
            "O",
            "O",
            "O",
            "O",
            "O",
            "O",
            "O",
            "O",
            "O",
            "O",
            "O",
            "O",
            "O",
            "O",
            "O",
            "O",
            "O",
            "O",
            "O",
            "O",
            "O",
            "O",
            "O",
            "O",
            "O",
            "O",
            "O",
            "O",
            "O",
            "O",
            "O",
            "O",
            "O",
            "O",
            "O",
            "O",
            "O",
            "O",
            "O",
            "O",
            "O",
            "O",
            "O",
            "O",
            "O",
            "O",
            "O",
            "O",
            "O",
            "O",
            "O",
            "O",
            "O",
            "O",
            "O",
            "O",
            "O",
            "O",
            "O",
            "O",
            "O",
            "O",
            "O",
            "O",
            "O",
            "O",
            "O",
            "O",
            "O",
            "O",
            "O",
            "O",
            "O",
            "O",
            "O",
            "O",
            "O",
            "O",
            "O",
            "O",
            "O",
            "O",
            "O",
            "O",
            "O",
            "O",
            "O",
            "O",
            "O",
            "O",
            "O",
            "O",
            "O",
            "O",
            "O",
            "O",
            "O",
            "O",
            "O",
            "O",
            "O",
            "O",
            "O",
            "O",
            "O",
            "O",
            "O",
            "O",
            "O",
            "O",
            "O",
            "O",
            "O"
        ]
    },
    {
        "words": [
            "CPU",
            "Burst",
            "Estimation",
            "CS/COE",
            "1550",
            "\u2013",
            "Operating",
            "Systems",
            "\u2013",
            "Sherif",
            "Khattab",
            "27"
        ],
        "labels": [
            "B",
            "I",
            "I",
            "O",
            "O",
            "O",
            "O",
            "O",
            "O",
            "O",
            "O",
            "O"
        ]
    },
    {
        "words": [
            "Estimating",
            "the",
            "required",
            "CPU",
            "burst",
            "\u2022",
            "Recent",
            "instances",
            "are",
            "more",
            "likely",
            "to",
            "better",
            "reflect",
            "future",
            "behavior",
            "\u2022",
            "A",
            "common",
            "technique",
            "to",
            "factor",
            "the",
            "above",
            "observation",
            "into",
            "the",
            "estimate",
            "is",
            "to",
            "use",
            "exponential",
            "averaging",
            ":",
            "\u2022",
            "S",
            "[",
            "n+1",
            "]",
            "=",
            "\u03b1",
            "T",
            "[",
            "n",
            "]",
            "+",
            "(",
            "1-",
            "\u03b1",
            ")",
            "S",
            "[",
            "n",
            "]",
            ";",
            "0",
            "<",
            "\u03b1",
            "<",
            "1",
            "CS/COE",
            "1550",
            "\u2013",
            "Operating",
            "Systems",
            "\u2013",
            "Sherif",
            "Khattab",
            "28"
        ],
        "labels": [
            "O",
            "O",
            "O",
            "O",
            "O",
            "O",
            "O",
            "O",
            "O",
            "O",
            "O",
            "O",
            "O",
            "O",
            "O",
            "O",
            "O",
            "O",
            "O",
            "O",
            "O",
            "O",
            "O",
            "O",
            "O",
            "O",
            "O",
            "O",
            "O",
            "O",
            "O",
            "B",
            "I",
            "O",
            "O",
            "O",
            "O",
            "O",
            "O",
            "O",
            "O",
            "O",
            "O",
            "O",
            "O",
            "O",
            "O",
            "O",
            "O",
            "O",
            "O",
            "O",
            "O",
            "O",
            "O",
            "O",
            "O",
            "O",
            "O",
            "O",
            "O",
            "O",
            "O",
            "O",
            "O",
            "O",
            "O",
            "O",
            "O"
        ]
    },
    {
        "words": [
            "CPU",
            "burst",
            "Estimate",
            "(",
            "Exponential",
            "Average",
            ")",
            "\u2022",
            "Recent",
            "instances",
            "have",
            "higher",
            "weights",
            ",",
            "whenever",
            "\u03b1",
            ">",
            "1/n",
            "\u2022",
            "Expanding",
            "the",
            "estimated",
            "value",
            "shows",
            "that",
            "the",
            "weights",
            "of",
            "past",
            "instances",
            "decrease",
            "exponentially",
            "\u2022",
            "S",
            "[",
            "n+1",
            "]",
            "=",
            "\u03b1",
            "T",
            "[",
            "n",
            "]",
            "+",
            "(",
            "1-",
            "\u03b1",
            ")",
            "\u03b1",
            "T",
            "[",
            "n-1",
            "]",
            "+",
            "...",
            "(",
            "1-",
            "\u03b1",
            ")",
            "^",
            "{",
            "i",
            "}",
            "\u03b1",
            "T",
            "[",
            "n-i",
            "]",
            "+",
            "...",
            "+",
            "(",
            "1-",
            "\u03b1",
            ")",
            "^",
            "{",
            "n",
            "}",
            "S",
            "[",
            "1",
            "]",
            "\u2022",
            "The",
            "predicted",
            "value",
            "of",
            "1st",
            "instance",
            ",",
            "S",
            "[",
            "1",
            "]",
            ",",
            "is",
            "usually",
            "set",
            "to",
            "0",
            "to",
            "give",
            "priority",
            "to",
            "new",
            "processes",
            "CS/COE",
            "1550",
            "\u2013",
            "Operating",
            "Systems",
            "\u2013",
            "Sherif",
            "Khattab",
            "29"
        ],
        "labels": [
            "O",
            "O",
            "O",
            "O",
            "B",
            "I",
            "O",
            "O",
            "O",
            "O",
            "O",
            "O",
            "O",
            "O",
            "O",
            "O",
            "O",
            "O",
            "O",
            "O",
            "O",
            "O",
            "O",
            "O",
            "O",
            "O",
            "O",
            "O",
            "O",
            "O",
            "O",
            "O",
            "O",
            "O",
            "O",
            "O",
            "O",
            "O",
            "O",
            "O",
            "O",
            "O",
            "O",
            "O",
            "O",
            "O",
            "O",
            "O",
            "O",
            "O",
            "O",
            "O",
            "O",
            "O",
            "O",
            "O",
            "O",
            "O",
            "O",
            "O",
            "O",
            "O",
            "O",
            "O",
            "O",
            "O",
            "O",
            "O",
            "O",
            "O",
            "O",
            "O",
            "O",
            "O",
            "O",
            "O",
            "O",
            "O",
            "O",
            "O",
            "O",
            "O",
            "O",
            "O",
            "O",
            "O",
            "O",
            "O",
            "O",
            "O",
            "O",
            "O",
            "O",
            "O",
            "O",
            "O",
            "O",
            "O",
            "O",
            "O",
            "O",
            "O",
            "O",
            "O",
            "O",
            "O",
            "O",
            "O",
            "O",
            "O",
            "O",
            "O",
            "O",
            "O",
            "O",
            "O"
        ]
    },
    {
        "words": [
            "Exponentially",
            "Decreasing",
            "Coefficients",
            "CS/COE",
            "1550",
            "\u2013",
            "Operating",
            "Systems",
            "\u2013",
            "Sherif",
            "Khattab",
            "30"
        ],
        "labels": [
            "B",
            "I",
            "I",
            "O",
            "O",
            "O",
            "O",
            "O",
            "O",
            "O",
            "O",
            "O"
        ]
    },
    {
        "words": [
            "Exponentially",
            "Decreasing",
            "Coefficients",
            "\u2022",
            "S",
            "[",
            "1",
            "]",
            "=",
            "0",
            "to",
            "give",
            "high",
            "priority",
            "to",
            "new",
            "processes",
            "\u2022",
            "Exponential",
            "averaging",
            "tracks",
            "changes",
            "in",
            "process",
            "behavior",
            "much",
            "faster",
            "than",
            "simple",
            "averaging",
            "CS/COE",
            "1550",
            "\u2013",
            "Operating",
            "Systems",
            "\u2013",
            "Sherif",
            "Khattab",
            "31"
        ],
        "labels": [
            "B",
            "I",
            "I",
            "O",
            "O",
            "O",
            "O",
            "O",
            "O",
            "O",
            "O",
            "O",
            "O",
            "O",
            "O",
            "O",
            "O",
            "O",
            "O",
            "O",
            "O",
            "O",
            "O",
            "O",
            "O",
            "O",
            "O",
            "O",
            "O",
            "O",
            "O",
            "O",
            "O",
            "O",
            "O",
            "O",
            "O",
            "O",
            "O"
        ]
    },
    {
        "words": [
            "FCFS",
            "Problem",
            "in",
            "HW7",
            "CS/COE",
            "1550",
            "\u2013",
            "Operating",
            "Systems",
            "\u2013",
            "Sherif",
            "Khattab",
            "32"
        ],
        "labels": [
            "B",
            "I",
            "I",
            "I",
            "O",
            "O",
            "O",
            "O",
            "O",
            "O",
            "O",
            "O",
            "O"
        ]
    },
    {
        "words": [
            "CPU",
            "Burst",
            "Estimation",
            "CS/COE",
            "1550",
            "\u2013",
            "Operating",
            "Systems",
            "\u2013",
            "Sherif",
            "Khattab",
            "33"
        ],
        "labels": [
            "B",
            "I",
            "I",
            "O",
            "O",
            "O",
            "O",
            "O",
            "O",
            "O",
            "O",
            "O"
        ]
    }
]