[
    {
        "words": [
            "Introduction",
            "to",
            "Operating",
            "Systems",
            "CS",
            "1550",
            "Spring",
            "2022",
            "Sherif",
            "Khattab",
            "ksm73",
            "@",
            "pitt.edu",
            "(",
            "Some",
            "slides",
            "are",
            "from",
            "Silberschatz",
            ",",
            "Galvin",
            "and",
            "Gagne",
            "\u00a92013",
            ")"
        ],
        "labels": [
            "B",
            "I",
            "I",
            "I",
            "O",
            "O",
            "O",
            "O",
            "O",
            "O",
            "O",
            "O",
            "O",
            "O",
            "O",
            "O",
            "O",
            "O",
            "O",
            "O",
            "O",
            "O",
            "O",
            "O",
            "O"
        ]
    },
    {
        "words": [
            "Announcements",
            "\u2022",
            "Upcoming",
            "deadlines",
            ":",
            "\u2022",
            "Lab",
            "3",
            ":",
            "due",
            "on",
            "4/1",
            "\u2022",
            "Homework",
            "9",
            ":",
            "due",
            "on",
            "4/4",
            "\u2022",
            "Project",
            "3",
            ":",
            "due",
            "on",
            "4/11",
            "CS",
            "1550",
            "\u2013",
            "Operating",
            "Systems",
            "\u2013",
            "Sherif",
            "Khattab",
            "2"
        ],
        "labels": [
            "O",
            "O",
            "O",
            "O",
            "O",
            "O",
            "O",
            "O",
            "O",
            "O",
            "O",
            "O",
            "O",
            "O",
            "O",
            "O",
            "O",
            "O",
            "O",
            "O",
            "O",
            "O",
            "O",
            "O",
            "O",
            "O",
            "O",
            "O",
            "O",
            "O",
            "O",
            "O",
            "O",
            "O",
            "O"
        ]
    },
    {
        "words": [
            "Previous",
            "lecture",
            "\u2026",
            "\u2022",
            "Large",
            "Page",
            "Table",
            "problem",
            "\u2022",
            "multi-level",
            "page",
            "tables",
            "\u2022",
            "inverted",
            "page",
            "tables",
            "CS",
            "1550",
            "\u2013",
            "Operating",
            "Systems",
            "\u2013",
            "Sherif",
            "Khattab",
            "3"
        ],
        "labels": [
            "O",
            "O",
            "O",
            "O",
            "B",
            "I",
            "I",
            "I",
            "O",
            "O",
            "O",
            "O",
            "O",
            "O",
            "O",
            "O",
            "O",
            "O",
            "O",
            "O",
            "O",
            "O",
            "O",
            "O",
            "O"
        ]
    },
    {
        "words": [
            "Muddiest",
            "Points",
            "\u2022",
            "EAT",
            "\u2022",
            "Inverted",
            "page",
            "tables",
            "\u2022",
            "Would",
            "you",
            "please",
            "solve",
            "a",
            "problem",
            "about",
            "Inertial",
            "Page",
            "Table",
            "?",
            "Thank",
            "you",
            "so",
            "much",
            "\u2022",
            "why",
            "again",
            "will",
            "there",
            "be",
            "multiple",
            "memory",
            "accesses",
            "using",
            "a",
            "TLB",
            "?",
            "\u2022",
            "Two",
            "level",
            "page",
            "tables",
            "and",
            "how",
            "they",
            "are",
            "better",
            "than",
            "single",
            "page",
            "tables",
            "(",
            "take",
            "up",
            "less",
            "space",
            ")",
            "\u2022",
            "Where",
            "are",
            "the",
            "second",
            "and",
            "third",
            "level",
            "page",
            "tables",
            "stored",
            "?",
            "Are",
            "they",
            "paged",
            "in",
            "and",
            "out",
            "of",
            "memory",
            "like",
            "a",
            "normal",
            "page",
            "?",
            "\u2022",
            "when",
            "will",
            "we",
            "get",
            "our",
            "midterm",
            "grades",
            "CS",
            "1550",
            "\u2013",
            "Operating",
            "Systems",
            "\u2013",
            "Sherif",
            "Khattab",
            "4"
        ],
        "labels": [
            "B",
            "I",
            "O",
            "B",
            "O",
            "B",
            "I",
            "I",
            "O",
            "O",
            "O",
            "O",
            "O",
            "O",
            "O",
            "O",
            "O",
            "O",
            "O",
            "O",
            "O",
            "O",
            "O",
            "O",
            "O",
            "O",
            "O",
            "O",
            "O",
            "O",
            "O",
            "O",
            "O",
            "O",
            "O",
            "B",
            "O",
            "O",
            "B",
            "I",
            "I",
            "I",
            "O",
            "O",
            "O",
            "O",
            "O",
            "O",
            "O",
            "O",
            "O",
            "O",
            "O",
            "O",
            "O",
            "O",
            "O",
            "O",
            "O",
            "O",
            "O",
            "O",
            "O",
            "O",
            "O",
            "O",
            "O",
            "O",
            "O",
            "O",
            "O",
            "O",
            "O",
            "O",
            "O",
            "O",
            "O",
            "O",
            "O",
            "O",
            "O",
            "O",
            "O",
            "O",
            "O",
            "O",
            "O",
            "O",
            "O",
            "O",
            "O",
            "O",
            "O",
            "O",
            "O",
            "O",
            "O",
            "O",
            "O"
        ]
    },
    {
        "words": [
            "How",
            "big",
            "should",
            "a",
            "page",
            "be",
            "?",
            "\u25fc",
            "Smaller",
            "pages",
            "have",
            "advantages",
            "\u25fc",
            "Less",
            "internal",
            "fragmentation",
            "\u25fc",
            "Better",
            "fit",
            "for",
            "various",
            "data",
            "structures",
            ",",
            "code",
            "sections",
            "\u25fc",
            "Less",
            "unused",
            "physical",
            "memory",
            "(",
            "some",
            "pages",
            "have",
            "20",
            "useful",
            "bytes",
            "and",
            "the",
            "rest",
            "isn",
            "\u2019",
            "t",
            "needed",
            "currently",
            ")",
            "\u25fc",
            "Larger",
            "pages",
            "are",
            "better",
            "because",
            "\u25fc",
            "Less",
            "overhead",
            "to",
            "keep",
            "track",
            "of",
            "them",
            "\u25fc",
            "Smaller",
            "page",
            "tables",
            "\u25fc",
            "TLB",
            "can",
            "point",
            "to",
            "more",
            "memory",
            "(",
            "same",
            "number",
            "of",
            "pages",
            ",",
            "but",
            "more",
            "memory",
            "per",
            "page",
            ")",
            "\u25fc",
            "Faster",
            "paging",
            "algorithms",
            "(",
            "fewer",
            "table",
            "entries",
            "to",
            "look",
            "through",
            ")",
            "\u25fc",
            "More",
            "efficient",
            "to",
            "transfer",
            "larger",
            "pages",
            "to",
            "and",
            "from",
            "disk",
            "CS",
            "1550",
            "\u2013",
            "Operating",
            "Systems",
            "\u2013",
            "Sherif",
            "Khattab",
            "5"
        ],
        "labels": [
            "O",
            "O",
            "O",
            "O",
            "O",
            "O",
            "O",
            "O",
            "O",
            "O",
            "O",
            "O",
            "O",
            "O",
            "O",
            "O",
            "O",
            "O",
            "O",
            "O",
            "O",
            "O",
            "O",
            "O",
            "O",
            "O",
            "O",
            "O",
            "O",
            "O",
            "O",
            "O",
            "O",
            "O",
            "O",
            "O",
            "O",
            "O",
            "O",
            "O",
            "O",
            "O",
            "O",
            "O",
            "O",
            "O",
            "O",
            "O",
            "O",
            "O",
            "O",
            "O",
            "O",
            "O",
            "O",
            "O",
            "O",
            "O",
            "O",
            "O",
            "O",
            "O",
            "O",
            "O",
            "O",
            "O",
            "B",
            "O",
            "O",
            "O",
            "O",
            "O",
            "O",
            "O",
            "O",
            "O",
            "O",
            "O",
            "O",
            "O",
            "O",
            "O",
            "O",
            "O",
            "O",
            "O",
            "O",
            "O",
            "O",
            "O",
            "O",
            "O",
            "O",
            "O",
            "O",
            "O",
            "O",
            "O",
            "O",
            "O",
            "O",
            "O",
            "O",
            "O",
            "O",
            "O",
            "O",
            "O",
            "O",
            "O",
            "O",
            "O",
            "O",
            "O",
            "O",
            "O"
        ]
    },
    {
        "words": [
            "Sharing",
            "Pages",
            "CS",
            "1550",
            "\u2013",
            "Operating",
            "Systems",
            "\u2013",
            "Sherif",
            "Khattab",
            "6"
        ],
        "labels": [
            "O",
            "O",
            "O",
            "O",
            "O",
            "O",
            "O",
            "O",
            "O",
            "O",
            "O"
        ]
    },
    {
        "words": [
            "Sharing",
            "pages",
            "\u25fc",
            "Processes",
            "can",
            "share",
            "pages",
            "\u25fc",
            "Entries",
            "in",
            "page",
            "tables",
            "point",
            "to",
            "the",
            "same",
            "physical",
            "page",
            "frame",
            "\u25fc",
            "Easier",
            "to",
            "do",
            "with",
            "code",
            ":",
            "no",
            "problems",
            "with",
            "modification",
            "\u25fc",
            "Virtual",
            "addresses",
            "in",
            "different",
            "processes",
            "can",
            "be\u2026",
            "\u25fc",
            "The",
            "same",
            ":",
            "easier",
            "to",
            "exchange",
            "pointers",
            ",",
            "keep",
            "data",
            "structures",
            "consistent",
            "\u25fc",
            "Different",
            ":",
            "may",
            "be",
            "easier",
            "to",
            "actually",
            "implement",
            "\u25fc",
            "Not",
            "a",
            "problem",
            "if",
            "there",
            "are",
            "only",
            "a",
            "few",
            "shared",
            "regions",
            "\u25fc",
            "Can",
            "be",
            "very",
            "difficult",
            "if",
            "many",
            "processes",
            "share",
            "regions",
            "with",
            "each",
            "other",
            "CS",
            "1550",
            "\u2013",
            "Operating",
            "Systems",
            "\u2013",
            "Sherif",
            "Khattab",
            "7"
        ],
        "labels": [
            "O",
            "O",
            "O",
            "B",
            "O",
            "O",
            "O",
            "O",
            "O",
            "O",
            "O",
            "O",
            "O",
            "O",
            "O",
            "O",
            "O",
            "O",
            "O",
            "O",
            "O",
            "O",
            "O",
            "O",
            "O",
            "O",
            "O",
            "O",
            "O",
            "O",
            "O",
            "O",
            "O",
            "O",
            "O",
            "O",
            "O",
            "O",
            "O",
            "O",
            "O",
            "O",
            "O",
            "O",
            "O",
            "O",
            "O",
            "O",
            "O",
            "O",
            "O",
            "O",
            "O",
            "O",
            "O",
            "O",
            "O",
            "O",
            "O",
            "O",
            "O",
            "O",
            "O",
            "O",
            "O",
            "O",
            "O",
            "O",
            "O",
            "O",
            "O",
            "O",
            "O",
            "O",
            "O",
            "O",
            "O",
            "O",
            "O",
            "O",
            "O",
            "O",
            "O",
            "O",
            "O",
            "O",
            "O",
            "O",
            "O",
            "O",
            "O",
            "O",
            "O",
            "O"
        ]
    },
    {
        "words": [
            "Page",
            "Sharing",
            "CS",
            "1550",
            "\u2013",
            "Operating",
            "Systems",
            "\u2013",
            "Sherif",
            "Khattab",
            "8"
        ],
        "labels": [
            "B",
            "I",
            "O",
            "O",
            "O",
            "O",
            "O",
            "O",
            "O",
            "O",
            "O"
        ]
    },
    {
        "words": [
            "Implementation",
            "issues",
            "Four",
            "times",
            "when",
            "OS",
            "involved",
            "with",
            "paging",
            "\u25fc",
            "Process",
            "creation",
            "\u25fc",
            "Determine",
            "program",
            "size",
            "\u25fc",
            "Create",
            "page",
            "table",
            "\u25fc",
            "During",
            "process",
            "execution",
            "\u25fc",
            "Reset",
            "the",
            "MMU",
            "for",
            "new",
            "process",
            "\u25fc",
            "Flush",
            "the",
            "TLB",
            "(",
            "or",
            "reload",
            "it",
            "from",
            "saved",
            "state",
            ")",
            "\u25fc",
            "Page",
            "fault",
            "time",
            "\u25fc",
            "Determine",
            "virtual",
            "address",
            "causing",
            "fault",
            "\u25fc",
            "Swap",
            "target",
            "page",
            "out",
            ",",
            "needed",
            "page",
            "in",
            "\u25fc",
            "Process",
            "termination",
            "time",
            "\u25fc",
            "Release",
            "page",
            "table",
            "\u25fc",
            "Return",
            "pages",
            "to",
            "the",
            "free",
            "pool",
            "CS",
            "1550",
            "\u2013",
            "Operating",
            "Systems",
            "\u2013",
            "Sherif",
            "Khattab",
            "9"
        ],
        "labels": [
            "B",
            "I",
            "O",
            "O",
            "O",
            "O",
            "O",
            "O",
            "O",
            "O",
            "O",
            "O",
            "O",
            "O",
            "O",
            "O",
            "O",
            "O",
            "O",
            "O",
            "O",
            "O",
            "O",
            "O",
            "O",
            "O",
            "O",
            "B",
            "O",
            "O",
            "O",
            "O",
            "O",
            "O",
            "B",
            "O",
            "O",
            "O",
            "O",
            "O",
            "O",
            "O",
            "O",
            "O",
            "O",
            "O",
            "O",
            "O",
            "O",
            "O",
            "O",
            "O",
            "O",
            "O",
            "O",
            "O",
            "O",
            "O",
            "O",
            "O",
            "O",
            "O",
            "O",
            "O",
            "O",
            "O",
            "O",
            "O",
            "O",
            "O",
            "O",
            "O",
            "O",
            "O",
            "O",
            "O",
            "O",
            "O",
            "O",
            "O",
            "O",
            "O",
            "O",
            "O",
            "O",
            "O"
        ]
    },
    {
        "words": [
            "How",
            "is",
            "a",
            "page",
            "fault",
            "handled",
            "?",
            "\u25fc",
            "Hardware",
            "causes",
            "a",
            "page",
            "\u25fc",
            "OS",
            "checks",
            "validity",
            "of",
            "address",
            "fault",
            "\u25fc",
            "Process",
            "killed",
            "if",
            "address",
            "was",
            "\u25fc",
            "General",
            "registers",
            "saved",
            "(",
            "as",
            "illegal",
            "on",
            "every",
            "exception",
            ")",
            "\u25fc",
            "OS",
            "finds",
            "a",
            "place",
            "to",
            "put",
            "new",
            "\u25fc",
            "OS",
            "determines",
            "which",
            "virtual",
            "page",
            "frame",
            "page",
            "needed",
            "\u25fc",
            "If",
            "frame",
            "selected",
            "for",
            "\u25fc",
            "Actual",
            "fault",
            "address",
            "in",
            "a",
            "replacement",
            "is",
            "dirty",
            ",",
            "write",
            "it",
            "special",
            "register",
            "out",
            "to",
            "disk",
            "\u25fc",
            "Address",
            "of",
            "faulting",
            "instruction",
            "\u25fc",
            "OS",
            "requests",
            "the",
            "new",
            "page",
            "in",
            "register",
            "from",
            "disk",
            "Page",
            "fault",
            "was",
            "in",
            "fetching",
            "\u25fc",
            "instruction",
            ",",
            "or",
            "\u25fc",
            "Page",
            "tables",
            "updated",
            "\u25fc",
            "Page",
            "fault",
            "was",
            "in",
            "fetching",
            "\u25fc",
            "Faulting",
            "instruction",
            "backed",
            "up",
            "operands",
            "for",
            "instruction",
            "so",
            "it",
            "can",
            "be",
            "restarted",
            "\u25fc",
            "OS",
            "must",
            "figure",
            "out",
            "which\u2026",
            "\u25fc",
            "Faulting",
            "process",
            "scheduled",
            "\u25fc",
            "Registers",
            "restored",
            "\u25fc",
            "Program",
            "continues",
            "CS",
            "1550",
            "\u2013",
            "Operating",
            "Systems",
            "\u2013",
            "Sherif",
            "Khattab",
            "10"
        ],
        "labels": [
            "O",
            "O",
            "O",
            "O",
            "O",
            "O",
            "O",
            "O",
            "O",
            "O",
            "O",
            "O",
            "O",
            "O",
            "O",
            "O",
            "O",
            "O",
            "O",
            "O",
            "O",
            "O",
            "O",
            "O",
            "O",
            "O",
            "O",
            "O",
            "O",
            "O",
            "O",
            "O",
            "O",
            "O",
            "O",
            "O",
            "O",
            "O",
            "O",
            "O",
            "O",
            "O",
            "O",
            "O",
            "O",
            "O",
            "O",
            "O",
            "O",
            "O",
            "O",
            "O",
            "O",
            "O",
            "O",
            "O",
            "O",
            "O",
            "O",
            "O",
            "O",
            "O",
            "O",
            "O",
            "O",
            "O",
            "O",
            "O",
            "O",
            "O",
            "O",
            "O",
            "O",
            "O",
            "O",
            "O",
            "O",
            "O",
            "O",
            "O",
            "O",
            "O",
            "O",
            "O",
            "O",
            "O",
            "O",
            "O",
            "O",
            "O",
            "O",
            "O",
            "O",
            "O",
            "O",
            "O",
            "O",
            "O",
            "O",
            "O",
            "O",
            "O",
            "O",
            "O",
            "O",
            "O",
            "O",
            "O",
            "O",
            "O",
            "O",
            "O",
            "O",
            "O",
            "O",
            "O",
            "O",
            "O",
            "O",
            "O",
            "O",
            "O",
            "O",
            "O",
            "O",
            "O",
            "O",
            "O",
            "O",
            "O",
            "O",
            "O",
            "O",
            "O",
            "O",
            "O",
            "O",
            "O",
            "O",
            "O",
            "O",
            "O",
            "O",
            "O",
            "O",
            "O",
            "O"
        ]
    },
    {
        "words": [
            "Page",
            "locking",
            "CS",
            "1550",
            "\u2013",
            "Operating",
            "Systems",
            "\u2013",
            "Sherif",
            "Khattab",
            "11"
        ],
        "labels": [
            "B",
            "I",
            "O",
            "O",
            "O",
            "O",
            "O",
            "O",
            "O",
            "O",
            "O"
        ]
    },
    {
        "words": [
            "Locking",
            "pages",
            "in",
            "memory",
            "\u25fc",
            "Virtual",
            "memory",
            "and",
            "I/O",
            "occasionally",
            "interact",
            "\u25fc",
            "P1",
            "issues",
            "call",
            "for",
            "read",
            "from",
            "device",
            "into",
            "buffer",
            "\u25fc",
            "While",
            "it",
            "\u2019",
            "s",
            "waiting",
            "for",
            "I/O",
            ",",
            "P2",
            "runs",
            "\u25fc",
            "P2",
            "has",
            "a",
            "page",
            "fault",
            "\u25fc",
            "P1",
            "\u2019",
            "s",
            "I/O",
            "buffer",
            "might",
            "be",
            "chosen",
            "to",
            "be",
            "paged",
            "out",
            "\u25fc",
            "This",
            "can",
            "create",
            "a",
            "problem",
            "because",
            "an",
            "I/O",
            "device",
            "is",
            "going",
            "to",
            "write",
            "to",
            "the",
            "buffer",
            "on",
            "P1",
            "\u2019",
            "s",
            "behalf",
            "\u25fc",
            "Solution",
            ":",
            "allow",
            "some",
            "pages",
            "to",
            "be",
            "locked",
            "into",
            "memory",
            "\u25fc",
            "Locked",
            "pages",
            "are",
            "immune",
            "from",
            "being",
            "replaced",
            "\u25fc",
            "Pages",
            "only",
            "stay",
            "locked",
            "for",
            "(",
            "relatively",
            ")",
            "short",
            "periods",
            "CS",
            "1550",
            "\u2013",
            "Operating",
            "Systems",
            "\u2013",
            "Sherif",
            "Khattab",
            "12"
        ],
        "labels": [
            "O",
            "O",
            "O",
            "O",
            "O",
            "O",
            "O",
            "O",
            "O",
            "O",
            "O",
            "O",
            "O",
            "O",
            "O",
            "O",
            "O",
            "O",
            "O",
            "O",
            "O",
            "O",
            "O",
            "O",
            "O",
            "O",
            "O",
            "O",
            "O",
            "O",
            "O",
            "O",
            "O",
            "O",
            "O",
            "O",
            "O",
            "O",
            "O",
            "O",
            "O",
            "O",
            "O",
            "O",
            "O",
            "O",
            "O",
            "O",
            "O",
            "O",
            "O",
            "O",
            "O",
            "O",
            "O",
            "O",
            "O",
            "O",
            "O",
            "O",
            "O",
            "O",
            "O",
            "O",
            "O",
            "O",
            "O",
            "O",
            "O",
            "O",
            "O",
            "O",
            "O",
            "O",
            "O",
            "O",
            "O",
            "O",
            "O",
            "O",
            "O",
            "O",
            "O",
            "O",
            "O",
            "O",
            "O",
            "O",
            "O",
            "O",
            "O",
            "O",
            "O",
            "O",
            "O",
            "O",
            "O",
            "O",
            "O",
            "O",
            "O",
            "O",
            "O",
            "O",
            "O",
            "O",
            "O",
            "O",
            "O",
            "O",
            "O",
            "O"
        ]
    },
    {
        "words": [
            "Map",
            "of",
            "MMU",
            ",",
            "TLB",
            ",",
            "Page",
            "Table",
            ",",
            "etc",
            ".",
            "CS",
            "1550",
            "\u2013",
            "Operating",
            "Systems",
            "\u2013",
            "Sherif",
            "Khattab",
            "13"
        ],
        "labels": [
            "O",
            "O",
            "B",
            "O",
            "B",
            "O",
            "O",
            "O",
            "O",
            "O",
            "O",
            "O",
            "O",
            "O",
            "O",
            "O",
            "O",
            "O",
            "O",
            "O"
        ]
    },
    {
        "words": [
            "When",
            "are",
            "dirty",
            "pages",
            "written",
            "to",
            "disk",
            "?",
            "\u25fc",
            "On",
            "demand",
            "(",
            "when",
            "they",
            "\u2019",
            "re",
            "replaced",
            ")",
            "\u25fc",
            "Fewest",
            "writes",
            "to",
            "disk",
            "\u25fc",
            "Slower",
            ":",
            "replacement",
            "takes",
            "twice",
            "as",
            "long",
            "(",
            "must",
            "wait",
            "for",
            "disk",
            "write",
            "and",
            "disk",
            "read",
            ")",
            "\u25fc",
            "Periodically",
            "(",
            "in",
            "the",
            "background",
            ")",
            "\u25fc",
            "Background",
            "process",
            "scans",
            "through",
            "page",
            "tables",
            ",",
            "writes",
            "out",
            "dirty",
            "pages",
            "that",
            "are",
            "pretty",
            "old",
            "\u25fc",
            "Background",
            "process",
            "also",
            "keeps",
            "a",
            "list",
            "of",
            "pages",
            "ready",
            "for",
            "replacement",
            "\u25fc",
            "Page",
            "faults",
            "handled",
            "faster",
            ":",
            "no",
            "need",
            "to",
            "find",
            "space",
            "on",
            "demand",
            "\u25fc",
            "Cleaner",
            "may",
            "use",
            "the",
            "same",
            "structures",
            "discussed",
            "earlier",
            "(",
            "clock",
            ",",
            "etc",
            ".",
            ")",
            "CS",
            "1550",
            "\u2013",
            "Operating",
            "Systems",
            "\u2013",
            "Sherif",
            "Khattab",
            "14"
        ],
        "labels": [
            "O",
            "O",
            "O",
            "O",
            "O",
            "O",
            "O",
            "O",
            "O",
            "O",
            "O",
            "O",
            "O",
            "O",
            "O",
            "O",
            "O",
            "O",
            "O",
            "O",
            "O",
            "O",
            "O",
            "O",
            "O",
            "O",
            "O",
            "O",
            "O",
            "O",
            "O",
            "O",
            "O",
            "O",
            "O",
            "O",
            "O",
            "O",
            "O",
            "O",
            "O",
            "O",
            "O",
            "O",
            "O",
            "O",
            "O",
            "O",
            "O",
            "O",
            "O",
            "O",
            "O",
            "O",
            "O",
            "O",
            "O",
            "O",
            "O",
            "O",
            "O",
            "O",
            "O",
            "O",
            "O",
            "O",
            "O",
            "O",
            "O",
            "O",
            "O",
            "O",
            "O",
            "O",
            "O",
            "O",
            "O",
            "O",
            "O",
            "O",
            "O",
            "O",
            "O",
            "O",
            "O",
            "O",
            "O",
            "O",
            "O",
            "O",
            "O",
            "O",
            "O",
            "O",
            "O",
            "O",
            "O",
            "O",
            "O",
            "O",
            "O",
            "O",
            "O",
            "O",
            "O",
            "O",
            "O",
            "O",
            "O",
            "O",
            "O",
            "O",
            "O"
        ]
    },
    {
        "words": [
            "Problem",
            "of",
            "the",
            "Day",
            "How",
            "to",
            "allocate",
            "disk",
            "blocks",
            "to",
            "files",
            "and",
            "directories",
            "?",
            "CS",
            "1550",
            "\u2013",
            "Operating",
            "Systems",
            "\u2013",
            "Sherif",
            "Khattab",
            "15"
        ],
        "labels": [
            "B",
            "I",
            "I",
            "I",
            "O",
            "O",
            "O",
            "O",
            "O",
            "O",
            "O",
            "O",
            "O",
            "O",
            "O",
            "O",
            "O",
            "O",
            "O",
            "O",
            "O",
            "O",
            "O"
        ]
    },
    {
        "words": [
            "How",
            "complex",
            "is",
            "the",
            "OS",
            "\u2019",
            "s",
            "job",
            "?",
            "Let",
            "\u2019",
            "s",
            "look",
            "at",
            "one",
            "of",
            "the",
            "resources",
            "managed",
            "by",
            "the",
            "OS",
            ":",
            "I/O",
            "devices",
            "CS",
            "1550",
            "\u2013",
            "Operating",
            "Systems",
            "\u2013",
            "Sherif",
            "Khattab",
            "16"
        ],
        "labels": [
            "O",
            "O",
            "O",
            "O",
            "O",
            "O",
            "O",
            "O",
            "O",
            "O",
            "O",
            "O",
            "O",
            "O",
            "O",
            "O",
            "O",
            "O",
            "O",
            "O",
            "O",
            "O",
            "O",
            "B",
            "I",
            "O",
            "O",
            "O",
            "O",
            "O",
            "O",
            "O",
            "O",
            "O"
        ]
    },
    {
        "words": [
            "Carving",
            "up",
            "the",
            "disk",
            "Entire",
            "disk",
            "Partition",
            "table",
            "Master",
            "Partition",
            "1",
            "Partition",
            "2",
            "Partition",
            "3",
            "Partition",
            "4",
            "boot",
            "record",
            "Boot",
            "Super",
            "Free",
            "space",
            "Index",
            "Files",
            "&",
            "directories",
            "block",
            "block",
            "management",
            "nodes",
            "CS",
            "1550",
            "\u2013",
            "Operating",
            "Systems",
            "\u2013",
            "Sherif",
            "Khattab",
            "17"
        ],
        "labels": [
            "B",
            "I",
            "I",
            "I",
            "O",
            "O",
            "O",
            "O",
            "O",
            "O",
            "O",
            "O",
            "O",
            "O",
            "O",
            "O",
            "O",
            "O",
            "O",
            "O",
            "O",
            "O",
            "O",
            "O",
            "O",
            "O",
            "O",
            "O",
            "O",
            "O",
            "O",
            "O",
            "O",
            "O",
            "O",
            "O",
            "O",
            "O",
            "O",
            "O"
        ]
    },
    {
        "words": [
            "Contiguous",
            "allocation",
            "for",
            "file",
            "blocks",
            "\u2022",
            "Contiguous",
            "allocation",
            "requires",
            "all",
            "blocks",
            "of",
            "a",
            "file",
            "to",
            "be",
            "consecutive",
            "on",
            "disk",
            "\u2022",
            "Problem",
            ":",
            "deleting",
            "files",
            "leaves",
            "\u201c",
            "holes",
            "\u201d",
            "\u2022",
            "Similar",
            "to",
            "memory",
            "allocation",
            "issues",
            "\u2022",
            "Compacting",
            "the",
            "disk",
            "can",
            "be",
            "a",
            "very",
            "slow",
            "procedure\u2026",
            "A",
            "B",
            "C",
            "D",
            "E",
            "F",
            "A",
            "Free",
            "C",
            "Free",
            "E",
            "F",
            "CS",
            "1550",
            "\u2013",
            "Operating",
            "Systems",
            "\u2013",
            "Sherif",
            "Khattab",
            "18"
        ],
        "labels": [
            "B",
            "I",
            "O",
            "O",
            "O",
            "O",
            "B",
            "I",
            "O",
            "O",
            "O",
            "O",
            "O",
            "O",
            "O",
            "O",
            "O",
            "O",
            "O",
            "O",
            "O",
            "O",
            "O",
            "O",
            "O",
            "O",
            "O",
            "O",
            "O",
            "O",
            "O",
            "O",
            "O",
            "O",
            "O",
            "O",
            "O",
            "O",
            "O",
            "O",
            "O",
            "O",
            "O",
            "O",
            "O",
            "O",
            "O",
            "O",
            "O",
            "O",
            "O",
            "O",
            "O",
            "O",
            "O",
            "O",
            "O",
            "O",
            "O",
            "O",
            "O",
            "O",
            "O",
            "O",
            "O"
        ]
    },
    {
        "words": [
            "Contiguous",
            "allocation",
            "\u2022",
            "Data",
            "in",
            "each",
            "file",
            "is",
            "stored",
            "in",
            "consecutive",
            "blocks",
            "on",
            "disk",
            "0",
            "1",
            "2",
            "3",
            "\u2022",
            "Simple",
            "&",
            "efficient",
            "indexing",
            "\u2022",
            "Starting",
            "location",
            "(",
            "block",
            "#",
            ")",
            "on",
            "disk",
            "(",
            "start",
            ")",
            "4",
            "5",
            "6",
            "7",
            "\u2022",
            "Length",
            "of",
            "the",
            "file",
            "in",
            "blocks",
            "(",
            "length",
            ")",
            "\u2022",
            "Random",
            "access",
            "well-supported",
            "\u2022",
            "Difficult",
            "to",
            "grow",
            "files",
            "8",
            "9",
            "10",
            "11",
            "\u2022",
            "Must",
            "pre-allocate",
            "all",
            "needed",
            "space",
            "\u2022",
            "Wasteful",
            "of",
            "storage",
            "if",
            "file",
            "isn",
            "\u2019",
            "t",
            "using",
            "all",
            "of",
            "the",
            "space",
            "\u2022",
            "Logical",
            "to",
            "physical",
            "mapping",
            "is",
            "easy",
            "Start=5",
            "blocknum",
            "=",
            "(",
            "pos",
            "/",
            "1024",
            ")",
            "+",
            "start",
            ";",
            "Length=2902",
            "offset_in_block",
            "=",
            "pos",
            "%",
            "1024",
            ";",
            "CS/COE",
            "1550",
            "\u2013",
            "Operating",
            "Systems",
            "\u2013",
            "Sherif",
            "Khattab",
            "19"
        ],
        "labels": [
            "B",
            "I",
            "O",
            "O",
            "O",
            "O",
            "O",
            "O",
            "O",
            "O",
            "O",
            "O",
            "O",
            "O",
            "O",
            "O",
            "O",
            "O",
            "O",
            "O",
            "O",
            "O",
            "O",
            "O",
            "O",
            "O",
            "O",
            "O",
            "O",
            "O",
            "O",
            "O",
            "O",
            "O",
            "O",
            "O",
            "O",
            "O",
            "O",
            "O",
            "O",
            "O",
            "O",
            "O",
            "O",
            "O",
            "O",
            "O",
            "O",
            "O",
            "O",
            "O",
            "O",
            "O",
            "O",
            "O",
            "O",
            "O",
            "O",
            "O",
            "O",
            "O",
            "O",
            "O",
            "O",
            "O",
            "O",
            "O",
            "O",
            "O",
            "O",
            "O",
            "O",
            "O",
            "O",
            "O",
            "O",
            "O",
            "O",
            "O",
            "O",
            "O",
            "O",
            "O",
            "O",
            "O",
            "O",
            "O",
            "O",
            "O",
            "O",
            "O",
            "O",
            "O",
            "O",
            "O",
            "O",
            "O",
            "O",
            "O",
            "O",
            "O",
            "O",
            "O",
            "O",
            "O",
            "O",
            "O",
            "O",
            "O",
            "O",
            "O",
            "O",
            "O",
            "O",
            "O"
        ]
    },
    {
        "words": [
            "Linked",
            "allocation",
            "\u2022",
            "File",
            "is",
            "a",
            "linked",
            "list",
            "of",
            "disk",
            "blocks",
            "0",
            "1",
            "2",
            "3",
            "\u2022",
            "Blocks",
            "may",
            "be",
            "scattered",
            "4",
            "6",
            "around",
            "the",
            "disk",
            "drive",
            "\u2022",
            "Block",
            "contains",
            "both",
            "pointer",
            "to",
            "next",
            "block",
            "and",
            "data",
            "4",
            "5",
            "6",
            "7",
            "\u2022",
            "Files",
            "may",
            "be",
            "as",
            "long",
            "as",
            "x",
            "x",
            "needed",
            "\u2022",
            "New",
            "blocks",
            "are",
            "allocated",
            "8",
            "9",
            "10",
            "11",
            "as",
            "needed",
            "0",
            "\u2022",
            "Linked",
            "into",
            "list",
            "of",
            "blocks",
            "in",
            "file",
            "Start=9",
            "Start=3",
            "\u2022",
            "Removed",
            "from",
            "list",
            "(",
            "bitmap",
            ")",
            "End=4",
            "End=6",
            "of",
            "free",
            "blocks",
            "Length=2902",
            "Length=1500",
            "CS/COE",
            "1550",
            "\u2013",
            "Operating",
            "Systems",
            "\u2013",
            "Sherif",
            "Khattab",
            "20"
        ],
        "labels": [
            "B",
            "I",
            "O",
            "O",
            "O",
            "O",
            "O",
            "O",
            "O",
            "O",
            "O",
            "O",
            "O",
            "O",
            "O",
            "O",
            "O",
            "O",
            "O",
            "O",
            "O",
            "O",
            "O",
            "O",
            "O",
            "O",
            "O",
            "O",
            "O",
            "O",
            "O",
            "O",
            "O",
            "O",
            "O",
            "O",
            "O",
            "O",
            "O",
            "O",
            "O",
            "O",
            "O",
            "O",
            "O",
            "O",
            "O",
            "O",
            "O",
            "O",
            "O",
            "O",
            "O",
            "O",
            "O",
            "O",
            "O",
            "O",
            "O",
            "O",
            "O",
            "O",
            "O",
            "O",
            "O",
            "O",
            "O",
            "O",
            "O",
            "O",
            "O",
            "O",
            "O",
            "O",
            "O",
            "O",
            "O",
            "O",
            "O",
            "O",
            "O",
            "O",
            "O",
            "O",
            "O",
            "O",
            "O",
            "O",
            "O",
            "O",
            "O",
            "O",
            "O",
            "O",
            "O"
        ]
    },
    {
        "words": [
            "Data",
            "Structures",
            "for",
            "Linked",
            "Allocation",
            "CS/COE",
            "1550",
            "\u2013",
            "Operating",
            "Systems",
            "\u2013",
            "Sherif",
            "Khattab",
            "21"
        ],
        "labels": [
            "B",
            "I",
            "I",
            "B",
            "I",
            "O",
            "O",
            "O",
            "O",
            "O",
            "O",
            "O",
            "O",
            "O"
        ]
    },
    {
        "words": [
            "Finding",
            "blocks",
            "with",
            "linked",
            "allocation",
            "\u2022",
            "Directory",
            "structure",
            "is",
            "simple",
            "\u2022",
            "Starting",
            "address",
            "looked",
            "up",
            "from",
            "directory",
            "\u2022",
            "Directory",
            "only",
            "keeps",
            "track",
            "of",
            "first",
            "block",
            "(",
            "not",
            "others",
            ")",
            "\u2022",
            "No",
            "wasted",
            "blocks",
            "-",
            "all",
            "blocks",
            "can",
            "be",
            "used",
            "\u2022",
            "Random",
            "access",
            "is",
            "difficult",
            ":",
            "must",
            "always",
            "start",
            "at",
            "first",
            "block",
            "!",
            "\u2022",
            "Logical",
            "to",
            "physical",
            "mapping",
            "is",
            "done",
            "by",
            "block",
            "=",
            "start",
            ";",
            "offset_in_block",
            "=",
            "pos",
            "%",
            "1020",
            ";",
            "for",
            "(",
            "j",
            "=",
            "0",
            ";",
            "j",
            "<",
            "pos",
            "/",
            "1020",
            ";",
            "j++",
            ")",
            "{",
            "block",
            "=",
            "block-",
            ">",
            "next",
            ";",
            "}",
            "\u2022",
            "Assumes",
            "that",
            "next",
            "pointer",
            "is",
            "stored",
            "at",
            "end",
            "of",
            "block",
            "\u2022",
            "May",
            "require",
            "a",
            "long",
            "time",
            "for",
            "seek",
            "to",
            "random",
            "location",
            "in",
            "file",
            "CS/COE",
            "1550",
            "\u2013",
            "Operating",
            "Systems",
            "\u2013",
            "Sherif",
            "Khattab",
            "22"
        ],
        "labels": [
            "O",
            "O",
            "O",
            "O",
            "O",
            "O",
            "O",
            "O",
            "O",
            "O",
            "O",
            "O",
            "O",
            "O",
            "O",
            "O",
            "O",
            "O",
            "O",
            "O",
            "O",
            "O",
            "O",
            "O",
            "O",
            "O",
            "O",
            "O",
            "O",
            "O",
            "O",
            "O",
            "O",
            "O",
            "O",
            "O",
            "O",
            "O",
            "O",
            "O",
            "O",
            "O",
            "O",
            "O",
            "O",
            "O",
            "O",
            "O",
            "O",
            "O",
            "O",
            "O",
            "O",
            "O",
            "O",
            "O",
            "O",
            "O",
            "O",
            "O",
            "O",
            "O",
            "O",
            "O",
            "O",
            "O",
            "O",
            "O",
            "O",
            "O",
            "O",
            "O",
            "O",
            "O",
            "O",
            "O",
            "O",
            "O",
            "O",
            "O",
            "O",
            "O",
            "O",
            "O",
            "O",
            "O",
            "O",
            "O",
            "O",
            "O",
            "O",
            "O",
            "O",
            "O",
            "O",
            "O",
            "O",
            "O",
            "O",
            "O",
            "O",
            "O",
            "O",
            "O",
            "O",
            "O",
            "O",
            "O",
            "O",
            "O",
            "O",
            "O",
            "O",
            "O",
            "O",
            "O",
            "O",
            "O",
            "O",
            "O",
            "O",
            "O",
            "O",
            "O",
            "O"
        ]
    },
    {
        "words": [
            "Offset",
            "Calculation",
            "CS/COE",
            "1550",
            "\u2013",
            "Operating",
            "Systems",
            "\u2013",
            "Sherif",
            "Khattab",
            "23"
        ],
        "labels": [
            "O",
            "O",
            "O",
            "O",
            "O",
            "O",
            "O",
            "O",
            "O",
            "O",
            "O"
        ]
    },
    {
        "words": [
            "File",
            "Allocation",
            "Table",
            "(",
            "FAT",
            ")",
            "\u2022",
            "Links",
            "on",
            "disk",
            "are",
            "slow",
            "0",
            "4",
            "1",
            "-1",
            "\u2022",
            "Keep",
            "linked",
            "list",
            "in",
            "memory",
            "2",
            "-1",
            "3",
            "-2",
            "\u2022",
            "Advantage",
            ":",
            "faster",
            "4",
            "-2",
            "5",
            "-1",
            "\u2022",
            "Disadvantages",
            "6",
            "3",
            "B",
            "7",
            "-1",
            "\u2022",
            "Have",
            "to",
            "copy",
            "it",
            "to",
            "disk",
            "at",
            "some",
            "point",
            "8",
            "-1",
            "\u2022",
            "Have",
            "to",
            "keep",
            "in-memory",
            "and",
            "on-disk",
            "9",
            "0",
            "A",
            "10",
            "-1",
            "copy",
            "consistent",
            "11",
            "-1",
            "12",
            "-1",
            "13",
            "-1",
            "14",
            "-1",
            "15",
            "-1",
            "CS/COE",
            "1550",
            "\u2013",
            "Operating",
            "Systems",
            "\u2013",
            "Sherif",
            "Khattab",
            "24"
        ],
        "labels": [
            "B",
            "I",
            "I",
            "O",
            "O",
            "O",
            "O",
            "O",
            "O",
            "O",
            "O",
            "O",
            "O",
            "O",
            "O",
            "O",
            "O",
            "O",
            "O",
            "O",
            "O",
            "O",
            "O",
            "O",
            "O",
            "O",
            "O",
            "O",
            "O",
            "O",
            "O",
            "O",
            "O",
            "O",
            "O",
            "O",
            "O",
            "O",
            "O",
            "O",
            "O",
            "O",
            "O",
            "O",
            "O",
            "O",
            "O",
            "O",
            "O",
            "O",
            "O",
            "O",
            "O",
            "O",
            "O",
            "O",
            "O",
            "O",
            "O",
            "O",
            "O",
            "O",
            "O",
            "O",
            "O",
            "O",
            "O",
            "O",
            "O",
            "O",
            "O",
            "O",
            "O",
            "O",
            "O",
            "O",
            "O",
            "O",
            "O",
            "O",
            "O",
            "O",
            "O",
            "O",
            "O",
            "O"
        ]
    }
]