[
    {
        "words": [
            "Introduction",
            "to",
            "Operating",
            "Systems",
            "CS/COE",
            "1550",
            "Spring",
            "2022",
            "Sherif",
            "Khattab",
            "ksm73",
            "@",
            "pitt.edu",
            "(",
            "Some",
            "slides",
            "are",
            "from",
            "Silberschatz",
            ",",
            "Galvin",
            "and",
            "Gagne",
            "\u00a92013",
            ")"
        ],
        "labels": [
            "O",
            "O",
            "B",
            "I",
            "O",
            "O",
            "O",
            "O",
            "B",
            "I",
            "O",
            "O",
            "O",
            "O",
            "O",
            "O",
            "O",
            "O",
            "O",
            "O",
            "O",
            "O",
            "O",
            "O",
            "O"
        ]
    },
    {
        "words": [
            "Announcements",
            "\u2022",
            "Lectures",
            "and",
            "recitations",
            "are",
            "back",
            "in-person",
            "\u2022",
            "Upcoming",
            "deadlines",
            "\u2022",
            "Homework",
            "2",
            "is",
            "due",
            "next",
            "Monday",
            "at",
            "11:59",
            "pm",
            "\u2022",
            "Lab",
            "1",
            "is",
            "due",
            "on",
            "2/4",
            "at",
            "11:59",
            "pm",
            "\u2022",
            "Project",
            "1",
            "is",
            "due",
            "on",
            "2/18",
            "at",
            "11:59",
            "pm",
            "\u2022",
            "Explained",
            "in",
            "this",
            "week",
            "\u2019",
            "s",
            "recitations",
            "CS",
            "1550",
            "\u2013",
            "Operating",
            "Systems",
            "\u2013",
            "Sherif",
            "Khattab",
            "2"
        ],
        "labels": [
            "B",
            "O",
            "B",
            "O",
            "O",
            "O",
            "O",
            "O",
            "O",
            "O",
            "O",
            "O",
            "B",
            "I",
            "O",
            "O",
            "O",
            "O",
            "O",
            "O",
            "O",
            "O",
            "B",
            "I",
            "O",
            "O",
            "O",
            "O",
            "O",
            "O",
            "O",
            "O",
            "B",
            "I",
            "O",
            "O",
            "O",
            "O",
            "O",
            "O",
            "O",
            "O",
            "O",
            "O",
            "O",
            "O",
            "O",
            "O",
            "O",
            "O",
            "O",
            "O",
            "B",
            "I",
            "O",
            "B",
            "I",
            "O"
        ]
    },
    {
        "words": [
            "Previous",
            "Lecture",
            "\u2026",
            "Three-usage",
            "problems",
            "of",
            "Semaphores",
            "\u2022",
            "compromising",
            "mutual",
            "exclusion",
            "\u2022",
            "Solution",
            ":",
            "Mutex",
            "\u2022",
            "deadlock",
            "\u2022",
            "Solution",
            ":",
            "Not",
            "yet",
            "discussed",
            "\u2022",
            "priority",
            "inversion",
            "\u2022",
            "Solution",
            ":",
            "priority",
            "inheritance",
            "CS",
            "1550",
            "\u2013",
            "Operating",
            "Systems",
            "\u2013",
            "Sherif",
            "Khattab",
            "3"
        ],
        "labels": [
            "O",
            "O",
            "O",
            "O",
            "O",
            "O",
            "B",
            "O",
            "O",
            "O",
            "O",
            "O",
            "O",
            "O",
            "B",
            "O",
            "O",
            "O",
            "O",
            "O",
            "O",
            "O",
            "O",
            "O",
            "O",
            "O",
            "O",
            "O",
            "O",
            "O",
            "O",
            "O",
            "O",
            "O",
            "B",
            "I",
            "O",
            "B",
            "I",
            "O"
        ]
    },
    {
        "words": [
            "Muddiest",
            "Points",
            "(",
            "basic",
            "concepts",
            ")",
            "\u2022",
            "Deadlock",
            "\u2022",
            "mutual",
            "exclusion",
            "CS",
            "1550",
            "\u2013",
            "Operating",
            "Systems",
            "\u2013",
            "Sherif",
            "Khattab",
            "4"
        ],
        "labels": [
            "B",
            "I",
            "O",
            "O",
            "O",
            "O",
            "O",
            "B",
            "O",
            "O",
            "O",
            "O",
            "O",
            "O",
            "B",
            "I",
            "O",
            "B",
            "I",
            "O"
        ]
    },
    {
        "words": [
            "Muddiest",
            "Points",
            "(",
            "semaphore",
            ")",
            "\u2022",
            "What",
            "the",
            "semaphore",
            "value",
            "means",
            ".",
            "\u2022",
            "Can",
            "we",
            "see",
            "a",
            "process",
            "that",
            "utilizes",
            "a",
            "semaphore/spinlock",
            "and",
            "trace",
            "it",
            "?",
            "\u2022",
            "Where",
            "we",
            "move",
            "after",
            "down",
            "is",
            "called",
            "CS",
            "1550",
            "\u2013",
            "Operating",
            "Systems",
            "\u2013",
            "Sherif",
            "Khattab",
            "5"
        ],
        "labels": [
            "B",
            "I",
            "O",
            "O",
            "O",
            "O",
            "O",
            "O",
            "O",
            "O",
            "O",
            "O",
            "O",
            "O",
            "O",
            "O",
            "O",
            "O",
            "O",
            "O",
            "O",
            "O",
            "O",
            "O",
            "O",
            "O",
            "O",
            "O",
            "O",
            "O",
            "O",
            "O",
            "O",
            "O",
            "O",
            "O",
            "O",
            "B",
            "I",
            "O",
            "B",
            "I",
            "O"
        ]
    },
    {
        "words": [
            "Muddiest",
            "Points",
            "(",
            "Mutex",
            ")",
            "\u2022",
            "With",
            "mutex",
            ",",
            "what",
            "happens",
            "when",
            "a",
            "process",
            "tries",
            "to",
            "up",
            "(",
            ")",
            "when",
            "it",
            "has",
            "n't",
            "down",
            "(",
            ")",
            "'d",
            ",",
            "does",
            "it",
            "skip",
            "over",
            "the",
            "instruction",
            "or",
            "does",
            "it",
            "do",
            "something",
            "else",
            "?",
            "\u2022",
            "how",
            "does",
            "a",
            "mutex",
            "semaphore",
            "verify",
            "that",
            "the",
            "same",
            "process",
            "that",
            "called",
            "down",
            "on",
            "it",
            "in",
            "the",
            "first",
            "place",
            "is",
            "the",
            "one",
            "that",
            "called",
            "up",
            "on",
            "it",
            "?",
            "\u2022",
            "Can",
            "a",
            "mutex",
            "have",
            "a",
            "negative",
            "value",
            "or",
            "is",
            "it",
            "only",
            "0",
            "or",
            "1",
            "?",
            "\u2022",
            "Advantages/disadvantages",
            "of",
            "Mutex",
            "CS",
            "1550",
            "\u2013",
            "Operating",
            "Systems",
            "\u2013",
            "Sherif",
            "Khattab",
            "6"
        ],
        "labels": [
            "B",
            "I",
            "O",
            "B",
            "O",
            "O",
            "O",
            "O",
            "O",
            "O",
            "O",
            "O",
            "O",
            "O",
            "O",
            "O",
            "O",
            "O",
            "O",
            "O",
            "O",
            "O",
            "O",
            "O",
            "O",
            "O",
            "O",
            "O",
            "O",
            "O",
            "O",
            "O",
            "O",
            "O",
            "O",
            "O",
            "O",
            "O",
            "O",
            "O",
            "O",
            "O",
            "O",
            "O",
            "O",
            "O",
            "O",
            "O",
            "O",
            "O",
            "O",
            "O",
            "O",
            "O",
            "O",
            "O",
            "O",
            "O",
            "O",
            "O",
            "O",
            "O",
            "O",
            "O",
            "O",
            "O",
            "O",
            "O",
            "O",
            "O",
            "O",
            "O",
            "O",
            "O",
            "O",
            "O",
            "O",
            "O",
            "O",
            "O",
            "O",
            "O",
            "O",
            "O",
            "O",
            "O",
            "O",
            "O",
            "O",
            "B",
            "O",
            "O",
            "O",
            "B",
            "I",
            "O",
            "B",
            "I",
            "O"
        ]
    },
    {
        "words": [
            "Muddiest",
            "Points",
            "(",
            "priority",
            "inheritance",
            ")",
            "\u2022",
            "What",
            "is",
            "priority",
            "inheritance",
            "?",
            "\u2022",
            "I",
            "'m",
            "confused",
            "on",
            "what",
            "the",
            "solution",
            "for",
            "priority",
            "inversion",
            "is",
            "or",
            "did",
            "we",
            "not",
            "mention",
            "it",
            "yet",
            "?",
            "\u2022",
            "Does",
            "Priority",
            "Inheritance",
            "solve",
            "the",
            "Deadlock",
            "and",
            "Starvation",
            "problems",
            "along",
            "with",
            "the",
            "Priority",
            "Inversion",
            "problem",
            "?",
            "\u2022",
            "Why",
            "running",
            "P1",
            "in",
            "the",
            "priority",
            "inversion",
            "question",
            "not",
            "down",
            "the",
            "semaphore",
            "?",
            "\u2022",
            "Does",
            "priority",
            "inversion",
            "(",
            "of",
            "semaphores",
            ")",
            "cause",
            "the",
            "lower",
            "process",
            "to",
            "run",
            "instead",
            "of",
            "the",
            "higher",
            "priority",
            "process",
            "indefinitely",
            "or",
            "does",
            "this",
            "resolve",
            "itself",
            "?",
            "If",
            "so",
            "how",
            "?",
            "CS",
            "1550",
            "\u2013",
            "Operating",
            "Systems",
            "\u2013",
            "Sherif",
            "Khattab",
            "7"
        ],
        "labels": [
            "B",
            "I",
            "O",
            "O",
            "O",
            "O",
            "O",
            "O",
            "O",
            "O",
            "O",
            "O",
            "O",
            "O",
            "O",
            "O",
            "O",
            "O",
            "O",
            "O",
            "O",
            "O",
            "O",
            "O",
            "O",
            "O",
            "O",
            "O",
            "O",
            "O",
            "O",
            "O",
            "O",
            "O",
            "B",
            "I",
            "O",
            "O",
            "B",
            "O",
            "B",
            "I",
            "O",
            "O",
            "O",
            "B",
            "I",
            "O",
            "O",
            "O",
            "O",
            "O",
            "O",
            "O",
            "O",
            "O",
            "O",
            "O",
            "O",
            "O",
            "O",
            "O",
            "O",
            "O",
            "O",
            "O",
            "O",
            "O",
            "O",
            "O",
            "O",
            "O",
            "O",
            "O",
            "O",
            "O",
            "O",
            "O",
            "O",
            "O",
            "O",
            "O",
            "O",
            "O",
            "O",
            "O",
            "O",
            "O",
            "O",
            "O",
            "O",
            "O",
            "O",
            "O",
            "O",
            "O",
            "O",
            "B",
            "I",
            "O",
            "B",
            "I",
            "O"
        ]
    },
    {
        "words": [
            "Semaphore",
            "Usage",
            "Problem",
            ":",
            "Priority",
            "Inversion",
            "CS",
            "1550",
            "\u2013",
            "Operating",
            "Systems",
            "\u2013",
            "Sherif",
            "Khattab",
            "8"
        ],
        "labels": [
            "B",
            "I",
            "I",
            "O",
            "B",
            "I",
            "O",
            "O",
            "O",
            "B",
            "I",
            "O",
            "B",
            "I",
            "O"
        ]
    },
    {
        "words": [
            "Muddiest",
            "Points",
            "(",
            "forking",
            "1",
            ")",
            "\u2022",
            "if",
            "fork",
            "creates",
            "copies",
            "of",
            "the",
            "process",
            "that",
            "called",
            "it",
            ",",
            "how",
            "can",
            "you",
            "tell",
            "which",
            "copy",
            "has",
            "priority",
            "to",
            "run",
            "first",
            "?",
            "\u2022",
            "child",
            "processes",
            "&",
            "where",
            "they",
            "pick",
            "up",
            "in",
            "the",
            "code",
            "\u2022",
            "Not",
            "exactly",
            "sure",
            "how",
            "semaphores",
            "are",
            "inherited",
            "between",
            "processes",
            "\u2022",
            "In",
            "the",
            "last",
            "example",
            ",",
            "when",
            "p1",
            "calls",
            "fork",
            "and",
            "creates",
            "the",
            "child",
            "p3",
            ",",
            "will",
            "p1",
            "\u2019",
            "s",
            "PCB",
            "be",
            "copied",
            "to",
            "p3",
            ",",
            "which",
            "means",
            "the",
            "content",
            "of",
            "p0",
            "\u2019",
            "s",
            "pcb",
            "will",
            "be",
            "in",
            "p3",
            "too",
            "?",
            "\u2022",
            "What",
            "is",
            "a",
            "PID",
            "and",
            "how",
            "is",
            "it",
            "related",
            "to",
            "the",
            "return",
            "value",
            "of",
            "fork",
            "(",
            ")",
            "?",
            "\u2022",
            "P3",
            "is",
            "forked",
            "and",
            "created",
            "before",
            "P2",
            "so",
            "why",
            "is",
            "it",
            "named",
            "P2",
            "?",
            "Is",
            "it",
            "simply",
            "renamed",
            "after",
            "P1",
            "gets",
            "forked",
            "again",
            "?",
            "\u2022",
            "Is",
            "the",
            "order",
            "of",
            "possible",
            "outcomes",
            "from",
            "a",
            "forking",
            "program",
            "the",
            "permutation",
            "of",
            "any",
            "of",
            "the",
            "leaf",
            "nodes",
            "from",
            "a",
            "forking",
            "tree",
            "?",
            "CS",
            "1550",
            "\u2013",
            "Operating",
            "Systems",
            "\u2013",
            "Sherif",
            "Khattab",
            "9"
        ],
        "labels": [
            "B",
            "I",
            "O",
            "O",
            "O",
            "O",
            "O",
            "O",
            "O",
            "O",
            "O",
            "O",
            "O",
            "O",
            "O",
            "O",
            "O",
            "O",
            "O",
            "O",
            "O",
            "O",
            "O",
            "O",
            "O",
            "O",
            "O",
            "O",
            "O",
            "O",
            "O",
            "O",
            "O",
            "O",
            "O",
            "O",
            "O",
            "O",
            "O",
            "O",
            "O",
            "O",
            "O",
            "O",
            "O",
            "O",
            "O",
            "O",
            "O",
            "O",
            "O",
            "O",
            "O",
            "O",
            "O",
            "O",
            "O",
            "O",
            "O",
            "O",
            "O",
            "O",
            "O",
            "O",
            "O",
            "O",
            "O",
            "O",
            "O",
            "O",
            "O",
            "B",
            "O",
            "O",
            "O",
            "O",
            "O",
            "O",
            "O",
            "O",
            "O",
            "O",
            "O",
            "O",
            "O",
            "O",
            "O",
            "O",
            "O",
            "O",
            "O",
            "O",
            "O",
            "O",
            "O",
            "O",
            "B",
            "O",
            "O",
            "O",
            "O",
            "O",
            "O",
            "O",
            "O",
            "O",
            "O",
            "O",
            "O",
            "O",
            "O",
            "O",
            "O",
            "O",
            "O",
            "O",
            "O",
            "O",
            "O",
            "O",
            "O",
            "O",
            "O",
            "O",
            "O",
            "O",
            "O",
            "O",
            "O",
            "O",
            "O",
            "O",
            "O",
            "O",
            "O",
            "O",
            "O",
            "O",
            "O",
            "O",
            "O",
            "O",
            "O",
            "O",
            "O",
            "O",
            "O",
            "O",
            "O",
            "O",
            "O",
            "O",
            "O",
            "O",
            "O",
            "O",
            "O",
            "O",
            "O",
            "O",
            "O",
            "O",
            "O",
            "B",
            "I",
            "O",
            "B",
            "I",
            "O"
        ]
    },
    {
        "words": [
            "fork",
            "(",
            ")",
            "\u2019",
            "s",
            "of",
            "fork",
            "(",
            ")",
            "\u2019",
            "s",
            "CS",
            "1550",
            "\u2013",
            "Operating",
            "Systems",
            "\u2013",
            "Sherif",
            "Khattab",
            "10"
        ],
        "labels": [
            "O",
            "O",
            "O",
            "O",
            "O",
            "O",
            "O",
            "O",
            "O",
            "O",
            "O",
            "O",
            "O",
            "O",
            "B",
            "I",
            "O",
            "B",
            "I",
            "O"
        ]
    },
    {
        "words": [
            "Muddiest",
            "Points",
            "(",
            "forking",
            "2",
            ")",
            "\u2022",
            "does",
            "the",
            "fork",
            "return",
            "zero",
            "for",
            "all",
            "children",
            "?",
            "\u2022",
            "Somewhat",
            "confused",
            "about",
            "what",
            "order",
            "the",
            "various",
            "forks",
            "will",
            "actually",
            "form",
            ".",
            "I",
            "see",
            "why",
            "and",
            "from",
            "where",
            "they",
            "form",
            ",",
            "but",
            "not",
            "how",
            "it",
            "decides",
            "which",
            "one",
            "to",
            "run",
            "\u2022",
            "how",
            "are",
            "all",
            "processes",
            "a",
            "fork",
            "of",
            "another",
            "process",
            "?",
            "i",
            "know",
            "the",
            "root",
            "of",
            "the",
            "tree",
            "is",
            "another",
            "process",
            "in",
            "the",
            "OS",
            ",",
            "but",
            "i",
            "do",
            "n't",
            "get",
            "how",
            "for",
            "example",
            "a",
            "program",
            "you",
            "create",
            "and",
            "execute",
            "is",
            "a",
            "fork",
            "of",
            "something",
            "else",
            ".",
            "\u2022",
            "the",
            "forking",
            "process",
            "with",
            "child",
            "processes",
            ".",
            "The",
            "relationship",
            "between",
            "the",
            "number",
            "of",
            "child",
            "processes",
            "created",
            "and",
            "the",
            "number",
            "of",
            "times",
            "fork",
            "(",
            ")",
            "is",
            "called",
            "by",
            "the",
            "parent",
            "process",
            "\u2022",
            "what",
            "int",
            "fork",
            "returns",
            "for",
            "the",
            "child",
            "and",
            "parent",
            "process",
            "\u2022",
            "practical",
            "uses",
            "of",
            "forking",
            "?",
            "CS",
            "1550",
            "\u2013",
            "Operating",
            "Systems",
            "\u2013",
            "Sherif",
            "Khattab",
            "11"
        ],
        "labels": [
            "B",
            "I",
            "O",
            "O",
            "O",
            "O",
            "O",
            "O",
            "O",
            "O",
            "O",
            "O",
            "O",
            "O",
            "O",
            "O",
            "O",
            "O",
            "O",
            "O",
            "O",
            "O",
            "O",
            "O",
            "O",
            "O",
            "O",
            "O",
            "O",
            "O",
            "O",
            "O",
            "O",
            "O",
            "O",
            "O",
            "O",
            "O",
            "O",
            "O",
            "O",
            "O",
            "O",
            "O",
            "O",
            "O",
            "O",
            "O",
            "O",
            "O",
            "O",
            "O",
            "O",
            "O",
            "O",
            "O",
            "O",
            "O",
            "O",
            "O",
            "O",
            "O",
            "O",
            "O",
            "O",
            "O",
            "O",
            "O",
            "O",
            "O",
            "O",
            "O",
            "O",
            "O",
            "O",
            "O",
            "O",
            "O",
            "O",
            "O",
            "O",
            "O",
            "O",
            "O",
            "O",
            "O",
            "O",
            "O",
            "O",
            "O",
            "O",
            "O",
            "O",
            "O",
            "O",
            "O",
            "O",
            "O",
            "O",
            "O",
            "O",
            "O",
            "O",
            "O",
            "O",
            "O",
            "O",
            "O",
            "O",
            "O",
            "O",
            "O",
            "O",
            "O",
            "O",
            "O",
            "O",
            "O",
            "O",
            "O",
            "O",
            "O",
            "O",
            "O",
            "O",
            "O",
            "O",
            "O",
            "O",
            "O",
            "O",
            "O",
            "O",
            "O",
            "O",
            "O",
            "O",
            "O",
            "O",
            "O",
            "O",
            "O",
            "O",
            "O",
            "B",
            "I",
            "O",
            "B",
            "I",
            "O"
        ]
    },
    {
        "words": [
            "Today",
            "\u2019",
            "s",
            "Problem/Question",
            "How",
            "are",
            "processes",
            "created",
            "and",
            "terminated",
            "?",
            "CS",
            "1550",
            "\u2013",
            "Operating",
            "Systems",
            "\u2013",
            "Sherif",
            "Khattab",
            "12"
        ],
        "labels": [
            "O",
            "O",
            "O",
            "O",
            "O",
            "O",
            "O",
            "O",
            "O",
            "O",
            "O",
            "O",
            "O",
            "O",
            "B",
            "I",
            "O",
            "B",
            "I",
            "O"
        ]
    },
    {
        "words": [
            "Process",
            "Lifecycle",
            "(",
            "AKA",
            "Process",
            "States",
            ")",
            "CS",
            "1550",
            "\u2013",
            "Operating",
            "Systems",
            "\u2013",
            "Sherif",
            "Khattab",
            "13"
        ],
        "labels": [
            "O",
            "O",
            "O",
            "O",
            "O",
            "O",
            "O",
            "O",
            "O",
            "O",
            "B",
            "I",
            "O",
            "B",
            "I",
            "O"
        ]
    },
    {
        "words": [
            "Process",
            "Creation",
            "\u2022",
            "Via",
            "fork",
            "(",
            ")",
            "syscall",
            "\u2022",
            "Parent",
            "process",
            ":",
            "the",
            "process",
            "that",
            "calls",
            "fork",
            "(",
            ")",
            "\u2022",
            "Child",
            "process",
            ":",
            "the",
            "process",
            "that",
            "gets",
            "created",
            "\u2022",
            "Memory",
            "of",
            "parent",
            "process",
            "copied",
            "to",
            "child",
            "process",
            "\u2022",
            "Too",
            "much",
            "copying",
            "\u2022",
            "Even",
            "not",
            "necessary",
            "sometimes",
            "\u2022",
            "e.g.",
            ",",
            "fork",
            "(",
            ")",
            "followed",
            "by",
            "exec",
            "(",
            ")",
            "to",
            "run",
            "a",
            "different",
            "program",
            "\u2022",
            "Optimization",
            "trick",
            ":",
            "\u2022",
            "copy-on-write",
            "CS",
            "1550",
            "\u2013",
            "Operating",
            "Systems",
            "\u2013",
            "Sherif",
            "Khattab",
            "14"
        ],
        "labels": [
            "B",
            "I",
            "O",
            "O",
            "O",
            "O",
            "O",
            "O",
            "O",
            "B",
            "I",
            "O",
            "O",
            "O",
            "O",
            "O",
            "O",
            "O",
            "O",
            "O",
            "B",
            "I",
            "O",
            "O",
            "O",
            "O",
            "O",
            "O",
            "O",
            "B",
            "O",
            "O",
            "O",
            "O",
            "O",
            "O",
            "O",
            "O",
            "O",
            "O",
            "O",
            "O",
            "O",
            "O",
            "O",
            "O",
            "O",
            "O",
            "O",
            "O",
            "O",
            "O",
            "O",
            "O",
            "O",
            "O",
            "O",
            "O",
            "O",
            "O",
            "O",
            "O",
            "O",
            "O",
            "O",
            "O",
            "O",
            "O",
            "O",
            "O",
            "O",
            "B",
            "I",
            "O",
            "B",
            "I",
            "O"
        ]
    },
    {
        "words": [
            "fork",
            "(",
            ")",
            "example",
            "CS",
            "1550",
            "\u2013",
            "Operating",
            "Systems",
            "\u2013",
            "Sherif",
            "Khattab",
            "15"
        ],
        "labels": [
            "O",
            "O",
            "O",
            "O",
            "O",
            "O",
            "O",
            "B",
            "I",
            "O",
            "B",
            "I",
            "O"
        ]
    },
    {
        "words": [
            "Process",
            "Termination",
            "\u2022",
            "Via",
            "exit",
            "(",
            ")",
            ",",
            "abort",
            "(",
            ")",
            ",",
            "or",
            "kill",
            "(",
            ")",
            "syscalls",
            "\u2022",
            "The",
            "parent",
            "process",
            "may",
            "wait",
            "for",
            "termination",
            "of",
            "a",
            "child",
            "process",
            "by",
            "using",
            "the",
            "wait",
            "(",
            ")",
            "system",
            "call.The",
            "call",
            "returns",
            "status",
            "information",
            "and",
            "the",
            "pid",
            "of",
            "the",
            "terminated",
            "process",
            "pid",
            "=",
            "wait",
            "(",
            "&",
            "status",
            ")",
            ";",
            "\u2022",
            "When",
            "a",
            "process",
            "terminates",
            "\u2022",
            "If",
            "no",
            "parent",
            "waiting",
            "(",
            "did",
            "not",
            "invoke",
            "wait",
            "(",
            ")",
            ")",
            "process",
            "is",
            "a",
            "zombie",
            "\u2022",
            "If",
            "parent",
            "terminated",
            "without",
            "invoking",
            "wait",
            ",",
            "process",
            "is",
            "an",
            "orphan",
            "\u2022",
            "adopted",
            "by",
            "the",
            "init",
            "process",
            "CS",
            "1550",
            "\u2013",
            "Operating",
            "Systems",
            "\u2013",
            "Sherif",
            "Khattab",
            "16"
        ],
        "labels": [
            "B",
            "I",
            "O",
            "O",
            "O",
            "O",
            "O",
            "O",
            "O",
            "O",
            "O",
            "O",
            "O",
            "O",
            "O",
            "O",
            "O",
            "O",
            "O",
            "O",
            "O",
            "O",
            "O",
            "O",
            "O",
            "O",
            "O",
            "O",
            "O",
            "O",
            "O",
            "O",
            "O",
            "O",
            "O",
            "O",
            "O",
            "O",
            "O",
            "O",
            "O",
            "O",
            "O",
            "O",
            "O",
            "O",
            "O",
            "O",
            "O",
            "O",
            "O",
            "O",
            "O",
            "O",
            "O",
            "O",
            "O",
            "O",
            "O",
            "O",
            "O",
            "O",
            "O",
            "O",
            "O",
            "O",
            "O",
            "O",
            "O",
            "O",
            "O",
            "O",
            "O",
            "O",
            "O",
            "O",
            "O",
            "O",
            "O",
            "O",
            "O",
            "O",
            "O",
            "O",
            "O",
            "O",
            "O",
            "O",
            "O",
            "O",
            "O",
            "O",
            "O",
            "O",
            "O",
            "O",
            "O",
            "O",
            "O",
            "B",
            "I",
            "O",
            "B",
            "I",
            "O"
        ]
    },
    {
        "words": [
            "Orphan",
            "vs.",
            "Zombie",
            "Processes",
            "CS",
            "1550",
            "\u2013",
            "Operating",
            "Systems",
            "\u2013",
            "Sherif",
            "Khattab",
            "17"
        ],
        "labels": [
            "O",
            "O",
            "B",
            "I",
            "O",
            "O",
            "O",
            "B",
            "I",
            "O",
            "B",
            "I",
            "O"
        ]
    },
    {
        "words": [
            "Benefits",
            "of",
            "Orphan",
            "Processes",
            "\u2022",
            "Allow",
            "a",
            "long-running",
            "job",
            "to",
            "continue",
            "running",
            "even",
            "after",
            "session",
            "(",
            "e.g.",
            ",",
            "ssh",
            "connection",
            ")",
            "ends",
            ".",
            "\u2022",
            "The",
            "nohup",
            "command",
            "does",
            "that",
            "\u2022",
            "Create",
            "daemon",
            "processes",
            "\u2022",
            "Long-running",
            "background",
            "processes",
            "adopted",
            "by",
            "the",
            "init",
            "process",
            ".",
            "CS",
            "1550",
            "\u2013",
            "Operating",
            "Systems",
            "\u2013",
            "Sherif",
            "Khattab",
            "18"
        ],
        "labels": [
            "O",
            "O",
            "B",
            "I",
            "O",
            "O",
            "O",
            "O",
            "O",
            "O",
            "O",
            "O",
            "O",
            "O",
            "O",
            "O",
            "O",
            "O",
            "O",
            "O",
            "O",
            "O",
            "O",
            "O",
            "O",
            "O",
            "O",
            "O",
            "O",
            "O",
            "O",
            "O",
            "O",
            "O",
            "O",
            "O",
            "O",
            "O",
            "O",
            "O",
            "O",
            "O",
            "O",
            "O",
            "O",
            "O",
            "B",
            "I",
            "O",
            "B",
            "I",
            "O"
        ]
    },
    {
        "words": [
            "Thread",
            "Synchronization",
            "Synchronization",
            "issues",
            "apply",
            "to",
            "threads",
            "as",
            "well",
            "\u2022",
            "Threads",
            "can",
            "share",
            "data",
            "easily",
            "(",
            "same",
            "address",
            "space",
            ")",
            "\u2022",
            "Other",
            "two",
            "issues",
            "apply",
            "to",
            "threads",
            "CS",
            "1550",
            "\u2013",
            "Operating",
            "Systems",
            "\u2013",
            "Sherif",
            "Khattab",
            "19"
        ],
        "labels": [
            "B",
            "I",
            "O",
            "O",
            "O",
            "O",
            "O",
            "O",
            "O",
            "O",
            "B",
            "O",
            "O",
            "O",
            "O",
            "O",
            "O",
            "O",
            "O",
            "O",
            "O",
            "O",
            "O",
            "O",
            "O",
            "O",
            "O",
            "O",
            "O",
            "O",
            "B",
            "I",
            "O",
            "B",
            "I",
            "O"
        ]
    },
    {
        "words": [
            "Process",
            "vs.",
            "Thread",
            "CS",
            "1550",
            "\u2013",
            "Operating",
            "Systems",
            "\u2013",
            "Sherif",
            "Khattab",
            "20"
        ],
        "labels": [
            "B",
            "I",
            "I",
            "O",
            "O",
            "O",
            "B",
            "I",
            "O",
            "B",
            "I",
            "O"
        ]
    }
]