[
    {
        "words": [
            "Introduction",
            "to",
            "Operating",
            "Systems",
            "CS/COE",
            "1550",
            "Spring",
            "2022",
            "Sherif",
            "Khattab",
            "ksm73",
            "@",
            "pitt.edu",
            "(",
            "Some",
            "slides",
            "are",
            "from",
            "Silberschatz",
            ",",
            "Galvin",
            "and",
            "Gagne",
            "\u00a92013",
            ")"
        ],
        "labels": [
            "O",
            "O",
            "O",
            "O",
            "O",
            "O",
            "O",
            "O",
            "O",
            "O",
            "O",
            "O",
            "O",
            "O",
            "O",
            "O",
            "O",
            "O",
            "O",
            "O",
            "O",
            "O",
            "O",
            "O",
            "O"
        ]
    },
    {
        "words": [
            "Announcements",
            "\u2022",
            "Lab",
            "0",
            "due",
            "this",
            "Friday",
            "(",
            "soft",
            "deadline",
            ";",
            "not",
            "graded",
            ")",
            "\u2022",
            "Homework",
            "1",
            "will",
            "be",
            "posted",
            "this",
            "Friday",
            "\u2022",
            "Recitations",
            "start",
            "this",
            "week",
            "\u2022",
            "VS",
            "Code",
            "setup",
            "tutorial",
            "on",
            "Piazza",
            "(",
            "also",
            "linked",
            "from",
            "Canvas",
            ")",
            "\u2022",
            "Draft",
            "Slides",
            "linked",
            "from",
            "Canvas",
            "CS",
            "1550",
            "\u2013",
            "Operating",
            "Systems",
            "\u2013",
            "Sherif",
            "Khattab"
        ],
        "labels": [
            "O",
            "O",
            "O",
            "O",
            "O",
            "O",
            "O",
            "O",
            "O",
            "O",
            "O",
            "O",
            "O",
            "O",
            "O",
            "O",
            "O",
            "O",
            "O",
            "O",
            "O",
            "O",
            "O",
            "O",
            "O",
            "O",
            "O",
            "O",
            "O",
            "O",
            "O",
            "O",
            "O",
            "O",
            "O",
            "O",
            "O",
            "O",
            "O",
            "O",
            "O",
            "O",
            "O",
            "O",
            "O",
            "O",
            "O",
            "O",
            "O",
            "O",
            "O",
            "O",
            "O",
            "O"
        ]
    },
    {
        "words": [
            "Agenda",
            "\u2022",
            "Main",
            "tasks",
            "of",
            "an",
            "operating",
            "system",
            "\u2022",
            "System",
            "Calls",
            "\u2022",
            "What",
            "an",
            "interrupt",
            "is",
            "\u2022",
            "What",
            "happens",
            "when",
            "an",
            "interrupt",
            "occurs",
            "\u2022",
            "What",
            "a",
            "system",
            "call",
            "is",
            "\u2022",
            "How",
            "system",
            "calls",
            "implemented",
            "\u2022",
            "Effect",
            "of",
            "OS",
            "structure",
            "on",
            "system",
            "calls",
            "CS",
            "1550",
            "\u2013",
            "Operating",
            "Systems",
            "\u2013",
            "Sherif",
            "Khattab"
        ],
        "labels": [
            "O",
            "O",
            "O",
            "O",
            "O",
            "O",
            "B",
            "I",
            "O",
            "O",
            "O",
            "O",
            "O",
            "O",
            "O",
            "O",
            "O",
            "O",
            "O",
            "O",
            "O",
            "O",
            "O",
            "O",
            "O",
            "O",
            "B",
            "I",
            "O",
            "O",
            "O",
            "B",
            "I",
            "O",
            "O",
            "O",
            "O",
            "O",
            "O",
            "O",
            "B",
            "I",
            "O",
            "O",
            "O",
            "O",
            "O",
            "O",
            "O",
            "O"
        ]
    },
    {
        "words": [
            "What",
            "is",
            "an",
            "Operating",
            "System",
            "?",
            "A",
            "program",
            "that",
            "acts",
            "as",
            "an",
            "intermediary",
            "between",
            "a",
            "user",
            "of",
            "a",
            "computer",
            "and",
            "the",
            "computer",
            "hardware",
            "CS",
            "1550",
            "\u2013",
            "Operating",
            "Systems",
            "\u2013",
            "Sherif",
            "Khattab"
        ],
        "labels": [
            "O",
            "O",
            "O",
            "O",
            "O",
            "O",
            "O",
            "O",
            "O",
            "O",
            "O",
            "O",
            "O",
            "O",
            "O",
            "O",
            "O",
            "O",
            "O",
            "O",
            "O",
            "O",
            "O",
            "O",
            "O",
            "O",
            "O",
            "O",
            "O",
            "O",
            "O"
        ]
    },
    {
        "words": [
            "What",
            "does",
            "an",
            "OS",
            "do",
            "?",
            "\u2022",
            "Manages",
            "(",
            "controls",
            "and",
            "arbitrates",
            ")",
            "resources",
            "\u2022",
            "Processors",
            ",",
            "Memory",
            ",",
            "Input/output",
            "devices",
            ",",
            "Communication",
            "devices",
            ",",
            "Storage",
            ",",
            "Software",
            "applications",
            "\u2022",
            "Conflicting",
            "goals",
            ":",
            "\u2022",
            "e.g.",
            ",",
            "performance",
            "vs.",
            "utilization",
            "\u2022",
            "Separation",
            "of",
            "policy",
            "and",
            "mechansim",
            "\u2022",
            "Provides",
            "abstractions",
            "to",
            "application",
            "programs",
            "\u2022",
            "Ease",
            "of",
            "use",
            "\u2022",
            "Virtualization",
            "\u2022",
            "Protects",
            "resources",
            "CS",
            "1550",
            "\u2013",
            "Operating",
            "Systems",
            "\u2013",
            "Sherif",
            "Khattab"
        ],
        "labels": [
            "O",
            "O",
            "O",
            "O",
            "O",
            "O",
            "O",
            "O",
            "O",
            "O",
            "O",
            "O",
            "O",
            "O",
            "O",
            "O",
            "O",
            "O",
            "O",
            "O",
            "O",
            "O",
            "O",
            "O",
            "O",
            "O",
            "O",
            "O",
            "O",
            "O",
            "O",
            "O",
            "O",
            "O",
            "O",
            "O",
            "O",
            "O",
            "O",
            "O",
            "O",
            "O",
            "O",
            "O",
            "O",
            "O",
            "O",
            "O",
            "O",
            "O",
            "O",
            "O",
            "O",
            "O",
            "O",
            "O",
            "O",
            "O",
            "O",
            "O",
            "O",
            "O",
            "O",
            "O",
            "O",
            "O",
            "O",
            "O"
        ]
    },
    {
        "words": [
            "Interrupts",
            "Hardware",
            "or",
            "software",
            ":",
            "\u2022",
            "Hardware",
            "interrupt",
            "by",
            "one",
            "of",
            "the",
            "devices",
            "\u2022",
            "Software",
            "interrupt",
            "(",
            "exception",
            "or",
            "trap",
            ")",
            ":",
            "\u2022",
            "Software",
            "error",
            "(",
            "e.g.",
            ",",
            "division",
            "by",
            "zero",
            ")",
            "\u2022",
            "Other",
            "process",
            "problems",
            "include",
            "processes",
            "trying",
            "to",
            "modify",
            "each",
            "other",
            "\u2019",
            "s",
            "or",
            "the",
            "operating",
            "system",
            "\u2019",
            "s",
            "memory",
            "(",
            "e.g.",
            ",",
            "segmentation",
            "fault",
            ")",
            "\u2022",
            "Request",
            "for",
            "operating",
            "system",
            "service",
            "(",
            "i.e.",
            ",",
            "system",
            "call",
            ")",
            "CS",
            "1550",
            "\u2013",
            "Operating",
            "Systems",
            "\u2013",
            "Sherif",
            "Khattab"
        ],
        "labels": [
            "O",
            "O",
            "O",
            "O",
            "O",
            "O",
            "O",
            "O",
            "O",
            "O",
            "O",
            "O",
            "O",
            "O",
            "O",
            "O",
            "O",
            "B",
            "O",
            "B",
            "O",
            "O",
            "O",
            "O",
            "O",
            "O",
            "O",
            "O",
            "O",
            "O",
            "O",
            "O",
            "O",
            "O",
            "O",
            "O",
            "O",
            "O",
            "O",
            "O",
            "O",
            "O",
            "O",
            "O",
            "O",
            "O",
            "O",
            "B",
            "I",
            "O",
            "O",
            "O",
            "O",
            "O",
            "O",
            "B",
            "I",
            "O",
            "O",
            "O",
            "O",
            "B",
            "I",
            "O",
            "O",
            "O",
            "O",
            "B",
            "I",
            "O",
            "O",
            "O",
            "O",
            "O",
            "O",
            "O",
            "O",
            "O"
        ]
    },
    {
        "words": [
            "Interrupt",
            "Descriptor",
            "Table",
            "\u2022",
            "Interrupt",
            "transfers",
            "control",
            "to",
            "the",
            "interrupt",
            "service",
            "routine",
            "(",
            "ISR",
            ")",
            "\u2022",
            "ISRs",
            "are",
            "segments",
            "of",
            "code",
            "that",
            "determine",
            "what",
            "action",
            "should",
            "be",
            "taken",
            "for",
            "each",
            "type",
            "of",
            "interrupt",
            "\u2022",
            "part",
            "of",
            "the",
            "OS",
            "kernel",
            "\u2022",
            "An",
            "interrupt",
            "vector",
            "contains",
            "the",
            "address",
            "of",
            "the",
            "ISR",
            "for",
            "one",
            "interrupt",
            "\u2022",
            "An",
            "interrupt",
            "vector",
            "table",
            "is",
            "an",
            "array",
            "of",
            "interrupt",
            "vectors",
            "\u2022",
            "also",
            "known",
            "as",
            "interrupt",
            "descriptor",
            "table",
            "(",
            "IDT",
            ")",
            "CS",
            "1550",
            "\u2013",
            "Operating",
            "Systems",
            "\u2013",
            "Sherif",
            "Khattab"
        ],
        "labels": [
            "O",
            "O",
            "O",
            "O",
            "O",
            "O",
            "O",
            "O",
            "O",
            "B",
            "I",
            "I",
            "O",
            "O",
            "O",
            "O",
            "O",
            "O",
            "O",
            "O",
            "O",
            "O",
            "O",
            "O",
            "O",
            "O",
            "O",
            "O",
            "O",
            "O",
            "O",
            "O",
            "O",
            "O",
            "O",
            "O",
            "O",
            "O",
            "O",
            "O",
            "O",
            "B",
            "I",
            "O",
            "O",
            "O",
            "O",
            "O",
            "O",
            "O",
            "O",
            "O",
            "O",
            "O",
            "B",
            "I",
            "I",
            "O",
            "O",
            "O",
            "O",
            "O",
            "O",
            "O",
            "O",
            "O",
            "O",
            "B",
            "I",
            "I",
            "O",
            "O",
            "O",
            "O",
            "O",
            "O",
            "O",
            "O",
            "O",
            "O",
            "O"
        ]
    },
    {
        "words": [
            "Dual-mode",
            "Operation",
            "\u2022",
            "Dual-mode",
            "operation",
            "allows",
            "OS",
            "to",
            "protect",
            "itself",
            "and",
            "other",
            "system",
            "components",
            "\u2022",
            "At",
            "least",
            "two",
            "modes",
            ":",
            "user",
            "mode",
            "and",
            "kernel",
            "mode",
            "\u2022",
            "Mode",
            "bit",
            "(",
            "s",
            ")",
            "provided",
            "by",
            "hardware",
            "(",
            "inside",
            "CPU",
            "registers",
            ")",
            "\u2022",
            "Provides",
            "ability",
            "to",
            "distinguish",
            "when",
            "system",
            "is",
            "running",
            "user",
            "code",
            "or",
            "kernel",
            "code",
            "\u2022",
            "Some",
            "instructions",
            "designated",
            "as",
            "privileged",
            ",",
            "only",
            "executable",
            "in",
            "kernel",
            "mode",
            "\u2022",
            "Some",
            "memory",
            "addresses",
            "designated",
            "as",
            "privileged",
            ",",
            "only",
            "accessible",
            "in",
            "kernel",
            "mode",
            "\u2022",
            "Therefore",
            ",",
            "we",
            "get",
            "segmentation",
            "fault",
            "on",
            "null",
            "(",
            "i.e.",
            ",",
            "0",
            ")",
            "pointer",
            "dereference",
            "\u2022",
            "Interrupts",
            "change",
            "mode",
            "to",
            "kernel",
            "\u2022",
            "return",
            "from",
            "interrupt",
            "resets",
            "mode",
            "back",
            "to",
            "user",
            "\u2022",
            "Increasingly",
            "CPUs",
            "support",
            "multi-mode",
            "operations",
            "\u2022",
            "virtual",
            "machine",
            "manager",
            "(",
            "VMM",
            ")",
            "mode",
            "for",
            "guest",
            "VMs",
            "CS",
            "1550",
            "\u2013",
            "Operating",
            "Systems",
            "\u2013",
            "Sherif",
            "Khattab"
        ],
        "labels": [
            "O",
            "O",
            "O",
            "O",
            "O",
            "O",
            "O",
            "O",
            "O",
            "O",
            "O",
            "O",
            "O",
            "O",
            "O",
            "O",
            "O",
            "O",
            "O",
            "O",
            "B",
            "I",
            "O",
            "B",
            "I",
            "O",
            "O",
            "O",
            "O",
            "O",
            "O",
            "O",
            "O",
            "O",
            "O",
            "O",
            "O",
            "O",
            "O",
            "O",
            "O",
            "O",
            "O",
            "O",
            "O",
            "O",
            "O",
            "O",
            "O",
            "O",
            "O",
            "O",
            "O",
            "O",
            "O",
            "O",
            "O",
            "O",
            "B",
            "O",
            "O",
            "O",
            "O",
            "B",
            "I",
            "O",
            "O",
            "O",
            "O",
            "O",
            "O",
            "B",
            "O",
            "O",
            "O",
            "O",
            "B",
            "I",
            "O",
            "O",
            "O",
            "O",
            "O",
            "B",
            "I",
            "O",
            "O",
            "O",
            "O",
            "O",
            "O",
            "O",
            "O",
            "O",
            "O",
            "O",
            "O",
            "O",
            "O",
            "O",
            "O",
            "B",
            "I",
            "I",
            "O",
            "O",
            "O",
            "O",
            "O",
            "O",
            "O",
            "O",
            "O",
            "O",
            "O",
            "O",
            "O",
            "O",
            "O",
            "O",
            "O",
            "O",
            "O",
            "O",
            "O",
            "O",
            "O",
            "O",
            "O",
            "O",
            "O",
            "O",
            "O",
            "O"
        ]
    },
    {
        "words": [
            "What",
            "happens",
            "when",
            "an",
            "interrupt",
            "occurs",
            "?",
            "The",
            "CPU",
            "transitions",
            "from",
            "User",
            "Mode",
            "to",
            "Kernel",
            "Mode",
            "an",
            "interrupt",
            "return",
            "from",
            "ISR",
            "occurs",
            "execute",
            "ISR",
            "Time",
            "CS",
            "1550",
            "\u2013",
            "Operating",
            "Systems",
            "\u2013",
            "Sherif",
            "Khattab"
        ],
        "labels": [
            "O",
            "O",
            "O",
            "O",
            "O",
            "O",
            "O",
            "O",
            "O",
            "O",
            "O",
            "O",
            "O",
            "O",
            "O",
            "O",
            "O",
            "O",
            "O",
            "O",
            "O",
            "O",
            "O",
            "O",
            "O",
            "O",
            "O",
            "O",
            "O",
            "O",
            "O",
            "O",
            "O"
        ]
    },
    {
        "words": [
            "How",
            "does",
            "an",
            "OS",
            "(",
            "roughly",
            ")",
            "work",
            "?",
            "CS",
            "1550",
            "\u2013",
            "Operating",
            "Systems",
            "\u2013",
            "Sherif",
            "Khattab"
        ],
        "labels": [
            "O",
            "O",
            "O",
            "O",
            "O",
            "O",
            "O",
            "O",
            "O",
            "O",
            "O",
            "O",
            "O",
            "O",
            "O",
            "O",
            "O"
        ]
    },
    {
        "words": [
            "What",
            "happens",
            "on",
            "a",
            "hardware",
            "interrupt",
            "?",
            "6",
            "1",
            "4",
            "7",
            "5",
            "9",
            "2",
            "3",
            "8",
            "CS",
            "1550",
            "\u2013",
            "Operating",
            "Systems",
            "\u2013",
            "Sherif",
            "Khattab"
        ],
        "labels": [
            "O",
            "O",
            "O",
            "O",
            "B",
            "I",
            "O",
            "O",
            "O",
            "O",
            "O",
            "O",
            "O",
            "O",
            "O",
            "O",
            "O",
            "O",
            "O",
            "O",
            "O",
            "O",
            "O",
            "O"
        ]
    },
    {
        "words": [
            "System",
            "Calls",
            "CS",
            "1550",
            "\u2013",
            "Operating",
            "Systems",
            "\u2013",
            "Sherif",
            "Khattab"
        ],
        "labels": [
            "O",
            "O",
            "O",
            "O",
            "O",
            "O",
            "O",
            "O",
            "O",
            "O"
        ]
    },
    {
        "words": [
            "System",
            "Calls",
            "\u2022",
            "Programming",
            "interface",
            "to",
            "OS",
            "services",
            "\u2022",
            "Typically",
            "written",
            "in",
            "a",
            "high-level",
            "language",
            "(",
            "C",
            "or",
            "C++",
            ")",
            "\u2022",
            "Mostly",
            "accessed",
            "by",
            "programs",
            "via",
            "a",
            "high-level",
            "Application",
            "Programming",
            "Interface",
            "(",
            "API",
            ")",
            "rather",
            "than",
            "direct",
            "system",
            "call",
            "use",
            "\u2022",
            "Win32",
            "API",
            "for",
            "Windows",
            "\u2022",
            "POSIX",
            "API",
            "for",
            "POSIX-based",
            "systems",
            "(",
            "including",
            "virtually",
            "all",
            "versions",
            "of",
            "UNIX",
            ",",
            "Linux",
            ",",
            "and",
            "Mac",
            "OS",
            "X",
            ")",
            ",",
            "and",
            "\u2022",
            "Java",
            "API",
            "for",
            "the",
            "Java",
            "virtual",
            "machine",
            "(",
            "JVM",
            ")",
            "CS",
            "1550",
            "\u2013",
            "Operating",
            "Systems",
            "\u2013",
            "Sherif",
            "Khattab"
        ],
        "labels": [
            "O",
            "O",
            "O",
            "O",
            "O",
            "O",
            "O",
            "O",
            "O",
            "O",
            "O",
            "O",
            "O",
            "B",
            "I",
            "O",
            "O",
            "O",
            "O",
            "O",
            "O",
            "O",
            "O",
            "O",
            "O",
            "O",
            "O",
            "O",
            "O",
            "O",
            "O",
            "O",
            "B",
            "O",
            "O",
            "O",
            "O",
            "B",
            "I",
            "O",
            "O",
            "O",
            "B",
            "O",
            "O",
            "O",
            "O",
            "B",
            "O",
            "O",
            "O",
            "O",
            "O",
            "O",
            "O",
            "O",
            "O",
            "O",
            "O",
            "O",
            "O",
            "O",
            "O",
            "O",
            "O",
            "O",
            "O",
            "O",
            "O",
            "O",
            "B",
            "O",
            "O",
            "O",
            "O",
            "O",
            "O",
            "O",
            "O",
            "O",
            "O",
            "O",
            "O",
            "O",
            "O",
            "O",
            "O"
        ]
    },
    {
        "words": [
            "System",
            "Call",
            "Implementation",
            "\u2022",
            "Typically",
            ",",
            "there",
            "is",
            "a",
            "number",
            "associated",
            "with",
            "each",
            "system",
            "call",
            "\u2022",
            "Each",
            "system",
            "call",
            "has",
            "a",
            "corresponding",
            "system",
            "call",
            "implementation",
            "function",
            "(",
            "part",
            "of",
            "the",
            "OS",
            "kernel",
            ")",
            "\u2022",
            "System-call",
            "table",
            "indexed",
            "according",
            "to",
            "these",
            "numbers",
            "\u2022",
            "Each",
            "entry",
            "in",
            "the",
            "table",
            "contains",
            "the",
            "address",
            "of",
            "the",
            "corresponding",
            "system",
            "call",
            "implementation",
            "function",
            "\u2022",
            "The",
            "system",
            "call",
            "interface",
            "is",
            "the",
            "ISR",
            "corresponding",
            "to",
            "the",
            "syscall",
            "software",
            "interrupt",
            "\u2022",
            "invokes",
            "the",
            "intended",
            "system",
            "call",
            "in",
            "OS",
            "kernel",
            ",",
            "\u2022",
            "passes",
            "arguments",
            "if",
            "needed",
            ",",
            "and",
            "\u2022",
            "returns",
            "status",
            "of",
            "the",
            "system",
            "call",
            "and",
            "any",
            "return",
            "values",
            "\u2022",
            "The",
            "caller",
            "need",
            "know",
            "nothing",
            "about",
            "how",
            "the",
            "system",
            "call",
            "is",
            "implemented",
            "CS",
            "1550",
            "\u2013",
            "Operating",
            "Systems",
            "\u2013",
            "Sherif",
            "Khattab"
        ],
        "labels": [
            "O",
            "O",
            "O",
            "O",
            "O",
            "O",
            "O",
            "O",
            "O",
            "O",
            "O",
            "O",
            "O",
            "B",
            "I",
            "O",
            "O",
            "B",
            "I",
            "O",
            "O",
            "O",
            "B",
            "I",
            "I",
            "O",
            "O",
            "O",
            "O",
            "O",
            "O",
            "O",
            "O",
            "O",
            "O",
            "O",
            "O",
            "O",
            "O",
            "O",
            "O",
            "O",
            "O",
            "O",
            "O",
            "O",
            "O",
            "O",
            "O",
            "O",
            "O",
            "O",
            "O",
            "B",
            "I",
            "I",
            "O",
            "O",
            "O",
            "B",
            "I",
            "I",
            "O",
            "O",
            "O",
            "O",
            "O",
            "O",
            "O",
            "B",
            "I",
            "O",
            "O",
            "O",
            "O",
            "B",
            "I",
            "O",
            "O",
            "O",
            "O",
            "O",
            "O",
            "O",
            "O",
            "O",
            "O",
            "O",
            "O",
            "O",
            "O",
            "O",
            "O",
            "B",
            "I",
            "O",
            "O",
            "O",
            "O",
            "O",
            "O",
            "O",
            "O",
            "O",
            "O",
            "O",
            "O",
            "O",
            "B",
            "I",
            "O",
            "O",
            "O",
            "O",
            "O",
            "O",
            "O",
            "O",
            "O",
            "O"
        ]
    },
    {
        "words": [
            "API",
            "\u2013",
            "System",
            "Call",
            "\u2013",
            "OS",
            "Relationship",
            "CS",
            "1550",
            "\u2013",
            "Operating",
            "Systems",
            "\u2013",
            "Sherif",
            "Khattab"
        ],
        "labels": [
            "B",
            "O",
            "O",
            "O",
            "O",
            "O",
            "O",
            "O",
            "O",
            "O",
            "O",
            "O",
            "O",
            "O",
            "O"
        ]
    },
    {
        "words": [
            "Standard",
            "C",
            "Library",
            "Example",
            "\u2022",
            "C",
            "program",
            "invoking",
            "printf",
            "(",
            ")",
            "library",
            "call",
            ",",
            "which",
            "calls",
            "write",
            "(",
            ")",
            "system",
            "call",
            "CS",
            "1550",
            "\u2013",
            "Operating",
            "Systems",
            "\u2013",
            "Sherif",
            "Khattab"
        ],
        "labels": [
            "O",
            "O",
            "O",
            "O",
            "O",
            "O",
            "O",
            "O",
            "O",
            "O",
            "O",
            "O",
            "O",
            "O",
            "O",
            "O",
            "O",
            "O",
            "O",
            "B",
            "I",
            "O",
            "O",
            "O",
            "O",
            "O",
            "O",
            "O",
            "O"
        ]
    },
    {
        "words": [
            "What",
            "happens",
            "on",
            "a",
            "syscall",
            "?",
            "2",
            "1",
            "7",
            "6",
            "12",
            "1",
            "eax",
            "<",
            "--",
            "1",
            "10",
            "3",
            "int",
            "64",
            "5",
            "4",
            "11",
            "8",
            "9",
            "CS",
            "1550",
            "\u2013",
            "Operating",
            "Systems",
            "\u2013",
            "Sherif",
            "Khattab"
        ],
        "labels": [
            "O",
            "O",
            "O",
            "O",
            "O",
            "O",
            "O",
            "O",
            "O",
            "O",
            "O",
            "O",
            "O",
            "O",
            "O",
            "O",
            "O",
            "O",
            "O",
            "O",
            "O",
            "O",
            "O",
            "O",
            "O",
            "O",
            "O",
            "O",
            "O",
            "O",
            "O",
            "O",
            "O"
        ]
    },
    {
        "words": [
            "System",
            "Call",
            "Parameter",
            "Passing",
            "\u2022",
            "Three",
            "general",
            "methods",
            "used",
            "to",
            "pass",
            "parameters",
            "to",
            "the",
            "OS",
            "\u2022",
            "Simplest",
            ":",
            "pass",
            "the",
            "parameters",
            "in",
            "registers",
            "\u2022",
            "In",
            "some",
            "cases",
            ",",
            "may",
            "be",
            "more",
            "parameters",
            "than",
            "registers",
            "\u2022",
            "Parameters",
            "stored",
            "in",
            "a",
            "block",
            ",",
            "or",
            "table",
            ",",
            "in",
            "memory",
            ",",
            "and",
            "address",
            "of",
            "block",
            "passed",
            "as",
            "a",
            "parameter",
            "in",
            "a",
            "register",
            "\u2022",
            "This",
            "approach",
            "taken",
            "by",
            "Linux",
            "and",
            "Solaris",
            "\u2022",
            "Parameters",
            "placed",
            ",",
            "or",
            "pushed",
            ",",
            "onto",
            "the",
            "stack",
            "by",
            "the",
            "program",
            "and",
            "popped",
            "off",
            "the",
            "stack",
            "by",
            "the",
            "operating",
            "system",
            "\u2022",
            "XV6",
            "\u2022",
            "Block",
            "and",
            "stack",
            "methods",
            "do",
            "not",
            "limit",
            "the",
            "number",
            "or",
            "length",
            "of",
            "parameters",
            "being",
            "passed",
            "CS",
            "1550",
            "\u2013",
            "Operating",
            "Systems",
            "\u2013",
            "Sherif",
            "Khattab"
        ],
        "labels": [
            "O",
            "O",
            "O",
            "O",
            "O",
            "O",
            "O",
            "O",
            "O",
            "O",
            "O",
            "O",
            "O",
            "O",
            "O",
            "O",
            "O",
            "O",
            "O",
            "O",
            "O",
            "O",
            "O",
            "O",
            "O",
            "O",
            "O",
            "O",
            "O",
            "O",
            "O",
            "O",
            "O",
            "O",
            "O",
            "O",
            "O",
            "O",
            "O",
            "O",
            "O",
            "O",
            "O",
            "O",
            "O",
            "O",
            "O",
            "O",
            "O",
            "O",
            "O",
            "O",
            "O",
            "O",
            "O",
            "O",
            "O",
            "O",
            "O",
            "O",
            "O",
            "O",
            "O",
            "O",
            "O",
            "O",
            "O",
            "O",
            "O",
            "O",
            "O",
            "O",
            "O",
            "O",
            "O",
            "O",
            "O",
            "O",
            "O",
            "O",
            "O",
            "O",
            "O",
            "O",
            "O",
            "O",
            "B",
            "I",
            "O",
            "O",
            "O",
            "O",
            "O",
            "O",
            "O",
            "O",
            "O",
            "O",
            "O",
            "O",
            "O",
            "O",
            "O",
            "O",
            "O",
            "O",
            "O",
            "O",
            "O",
            "O",
            "O",
            "O",
            "O",
            "O"
        ]
    },
    {
        "words": [
            "How",
            "to",
            "add",
            "a",
            "system",
            "call",
            "to",
            "an",
            "OS",
            "?",
            "CS",
            "1550",
            "\u2013",
            "Operating",
            "Systems",
            "\u2013",
            "Sherif",
            "Khattab"
        ],
        "labels": [
            "O",
            "O",
            "O",
            "O",
            "B",
            "I",
            "O",
            "O",
            "O",
            "O",
            "O",
            "O",
            "O",
            "O",
            "O",
            "O",
            "O",
            "O"
        ]
    },
    {
        "words": [
            "Xv6",
            "Code",
            "Walkthrough",
            "\u2022",
            "IDT",
            "table",
            "initialization",
            "\u2022",
            "Syscall",
            "table",
            "\u2022",
            "How",
            "a",
            "syscall",
            "is",
            "invoked",
            "\u2022",
            "Syscall",
            "implementation",
            "\u2022",
            "Parameter",
            "passing",
            "into",
            "a",
            "syscall",
            "\u2022",
            "In",
            "Lab",
            "1",
            "you",
            "will",
            "add",
            "a",
            "system",
            "call",
            "to",
            "Xv6",
            "CS",
            "1550",
            "\u2013",
            "Operating",
            "Systems",
            "\u2013",
            "Sherif",
            "Khattab"
        ],
        "labels": [
            "B",
            "O",
            "O",
            "O",
            "O",
            "O",
            "O",
            "O",
            "O",
            "O",
            "O",
            "O",
            "O",
            "O",
            "O",
            "O",
            "O",
            "O",
            "O",
            "O",
            "O",
            "O",
            "O",
            "O",
            "O",
            "O",
            "O",
            "O",
            "O",
            "O",
            "O",
            "O",
            "O",
            "B",
            "I",
            "O",
            "B",
            "O",
            "O",
            "O",
            "O",
            "O",
            "O",
            "O",
            "O"
        ]
    },
    {
        "words": [
            "Traditional",
            "UNIX",
            "System",
            "Structure",
            "Beyond",
            "simple",
            "but",
            "not",
            "fully",
            "layered",
            "CS",
            "1550",
            "\u2013",
            "Operating",
            "Systems",
            "\u2013",
            "Sherif",
            "Khattab"
        ],
        "labels": [
            "O",
            "B",
            "I",
            "I",
            "O",
            "O",
            "O",
            "O",
            "O",
            "O",
            "O",
            "O",
            "O",
            "O",
            "O",
            "O",
            "O",
            "O"
        ]
    },
    {
        "words": [
            "Microkernel",
            "System",
            "Structure",
            "Application",
            "File",
            "Device",
            "user",
            "Program",
            "System",
            "Driver",
            "mode",
            "messages",
            "messages",
            "Interprocess",
            "memory",
            "CPU",
            "kernel",
            "Communication",
            "managment",
            "scheduling",
            "mode",
            "microkernel",
            "hardware",
            "CS",
            "1550",
            "\u2013",
            "Operating",
            "Systems",
            "\u2013",
            "Sherif",
            "Khattab"
        ],
        "labels": [
            "O",
            "O",
            "O",
            "O",
            "O",
            "O",
            "O",
            "O",
            "O",
            "O",
            "O",
            "O",
            "O",
            "O",
            "O",
            "O",
            "O",
            "O",
            "O",
            "O",
            "O",
            "O",
            "O",
            "O",
            "O",
            "O",
            "O",
            "O",
            "O",
            "O",
            "O"
        ]
    }
]