[
    {
        "words": [
            "Introduction",
            "to",
            "Operating",
            "Systems",
            "CS/COE",
            "1550",
            "Spring",
            "2022",
            "Sherif",
            "Khattab",
            "ksm73",
            "@",
            "pitt.edu",
            "(",
            "Some",
            "slides",
            "are",
            "from",
            "Silberschatz",
            ",",
            "Galvin",
            "and",
            "Gagne",
            "\u00a92013",
            ")"
        ],
        "labels": [
            "O",
            "O",
            "O",
            "O",
            "O",
            "O",
            "O",
            "O",
            "O",
            "O",
            "O",
            "O",
            "O",
            "O",
            "O",
            "O",
            "O",
            "O",
            "O",
            "O",
            "O",
            "O",
            "O",
            "O",
            "O"
        ]
    },
    {
        "words": [
            "Announcements",
            "\u2022",
            "Upcoming",
            "deadlines",
            ":",
            "\u2022",
            "Project",
            "1",
            ":",
            "due",
            "on",
            "2/18",
            "\u2022",
            "Homework",
            "5",
            ":",
            "due",
            "2/21",
            "\u2022",
            "Lab",
            "2",
            ":",
            "due",
            "on",
            "2/28",
            "CS",
            "1550",
            "\u2013",
            "Operating",
            "Systems",
            "\u2013",
            "Sherif",
            "Khattab"
        ],
        "labels": [
            "O",
            "O",
            "O",
            "O",
            "O",
            "O",
            "O",
            "O",
            "O",
            "O",
            "O",
            "O",
            "O",
            "O",
            "O",
            "O",
            "O",
            "O",
            "O",
            "O",
            "O",
            "O",
            "O",
            "O",
            "O",
            "O",
            "O",
            "O",
            "O",
            "O",
            "O",
            "O",
            "O"
        ]
    },
    {
        "words": [
            "Previous",
            "lecture",
            "\u2026",
            "\u2022",
            "Deadlock",
            "detection",
            "and",
            "avoidance",
            "using",
            "the",
            "Banker",
            "\u2019",
            "s",
            "algorithm",
            "\u2022",
            "Sleepy",
            "Barbers",
            "problem",
            "CS",
            "1550",
            "\u2013",
            "Operating",
            "Systems",
            "\u2013",
            "Sherif",
            "Khattab"
        ],
        "labels": [
            "O",
            "O",
            "O",
            "O",
            "B",
            "I",
            "I",
            "I",
            "O",
            "O",
            "B",
            "I",
            "I",
            "I",
            "O",
            "B",
            "I",
            "I",
            "O",
            "O",
            "O",
            "O",
            "O",
            "O",
            "O",
            "O"
        ]
    },
    {
        "words": [
            "Muddiest",
            "Points",
            "\u2022",
            "Checked",
            "on",
            "Tophat",
            "CS",
            "1550",
            "\u2013",
            "Operating",
            "Systems",
            "\u2013",
            "Sherif",
            "Khattab"
        ],
        "labels": [
            "O",
            "O",
            "O",
            "O",
            "O",
            "O",
            "O",
            "O",
            "O",
            "O",
            "O",
            "O",
            "O",
            "O"
        ]
    },
    {
        "words": [
            "Sleepy",
            "Barbers",
            "Solution",
            ":",
            "Take",
            "2",
            "struct",
            "mysems",
            "{",
            "Semaphore",
            "RV1a",
            "(",
            "0",
            ")",
            ",",
            "RV1b",
            "(",
            "0",
            ")",
            ",",
            "RV2a",
            "(",
            "0",
            ")",
            ",",
            "RV2b",
            "(",
            "0",
            ")",
            ";",
            "}",
            ";",
            "SharedBuffer",
            "buff",
            ";",
            "//producers-consumers",
            "problem",
            "Worker",
            "Process",
            "Customer",
            "Process",
            "struct",
            "mysems",
            "sems",
            "=",
            "buff.consume",
            "(",
            ")",
            ";",
            "struct",
            "mysems",
            "sems",
            "=",
            "new",
            "struct",
            "mysems",
            "up",
            "(",
            "sems.RV1a",
            ")",
            ";",
            "buff.produce",
            "(",
            "sems",
            ")",
            ";",
            "down",
            "(",
            "sems.RV1b",
            ")",
            ";",
            "down",
            "(",
            "sems.RV1a",
            ")",
            ";",
            "//do",
            "work",
            "up",
            "(",
            "sems.RV1b",
            ")",
            ";",
            "down",
            "(",
            "sems.RV2a",
            ")",
            ";",
            "//get",
            "work",
            "up",
            "(",
            "sems.RV2b",
            ")",
            ";",
            "up",
            "(",
            "sems.RV2a",
            ")",
            ";",
            "//check-in",
            "for",
            "next",
            "customer",
            "down",
            "(",
            "sems.RV2b",
            ")",
            ";",
            "//leave",
            "CS",
            "1550",
            "\u2013",
            "Operating",
            "Systems",
            "\u2013",
            "Sherif",
            "Khattab"
        ],
        "labels": [
            "O",
            "O",
            "O",
            "O",
            "O",
            "O",
            "O",
            "O",
            "O",
            "B",
            "O",
            "O",
            "O",
            "O",
            "O",
            "O",
            "O",
            "O",
            "O",
            "O",
            "O",
            "O",
            "O",
            "O",
            "O",
            "O",
            "O",
            "O",
            "O",
            "O",
            "O",
            "O",
            "O",
            "O",
            "O",
            "O",
            "O",
            "O",
            "O",
            "O",
            "O",
            "O",
            "O",
            "O",
            "O",
            "O",
            "O",
            "O",
            "O",
            "O",
            "O",
            "O",
            "O",
            "O",
            "O",
            "O",
            "O",
            "O",
            "O",
            "O",
            "O",
            "O",
            "O",
            "O",
            "O",
            "O",
            "O",
            "O",
            "O",
            "O",
            "O",
            "O",
            "O",
            "O",
            "O",
            "O",
            "O",
            "O",
            "O",
            "O",
            "O",
            "O",
            "O",
            "O",
            "O",
            "O",
            "O",
            "O",
            "O",
            "O",
            "O",
            "O",
            "O",
            "O",
            "O",
            "O",
            "O",
            "O",
            "O",
            "O",
            "O",
            "O",
            "O",
            "O",
            "O",
            "O",
            "O",
            "O",
            "O",
            "O",
            "O",
            "O",
            "O",
            "O",
            "O",
            "O",
            "O",
            "O"
        ]
    },
    {
        "words": [
            "Questions",
            "of",
            "the",
            "Day",
            "\u2022",
            "How",
            "to",
            "implement",
            "condition",
            "variables",
            "?",
            "\u2022",
            "Reflect",
            "more",
            "on",
            "all",
            "the",
            "solutions/problems",
            "that",
            "we",
            "have",
            "studied"
        ],
        "labels": [
            "O",
            "O",
            "O",
            "O",
            "O",
            "O",
            "O",
            "O",
            "O",
            "O",
            "O",
            "O",
            "O",
            "O",
            "O",
            "O",
            "O",
            "O",
            "O",
            "O",
            "O",
            "O"
        ]
    },
    {
        "words": [
            "User-level",
            "implementation",
            "of",
            "Condition",
            "Variables",
            "A",
            "Lock",
            "with",
            "two",
            "waiting",
            "queues",
            "struct",
            "Lock",
            "{",
            "Semaphore",
            "mutex",
            "(",
            "1",
            ")",
            ";",
            "Semaphore",
            "next",
            "(",
            "0",
            ")",
            ";",
            "int",
            "nextCount",
            "=",
            "0",
            ";",
            "Release",
            "(",
            ")",
            "{",
            "}",
            "if",
            "(",
            "nextCount",
            ">",
            "0",
            ")",
            "{",
            "Acquire",
            "(",
            ")",
            "{",
            "next.up",
            "(",
            ")",
            ";",
            "mutex.down",
            "(",
            ")",
            ";",
            "nextCount",
            "--",
            ";",
            "}",
            "}",
            "else",
            "mutex.up",
            "(",
            ")",
            ";",
            "}"
        ],
        "labels": [
            "O",
            "O",
            "O",
            "O",
            "O",
            "O",
            "O",
            "O",
            "O",
            "O",
            "O",
            "O",
            "O",
            "O",
            "B",
            "O",
            "O",
            "O",
            "O",
            "O",
            "B",
            "O",
            "O",
            "O",
            "O",
            "O",
            "O",
            "O",
            "O",
            "O",
            "O",
            "O",
            "O",
            "O",
            "O",
            "O",
            "O",
            "O",
            "O",
            "O",
            "O",
            "O",
            "O",
            "O",
            "O",
            "O",
            "O",
            "O",
            "O",
            "O",
            "O",
            "O",
            "O",
            "O",
            "O",
            "O",
            "O",
            "O",
            "O",
            "O",
            "O",
            "O",
            "O",
            "O",
            "O",
            "O"
        ]
    },
    {
        "words": [
            "Condition",
            "Variable",
            "struct",
            "ConditionVariable",
            "{",
            "Semaphore",
            "condSem",
            "(",
            "0",
            ")",
            ";",
            "int",
            "semCount",
            "=",
            "0",
            ";",
            "Lock",
            "*",
            "lk",
            ";",
            "}",
            "Wait",
            "(",
            ")",
            "{",
            "Signal",
            "(",
            ")",
            "{",
            "if",
            "(",
            "lk-",
            ">",
            "nextCount",
            ">",
            "0",
            ")",
            "lk-",
            ">",
            "next.up",
            "(",
            ")",
            ";",
            "if",
            "(",
            "semCount",
            ">",
            "0",
            ")",
            "{",
            "lk-",
            ">",
            "nextCount",
            "--",
            ";",
            "condSem.up",
            "(",
            ")",
            "else",
            "{",
            "lk-",
            ">",
            "nextCount++",
            "lk-",
            ">",
            "mutex.up",
            "(",
            ")",
            ";",
            "lk-",
            ">",
            "next.down",
            "(",
            ")",
            ";",
            "}",
            "lk-",
            ">",
            "nextCount\u2014",
            "semCount++",
            ";",
            "}",
            "condSem.down",
            "(",
            ")",
            ";",
            "}",
            "semCount",
            "--",
            ";",
            "}"
        ],
        "labels": [
            "B",
            "I",
            "O",
            "O",
            "O",
            "B",
            "O",
            "O",
            "O",
            "O",
            "O",
            "O",
            "O",
            "O",
            "O",
            "O",
            "O",
            "O",
            "O",
            "O",
            "O",
            "O",
            "O",
            "O",
            "O",
            "O",
            "O",
            "O",
            "O",
            "O",
            "O",
            "O",
            "O",
            "O",
            "O",
            "O",
            "O",
            "O",
            "O",
            "O",
            "O",
            "O",
            "O",
            "O",
            "O",
            "O",
            "O",
            "O",
            "O",
            "O",
            "O",
            "O",
            "O",
            "O",
            "O",
            "O",
            "O",
            "O",
            "O",
            "O",
            "O",
            "O",
            "O",
            "O",
            "O",
            "O",
            "O",
            "O",
            "O",
            "O",
            "O",
            "O",
            "O",
            "O",
            "O",
            "O",
            "O",
            "O",
            "O",
            "O",
            "O",
            "O",
            "O",
            "O",
            "O",
            "O",
            "O",
            "O",
            "O",
            "O",
            "O"
        ]
    },
    {
        "words": [
            "Lock",
            "and",
            "Condition",
            "Variable",
            "Implementation",
            "CS",
            "1550",
            "\u2013",
            "Operating",
            "Systems",
            "\u2013",
            "Sherif",
            "Khattab"
        ],
        "labels": [
            "O",
            "O",
            "B",
            "I",
            "O",
            "O",
            "O",
            "O",
            "O",
            "O",
            "O",
            "O",
            "O"
        ]
    },
    {
        "words": [
            "Implementing",
            "locks",
            "with",
            "semaphores",
            "\u2022",
            "Use",
            "mutex",
            "to",
            "ensure",
            "exclusion",
            "within",
            "the",
            "lock",
            "bounds",
            "\u2022",
            "Use",
            "next",
            "to",
            "give",
            "lock",
            "to",
            "processes",
            "with",
            "a",
            "higher",
            "priority",
            "(",
            "why",
            "?",
            ")",
            "\u2022",
            "nextCount",
            "indicates",
            "whether",
            "there",
            "are",
            "any",
            "higher",
            "priority",
            "waiters",
            "class",
            "Lock",
            "{",
            "Semaphore",
            "mutex",
            "(",
            "1",
            ")",
            ";",
            "Semaphore",
            "next",
            "(",
            "0",
            ")",
            ";",
            "int",
            "nextCount",
            "=",
            "0",
            ";",
            "}",
            ";",
            "Lock",
            ":",
            ":Acquire",
            "(",
            ")",
            "{",
            "mutex.down",
            "(",
            ")",
            ";",
            "}",
            "Lock",
            ":",
            ":Release",
            "(",
            ")",
            "{",
            "if",
            "(",
            "nextCount",
            ">",
            "0",
            ")",
            "next.up",
            "(",
            ")",
            ";",
            "else",
            "mutex.up",
            "(",
            ")",
            ";",
            "}",
            "CS",
            "1550",
            "\u2013",
            "Operating",
            "Systems",
            "\u2013",
            "Sherif",
            "Khattab"
        ],
        "labels": [
            "O",
            "O",
            "O",
            "O",
            "O",
            "O",
            "O",
            "O",
            "O",
            "O",
            "O",
            "O",
            "O",
            "O",
            "O",
            "O",
            "O",
            "O",
            "O",
            "O",
            "O",
            "O",
            "O",
            "O",
            "O",
            "O",
            "O",
            "O",
            "O",
            "O",
            "O",
            "O",
            "O",
            "O",
            "O",
            "O",
            "O",
            "O",
            "O",
            "O",
            "O",
            "O",
            "O",
            "B",
            "O",
            "O",
            "O",
            "O",
            "O",
            "B",
            "O",
            "O",
            "O",
            "O",
            "O",
            "O",
            "O",
            "O",
            "O",
            "O",
            "O",
            "O",
            "O",
            "O",
            "O",
            "O",
            "O",
            "O",
            "O",
            "O",
            "O",
            "O",
            "O",
            "O",
            "O",
            "O",
            "O",
            "O",
            "O",
            "O",
            "O",
            "O",
            "O",
            "O",
            "O",
            "O",
            "O",
            "O",
            "O",
            "O",
            "O",
            "O",
            "O",
            "O",
            "O",
            "O",
            "O",
            "O",
            "O",
            "O",
            "O",
            "O",
            "O"
        ]
    },
    {
        "words": [
            "Implementing",
            "condition",
            "variables",
            "\u2022",
            "Are",
            "these",
            "Hoare",
            "or",
            "Mesa",
            "semantics",
            "?",
            "\u2022",
            "Can",
            "there",
            "be",
            "multiple",
            "condition",
            "variables",
            "for",
            "a",
            "single",
            "Lock",
            "?",
            "class",
            "Condition",
            "{",
            "Condition",
            ":",
            ":Signal",
            "(",
            ")",
            "Lock",
            "*",
            "lock",
            ";",
            "{",
            "Semaphore",
            "condSem",
            "(",
            "0",
            ")",
            ";",
            "if",
            "(",
            "semCount",
            ">",
            "0",
            ")",
            "{",
            "int",
            "semCount",
            "=",
            "0",
            ";",
            "lock-",
            ">",
            "nextCount",
            "+=",
            "1",
            ";",
            "}",
            ";",
            "condSem.up",
            "(",
            ")",
            ";",
            "lock-",
            ">",
            "next.down",
            "(",
            ")",
            ";",
            "lock-",
            ">",
            "nextCount",
            "-=",
            "1",
            ";",
            "Condition",
            ":",
            ":Wait",
            "(",
            ")",
            "}",
            "{",
            "}",
            "semCount",
            "+=",
            "1",
            ";",
            "if",
            "(",
            "lock-",
            ">",
            "nextCount",
            ">",
            "0",
            ")",
            "lock-",
            ">",
            "next.up",
            "(",
            ")",
            ";",
            "else",
            "lock-",
            ">",
            "mutex.up",
            "(",
            ")",
            ";",
            "condSem.down",
            "(",
            ")",
            ";",
            "semCount",
            "-=",
            "1",
            ";",
            "}",
            "CS",
            "1550",
            "\u2013",
            "Operating",
            "Systems",
            "\u2013",
            "Sherif",
            "Khattab"
        ],
        "labels": [
            "O",
            "O",
            "O",
            "O",
            "O",
            "O",
            "B",
            "I",
            "I",
            "I",
            "O",
            "O",
            "O",
            "O",
            "O",
            "O",
            "O",
            "O",
            "O",
            "O",
            "O",
            "O",
            "O",
            "O",
            "O",
            "O",
            "O",
            "O",
            "O",
            "O",
            "O",
            "O",
            "O",
            "O",
            "O",
            "O",
            "B",
            "O",
            "O",
            "O",
            "O",
            "O",
            "O",
            "O",
            "O",
            "O",
            "O",
            "O",
            "O",
            "O",
            "O",
            "O",
            "O",
            "O",
            "O",
            "O",
            "O",
            "O",
            "O",
            "O",
            "O",
            "O",
            "O",
            "O",
            "O",
            "O",
            "O",
            "O",
            "O",
            "O",
            "O",
            "O",
            "O",
            "O",
            "O",
            "O",
            "O",
            "O",
            "O",
            "O",
            "O",
            "O",
            "O",
            "O",
            "O",
            "O",
            "O",
            "O",
            "O",
            "O",
            "O",
            "O",
            "O",
            "O",
            "O",
            "O",
            "O",
            "O",
            "O",
            "O",
            "O",
            "O",
            "O",
            "O",
            "O",
            "O",
            "O",
            "O",
            "O",
            "O",
            "O",
            "O",
            "O",
            "O",
            "O",
            "O",
            "O",
            "O",
            "O",
            "O",
            "O",
            "O",
            "O",
            "O",
            "O",
            "O",
            "O",
            "O"
        ]
    },
    {
        "words": [
            "Process",
            "Synchronization",
            "inside",
            "Monitors",
            "CS",
            "1550",
            "\u2013",
            "Operating",
            "Systems",
            "\u2013",
            "Sherif",
            "Khattab"
        ],
        "labels": [
            "B",
            "I",
            "O",
            "B",
            "O",
            "O",
            "O",
            "O",
            "O",
            "O",
            "O",
            "O"
        ]
    },
    {
        "words": [
            "Condition",
            "Variable-based",
            "Solutions",
            "\u2022",
            "Code",
            "Walkthrough",
            "at",
            ":",
            "https",
            ":",
            "//cs1550-2214.github.io/cs1550-code-",
            "handouts/ProcessSynchronization/Slides/",
            "CS/COE",
            "1550",
            "\u2013",
            "Operating",
            "Systems",
            "\u2013",
            "Sherif",
            "Khattab",
            "13"
        ],
        "labels": [
            "O",
            "O",
            "O",
            "O",
            "O",
            "O",
            "O",
            "O",
            "O",
            "O",
            "O",
            "O",
            "O",
            "O",
            "O",
            "O",
            "O",
            "O",
            "O",
            "O",
            "O"
        ]
    },
    {
        "words": [
            "Reflections",
            "on",
            "semaphore",
            "usage",
            "\u2022",
            "Semaphores",
            "can",
            "be",
            "used",
            "as",
            "\u2022",
            "Resource",
            "counters",
            "\u2022",
            "Waiting",
            "spaces",
            "\u2022",
            "For",
            "mutual",
            "exclusion"
        ],
        "labels": [
            "B",
            "I",
            "I",
            "I",
            "O",
            "O",
            "O",
            "O",
            "O",
            "O",
            "O",
            "O",
            "O",
            "O",
            "O",
            "O",
            "O",
            "O",
            "O",
            "O"
        ]
    },
    {
        "words": [
            "Reflections",
            "on",
            "Condition",
            "Variables",
            "\u2022",
            "Define",
            "a",
            "class",
            "and",
            "put",
            "all",
            "shared",
            "variables",
            "inside",
            "the",
            "class",
            "\u2022",
            "Include",
            "a",
            "mutex",
            "and",
            "a",
            "condition",
            "variable",
            "in",
            "the",
            "class",
            "\u2022",
            "For",
            "each",
            "public",
            "method",
            "of",
            "the",
            "class",
            "\u2022",
            "Start",
            "by",
            "locking",
            "the",
            "mutex",
            "lock",
            "\u2022",
            "If",
            "need",
            "to",
            "wait",
            ",",
            "use",
            "a",
            "while",
            "loop",
            "and",
            "wait",
            "on",
            "the",
            "condition",
            "variable",
            "\u2022",
            "Before",
            "broadcasting",
            "on",
            "the",
            "condition",
            "variable",
            ",",
            "make",
            "sure",
            "to",
            "change",
            "the",
            "waiting",
            "condition"
        ],
        "labels": [
            "B",
            "I",
            "I",
            "I",
            "O",
            "O",
            "O",
            "O",
            "O",
            "O",
            "O",
            "O",
            "O",
            "O",
            "O",
            "O",
            "O",
            "O",
            "O",
            "O",
            "O",
            "O",
            "O",
            "O",
            "O",
            "O",
            "O",
            "O",
            "O",
            "O",
            "O",
            "O",
            "O",
            "O",
            "O",
            "O",
            "O",
            "O",
            "O",
            "O",
            "O",
            "O",
            "O",
            "O",
            "O",
            "O",
            "O",
            "O",
            "O",
            "O",
            "O",
            "O",
            "O",
            "O",
            "O",
            "O",
            "O",
            "O",
            "O",
            "O",
            "O",
            "O",
            "O",
            "O",
            "O",
            "O",
            "O",
            "O",
            "O",
            "O",
            "O",
            "O",
            "O"
        ]
    }
]