[
    {
        "words": [
            "Introduction",
            "to",
            "Operating",
            "Systems",
            "CS/COE",
            "1550",
            "Spring",
            "2022",
            "Sherif",
            "Khattab",
            "ksm73",
            "@",
            "pitt.edu",
            "(",
            "Some",
            "slides",
            "are",
            "from",
            "Silberschatz",
            ",",
            "Galvin",
            "and",
            "Gagne",
            "\u00a92013",
            ")"
        ],
        "labels": [
            "O",
            "O",
            "O",
            "O",
            "O",
            "O",
            "O",
            "O",
            "O",
            "O",
            "O",
            "O",
            "O",
            "O",
            "O",
            "O",
            "O",
            "O",
            "O",
            "O",
            "O",
            "O",
            "O",
            "O",
            "O"
        ]
    },
    {
        "words": [
            "Announcements",
            "\u2022",
            "Upcoming",
            "deadlines",
            "\u2022",
            "Homework",
            "4",
            "is",
            "due",
            "next",
            "Monday",
            "2/14",
            "\u2022",
            "Project",
            "1",
            "due",
            "on",
            "2/18",
            "CS/COE",
            "1550",
            "\u2013",
            "Operating",
            "Systems",
            "\u2013",
            "Sherif",
            "Khattab",
            "2"
        ],
        "labels": [
            "B",
            "O",
            "O",
            "O",
            "O",
            "O",
            "O",
            "O",
            "O",
            "O",
            "O",
            "O",
            "O",
            "O",
            "O",
            "O",
            "O",
            "O",
            "O",
            "O",
            "O",
            "O",
            "O",
            "O",
            "O",
            "O",
            "O"
        ]
    },
    {
        "words": [
            "Previous",
            "lecture",
            "\u2026",
            "\u2022",
            "It",
            "is",
            "easy",
            "to",
            "make",
            "mistakes",
            "when",
            "using",
            "semaphores",
            "\u2022",
            "Solution",
            ":",
            "Mutex",
            "and",
            "Condition",
            "Variables",
            "CS/COE",
            "1550",
            "\u2013",
            "Operating",
            "Systems",
            "\u2013",
            "Sherif",
            "Khattab",
            "3"
        ],
        "labels": [
            "B",
            "I",
            "O",
            "O",
            "O",
            "O",
            "O",
            "O",
            "O",
            "O",
            "O",
            "O",
            "O",
            "O",
            "O",
            "O",
            "B",
            "I",
            "B",
            "I",
            "O",
            "O",
            "O",
            "O",
            "O",
            "O",
            "O",
            "O",
            "O"
        ]
    },
    {
        "words": [
            "Muddiest",
            "Points",
            "CS/COE",
            "1550",
            "\u2013",
            "Operating",
            "Systems",
            "\u2013",
            "Sherif",
            "Khattab",
            "4"
        ],
        "labels": [
            "O",
            "O",
            "O",
            "O",
            "O",
            "O",
            "O",
            "O",
            "O",
            "O",
            "O"
        ]
    },
    {
        "words": [
            "Problem",
            "of",
            "the",
            "Day",
            "Readers",
            "&",
            "Writers",
            "\u2022",
            "Many",
            "processes",
            "that",
            "may",
            "read",
            "and/or",
            "write",
            "\u2022",
            "Only",
            "one",
            "writer",
            "allowed",
            "at",
            "any",
            "time",
            "\u2022",
            "Many",
            "readers",
            "allowed",
            ",",
            "but",
            "not",
            "while",
            "a",
            "process",
            "is",
            "writing",
            "\u2022",
            "Real-world",
            "Applications",
            "\u2022",
            "Database",
            "queries",
            "\u2022",
            "We",
            "have",
            "this",
            "problem",
            "in",
            "Project",
            "1",
            "CS/COE",
            "1550",
            "\u2013",
            "Operating",
            "Systems",
            "\u2013",
            "Sherif",
            "Khattab",
            "5"
        ],
        "labels": [
            "B",
            "I",
            "I",
            "I",
            "B",
            "I",
            "I",
            "O",
            "O",
            "O",
            "O",
            "O",
            "O",
            "O",
            "O",
            "O",
            "O",
            "O",
            "O",
            "O",
            "O",
            "O",
            "O",
            "O",
            "O",
            "O",
            "O",
            "O",
            "O",
            "O",
            "O",
            "O",
            "O",
            "O",
            "O",
            "O",
            "O",
            "O",
            "O",
            "O",
            "O",
            "O",
            "O",
            "O",
            "O",
            "O",
            "O",
            "O",
            "O",
            "O",
            "O",
            "O",
            "O",
            "O",
            "O",
            "O",
            "O",
            "O"
        ]
    },
    {
        "words": [
            "Semaphore-based",
            "Solution",
            "Shared",
            "variables",
            "int",
            "nreaders",
            ";",
            "Semaphore",
            "mutex",
            "(",
            "1",
            ")",
            ",",
            "writing",
            "(",
            "1",
            ")",
            ";",
            "Reader",
            "process",
            "Writer",
            "process",
            "\u2026",
            "\u2026",
            "mutex.down",
            "(",
            ")",
            ";",
            "writing.down",
            "(",
            ")",
            ";",
            "nreaders",
            "+=",
            "1",
            ";",
            "//",
            "Write",
            "some",
            "stuff",
            "if",
            "(",
            "nreaders",
            "==",
            "1",
            ")",
            "//",
            "wait",
            "if",
            "writing.up",
            "(",
            ")",
            ";",
            "writing.down",
            "(",
            ")",
            ";",
            "//",
            "1st",
            "reader",
            "\u2026",
            "mutex.up",
            "(",
            ")",
            ";",
            "//",
            "Read",
            "some",
            "stuff",
            "mutex.down",
            "(",
            ")",
            ";",
            "nreaders",
            "-=",
            "1",
            ";",
            "if",
            "(",
            "nreaders",
            "==",
            "0",
            ")",
            "//",
            "signal",
            "if",
            "writing.up",
            "(",
            ")",
            ";",
            "//",
            "last",
            "reader",
            "mutex.up",
            "(",
            ")",
            ";",
            "\u2026",
            "CS/COE",
            "1550",
            "\u2013",
            "Operating",
            "Systems",
            "\u2013",
            "Sherif",
            "Khattab",
            "6"
        ],
        "labels": [
            "B",
            "I",
            "O",
            "O",
            "O",
            "O",
            "O",
            "O",
            "O",
            "O",
            "O",
            "O",
            "O",
            "O",
            "O",
            "O",
            "O",
            "O",
            "O",
            "O",
            "O",
            "O",
            "O",
            "O",
            "O",
            "O",
            "O",
            "O",
            "O",
            "O",
            "O",
            "O",
            "O",
            "O",
            "O",
            "O",
            "O",
            "O",
            "O",
            "O",
            "O",
            "O",
            "O",
            "O",
            "O",
            "O",
            "O",
            "O",
            "O",
            "O",
            "O",
            "O",
            "O",
            "O",
            "O",
            "O",
            "O",
            "O",
            "O",
            "O",
            "O",
            "O",
            "O",
            "O",
            "O",
            "O",
            "O",
            "O",
            "O",
            "O",
            "O",
            "O",
            "O",
            "O",
            "O",
            "O",
            "O",
            "O",
            "O",
            "O",
            "O",
            "O",
            "O",
            "O",
            "O",
            "O",
            "O",
            "O",
            "O",
            "O",
            "O",
            "O",
            "O",
            "O",
            "O",
            "O",
            "O",
            "O",
            "O",
            "O",
            "O",
            "O",
            "O",
            "O",
            "O",
            "O",
            "O"
        ]
    },
    {
        "words": [
            "Solution",
            "Tracing",
            "\u2022",
            "enterRead",
            "Reader",
            "process",
            "\u2026",
            "mutex.down",
            "(",
            ")",
            ";",
            "nreaders",
            "+=",
            "1",
            ";",
            "if",
            "(",
            "nreaders",
            "==",
            "1",
            ")",
            "//",
            "wait",
            "if",
            "writing.down",
            "(",
            ")",
            ";",
            "//",
            "1st",
            "reader",
            "mutex.up",
            "(",
            ")",
            ";",
            "//",
            "Read",
            "some",
            "stuff",
            "mutex.down",
            "(",
            ")",
            ";",
            "nreaders",
            "-=",
            "1",
            ";",
            "if",
            "(",
            "nreaders",
            "==",
            "0",
            ")",
            "//",
            "signal",
            "if",
            "writing.up",
            "(",
            ")",
            ";",
            "//",
            "last",
            "reader",
            "mutex.up",
            "(",
            ")",
            ";",
            "\u2026",
            "CS/COE",
            "1550",
            "\u2013",
            "Operating",
            "Systems",
            "\u2013",
            "Sherif",
            "Khattab",
            "7"
        ],
        "labels": [
            "B",
            "I",
            "O",
            "O",
            "O",
            "O",
            "O",
            "O",
            "O",
            "O",
            "O",
            "O",
            "O",
            "O",
            "O",
            "O",
            "O",
            "O",
            "O",
            "O",
            "O",
            "O",
            "O",
            "O",
            "O",
            "O",
            "O",
            "O",
            "O",
            "O",
            "O",
            "O",
            "O",
            "O",
            "O",
            "O",
            "O",
            "O",
            "O",
            "O",
            "O",
            "O",
            "O",
            "O",
            "O",
            "O",
            "O",
            "O",
            "O",
            "O",
            "O",
            "O",
            "O",
            "O",
            "O",
            "O",
            "O",
            "O",
            "O",
            "O",
            "O",
            "O",
            "O",
            "O",
            "O",
            "O",
            "O",
            "O",
            "O",
            "O",
            "O",
            "O",
            "O",
            "O",
            "O",
            "O",
            "O"
        ]
    },
    {
        "words": [
            "Solution",
            "Tracing",
            "\u2022",
            "read",
            "Reader",
            "process",
            "\u2026",
            "mutex.down",
            "(",
            ")",
            ";",
            "nreaders",
            "+=",
            "1",
            ";",
            "if",
            "(",
            "nreaders",
            "==",
            "1",
            ")",
            "//",
            "wait",
            "if",
            "writing.down",
            "(",
            ")",
            ";",
            "//",
            "1st",
            "reader",
            "mutex.up",
            "(",
            ")",
            ";",
            "//",
            "Read",
            "some",
            "stuff",
            "mutex.down",
            "(",
            ")",
            ";",
            "nreaders",
            "-=",
            "1",
            ";",
            "if",
            "(",
            "nreaders",
            "==",
            "0",
            ")",
            "//",
            "signal",
            "if",
            "writing.up",
            "(",
            ")",
            ";",
            "//",
            "last",
            "reader",
            "mutex.up",
            "(",
            ")",
            ";",
            "\u2026",
            "CS/COE",
            "1550",
            "\u2013",
            "Operating",
            "Systems",
            "\u2013",
            "Sherif",
            "Khattab",
            "8"
        ],
        "labels": [
            "B",
            "I",
            "O",
            "O",
            "O",
            "O",
            "O",
            "O",
            "O",
            "O",
            "O",
            "O",
            "O",
            "O",
            "O",
            "O",
            "O",
            "O",
            "O",
            "O",
            "O",
            "O",
            "O",
            "O",
            "O",
            "O",
            "O",
            "O",
            "O",
            "O",
            "O",
            "O",
            "O",
            "O",
            "O",
            "O",
            "O",
            "O",
            "O",
            "O",
            "O",
            "O",
            "O",
            "O",
            "O",
            "O",
            "O",
            "O",
            "O",
            "O",
            "O",
            "O",
            "O",
            "O",
            "O",
            "O",
            "O",
            "O",
            "O",
            "O",
            "O",
            "O",
            "O",
            "O",
            "O",
            "O",
            "O",
            "O",
            "O",
            "O",
            "O",
            "O",
            "O",
            "O",
            "O",
            "O",
            "O"
        ]
    },
    {
        "words": [
            "Solution",
            "Tracing",
            "\u2022",
            "doneRead",
            "Reader",
            "process",
            "\u2026",
            "mutex.down",
            "(",
            ")",
            ";",
            "nreaders",
            "+=",
            "1",
            ";",
            "if",
            "(",
            "nreaders",
            "==",
            "1",
            ")",
            "//",
            "wait",
            "if",
            "writing.down",
            "(",
            ")",
            ";",
            "//",
            "1st",
            "reader",
            "mutex.up",
            "(",
            ")",
            ";",
            "//",
            "Read",
            "some",
            "stuff",
            "mutex.down",
            "(",
            ")",
            ";",
            "nreaders",
            "-=",
            "1",
            ";",
            "if",
            "(",
            "nreaders",
            "==",
            "0",
            ")",
            "//",
            "signal",
            "if",
            "writing.up",
            "(",
            ")",
            ";",
            "//",
            "last",
            "reader",
            "mutex.up",
            "(",
            ")",
            ";",
            "\u2026",
            "CS/COE",
            "1550",
            "\u2013",
            "Operating",
            "Systems",
            "\u2013",
            "Sherif",
            "Khattab",
            "9"
        ],
        "labels": [
            "B",
            "I",
            "O",
            "O",
            "O",
            "O",
            "O",
            "O",
            "O",
            "O",
            "O",
            "O",
            "O",
            "O",
            "O",
            "O",
            "O",
            "O",
            "O",
            "O",
            "O",
            "O",
            "O",
            "O",
            "O",
            "O",
            "O",
            "O",
            "O",
            "O",
            "O",
            "O",
            "O",
            "O",
            "O",
            "O",
            "O",
            "O",
            "O",
            "O",
            "O",
            "O",
            "O",
            "O",
            "O",
            "O",
            "O",
            "O",
            "O",
            "O",
            "O",
            "O",
            "O",
            "O",
            "O",
            "O",
            "O",
            "O",
            "O",
            "O",
            "O",
            "O",
            "O",
            "O",
            "O",
            "O",
            "O",
            "O",
            "O",
            "O",
            "O",
            "O",
            "O",
            "O",
            "O",
            "O",
            "O"
        ]
    },
    {
        "words": [
            "Writer",
            "Events",
            "\u2022",
            "enterWrite",
            "Writer",
            "process",
            "\u2026",
            "writing.down",
            "(",
            ")",
            ";",
            "//",
            "Write",
            "some",
            "stuff",
            "writing.up",
            "(",
            ")",
            ";",
            "\u2026",
            "CS/COE",
            "1550",
            "\u2013",
            "Operating",
            "Systems",
            "\u2013",
            "Sherif",
            "Khattab",
            "10"
        ],
        "labels": [
            "B",
            "I",
            "O",
            "O",
            "O",
            "O",
            "O",
            "O",
            "O",
            "O",
            "O",
            "O",
            "O",
            "O",
            "O",
            "O",
            "O",
            "O",
            "O",
            "O",
            "O",
            "O",
            "O",
            "O",
            "O",
            "O",
            "O",
            "O",
            "O"
        ]
    },
    {
        "words": [
            "Writer",
            "Events",
            "\u2022",
            "write",
            "Writer",
            "process",
            "\u2026",
            "writing.down",
            "(",
            ")",
            ";",
            "//",
            "Write",
            "some",
            "stuff",
            "writing.up",
            "(",
            ")",
            ";",
            "\u2026",
            "CS/COE",
            "1550",
            "\u2013",
            "Operating",
            "Systems",
            "\u2013",
            "Sherif",
            "Khattab",
            "11"
        ],
        "labels": [
            "B",
            "I",
            "O",
            "O",
            "O",
            "O",
            "O",
            "O",
            "O",
            "O",
            "O",
            "O",
            "O",
            "O",
            "O",
            "O",
            "O",
            "O",
            "O",
            "O",
            "O",
            "O",
            "O",
            "O",
            "O",
            "O",
            "O",
            "O",
            "O"
        ]
    },
    {
        "words": [
            "Writer",
            "Events",
            "\u2022",
            "doneWrite",
            "Writer",
            "process",
            "\u2026",
            "writing.down",
            "(",
            ")",
            ";",
            "//",
            "Write",
            "some",
            "stuff",
            "writing.up",
            "(",
            ")",
            ";",
            "\u2026",
            "CS/COE",
            "1550",
            "\u2013",
            "Operating",
            "Systems",
            "\u2013",
            "Sherif",
            "Khattab",
            "12"
        ],
        "labels": [
            "B",
            "I",
            "O",
            "O",
            "O",
            "O",
            "O",
            "O",
            "O",
            "O",
            "O",
            "O",
            "O",
            "O",
            "O",
            "O",
            "O",
            "O",
            "O",
            "O",
            "O",
            "O",
            "O",
            "O",
            "O",
            "O",
            "O",
            "O",
            "O"
        ]
    },
    {
        "words": [
            "Sequence",
            "1",
            "\u2022",
            "W0",
            "enterWrite",
            "Reader",
            "process",
            "\u2022",
            "W0",
            "write",
            "\u2026",
            "mutex.down",
            "(",
            ")",
            ";",
            "\u2022",
            "R0",
            "enterRead",
            "nreaders",
            "+=",
            "1",
            ";",
            "if",
            "(",
            "nreaders",
            "==",
            "1",
            ")",
            "//",
            "wait",
            "if",
            "\u2022",
            "R1",
            "enterRead",
            "writing.down",
            "(",
            ")",
            ";",
            "//",
            "1st",
            "reader",
            "mutex.up",
            "(",
            ")",
            ";",
            "//",
            "Read",
            "some",
            "stuff",
            "\u2022",
            "R2",
            "enterRead",
            "mutex.down",
            "(",
            ")",
            ";",
            "nreaders",
            "-=",
            "1",
            ";",
            "\u2022",
            "W0",
            "doneWrite",
            "if",
            "(",
            "nreaders",
            "==",
            "0",
            ")",
            "writing.up",
            "(",
            ")",
            ";",
            "//",
            "signal",
            "if",
            "//",
            "last",
            "reader",
            "mutex.up",
            "(",
            ")",
            ";",
            "\u2022",
            "R2",
            "read",
            "\u2026",
            "\u2022",
            "W1",
            "enterWrite",
            "Writer",
            "process",
            "\u2026",
            "\u2022",
            "R2",
            "doneRead",
            "writing.down",
            "(",
            ")",
            ";",
            "//",
            "Write",
            "some",
            "stuff",
            "writing.up",
            "(",
            ")",
            ";",
            "\u2022",
            "W1",
            "write",
            "\u2026",
            "CS/COE",
            "1550",
            "\u2013",
            "Operating",
            "Systems",
            "\u2013",
            "Sherif",
            "Khattab",
            "13"
        ],
        "labels": [
            "B",
            "I",
            "O",
            "O",
            "O",
            "O",
            "O",
            "O",
            "O",
            "O",
            "O",
            "O",
            "O",
            "O",
            "O",
            "O",
            "O",
            "O",
            "O",
            "O",
            "O",
            "O",
            "O",
            "O",
            "O",
            "O",
            "O",
            "O",
            "O",
            "O",
            "O",
            "O",
            "O",
            "O",
            "O",
            "O",
            "O",
            "O",
            "O",
            "O",
            "O",
            "O",
            "O",
            "O",
            "O",
            "O",
            "O",
            "O",
            "O",
            "O",
            "O",
            "O",
            "O",
            "O",
            "O",
            "O",
            "O",
            "O",
            "O",
            "O",
            "O",
            "O",
            "O",
            "O",
            "O",
            "O",
            "O",
            "O",
            "O",
            "O",
            "O",
            "O",
            "O",
            "O",
            "O",
            "O",
            "O",
            "O",
            "O",
            "O",
            "O",
            "O",
            "O",
            "O",
            "O",
            "O",
            "O",
            "O",
            "O",
            "O",
            "O",
            "O",
            "O",
            "O",
            "O",
            "O",
            "O",
            "O",
            "O",
            "O",
            "O",
            "O",
            "O",
            "O",
            "O",
            "O",
            "O",
            "O",
            "O",
            "O",
            "O",
            "O",
            "O",
            "O",
            "O",
            "O",
            "O",
            "O",
            "O",
            "O",
            "O"
        ]
    },
    {
        "words": [
            "Sequence",
            "2",
            "\u2022",
            "R0",
            "enterRead",
            "\u2022",
            "R0",
            "read",
            "Reader",
            "process",
            "\u2026",
            "\u2022",
            "R1",
            "enterRead",
            "mutex.down",
            "(",
            ")",
            ";",
            "nreaders",
            "+=",
            "1",
            ";",
            "\u2022",
            "R1",
            "read",
            "if",
            "(",
            "nreaders",
            "==",
            "1",
            ")",
            "//",
            "wait",
            "if",
            "writing.down",
            "(",
            ")",
            ";",
            "//",
            "1st",
            "reader",
            "\u2022",
            "W0",
            "enterWrite",
            "mutex.up",
            "(",
            ")",
            ";",
            "//",
            "Read",
            "some",
            "stuff",
            "\u2022",
            "R2",
            "enterRead",
            "mutex.down",
            "(",
            ")",
            ";",
            "nreaders",
            "-=",
            "1",
            ";",
            "\u2022",
            "R2",
            "read",
            "if",
            "(",
            "nreaders",
            "==",
            "0",
            ")",
            "//",
            "signal",
            "if",
            "writing.up",
            "(",
            ")",
            ";",
            "//",
            "last",
            "reader",
            "\u2022",
            "R2",
            "doneRead",
            "mutex.up",
            "(",
            ")",
            ";",
            "\u2026",
            "\u2022",
            "R1",
            "doneRead",
            "Writer",
            "process",
            "\u2022",
            "R0",
            "doneRead",
            "\u2026",
            "\u2022",
            "W0",
            "write",
            "writing.down",
            "(",
            ")",
            ";",
            "//",
            "Write",
            "some",
            "stuff",
            "writing.up",
            "(",
            ")",
            ";",
            "\u2022",
            "W0",
            "doneWrite",
            "\u2026",
            "CS/COE",
            "1550",
            "\u2013",
            "Operating",
            "Systems",
            "\u2013",
            "Sherif",
            "Khattab",
            "14"
        ],
        "labels": [
            "B",
            "I",
            "O",
            "O",
            "O",
            "O",
            "O",
            "O",
            "O",
            "O",
            "O",
            "O",
            "O",
            "O",
            "O",
            "O",
            "O",
            "O",
            "O",
            "O",
            "O",
            "O",
            "O",
            "O",
            "O",
            "O",
            "O",
            "O",
            "O",
            "O",
            "O",
            "O",
            "O",
            "O",
            "O",
            "O",
            "O",
            "O",
            "O",
            "O",
            "O",
            "O",
            "O",
            "O",
            "O",
            "O",
            "O",
            "O",
            "O",
            "O",
            "O",
            "O",
            "O",
            "O",
            "O",
            "O",
            "O",
            "O",
            "O",
            "O",
            "O",
            "O",
            "O",
            "O",
            "O",
            "O",
            "O",
            "O",
            "O",
            "O",
            "O",
            "O",
            "O",
            "O",
            "O",
            "O",
            "O",
            "O",
            "O",
            "O",
            "O",
            "O",
            "O",
            "O",
            "O",
            "O",
            "O",
            "O",
            "O",
            "O",
            "O",
            "O",
            "O",
            "O",
            "O",
            "O",
            "O",
            "O",
            "O",
            "O",
            "O",
            "O",
            "O",
            "O",
            "O",
            "O",
            "O",
            "O",
            "O",
            "O",
            "O",
            "O",
            "O",
            "O",
            "O",
            "O",
            "O",
            "O",
            "O",
            "O",
            "O",
            "O",
            "O",
            "O",
            "O",
            "O",
            "O"
        ]
    },
    {
        "words": [
            "Solution",
            "using",
            "Mutex",
            "and",
            "Condition",
            "Variables",
            "CS/COE",
            "1550",
            "\u2013",
            "Operating",
            "Systems",
            "\u2013",
            "Sherif",
            "Khattab",
            "15"
        ],
        "labels": [
            "O",
            "O",
            "B",
            "I",
            "B",
            "I",
            "O",
            "O",
            "O",
            "O",
            "O",
            "O",
            "O",
            "O",
            "O"
        ]
    }
]