[
    {
        "words": [
            "Introduction",
            "to",
            "Operating",
            "Systems",
            "CS/COE",
            "1550",
            "Spring",
            "2022",
            "Sherif",
            "Khattab",
            "ksm73",
            "@",
            "pitt.edu",
            "(",
            "Some",
            "slides",
            "are",
            "from",
            "Silberschatz",
            ",",
            "Galvin",
            "and",
            "Gagne",
            "\u00a92013",
            ")"
        ],
        "labels": [
            "O",
            "O",
            "O",
            "O",
            "O",
            "O",
            "O",
            "O",
            "O",
            "O",
            "O",
            "O",
            "O",
            "O",
            "O",
            "O",
            "O",
            "O",
            "O",
            "O",
            "O",
            "O",
            "O",
            "O",
            "O"
        ]
    },
    {
        "words": [
            "Announcements",
            "\u2022",
            "Upcoming",
            "deadlines",
            "\u2022",
            "Homework",
            "4",
            "is",
            "due",
            "next",
            "Monday",
            "2/14",
            "\u2022",
            "Project",
            "1",
            "due",
            "on",
            "2/18",
            "CS",
            "1550",
            "\u2013",
            "Operating",
            "Systems",
            "\u2013",
            "Sherif",
            "Khattab",
            "2"
        ],
        "labels": [
            "O",
            "O",
            "O",
            "O",
            "O",
            "O",
            "O",
            "O",
            "O",
            "O",
            "O",
            "O",
            "O",
            "O",
            "O",
            "O",
            "O",
            "O",
            "O",
            "O",
            "O",
            "O",
            "O",
            "O",
            "O",
            "O",
            "O"
        ]
    },
    {
        "words": [
            "Previous",
            "lecture",
            "\u2026",
            "\u2022",
            "Readers-Writers",
            "problem",
            "\u2022",
            "Semaphore",
            "solution",
            "\u2022",
            "Condition",
            "Variable",
            "solution",
            "CS",
            "1550",
            "\u2013",
            "Operating",
            "Systems",
            "\u2013",
            "Sherif",
            "Khattab",
            "3"
        ],
        "labels": [
            "O",
            "O",
            "O",
            "O",
            "B",
            "I",
            "O",
            "B",
            "I",
            "O",
            "B",
            "I",
            "I",
            "O",
            "O",
            "O",
            "O",
            "O",
            "O",
            "O",
            "O",
            "O"
        ]
    },
    {
        "words": [
            "Muddiest",
            "Points",
            "(",
            "Semaphores",
            "solution",
            ")",
            "\u2022",
            "reader",
            "writer",
            "queue",
            "\u2022",
            "Why",
            "the",
            "read",
            "section",
            "of",
            "the",
            "Reader",
            "code",
            "includes",
            "mutex.down",
            "(",
            ")",
            ".",
            "Why",
            "is",
            "it",
            "not",
            "included",
            "in",
            "the",
            "ReaderDone",
            "section",
            "?",
            "\u2022",
            "Why",
            "mutex",
            "need",
            "to",
            "up",
            "and",
            "down",
            "two",
            "times",
            "?",
            "\u2022",
            "I",
            "confused",
            "about",
            "finally",
            "which",
            "of",
            "writing",
            "or",
            "reading",
            "has",
            "priority",
            "?",
            "\u2022",
            "Starting",
            "off",
            "the",
            "readers",
            "writers",
            "problem",
            "how",
            "do",
            "you",
            "know",
            "the",
            "amount",
            "of",
            "m",
            ",",
            "w",
            ",",
            "and",
            "nr",
            "?",
            "\u2022",
            "could",
            "you",
            "reiterate",
            "the",
            "reasoning",
            "for",
            "why",
            "a",
            "mutex",
            "does",
            "n't",
            "work",
            "for",
            "the",
            "writing",
            "semaphore",
            "?",
            "I",
            "think",
            "I",
            "understood",
            "it",
            "but",
            "I",
            "just",
            "want",
            "to",
            "be",
            "sure",
            "\u2022",
            "does",
            "writing",
            "start",
            "at",
            "0",
            "or",
            "1",
            "?",
            "CS",
            "1550",
            "\u2013",
            "Operating",
            "Systems",
            "\u2013",
            "Sherif",
            "Khattab",
            "4"
        ],
        "labels": [
            "O",
            "O",
            "O",
            "O",
            "O",
            "O",
            "O",
            "B",
            "I",
            "I",
            "O",
            "O",
            "O",
            "O",
            "O",
            "O",
            "O",
            "O",
            "O",
            "O",
            "O",
            "O",
            "O",
            "O",
            "O",
            "O",
            "O",
            "O",
            "O",
            "O",
            "O",
            "O",
            "O",
            "O",
            "O",
            "O",
            "B",
            "O",
            "O",
            "O",
            "O",
            "O",
            "O",
            "O",
            "O",
            "O",
            "O",
            "O",
            "O",
            "O",
            "O",
            "O",
            "O",
            "O",
            "O",
            "O",
            "O",
            "O",
            "O",
            "O",
            "O",
            "O",
            "O",
            "O",
            "O",
            "O",
            "O",
            "O",
            "O",
            "O",
            "O",
            "O",
            "O",
            "O",
            "O",
            "O",
            "O",
            "O",
            "O",
            "O",
            "O",
            "O",
            "O",
            "O",
            "O",
            "O",
            "O",
            "O",
            "B",
            "O",
            "O",
            "O",
            "O",
            "O",
            "O",
            "O",
            "O",
            "O",
            "O",
            "O",
            "O",
            "O",
            "O",
            "O",
            "O",
            "O",
            "O",
            "O",
            "O",
            "O",
            "O",
            "O",
            "O",
            "O",
            "O",
            "O",
            "O",
            "O",
            "O",
            "O",
            "O",
            "O",
            "O",
            "O",
            "O",
            "O",
            "O"
        ]
    },
    {
        "words": [
            "Muddiest",
            "Points",
            "(",
            "Condition",
            "Variable",
            "Solution",
            ")",
            "\u2022",
            "Which",
            "solution",
            "is",
            "more",
            "optimal",
            "for",
            "the",
            "readers",
            "and",
            "writers",
            "problem",
            "...",
            "CV",
            "or",
            "semaphores",
            "?",
            "\u2022",
            "Ideas",
            "for",
            "more",
            "efficient",
            "implementation",
            "of",
            "condition",
            "variable/mutex",
            "code",
            "for",
            "reader/writer",
            "problem",
            "\u2022",
            "In",
            "the",
            "``",
            "real",
            "world",
            "''",
            "what",
            "is",
            "more",
            "commonly",
            "used",
            ",",
            "CV",
            "or",
            "semaphore",
            "?",
            "\u2022",
            "can",
            "you",
            "post",
            "the",
            "cv",
            "example",
            "?",
            "\u2022",
            "Why",
            "was",
            "the",
            "code",
            "at",
            "the",
            "end",
            "different",
            "from",
            "the",
            "code",
            "we",
            "went",
            "over",
            "during",
            "lecture",
            "?",
            "\u2022",
            "Understanding",
            "when",
            "a",
            "reader",
            "or",
            "writer",
            "is",
            "asked",
            "to",
            "wait",
            "!",
            "\u2022",
            "Does",
            "the",
            "last",
            "example",
            "of",
            "the",
            "code",
            "in",
            "class",
            "prevent",
            "starvation",
            "of",
            "writers",
            "?",
            "CS",
            "1550",
            "\u2013",
            "Operating",
            "Systems",
            "\u2013",
            "Sherif",
            "Khattab",
            "5"
        ],
        "labels": [
            "O",
            "O",
            "O",
            "B",
            "I",
            "I",
            "O",
            "O",
            "O",
            "O",
            "O",
            "O",
            "O",
            "O",
            "O",
            "O",
            "O",
            "O",
            "O",
            "O",
            "B",
            "O",
            "O",
            "O",
            "O",
            "O",
            "O",
            "O",
            "O",
            "O",
            "O",
            "O",
            "O",
            "O",
            "O",
            "O",
            "O",
            "O",
            "O",
            "O",
            "O",
            "O",
            "O",
            "O",
            "O",
            "O",
            "O",
            "O",
            "O",
            "O",
            "B",
            "O",
            "O",
            "O",
            "O",
            "O",
            "O",
            "O",
            "O",
            "O",
            "O",
            "O",
            "O",
            "O",
            "O",
            "O",
            "O",
            "O",
            "O",
            "O",
            "O",
            "O",
            "O",
            "O",
            "O",
            "O",
            "O",
            "O",
            "O",
            "O",
            "O",
            "O",
            "O",
            "O",
            "O",
            "O",
            "O",
            "O",
            "O",
            "O",
            "O",
            "O",
            "O",
            "O",
            "O",
            "O",
            "O",
            "O",
            "O",
            "O",
            "O",
            "O",
            "O",
            "O",
            "O",
            "O",
            "O",
            "O",
            "O",
            "O",
            "O",
            "O",
            "O",
            "O",
            "O",
            "O"
        ]
    },
    {
        "words": [
            "Muddiest",
            "Points",
            "(",
            "misc",
            ".",
            ")",
            "\u2022",
            "Can",
            "you",
            "expand",
            "on",
            "project",
            "1",
            "'s",
            "writeup",
            "?",
            "\u2022",
            "I",
            "was",
            "confused",
            "on",
            "the",
            "producer",
            "consumer",
            "buffer",
            "and",
            "how",
            "the",
            "producers",
            "go",
            "to",
            "sleep",
            "when",
            "waiting",
            "to",
            "enter",
            ".",
            "CS",
            "1550",
            "\u2013",
            "Operating",
            "Systems",
            "\u2013",
            "Sherif",
            "Khattab",
            "6"
        ],
        "labels": [
            "O",
            "O",
            "O",
            "O",
            "O",
            "O",
            "O",
            "O",
            "O",
            "O",
            "O",
            "O",
            "O",
            "O",
            "O",
            "O",
            "O",
            "O",
            "O",
            "O",
            "O",
            "O",
            "B",
            "I",
            "I",
            "O",
            "O",
            "O",
            "O",
            "O",
            "O",
            "O",
            "O",
            "O",
            "O",
            "O",
            "O",
            "O",
            "O",
            "O",
            "O",
            "O",
            "O",
            "O",
            "O",
            "O"
        ]
    },
    {
        "words": [
            "Problem",
            "of",
            "the",
            "Day",
            "Dining",
            "Philosophers",
            "\u2022",
            "N",
            "philosophers",
            "around",
            "a",
            "table",
            "\u2022",
            "All",
            "are",
            "hungry",
            "\u2022",
            "All",
            "like",
            "to",
            "think",
            "\u2022",
            "N",
            "chopsticks",
            "available",
            "\u2022",
            "1",
            "between",
            "each",
            "pair",
            "of",
            "philosophers",
            "\u2022",
            "Philosophers",
            "need",
            "two",
            "chopsticks",
            "to",
            "eat",
            "\u2022",
            "Philosophers",
            "alternate",
            "between",
            "eating",
            "and",
            "thinking",
            "\u2022",
            "Goal",
            ":",
            "coordinate",
            "use",
            "of",
            "chopsticks",
            "CS",
            "1550",
            "\u2013",
            "Operating",
            "Systems",
            "\u2013",
            "Sherif",
            "Khattab",
            "7"
        ],
        "labels": [
            "O",
            "O",
            "O",
            "O",
            "B",
            "I",
            "O",
            "O",
            "O",
            "O",
            "O",
            "O",
            "O",
            "O",
            "O",
            "O",
            "O",
            "O",
            "O",
            "O",
            "O",
            "O",
            "O",
            "O",
            "O",
            "O",
            "O",
            "O",
            "O",
            "O",
            "O",
            "O",
            "O",
            "O",
            "O",
            "O",
            "O",
            "O",
            "O",
            "O",
            "O",
            "O",
            "O",
            "O",
            "O",
            "O",
            "O",
            "O",
            "O",
            "O",
            "O",
            "O",
            "O",
            "O",
            "O",
            "O",
            "O",
            "O",
            "O",
            "O",
            "O",
            "O"
        ]
    },
    {
        "words": [
            "Dining",
            "Philosophers",
            ":",
            "solution",
            "1",
            "\u2022",
            "Use",
            "a",
            "semaphore",
            "for",
            "each",
            "chopstick",
            "\u2022",
            "A",
            "hungry",
            "philosopher",
            "\u2022",
            "Gets",
            "the",
            "chopstick",
            "to",
            "his",
            "left",
            "Shared",
            "variables",
            "const",
            "int",
            "n",
            ";",
            "\u2022",
            "Gets",
            "the",
            "chopstick",
            "to",
            "his",
            "right",
            "//",
            "initialize",
            "to",
            "1",
            "Semaphore",
            "chopstick",
            "[",
            "n",
            "]",
            ";",
            "\u2022",
            "Eats",
            "\u2022",
            "Puts",
            "down",
            "the",
            "chopsticks",
            "Code",
            "for",
            "philosopher",
            "i",
            "while",
            "(",
            "1",
            ")",
            "{",
            "\u2022",
            "Potential",
            "problems",
            "?",
            "chopstick",
            "[",
            "i",
            "]",
            ".down",
            "(",
            ")",
            ";",
            "chopstick",
            "[",
            "(",
            "i+1",
            ")",
            "%",
            "n",
            "]",
            ".down",
            "(",
            ")",
            ";",
            "\u2022",
            "Deadlock",
            "//",
            "eat",
            "\u2022",
            "Fairness",
            "chopstick",
            "[",
            "i",
            "]",
            ".up",
            "(",
            ")",
            ";",
            "chopstick",
            "[",
            "(",
            "i+1",
            ")",
            "%",
            "n",
            "]",
            ".up",
            "(",
            ")",
            ";",
            "//",
            "think",
            "}",
            "CS",
            "1550",
            "\u2013",
            "Operating",
            "Systems",
            "\u2013",
            "Sherif",
            "Khattab",
            "8"
        ],
        "labels": [
            "B",
            "I",
            "O",
            "O",
            "O",
            "O",
            "O",
            "O",
            "O",
            "O",
            "O",
            "O",
            "O",
            "O",
            "O",
            "O",
            "O",
            "O",
            "O",
            "O",
            "O",
            "O",
            "O",
            "O",
            "O",
            "O",
            "O",
            "O",
            "O",
            "O",
            "O",
            "O",
            "O",
            "O",
            "O",
            "O",
            "O",
            "O",
            "O",
            "O",
            "O",
            "O",
            "O",
            "O",
            "O",
            "O",
            "O",
            "O",
            "O",
            "O",
            "O",
            "O",
            "O",
            "O",
            "O",
            "O",
            "O",
            "O",
            "O",
            "O",
            "O",
            "O",
            "O",
            "O",
            "O",
            "O",
            "O",
            "O",
            "O",
            "O",
            "O",
            "O",
            "O",
            "O",
            "O",
            "O",
            "O",
            "O",
            "O",
            "O",
            "O",
            "O",
            "O",
            "O",
            "O",
            "O",
            "O",
            "B",
            "O",
            "O",
            "O",
            "O",
            "O",
            "O",
            "O",
            "O",
            "O",
            "O",
            "O",
            "O",
            "O",
            "O",
            "O",
            "O",
            "O",
            "O",
            "O",
            "O",
            "O",
            "O",
            "O",
            "O",
            "O",
            "O",
            "O",
            "O",
            "O",
            "O",
            "O",
            "O",
            "O",
            "O",
            "O",
            "O"
        ]
    },
    {
        "words": [
            "Tracing",
            ":",
            "Sequence",
            "1",
            "\u2022",
            "P0",
            "picks",
            "left",
            "\u2022",
            "P0",
            "picks",
            "right",
            "Shared",
            "variables",
            "\u2022",
            "P3",
            "picks",
            "left",
            "const",
            "int",
            "n",
            ";",
            "//",
            "initialize",
            "to",
            "1",
            "Semaphore",
            "chopstick",
            "[",
            "n",
            "]",
            ";",
            "\u2022",
            "P3",
            "picks",
            "right",
            "\u2022",
            "P3",
            "eats",
            "Code",
            "for",
            "philosopher",
            "i",
            "while",
            "(",
            "1",
            ")",
            "{",
            "chopstick",
            "[",
            "i",
            "]",
            ".down",
            "(",
            ")",
            ";",
            "\u2022",
            "P0",
            "eats",
            "chopstick",
            "[",
            "(",
            "i+1",
            ")",
            "%",
            "n",
            "]",
            ".down",
            "(",
            ")",
            ";",
            "//",
            "eat",
            "\u2022",
            "P3",
            "puts",
            "down",
            "chopstick",
            "[",
            "i",
            "]",
            ".up",
            "(",
            ")",
            ";",
            "chopstick",
            "[",
            "(",
            "i+1",
            ")",
            "%",
            "n",
            "]",
            ".up",
            "(",
            ")",
            ";",
            "//",
            "think",
            "\u2022",
            "P0",
            "puts",
            "down",
            "}",
            "CS",
            "1550",
            "\u2013",
            "Operating",
            "Systems",
            "\u2013",
            "Sherif",
            "Khattab",
            "9"
        ],
        "labels": [
            "O",
            "O",
            "O",
            "O",
            "O",
            "O",
            "O",
            "O",
            "O",
            "O",
            "O",
            "O",
            "O",
            "O",
            "O",
            "O",
            "O",
            "O",
            "O",
            "O",
            "O",
            "O",
            "O",
            "O",
            "O",
            "O",
            "O",
            "O",
            "O",
            "O",
            "O",
            "O",
            "O",
            "O",
            "O",
            "O",
            "O",
            "O",
            "O",
            "O",
            "O",
            "O",
            "O",
            "O",
            "O",
            "O",
            "O",
            "O",
            "O",
            "O",
            "O",
            "O",
            "O",
            "O",
            "O",
            "O",
            "O",
            "O",
            "O",
            "O",
            "O",
            "O",
            "O",
            "O",
            "O",
            "O",
            "O",
            "O",
            "O",
            "O",
            "O",
            "O",
            "O",
            "O",
            "O",
            "O",
            "O",
            "O",
            "O",
            "O",
            "O",
            "O",
            "O",
            "O",
            "O",
            "O",
            "O",
            "O",
            "O",
            "O",
            "O",
            "O",
            "O",
            "O",
            "O",
            "O",
            "O",
            "O",
            "O",
            "O",
            "O",
            "O",
            "O",
            "O",
            "O",
            "O",
            "O",
            "O",
            "O",
            "O",
            "O",
            "O",
            "O"
        ]
    },
    {
        "words": [
            "Tracing",
            ":",
            "Sequence",
            "2",
            "\u2022",
            "for",
            "(",
            "i=0",
            ";",
            "i",
            "<",
            "6",
            ";",
            "i++",
            ")",
            "\u2022",
            "Pi",
            "picks",
            "left",
            "Shared",
            "variables",
            "\u2022",
            "P3",
            "eats",
            "const",
            "int",
            "n",
            ";",
            "//",
            "initialize",
            "to",
            "1",
            "\u2022",
            "P0",
            "eats",
            "Semaphore",
            "chopstick",
            "[",
            "n",
            "]",
            ";",
            "\u2022",
            "P3",
            "puts",
            "down",
            "Code",
            "for",
            "philosopher",
            "i",
            "while",
            "(",
            "1",
            ")",
            "{",
            "\u2022",
            "P0",
            "puts",
            "down",
            "chopstick",
            "[",
            "i",
            "]",
            ".down",
            "(",
            ")",
            ";",
            "chopstick",
            "[",
            "(",
            "i+1",
            ")",
            "%",
            "n",
            "]",
            ".down",
            "(",
            ")",
            ";",
            "//",
            "eat",
            "chopstick",
            "[",
            "i",
            "]",
            ".up",
            "(",
            ")",
            ";",
            "chopstick",
            "[",
            "(",
            "i+1",
            ")",
            "%",
            "n",
            "]",
            ".up",
            "(",
            ")",
            ";",
            "//",
            "think",
            "}",
            "CS",
            "1550",
            "\u2013",
            "Operating",
            "Systems",
            "\u2013",
            "Sherif",
            "Khattab",
            "10"
        ],
        "labels": [
            "O",
            "O",
            "O",
            "O",
            "O",
            "O",
            "O",
            "O",
            "O",
            "O",
            "O",
            "O",
            "O",
            "O",
            "O",
            "O",
            "O",
            "O",
            "O",
            "O",
            "O",
            "O",
            "O",
            "O",
            "O",
            "O",
            "O",
            "O",
            "O",
            "O",
            "O",
            "O",
            "O",
            "O",
            "O",
            "O",
            "O",
            "O",
            "O",
            "O",
            "O",
            "O",
            "O",
            "O",
            "O",
            "O",
            "O",
            "O",
            "O",
            "O",
            "O",
            "O",
            "O",
            "O",
            "O",
            "O",
            "O",
            "O",
            "O",
            "O",
            "O",
            "O",
            "O",
            "O",
            "O",
            "O",
            "O",
            "O",
            "O",
            "O",
            "O",
            "O",
            "O",
            "O",
            "O",
            "O",
            "O",
            "O",
            "O",
            "O",
            "O",
            "O",
            "O",
            "O",
            "O",
            "O",
            "O",
            "O",
            "O",
            "O",
            "O",
            "O",
            "O",
            "O",
            "O",
            "O",
            "O",
            "O",
            "O",
            "O",
            "O",
            "O",
            "O",
            "O",
            "O",
            "O",
            "O",
            "O",
            "O",
            "O",
            "O",
            "O"
        ]
    },
    {
        "words": [
            "What",
            "is",
            "a",
            "deadlock",
            "?",
            "\u2022",
            "Formal",
            "definition",
            ":",
            "\u201c",
            "A",
            "set",
            "of",
            "processes",
            "is",
            "deadlocked",
            "if",
            "each",
            "process",
            "in",
            "the",
            "set",
            "is",
            "waiting",
            "for",
            "an",
            "event",
            "that",
            "only",
            "another",
            "process",
            "in",
            "the",
            "set",
            "can",
            "cause",
            ".",
            "\u201d",
            "\u2022",
            "Usually",
            ",",
            "the",
            "event",
            "is",
            "release",
            "of",
            "a",
            "currently",
            "held",
            "resource",
            "\u2022",
            "In",
            "deadlock",
            ",",
            "none",
            "of",
            "the",
            "processes",
            "can",
            "\u2022",
            "Run",
            "\u2022",
            "Release",
            "resources",
            "\u2022",
            "Be",
            "awakened",
            "CS/COE",
            "1550",
            "\u2013",
            "Operating",
            "Systems",
            "\u2013",
            "Sherif",
            "Khattab",
            "11"
        ],
        "labels": [
            "O",
            "O",
            "O",
            "O",
            "O",
            "O",
            "O",
            "O",
            "O",
            "O",
            "O",
            "O",
            "O",
            "O",
            "O",
            "O",
            "O",
            "O",
            "O",
            "O",
            "O",
            "O",
            "O",
            "O",
            "O",
            "O",
            "O",
            "O",
            "O",
            "O",
            "O",
            "O",
            "O",
            "O",
            "O",
            "O",
            "O",
            "O",
            "O",
            "O",
            "O",
            "O",
            "O",
            "O",
            "O",
            "O",
            "O",
            "O",
            "O",
            "O",
            "O",
            "O",
            "O",
            "O",
            "O",
            "O",
            "O",
            "O",
            "O",
            "O",
            "O",
            "O",
            "O",
            "O",
            "O",
            "O",
            "O",
            "O",
            "O",
            "O",
            "O",
            "O",
            "O",
            "O",
            "O",
            "O"
        ]
    },
    {
        "words": [
            "How",
            "to",
            "solve",
            "the",
            "Deadlock",
            "problem",
            "?",
            "\u2022",
            "Ignore",
            "the",
            "problem",
            "\u2022",
            "Detect",
            "and",
            "react",
            "\u2022",
            "Prevent",
            "(",
            "intervene",
            "at",
            "design-time",
            ")",
            "\u2022",
            "Avoid",
            "(",
            "intervene",
            "at",
            "run-time",
            ")",
            "CS/COE",
            "1550",
            "\u2013",
            "Operating",
            "Systems",
            "\u2013",
            "Sherif",
            "Khattab",
            "12"
        ],
        "labels": [
            "O",
            "O",
            "O",
            "O",
            "B",
            "I",
            "O",
            "O",
            "O",
            "O",
            "O",
            "O",
            "O",
            "O",
            "O",
            "O",
            "O",
            "O",
            "O",
            "O",
            "O",
            "O",
            "O",
            "O",
            "O",
            "O",
            "O",
            "O",
            "O",
            "O",
            "O",
            "O",
            "O",
            "O",
            "O",
            "O",
            "O",
            "O"
        ]
    },
    {
        "words": [
            "The",
            "Ostrich",
            "Algorithm",
            "\u2022",
            "Pretend",
            "there",
            "\u2019",
            "s",
            "no",
            "problem",
            "\u2022",
            "Reasonable",
            "if",
            "\u2022",
            "Deadlocks",
            "occur",
            "very",
            "rarely",
            "\u2022",
            "Cost",
            "of",
            "prevention",
            "is",
            "high",
            "\u2022",
            "UNIX",
            "and",
            "Windows",
            "take",
            "this",
            "approach",
            "\u2022",
            "Resources",
            "(",
            "memory",
            ",",
            "CPU",
            ",",
            "disk",
            "space",
            ")",
            "are",
            "plentiful",
            "\u2022",
            "Deadlocks",
            "over",
            "such",
            "resources",
            "rarely",
            "occur",
            "\u2022",
            "Deadlocks",
            "typically",
            "handled",
            "by",
            "rebooting",
            "\u2022",
            "Trade",
            "off",
            "between",
            "convenience",
            "and",
            "correctness",
            "CS/COE",
            "1550",
            "\u2013",
            "Operating",
            "Systems",
            "\u2013",
            "Sherif",
            "Khattab",
            "13"
        ],
        "labels": [
            "O",
            "B",
            "I",
            "O",
            "O",
            "O",
            "O",
            "O",
            "O",
            "O",
            "O",
            "O",
            "O",
            "O",
            "O",
            "O",
            "O",
            "O",
            "O",
            "O",
            "O",
            "O",
            "O",
            "O",
            "O",
            "O",
            "O",
            "O",
            "O",
            "O",
            "O",
            "O",
            "O",
            "O",
            "O",
            "O",
            "O",
            "O",
            "O",
            "O",
            "O",
            "O",
            "O",
            "O",
            "O",
            "O",
            "O",
            "O",
            "O",
            "O",
            "O",
            "O",
            "O",
            "O",
            "O",
            "O",
            "O",
            "O",
            "O",
            "O",
            "O",
            "O",
            "O",
            "O",
            "O",
            "O",
            "O",
            "O",
            "O",
            "O",
            "O",
            "O"
        ]
    },
    {
        "words": [
            "Deadlock",
            "Detection",
            "How",
            "can",
            "the",
            "OS",
            "detect",
            "a",
            "deadlock",
            "?",
            "CS/COE",
            "1550",
            "\u2013",
            "Operating",
            "Systems",
            "\u2013",
            "Sherif",
            "Khattab",
            "14"
        ],
        "labels": [
            "B",
            "I",
            "O",
            "O",
            "O",
            "O",
            "O",
            "O",
            "O",
            "O",
            "O",
            "O",
            "O",
            "O",
            "O",
            "O",
            "O",
            "O",
            "O"
        ]
    },
    {
        "words": [
            "Resource",
            "allocation",
            "graphs",
            "\u2022",
            "Resource",
            "allocation",
            "modeled",
            "by",
            "directed",
            "graphs",
            "A",
            "\u2022",
            "Example",
            "1",
            ":",
            "\u2022",
            "Resource",
            "R",
            "assigned",
            "to",
            "process",
            "A",
            "R",
            "B",
            "\u2022",
            "Example",
            "2",
            ":",
            "\u2022",
            "Process",
            "B",
            "is",
            "requesting",
            "/",
            "waiting",
            "for",
            "resource",
            "S",
            "S",
            "\u2022",
            "Example",
            "3",
            ":",
            "T",
            "\u2022",
            "Process",
            "C",
            "holds",
            "T",
            ",",
            "waiting",
            "for",
            "U",
            "\u2022",
            "Process",
            "D",
            "holds",
            "U",
            ",",
            "waiting",
            "for",
            "T",
            "C",
            "D",
            "\u2022",
            "C",
            "and",
            "D",
            "are",
            "in",
            "deadlock",
            "!",
            "U",
            "CS/COE",
            "1550",
            "\u2013",
            "Operating",
            "Systems",
            "\u2013",
            "Sherif",
            "Khattab",
            "15"
        ],
        "labels": [
            "B",
            "I",
            "I",
            "O",
            "O",
            "O",
            "O",
            "O",
            "O",
            "O",
            "O",
            "O",
            "O",
            "O",
            "O",
            "O",
            "O",
            "O",
            "O",
            "O",
            "O",
            "O",
            "O",
            "O",
            "O",
            "O",
            "O",
            "O",
            "O",
            "O",
            "O",
            "O",
            "O",
            "O",
            "O",
            "O",
            "O",
            "O",
            "O",
            "O",
            "O",
            "O",
            "O",
            "O",
            "O",
            "O",
            "O",
            "O",
            "O",
            "O",
            "O",
            "O",
            "O",
            "O",
            "O",
            "O",
            "O",
            "O",
            "O",
            "O",
            "O",
            "O",
            "O",
            "O",
            "O",
            "O",
            "O",
            "O",
            "O",
            "O",
            "O",
            "O",
            "O",
            "O",
            "O",
            "O",
            "O",
            "O",
            "O",
            "O",
            "O",
            "O"
        ]
    },
    {
        "words": [
            "Deadlock",
            "Prevention",
            "How",
            "an",
            "application/system",
            "designer",
            "prevent",
            "deadlocks",
            "?",
            "CS/COE",
            "1550",
            "\u2013",
            "Operating",
            "Systems",
            "\u2013",
            "Sherif",
            "Khattab",
            "16"
        ],
        "labels": [
            "B",
            "I",
            "O",
            "O",
            "O",
            "O",
            "O",
            "O",
            "O",
            "O",
            "O",
            "O",
            "O",
            "O",
            "O",
            "O",
            "O",
            "O"
        ]
    },
    {
        "words": [
            "Dining",
            "Philosophers",
            ":",
            "solution",
            "2",
            "\u2022",
            "Use",
            "a",
            "semaphore",
            "for",
            "each",
            "chopstick",
            "\u2022",
            "A",
            "hungry",
            "philosopher",
            "Code",
            "for",
            "philosopher",
            "i",
            "int",
            "i1",
            ",",
            "i2",
            ";",
            "\u2022",
            "Gets",
            "lower",
            ",",
            "then",
            "higher",
            "numbered",
            "while",
            "(",
            "1",
            ")",
            "{",
            "chopstick",
            "if",
            "(",
            "i",
            "!",
            "=",
            "(",
            "n-1",
            ")",
            ")",
            "{",
            "i1",
            "=",
            "i",
            ";",
            "\u2022",
            "Eats",
            "i2",
            "=",
            "i+1",
            ";",
            "\u2022",
            "Puts",
            "down",
            "the",
            "chopsticks",
            "}",
            "else",
            "{",
            "i1",
            "=",
            "0",
            ";",
            "\u2022",
            "Potential",
            "problems",
            "?",
            "i2",
            "=",
            "n-1",
            ";",
            "}",
            "\u2022",
            "Deadlock",
            "chopstick",
            "[",
            "i1",
            "]",
            ".down",
            "(",
            ")",
            ";",
            "chopstick",
            "[",
            "i2",
            "]",
            ".down",
            "(",
            ")",
            ";",
            "\u2022",
            "Fairness",
            "//",
            "eat",
            "chopstick",
            "[",
            "i1",
            "]",
            ".up",
            "(",
            ")",
            ";",
            "Shared",
            "variables",
            "chopstick",
            "[",
            "i2",
            "]",
            ".up",
            "(",
            ")",
            ";",
            "const",
            "int",
            "n",
            ";",
            "//",
            "think",
            "//",
            "initialize",
            "to",
            "1",
            "}",
            "Semaphore",
            "chopstick",
            "[",
            "n",
            "]",
            ";",
            "CS",
            "1550",
            "\u2013",
            "Operating",
            "Systems",
            "\u2013",
            "Sherif",
            "Khattab",
            "17"
        ],
        "labels": [
            "B",
            "I",
            "O",
            "O",
            "O",
            "O",
            "O",
            "O",
            "O",
            "O",
            "O",
            "O",
            "O",
            "O",
            "O",
            "O",
            "O",
            "O",
            "O",
            "O",
            "O",
            "O",
            "O",
            "O",
            "O",
            "O",
            "O",
            "O",
            "O",
            "O",
            "O",
            "O",
            "O",
            "O",
            "O",
            "O",
            "O",
            "O",
            "O",
            "O",
            "O",
            "O",
            "O",
            "O",
            "O",
            "O",
            "O",
            "O",
            "O",
            "O",
            "O",
            "O",
            "O",
            "O",
            "O",
            "O",
            "O",
            "O",
            "O",
            "O",
            "O",
            "O",
            "O",
            "O",
            "O",
            "O",
            "O",
            "O",
            "O",
            "O",
            "O",
            "O",
            "O",
            "O",
            "O",
            "O",
            "O",
            "O",
            "O",
            "O",
            "B",
            "O",
            "O",
            "O",
            "O",
            "O",
            "O",
            "O",
            "O",
            "O",
            "O",
            "O",
            "O",
            "O",
            "O",
            "O",
            "O",
            "O",
            "O",
            "O",
            "O",
            "O",
            "O",
            "O",
            "O",
            "O",
            "O",
            "O",
            "O",
            "O",
            "O",
            "O",
            "O",
            "O",
            "O",
            "O",
            "O",
            "O",
            "O",
            "O",
            "O",
            "O",
            "O",
            "O",
            "O",
            "O",
            "O",
            "O",
            "O",
            "O",
            "O",
            "O",
            "O",
            "O",
            "O",
            "O",
            "O",
            "O",
            "O",
            "O",
            "O",
            "O",
            "O",
            "O",
            "O"
        ]
    },
    {
        "words": [
            "Deadlock",
            "Avoidance",
            "How",
            "can",
            "the",
            "OS",
            "intervene",
            "at",
            "run-time",
            "to",
            "avoid",
            "deadlocks",
            "?",
            "CS/COE",
            "1550",
            "\u2013",
            "Operating",
            "Systems",
            "\u2013",
            "Sherif",
            "Khattab",
            "18"
        ],
        "labels": [
            "B",
            "I",
            "O",
            "O",
            "O",
            "O",
            "O",
            "O",
            "O",
            "O",
            "O",
            "O",
            "O",
            "O",
            "O",
            "O",
            "O",
            "O",
            "O",
            "O",
            "O",
            "O"
        ]
    },
    {
        "words": [
            "Deadlock",
            "detection",
            "algorithm",
            "current=avail",
            ";",
            "A",
            "B",
            "C",
            "D",
            "for",
            "(",
            "j",
            "=",
            "0",
            ";",
            "j",
            "<",
            "N",
            ";",
            "j++",
            ")",
            "{",
            "Avail",
            "2",
            "3",
            "0",
            "1",
            "for",
            "(",
            "k=0",
            ";",
            "k",
            "<",
            "N",
            ";",
            "k++",
            ")",
            "{",
            "if",
            "(",
            "finished",
            "[",
            "k",
            "]",
            ")",
            "continue",
            ";",
            "Process",
            "A",
            "B",
            "C",
            "D",
            "if",
            "(",
            "want",
            "[",
            "k",
            "]",
            "<",
            "=",
            "current",
            ")",
            "{",
            "1",
            "0",
            "3",
            "0",
            "0",
            "finished",
            "[",
            "k",
            "]",
            "=",
            "1",
            ";",
            "Hold",
            "current",
            "+=",
            "hold",
            "[",
            "k",
            "]",
            ";",
            "2",
            "1",
            "0",
            "1",
            "1",
            "break",
            ";",
            "3",
            "0",
            "2",
            "1",
            "0",
            "}",
            "}",
            "4",
            "2",
            "2",
            "3",
            "0",
            "if",
            "(",
            "k==N",
            ")",
            "{",
            "//reached",
            "end",
            "of",
            "loop",
            "Process",
            "A",
            "B",
            "C",
            "D",
            "printf",
            "\u201c",
            "Deadlock",
            "!",
            "\\n",
            "\u201d",
            ";",
            "//",
            "finished",
            "[",
            "k",
            "]",
            "==0",
            "means",
            "process",
            "is",
            "in",
            "1",
            "3",
            "2",
            "1",
            "0",
            "//",
            "the",
            "deadlock",
            "Want",
            "2",
            "2",
            "2",
            "0",
            "0",
            "break",
            ";",
            "}",
            "3",
            "3",
            "5",
            "3",
            "1",
            "}",
            "4",
            "0",
            "4",
            "1",
            "1",
            "Note",
            ":",
            "want",
            "[",
            "j",
            "]",
            ",",
            "hold",
            "[",
            "j",
            "]",
            ",",
            "current",
            ",",
            "avail",
            "are",
            "arrays",
            "!",
            "CS/COE",
            "1550",
            "\u2013",
            "Operating",
            "Systems",
            "\u2013",
            "Sherif",
            "Khattab"
        ],
        "labels": [
            "B",
            "I",
            "I",
            "O",
            "O",
            "O",
            "O",
            "O",
            "O",
            "O",
            "O",
            "O",
            "O",
            "O",
            "O",
            "O",
            "O",
            "O",
            "O",
            "O",
            "O",
            "O",
            "O",
            "O",
            "O",
            "O",
            "O",
            "O",
            "O",
            "O",
            "O",
            "O",
            "O",
            "O",
            "O",
            "O",
            "O",
            "O",
            "O",
            "O",
            "O",
            "O",
            "O",
            "O",
            "O",
            "O",
            "O",
            "O",
            "O",
            "O",
            "O",
            "O",
            "O",
            "O",
            "O",
            "O",
            "O",
            "O",
            "O",
            "O",
            "O",
            "O",
            "O",
            "O",
            "O",
            "O",
            "O",
            "O",
            "O",
            "O",
            "O",
            "O",
            "O",
            "O",
            "O",
            "O",
            "O",
            "O",
            "O",
            "O",
            "O",
            "O",
            "O",
            "O",
            "O",
            "O",
            "O",
            "O",
            "O",
            "O",
            "O",
            "O",
            "O",
            "O",
            "O",
            "O",
            "O",
            "O",
            "O",
            "O",
            "O",
            "O",
            "O",
            "O",
            "O",
            "O",
            "O",
            "O",
            "O",
            "O",
            "O",
            "O",
            "O",
            "O",
            "O",
            "O",
            "O",
            "O",
            "B",
            "O",
            "O",
            "O",
            "O",
            "O",
            "O",
            "O",
            "O",
            "O",
            "O",
            "O",
            "O",
            "O",
            "O",
            "O",
            "O",
            "O",
            "O",
            "O",
            "O",
            "O",
            "O",
            "O",
            "O",
            "O",
            "O",
            "O",
            "O",
            "O",
            "O",
            "O",
            "O",
            "O",
            "O",
            "O",
            "O",
            "O",
            "O",
            "O",
            "O",
            "O",
            "O",
            "O",
            "O",
            "O",
            "O",
            "O",
            "O",
            "O",
            "O",
            "O",
            "O",
            "O",
            "O",
            "O",
            "O",
            "O",
            "O",
            "O",
            "O",
            "O",
            "O",
            "O",
            "O",
            "O",
            "O",
            "O",
            "O"
        ]
    }
]