[
    {
        "words": [
            "8",
            "Investigating",
            "CS/COE",
            "0449",
            "Introduction",
            "to",
            "the",
            "Code",
            "Systems",
            "Software",
            "Luis",
            "Oliveira",
            "(",
            "with",
            "content",
            "borrowed",
            "from",
            "wilkie",
            "and",
            "Vinicius",
            "Petrucci",
            ")"
        ],
        "labels": [
            "O",
            "O",
            "O",
            "O",
            "O",
            "O",
            "O",
            "O",
            "B",
            "I",
            "O",
            "O",
            "O",
            "O",
            "O",
            "O",
            "O",
            "O",
            "O",
            "O",
            "O",
            "O"
        ]
    },
    {
        "words": [
            "Going",
            "with",
            "the",
            "Flow",
            "Tracing",
            "the",
            "footsteps",
            "2"
        ],
        "labels": [
            "O",
            "O",
            "O",
            "O",
            "O",
            "O",
            "O",
            "O"
        ]
    },
    {
        "words": [
            "Bringing",
            "back",
            "our",
            "alphabet",
            "soup",
            ":",
            "The",
            "C",
            "ABI",
            "\u2022",
            "The",
            "C",
            "Application",
            "Binary",
            "Interface",
            "(",
            "ABI",
            ")",
            "are",
            "assembly",
            "conventions",
            "\u2022",
            "Like",
            "MIPS",
            ",",
            "certain",
            "registers",
            "are",
            "typically",
            "used",
            "for",
            "returns",
            "values",
            ",",
            "args",
            ",",
            "etc",
            "\u2022",
            "It",
            "is",
            "not",
            "defined",
            "by",
            "the",
            "language",
            ",",
            "but",
            "rather",
            "the",
            "OS",
            ".",
            "\u2022",
            "Windows",
            "and",
            "Linux",
            "(",
            "UNIX/System",
            "V",
            ")",
            "have",
            "a",
            "different",
            "C",
            "ABI",
            "\uf04c",
            "\u2022",
            "In",
            "our",
            "x86-64",
            "Linux",
            "C",
            "ABI",
            ",",
            "registers",
            "are",
            "used",
            "to",
            "pass",
            "arguments",
            ":",
            "\u2022",
            ",",
            ",",
            ",",
            ",",
            ",",
            "(",
            "First",
            ",",
            "second",
            ",",
            "etc",
            ")",
            "(",
            "Like",
            "MIPS",
            "\u2013",
            ")",
            "\u2022",
            "Remaining",
            "arguments",
            "go",
            "on",
            "the",
            "stack",
            ".",
            "\u2022",
            "Callee",
            "must",
            "preserve",
            ",",
            ",",
            ",",
            ",",
            ",",
            "(",
            "Like",
            "MIPS",
            "\u2013",
            ")",
            "\u2022",
            "Return",
            "value",
            ":",
            "(",
            "overflows",
            "into",
            "for",
            "128-bits",
            ")",
            "(",
            "MIPS",
            "\u2013",
            ")",
            "\u2022",
            "Lots",
            "of",
            "other",
            "small",
            "things",
            "not",
            "worth",
            "going",
            "over",
            ".",
            "\u2022",
            "For",
            "reference",
            ":",
            "https",
            ":",
            "//github.com/hjl-tools/x86-psABI/wiki/x86-64-psABI-1.0.pdf",
            "3"
        ],
        "labels": [
            "O",
            "O",
            "O",
            "O",
            "O",
            "O",
            "O",
            "B",
            "I",
            "O",
            "O",
            "O",
            "O",
            "O",
            "O",
            "O",
            "O",
            "O",
            "O",
            "O",
            "O",
            "O",
            "O",
            "O",
            "O",
            "O",
            "O",
            "O",
            "O",
            "O",
            "O",
            "O",
            "O",
            "O",
            "O",
            "O",
            "O",
            "O",
            "O",
            "O",
            "O",
            "O",
            "O",
            "O",
            "O",
            "O",
            "O",
            "O",
            "O",
            "O",
            "O",
            "O",
            "O",
            "O",
            "O",
            "O",
            "O",
            "O",
            "O",
            "O",
            "O",
            "O",
            "B",
            "I",
            "O",
            "O",
            "O",
            "O",
            "O",
            "O",
            "B",
            "I",
            "O",
            "O",
            "O",
            "O",
            "O",
            "O",
            "O",
            "O",
            "O",
            "O",
            "O",
            "O",
            "O",
            "O",
            "O",
            "O",
            "O",
            "O",
            "O",
            "O",
            "O",
            "O",
            "O",
            "O",
            "O",
            "O",
            "O",
            "O",
            "O",
            "O",
            "O",
            "O",
            "O",
            "O",
            "O",
            "O",
            "O",
            "O",
            "O",
            "O",
            "O",
            "O",
            "O",
            "O",
            "O",
            "O",
            "O",
            "O",
            "O",
            "O",
            "O",
            "O",
            "O",
            "O",
            "O",
            "O",
            "O",
            "O",
            "O",
            "O",
            "O",
            "O",
            "O",
            "O",
            "O",
            "O",
            "O",
            "O",
            "O",
            "O",
            "O",
            "O",
            "O",
            "O",
            "O",
            "O",
            "O",
            "O",
            "O",
            "O",
            "O"
        ]
    },
    {
        "words": [
            "Function",
            ",",
            "function\u2026",
            "what",
            "\u2019",
            "s",
            "your\u2026",
            "function",
            "\u2022",
            "The",
            "activation",
            "frame",
            "contains",
            "temporary",
            "data",
            "needed",
            "by",
            "the",
            "function",
            ".",
            "\u2022",
            "is",
            "the",
            "return",
            "value",
            "What",
            "goes",
            "here",
            "?",
            "\u2022",
            "is",
            "the",
            "current",
            "stack",
            "address",
            "\u2022",
            "is",
            "the",
            "address",
            "of",
            "this",
            "frame",
            "C",
            "x86-64",
            "(",
            "gas",
            "/",
            "AT",
            "&",
            "T",
            "syntax",
            ",",
            ")",
            "4"
        ],
        "labels": [
            "O",
            "O",
            "O",
            "O",
            "O",
            "O",
            "O",
            "O",
            "O",
            "O",
            "O",
            "O",
            "O",
            "O",
            "O",
            "O",
            "O",
            "O",
            "O",
            "O",
            "O",
            "O",
            "O",
            "O",
            "O",
            "O",
            "O",
            "O",
            "O",
            "O",
            "O",
            "O",
            "O",
            "O",
            "O",
            "O",
            "O",
            "O",
            "O",
            "O",
            "O",
            "O",
            "O",
            "O",
            "O",
            "O",
            "O",
            "O",
            "O",
            "O",
            "O",
            "O",
            "O",
            "O"
        ]
    },
    {
        "words": [
            "Oh",
            ",",
            "that",
            "\u2019",
            "s",
            "your",
            "function",
            "\u2022",
            "First",
            ":",
            "it",
            "fills",
            "the",
            "activation",
            "frame",
            "with",
            "initial",
            "variable",
            "values",
            ".",
            "\u2022",
            "It",
            "may",
            "not",
            "allocate",
            "them",
            "in",
            "any",
            "strict",
            "order",
            ".",
            "Here",
            ",",
            "it",
            "\u2013",
            "allocates",
            "x",
            "first",
            "and",
            "further",
            "away",
            ".",
            "\u2013",
            "x86-64",
            "(",
            "gas",
            "/",
            "AT",
            "&",
            "T",
            "syntax",
            ",",
            ")",
            "Preserves",
            "(",
            "caller",
            "activation",
            "frame",
            ")",
            "Allocates",
            "\u201c",
            "\u201d",
            "on",
            "stack",
            "(",
            "from",
            "top",
            ")",
            "Allocates",
            "\u201c",
            "\u201d",
            "on",
            "stack",
            "(",
            "from",
            "top",
            ")",
            "(",
            "it",
            "does",
            "not",
            "have",
            "to",
            "be",
            "in",
            "order",
            ")",
            "Resets",
            "caller",
            "activation",
            "frame",
            "Returns",
            "(",
            "return",
            "value",
            "is",
            "in",
            ")",
            "5"
        ],
        "labels": [
            "O",
            "O",
            "O",
            "O",
            "O",
            "O",
            "O",
            "O",
            "O",
            "O",
            "O",
            "O",
            "O",
            "O",
            "O",
            "O",
            "O",
            "O",
            "O",
            "O",
            "O",
            "O",
            "O",
            "O",
            "O",
            "O",
            "O",
            "O",
            "O",
            "O",
            "O",
            "O",
            "O",
            "O",
            "O",
            "O",
            "O",
            "O",
            "O",
            "O",
            "O",
            "O",
            "O",
            "O",
            "O",
            "O",
            "O",
            "O",
            "O",
            "O",
            "O",
            "O",
            "O",
            "O",
            "O",
            "O",
            "O",
            "O",
            "O",
            "O",
            "O",
            "O",
            "O",
            "O",
            "O",
            "O",
            "O",
            "O",
            "O",
            "O",
            "O",
            "O",
            "O",
            "O",
            "O",
            "O",
            "O",
            "O",
            "O",
            "O",
            "O",
            "O",
            "O",
            "O",
            "O",
            "O",
            "O",
            "O",
            "O",
            "O",
            "O",
            "O",
            "O",
            "O",
            "O",
            "O",
            "O",
            "O",
            "O"
        ]
    },
    {
        "words": [
            "These",
            "are",
            "actual",
            "sandwiches",
            "(",
            "no",
            "hot",
            "dogs",
            "or",
            "w/e",
            ")",
            "\u2022",
            "When",
            "identifying",
            "functions",
            ",",
            "you",
            "are",
            "looking",
            "for",
            "that",
            "tell-tale",
            "sandwich",
            "pattern",
            ".",
            "\u2022A",
            "is",
            "a",
            "good",
            "sign",
            "of",
            "the",
            "beginning",
            "of",
            "a",
            "function",
            "\u2022",
            "And",
            "the",
            "will",
            "happen",
            "before",
            "the",
            "at",
            "the",
            "end",
            ".",
            "\u2022",
            "Everything",
            "between",
            "is",
            "the",
            "sweet",
            ",",
            "sweet",
            "jam",
            "that",
            "makes",
            "it",
            "unique",
            ".",
            "6"
        ],
        "labels": [
            "O",
            "O",
            "O",
            "O",
            "O",
            "O",
            "O",
            "O",
            "O",
            "O",
            "O",
            "O",
            "O",
            "O",
            "O",
            "O",
            "O",
            "O",
            "O",
            "O",
            "O",
            "O",
            "O",
            "O",
            "O",
            "O",
            "O",
            "O",
            "O",
            "O",
            "O",
            "O",
            "O",
            "O",
            "O",
            "O",
            "O",
            "O",
            "O",
            "O",
            "O",
            "O",
            "O",
            "O",
            "O",
            "O",
            "O",
            "O",
            "O",
            "O",
            "O",
            "O",
            "O",
            "O",
            "O",
            "O",
            "O",
            "O",
            "O",
            "O",
            "O",
            "O"
        ]
    },
    {
        "words": [
            "Who",
            "controls",
            "the",
            "controls",
            "the",
            "flow",
            "\u2022",
            "Control",
            "flow",
            "is",
            "a",
            "or",
            "followed",
            "by",
            "\u2022",
            "will",
            "set",
            "based",
            "on",
            "the",
            "difference",
            "(",
            "subtraction",
            ")",
            "between",
            "values",
            "\u2022",
            "will",
            "set",
            "based",
            "on",
            "bitwise",
            "AND",
            "of",
            "both",
            "values",
            "(",
            "faster",
            ",",
            "but",
            "less",
            "useful",
            ")",
            "\u2022",
            "group",
            "set",
            "(",
            "program",
            "counter",
            ")",
            "to",
            "an",
            "address",
            "based",
            "on",
            "\u2022",
            "Often",
            "it",
            "is",
            "much",
            "more",
            "useful",
            "to",
            "just",
            "interpret",
            "the",
            "(",
            "is",
            ")",
            "C",
            "x86-64",
            "(",
            "gas",
            "/",
            "AT",
            "&",
            "T",
            "syntax",
            ",",
            ")",
            "7"
        ],
        "labels": [
            "O",
            "O",
            "O",
            "O",
            "O",
            "O",
            "O",
            "B",
            "I",
            "O",
            "O",
            "O",
            "O",
            "O",
            "O",
            "O",
            "O",
            "O",
            "O",
            "O",
            "O",
            "O",
            "O",
            "O",
            "O",
            "O",
            "O",
            "O",
            "O",
            "O",
            "O",
            "O",
            "O",
            "O",
            "O",
            "O",
            "O",
            "O",
            "O",
            "O",
            "O",
            "O",
            "O",
            "O",
            "O",
            "O",
            "O",
            "O",
            "O",
            "O",
            "O",
            "O",
            "O",
            "O",
            "O",
            "O",
            "O",
            "O",
            "O",
            "O",
            "O",
            "O",
            "O",
            "O",
            "O",
            "O",
            "O",
            "O",
            "O",
            "O",
            "O",
            "O",
            "O",
            "O",
            "O",
            "O",
            "O",
            "O",
            "O",
            "O",
            "O"
        ]
    },
    {
        "words": [
            "Who",
            "controls",
            "the",
            "controls",
            "the",
            "flow",
            "\u2022",
            "has",
            "bits",
            "that",
            "are",
            "set",
            "based",
            "on",
            "the",
            "ALU",
            "(",
            "CPU",
            "math",
            "logic",
            ")",
            "result",
            "\u2013",
            "most",
            "significant",
            "bit",
            "of",
            "result",
            "\u2013",
            "set",
            "if",
            "result",
            "is",
            "zero",
            "\u2013",
            "set",
            "if",
            "overflow",
            "occurred",
            "\u2013",
            "set",
            "if",
            "last",
            "bit",
            "operation",
            "has",
            "carry",
            "\u2022",
            "Each",
            "jump",
            "looks",
            "at",
            "different",
            "patterns",
            ".",
            "(",
            "Look",
            "\u2018",
            "em",
            "up",
            "!",
            ")",
            "\u2013",
            "Jumps",
            "when",
            "\u2013",
            "set",
            "if",
            "or",
            "C",
            "x86-64",
            "(",
            "gas",
            "/",
            "AT",
            "&",
            "T",
            "syntax",
            ",",
            ")",
            "Perform",
            "x",
            "-",
            "0",
            "(",
            "does",
            "nothing",
            "!",
            ")",
            "Jump",
            "if",
            "the",
            "result",
            "(",
            "that",
            "is",
            ",",
            "x",
            ")",
            "Works",
            "because",
            "of",
            "2",
            "\u2019",
            "s",
            "does",
            "not",
            "have",
            "a",
            "set",
            "sign",
            "bit",
            ".",
            "complement",
            "math",
            ".",
            "(",
            "x",
            "is",
            "positive",
            "in",
            "that",
            "case",
            ")",
            "(",
            "thus",
            ",",
            "instead",
            "of",
            "its",
            "strict",
            "definition",
            ",",
            "better",
            "to",
            "think",
            "about",
            "it",
            "abstractly",
            ")",
            "Perform",
            "x",
            "-",
            "y",
            "Jump",
            "if",
            "the",
            "result",
            "is",
            "0",
            "or",
            "if",
            "result",
            "is",
            "negative",
            "after",
            "overflow",
            "or",
            "positive",
            "and",
            "didn",
            "\u2019",
            "t",
            "overflow",
            ".",
            "(",
            "x",
            "is",
            ">",
            "=",
            "y",
            "in",
            "these",
            "cases",
            ")",
            "8"
        ],
        "labels": [
            "O",
            "O",
            "O",
            "O",
            "O",
            "O",
            "O",
            "O",
            "O",
            "O",
            "O",
            "O",
            "O",
            "O",
            "O",
            "B",
            "O",
            "O",
            "O",
            "O",
            "O",
            "O",
            "O",
            "O",
            "O",
            "O",
            "O",
            "O",
            "O",
            "O",
            "O",
            "O",
            "O",
            "O",
            "O",
            "O",
            "O",
            "O",
            "O",
            "O",
            "O",
            "O",
            "O",
            "O",
            "O",
            "O",
            "O",
            "O",
            "O",
            "O",
            "O",
            "O",
            "O",
            "O",
            "O",
            "O",
            "O",
            "O",
            "O",
            "O",
            "O",
            "O",
            "O",
            "O",
            "O",
            "O",
            "O",
            "O",
            "O",
            "O",
            "O",
            "O",
            "O",
            "O",
            "O",
            "O",
            "O",
            "O",
            "O",
            "O",
            "O",
            "O",
            "O",
            "O",
            "O",
            "O",
            "O",
            "O",
            "O",
            "O",
            "O",
            "O",
            "O",
            "O",
            "O",
            "O",
            "O",
            "O",
            "O",
            "O",
            "O",
            "O",
            "O",
            "O",
            "O",
            "O",
            "O",
            "O",
            "O",
            "O",
            "O",
            "O",
            "O",
            "O",
            "O",
            "O",
            "O",
            "O",
            "O",
            "O",
            "O",
            "O",
            "O",
            "O",
            "O",
            "O",
            "O",
            "O",
            "O",
            "O",
            "O",
            "O",
            "O",
            "O",
            "O",
            "O",
            "O",
            "O",
            "O",
            "O",
            "O",
            "O",
            "O",
            "O",
            "O",
            "O",
            "O",
            "O",
            "O",
            "O",
            "O",
            "O",
            "O",
            "O",
            "O",
            "O",
            "O",
            "O",
            "O",
            "O",
            "O",
            "O",
            "O",
            "O",
            "O",
            "O",
            "O",
            "O",
            "O",
            "O",
            "O",
            "O",
            "O",
            "O",
            "O",
            "O"
        ]
    },
    {
        "words": [
            "cmp",
            ",",
            "simplifying\u2026",
            "the",
            "confusion",
            "\u2022",
            "Just",
            "remember",
            "that",
            "the",
            "order",
            "of",
            "operands",
            "is",
            "not",
            "the\u2026",
            "best",
            "order\u2026",
            "\u2022",
            "It",
            "\u2019",
            "s",
            "kinda",
            "swapped",
            "around",
            "in",
            "the",
            "AT",
            "&",
            "T",
            "syntax",
            "we",
            "have",
            "been",
            "looking",
            "at",
            ":",
            "Jump",
            "if",
            "x",
            ">",
            "0",
            "Jump",
            "if",
            "x",
            ">",
            "=",
            "y",
            "We",
            "negate",
            "the",
            "condition",
            "Jump",
            "if",
            "x",
            "<",
            "y",
            "Because",
            "we",
            "are",
            "deciding",
            "when",
            "to",
            "Jump",
            "if",
            "x",
            "!",
            "=",
            "y",
            "skip",
            "the",
            "code",
            "!",
            "9"
        ],
        "labels": [
            "O",
            "O",
            "O",
            "O",
            "O",
            "O",
            "O",
            "O",
            "O",
            "O",
            "O",
            "O",
            "O",
            "O",
            "O",
            "O",
            "O",
            "O",
            "O",
            "O",
            "O",
            "O",
            "O",
            "O",
            "O",
            "O",
            "O",
            "O",
            "O",
            "O",
            "O",
            "O",
            "O",
            "O",
            "O",
            "O",
            "O",
            "O",
            "O",
            "O",
            "O",
            "O",
            "O",
            "O",
            "O",
            "O",
            "O",
            "O",
            "O",
            "O",
            "O",
            "O",
            "O",
            "O",
            "O",
            "O",
            "O",
            "O",
            "O",
            "O",
            "O",
            "O",
            "O",
            "O",
            "O",
            "O",
            "O",
            "O",
            "O",
            "O",
            "O",
            "O",
            "O",
            "O"
        ]
    },
    {
        "words": [
            "test\u2026",
            "adding",
            "some",
            "new",
            "confusion",
            "\u2022",
            "is",
            "somewhat",
            "stranger\u2026",
            "and",
            "requires",
            "some",
            "more",
            "thought",
            ".",
            "\u2022",
            "performs",
            "an",
            "AND",
            "of",
            "the",
            "arguments",
            "and",
            "sets",
            "flags",
            "on",
            "result",
            "\u2022",
            "Thankfully",
            ",",
            "generally",
            "only",
            "commonly",
            "used",
            "in",
            "a",
            "couple",
            "of",
            "cases",
            ".",
            "\u2022",
            "Generally",
            "to",
            "test",
            "a",
            "value",
            "against",
            "\u201c",
            "true",
            "\u201d",
            "or",
            "\u201c",
            "false",
            "\u201d",
            ".",
            "\u2022",
            "Recall",
            "that",
            "and",
            "will",
            "look",
            "at",
            "the",
            "zero",
            "flag",
            "(",
            ")",
            "\u2022",
            "Keep",
            "in",
            "mind",
            "that",
            "jumps",
            "are",
            "built",
            "around",
            "(",
            "which",
            "performs",
            ":",
            ")",
            "\u2026",
            "We",
            "negate",
            "the",
            "condition",
            "Jump",
            "if",
            "x",
            "!",
            "=",
            "0",
            "(",
            "?",
            ")",
            "Jump",
            "if",
            "x",
            "==",
            "0",
            "(",
            "?",
            ")",
            "CS/COE",
            "0449",
            "\u2013",
            "Spring",
            "2019/2020",
            "10"
        ],
        "labels": [
            "O",
            "O",
            "O",
            "O",
            "O",
            "O",
            "O",
            "O",
            "O",
            "O",
            "O",
            "O",
            "O",
            "O",
            "O",
            "O",
            "O",
            "O",
            "O",
            "O",
            "O",
            "O",
            "O",
            "O",
            "O",
            "O",
            "O",
            "O",
            "O",
            "O",
            "O",
            "O",
            "O",
            "O",
            "O",
            "O",
            "O",
            "O",
            "O",
            "O",
            "O",
            "O",
            "O",
            "O",
            "O",
            "O",
            "O",
            "O",
            "O",
            "O",
            "O",
            "O",
            "O",
            "O",
            "O",
            "O",
            "O",
            "O",
            "O",
            "O",
            "O",
            "O",
            "O",
            "O",
            "O",
            "O",
            "O",
            "O",
            "O",
            "O",
            "O",
            "O",
            "O",
            "O",
            "O",
            "O",
            "O",
            "O",
            "O",
            "O",
            "O",
            "O",
            "O",
            "O",
            "O",
            "O",
            "O",
            "O",
            "O",
            "O",
            "O",
            "O",
            "O",
            "O",
            "O",
            "O",
            "O",
            "O",
            "O",
            "O",
            "O",
            "O",
            "O",
            "O",
            "O",
            "O",
            "O",
            "O",
            "O"
        ]
    },
    {
        "words": [
            "Patterns",
            "\u2022",
            "Control",
            "flow",
            "is",
            "a",
            "/",
            "before",
            "a",
            "C",
            "\u2013",
            "\u2013",
            "x86-64",
            "(",
            "gas",
            "/",
            "AT",
            "&",
            "T",
            "syntax",
            ",",
            ")",
            "11"
        ],
        "labels": [
            "B",
            "O",
            "B",
            "I",
            "O",
            "O",
            "O",
            "O",
            "O",
            "O",
            "O",
            "O",
            "O",
            "O",
            "O",
            "O",
            "O",
            "O",
            "O",
            "O",
            "O",
            "O",
            "O"
        ]
    },
    {
        "words": [
            "Altogether",
            "now\u2026",
            "Working",
            "backward",
            "Negate",
            "logic",
            "to",
            "form",
            "\u201c",
            "if",
            "\u201d",
            "logic",
            "Negate",
            "logic",
            "to",
            "form",
            "\u201c",
            "if",
            "\u201d",
            "logic",
            "12"
        ],
        "labels": [
            "O",
            "O",
            "O",
            "O",
            "O",
            "O",
            "O",
            "O",
            "O",
            "O",
            "O",
            "O",
            "O",
            "O",
            "O",
            "O",
            "O",
            "O",
            "O",
            "O",
            "O"
        ]
    },
    {
        "words": [
            "Deduction",
            ",",
            "dear",
            "watson",
            "No",
            "use",
            "of",
            "\u2026",
            "likely",
            "no",
            "arguments",
            "Two",
            "stack",
            "allocations",
            "\u2026",
            "Two",
            "local",
            "variables",
            ".",
            "(",
            "initialized",
            "to",
            "5",
            "and",
            ",",
            "likely",
            ",",
            "-2",
            ")",
            "Looking",
            "at",
            "\u2026",
            "This",
            "simply",
            "returns",
            "zero",
            ".",
            "13"
        ],
        "labels": [
            "O",
            "O",
            "O",
            "O",
            "O",
            "O",
            "O",
            "O",
            "O",
            "O",
            "O",
            "O",
            "O",
            "O",
            "O",
            "O",
            "O",
            "O",
            "O",
            "O",
            "O",
            "O",
            "O",
            "O",
            "O",
            "O",
            "O",
            "O",
            "O",
            "O",
            "O",
            "O",
            "O",
            "O",
            "O",
            "O",
            "O",
            "O"
        ]
    },
    {
        "words": [
            "Conventional",
            "wisdom",
            ":",
            "counting",
            "arguments",
            "Readies",
            "\u2026",
            "second",
            "argument",
            "!",
            "Readies",
            "\u2026",
            "first",
            "argument",
            "!",
            "Since",
            "they",
            "are",
            "\u2026",
            "yep",
            "!",
            "Both",
            "32-bit",
            "!",
            "Like",
            "a",
            "in",
            "MIPS",
            ".",
            "A",
            "function",
            "call",
            ".",
            "Still",
            "have",
            "to",
            "follow",
            "the",
            "to",
            "the",
            "assembly",
            "of",
            "the",
            "function",
            ".",
            "14"
        ],
        "labels": [
            "O",
            "O",
            "O",
            "O",
            "O",
            "O",
            "O",
            "O",
            "O",
            "O",
            "O",
            "O",
            "O",
            "O",
            "O",
            "O",
            "O",
            "O",
            "O",
            "O",
            "O",
            "O",
            "O",
            "O",
            "O",
            "O",
            "O",
            "O",
            "O",
            "O",
            "O",
            "O",
            "O",
            "O",
            "O",
            "O",
            "O",
            "O",
            "O",
            "O",
            "O",
            "O",
            "O",
            "O",
            "O",
            "O"
        ]
    },
    {
        "words": [
            "Conventional",
            "wisdom",
            ":",
            "counting",
            "arguments",
            "Copies",
            "\u2026",
            "function",
            "argument",
            "!",
            "Copies",
            "\u2026",
            "second",
            "argument",
            "!",
            "Since",
            "they",
            "are",
            "\u2026",
            "They",
            "are",
            "both",
            "32-bit",
            "!",
            "is",
            "the",
            "return",
            "address\u2026",
            "means",
            "it",
            "is",
            "a",
            "32-bit",
            "return",
            "15"
        ],
        "labels": [
            "O",
            "O",
            "O",
            "O",
            "O",
            "O",
            "O",
            "O",
            "O",
            "O",
            "O",
            "O",
            "O",
            "O",
            "O",
            "O",
            "O",
            "O",
            "O",
            "O",
            "O",
            "O",
            "O",
            "O",
            "O",
            "O",
            "O",
            "O",
            "O",
            "O",
            "O",
            "O",
            "O",
            "O",
            "O"
        ]
    }
]