[
    {
        "words": [
            "12",
            "How",
            "Programs",
            "CS/COE",
            "0449",
            "Introduction",
            "to",
            "Reproduce",
            "Systems",
            "Software",
            "Luis",
            "Oliveira",
            "(",
            "with",
            "content",
            "borrowed",
            "from",
            "wilkie",
            "and",
            "Vinicius",
            "Petrucci",
            ")"
        ],
        "labels": [
            "O",
            "O",
            "O",
            "O",
            "O",
            "O",
            "O",
            "O",
            "O",
            "O",
            "O",
            "O",
            "O",
            "O",
            "O",
            "O",
            "O",
            "O",
            "O",
            "O",
            "O",
            "O"
        ]
    },
    {
        "words": [
            "Creating",
            "Processes",
            "Forks",
            ":",
            "what",
            "you",
            "stick",
            "in",
            "things",
            "that",
            "are",
            "done\u2026",
            "and",
            "sometimes",
            "a",
            "system",
            "call",
            ".",
            "2"
        ],
        "labels": [
            "B",
            "I",
            "B",
            "O",
            "O",
            "O",
            "O",
            "O",
            "O",
            "O",
            "O",
            "O",
            "O",
            "O",
            "O",
            "O",
            "O",
            "O",
            "O"
        ]
    },
    {
        "words": [
            "This",
            "is",
            "a",
            "story",
            "about",
            "a",
            "system",
            "call\u2026",
            "\u2022",
            "We",
            "are",
            "focusing",
            "several",
            "system",
            "calls",
            "starting",
            "with",
            "\u2022",
            "This",
            "system",
            "call",
            "copies",
            "the",
            "current",
            "process",
            ".",
            "\u25aa",
            "This",
            "creates",
            "a",
            "\u201c",
            "child",
            "\u201d",
            "process",
            "that",
            "is",
            "a",
            "duplicate",
            "of",
            "the",
            "memory",
            "and",
            "state",
            "of",
            "its",
            "parent",
            ".",
            "\u2022",
            "This",
            "can",
            "be",
            "a",
            "convenient",
            "way",
            "to",
            "gain",
            "concurrency",
            ".",
            "\u25aa",
            "Copy",
            "the",
            "process",
            "and",
            "run",
            "each",
            "copy",
            "\u2026",
            "\u25aa",
            "\u2026",
            "those",
            "copies",
            "now",
            "run",
            "at",
            "the",
            "same",
            "time",
            ".",
            "\u2022",
            "This",
            "is",
            "the",
            "origin",
            "of",
            "the",
            "term",
            "\u201c",
            "fork",
            "\u201d",
            "\u2026",
            "a",
            "logical",
            "split",
            "in",
            "a",
            "program",
            "where",
            "there",
            "are",
            "now",
            "multiple",
            "paths",
            ".",
            "\u25aa",
            "We",
            "will",
            "see",
            "this",
            "idea",
            "in",
            "action",
            "soon",
            ".",
            "3"
        ],
        "labels": [
            "O",
            "O",
            "O",
            "O",
            "O",
            "O",
            "O",
            "O",
            "O",
            "O",
            "O",
            "O",
            "O",
            "O",
            "O",
            "O",
            "O",
            "O",
            "O",
            "O",
            "O",
            "O",
            "O",
            "O",
            "O",
            "O",
            "O",
            "O",
            "O",
            "O",
            "O",
            "O",
            "O",
            "O",
            "O",
            "O",
            "O",
            "O",
            "O",
            "O",
            "O",
            "O",
            "O",
            "O",
            "O",
            "O",
            "O",
            "O",
            "O",
            "O",
            "O",
            "O",
            "O",
            "O",
            "O",
            "O",
            "O",
            "O",
            "O",
            "O",
            "O",
            "O",
            "O",
            "O",
            "O",
            "O",
            "O",
            "O",
            "O",
            "O",
            "O",
            "O",
            "O",
            "O",
            "O",
            "O",
            "O",
            "O",
            "O",
            "O",
            "O",
            "O",
            "O",
            "O",
            "O",
            "O",
            "O",
            "O",
            "O",
            "O",
            "O",
            "O",
            "O",
            "O",
            "O",
            "O",
            "O",
            "O",
            "O",
            "O",
            "O",
            "O",
            "O",
            "O",
            "O",
            "O",
            "O",
            "O",
            "O",
            "O",
            "O",
            "O",
            "O",
            "O"
        ]
    },
    {
        "words": [
            "Here",
            "\u2019",
            "s",
            "Dolly",
            "\u2022",
            "The",
            "system",
            "call",
            "in",
            "action",
            ":",
            "\u25aa",
            "Copies",
            "the",
            "memory",
            "layout",
            ".",
            "\u25aa",
            "Copies",
            "the",
            "process",
            "state",
            ".",
            "(",
            "but",
            "gives",
            "it",
            "a",
            "unique",
            "ID",
            ")",
            "Parent",
            "Child",
            "stack",
            "stack",
            ".bss",
            ".bss",
            ".data",
            ".data",
            ".text",
            ".text",
            "A",
            "B",
            "CPU",
            "State",
            "A",
            ":",
            "CPU",
            "State",
            "B",
            ":",
            "Registers",
            "Registers",
            ",",
            ",",
            "PID",
            ":",
            "4356",
            "PID",
            ":",
            "6567",
            "4"
        ],
        "labels": [
            "O",
            "O",
            "O",
            "O",
            "O",
            "O",
            "O",
            "O",
            "O",
            "O",
            "O",
            "O",
            "O",
            "O",
            "O",
            "O",
            "O",
            "O",
            "O",
            "O",
            "O",
            "O",
            "O",
            "O",
            "O",
            "O",
            "O",
            "O",
            "O",
            "O",
            "O",
            "O",
            "O",
            "O",
            "O",
            "O",
            "O",
            "O",
            "O",
            "O",
            "O",
            "O",
            "O",
            "B",
            "I",
            "O",
            "O",
            "B",
            "I",
            "O",
            "O",
            "O",
            "O",
            "O",
            "O",
            "B",
            "O",
            "O",
            "B",
            "O",
            "O",
            "O"
        ]
    },
    {
        "words": [
            "Here",
            "\u2019",
            "s",
            "Dolly",
            "\u2019",
            "s",
            "ID",
            "tag",
            "\u2022",
            "The",
            "system",
            "call",
            "in",
            "action",
            ":",
            "\u25aa",
            "Updates",
            "the",
            "child",
            "\u2019",
            "s",
            "CPU",
            "state",
            "so",
            "that",
            "it",
            "returns",
            ".",
            "(",
            "An",
            "invalid",
            ")",
            "\u25aa",
            "Updates",
            "parent",
            "\u2019",
            "s",
            "CPU",
            "state",
            "to",
            "return",
            "the",
            "child",
            "\u2019",
            "s",
            "process",
            "ID",
            ".",
            "(",
            ")",
            "Parent",
            "Child",
            "stack",
            "stack",
            ".bss",
            ".bss",
            ".data",
            ".data",
            ".text",
            ".text",
            "A",
            "B",
            "CPU",
            "State",
            "A",
            ":",
            "CPU",
            "State",
            "B",
            ":",
            "Registers",
            "Registers",
            "Ensures",
            "each",
            "PID",
            ":",
            "4356",
            "process",
            "can",
            "detect",
            "PID",
            ":",
            "6567",
            "which",
            "it",
            "is",
            "5"
        ],
        "labels": [
            "O",
            "O",
            "O",
            "O",
            "O",
            "O",
            "O",
            "O",
            "O",
            "O",
            "O",
            "O",
            "O",
            "O",
            "O",
            "O",
            "O",
            "O",
            "O",
            "O",
            "O",
            "B",
            "I",
            "O",
            "O",
            "O",
            "O",
            "O",
            "O",
            "O",
            "O",
            "O",
            "O",
            "O",
            "O",
            "O",
            "O",
            "B",
            "I",
            "O",
            "O",
            "O",
            "O",
            "O",
            "O",
            "O",
            "O",
            "O",
            "O",
            "O",
            "O",
            "O",
            "O",
            "O",
            "O",
            "O",
            "O",
            "O",
            "O",
            "O",
            "O",
            "O",
            "B",
            "I",
            "O",
            "O",
            "B",
            "I",
            "O",
            "O",
            "O",
            "O",
            "O",
            "O",
            "B",
            "O",
            "O",
            "O",
            "O",
            "O",
            "B",
            "O",
            "O",
            "O",
            "O",
            "O",
            "O"
        ]
    },
    {
        "words": [
            "A",
            "small",
            "fork",
            "example\u2026",
            "a\u2026",
            "salad",
            "fork",
            "?",
            "example",
            "?",
            "?",
            "C",
            "\u2022",
            "There",
            "is",
            "only",
            "one",
            "process",
            "when",
            "is",
            "called",
            ".",
            "\u2022",
            "However",
            ",",
            "when",
            "is",
            "called",
            ",",
            "the",
            "system",
            "call",
            "returns",
            "\u201c",
            "twice",
            "\u201d",
            "\u25aa",
            "Once",
            "in",
            "the",
            "parent",
            "process",
            "The",
            "x",
            "is",
            "copied",
            ",",
            "so",
            "it",
            "has",
            "different",
            "\u25aa",
            "Once",
            "in",
            "the",
            "child",
            "process",
            "values",
            "in",
            "child",
            "and",
            "parent",
            ".",
            "\u2022",
            "This",
            "starts",
            "two",
            "concurrent",
            "executions",
            "within",
            "the",
            "same",
            "program",
            ".",
            "\u25aa",
            "Via",
            "two",
            "processes",
            ".",
            "\u2022",
            "What",
            "does",
            "this",
            "print",
            "out",
            "?",
            "6"
        ],
        "labels": [
            "O",
            "O",
            "O",
            "O",
            "O",
            "O",
            "O",
            "O",
            "O",
            "O",
            "O",
            "O",
            "O",
            "O",
            "O",
            "O",
            "O",
            "O",
            "O",
            "O",
            "O",
            "O",
            "O",
            "O",
            "O",
            "O",
            "O",
            "O",
            "O",
            "O",
            "O",
            "O",
            "O",
            "O",
            "O",
            "O",
            "O",
            "O",
            "O",
            "O",
            "O",
            "O",
            "O",
            "O",
            "O",
            "O",
            "O",
            "O",
            "O",
            "O",
            "O",
            "O",
            "O",
            "O",
            "O",
            "O",
            "O",
            "O",
            "O",
            "O",
            "O",
            "O",
            "O",
            "O",
            "O",
            "O",
            "O",
            "O",
            "O",
            "O",
            "O",
            "O",
            "O",
            "O",
            "O",
            "O",
            "O",
            "O",
            "O",
            "O",
            "O",
            "O",
            "O",
            "O",
            "O",
            "O",
            "O"
        ]
    },
    {
        "words": [
            "Children",
            "first\u2026",
            "OR",
            "NOT",
            "C",
            "\u2022",
            "If",
            "the",
            "child",
            "process",
            "goes",
            "first\u2026",
            "\u25aa",
            "Then",
            "it",
            "will",
            "print",
            "the",
            "child",
            "text",
            ".",
            "Child",
            "Parent",
            "\u2022",
            "Then",
            "the",
            "scheduler",
            "schedules",
            "the",
            "parent",
            "process",
            "once",
            "more",
            ".",
            "\u25aa",
            "Then",
            "it",
            "will",
            "print",
            "the",
            "parent",
            "text",
            ".",
            "\u2022",
            "However",
            ",",
            "that",
            "\u2019",
            "s",
            "not",
            "the",
            "only",
            "possible",
            "pattern",
            ".",
            "\u2022",
            "If",
            "the",
            "parent",
            "process",
            "goes",
            "first",
            "...",
            "\u25aa",
            "Then",
            "it",
            "prints",
            "the",
            "parent",
            "text",
            "\u2026",
            "\u25aa",
            "\u2026",
            "followed",
            "by",
            "the",
            "child",
            ".",
            "7"
        ],
        "labels": [
            "O",
            "O",
            "O",
            "O",
            "O",
            "O",
            "O",
            "O",
            "O",
            "O",
            "O",
            "O",
            "O",
            "O",
            "O",
            "O",
            "O",
            "O",
            "O",
            "O",
            "O",
            "O",
            "O",
            "O",
            "O",
            "O",
            "O",
            "O",
            "O",
            "O",
            "O",
            "O",
            "O",
            "O",
            "O",
            "O",
            "O",
            "O",
            "O",
            "O",
            "O",
            "O",
            "O",
            "O",
            "O",
            "O",
            "O",
            "O",
            "O",
            "O",
            "O",
            "O",
            "O",
            "O",
            "O",
            "O",
            "O",
            "O",
            "O",
            "O",
            "O",
            "O",
            "O",
            "O",
            "O",
            "O",
            "O",
            "O",
            "O",
            "O",
            "O",
            "O",
            "O",
            "O",
            "O",
            "O",
            "O",
            "O",
            "O"
        ]
    },
    {
        "words": [
            "Two",
            "roads",
            "diverged",
            "in",
            "a",
            "yellow",
            "wood",
            ",",
            "AND",
            "I",
            "TOOK",
            "BOTH",
            "(",
            "NOT",
            "SORRY",
            ")",
            "C",
            "\u2022",
            "If",
            "I",
            "were",
            "to",
            "extend",
            "the",
            "code",
            "to",
            "make",
            "it",
            "loop",
            "infinitely",
            "...",
            "\u25aa",
            "The",
            "parent",
            "and",
            "child",
            "will",
            "constantly",
            "race",
            "to",
            "print",
            "out",
            "their",
            "respective",
            "text",
            ".",
            "8"
        ],
        "labels": [
            "O",
            "O",
            "O",
            "O",
            "O",
            "O",
            "O",
            "O",
            "O",
            "O",
            "O",
            "O",
            "O",
            "O",
            "O",
            "O",
            "O",
            "O",
            "O",
            "O",
            "O",
            "O",
            "O",
            "O",
            "O",
            "O",
            "O",
            "O",
            "O",
            "O",
            "O",
            "O",
            "O",
            "O",
            "O",
            "O",
            "O",
            "O",
            "O",
            "O",
            "O",
            "O",
            "O",
            "O",
            "O",
            "O",
            "O"
        ]
    },
    {
        "words": [
            "The",
            "good",
            ",",
            "the",
            "bad",
            ",",
            "and",
            "the",
            "unpredictable",
            "\u2022",
            "Adding",
            "concurrency",
            "to",
            "your",
            "program",
            "makes",
            "things\u2026",
            "weird",
            ".",
            "\u25aa",
            "You",
            "can",
            "not",
            "rely",
            "on",
            "the",
            "order",
            "processes",
            "will",
            "be",
            "scheduled",
            ".",
            "\u25aa",
            "Your",
            "operations",
            "will",
            "be",
            "asynchronous",
            "(",
            "not",
            "synchronized",
            ";",
            "no",
            "known",
            "order",
            ")",
            "\u2022",
            "If",
            "you",
            "need",
            "to",
            "synchronize",
            "processes",
            ",",
            "you",
            "can",
            "do",
            "so",
            "with",
            ".",
            "\u2022",
            "yields",
            "the",
            "process",
            "and",
            "returns",
            "only",
            "when",
            "a",
            "child",
            "process",
            "ends",
            ".",
            "\u25aa",
            "It",
            "returns",
            "when",
            "any",
            "child",
            "process",
            "exits",
            ".",
            "\u25aa",
            "Its",
            "return",
            "value",
            "is",
            "the",
            "pid",
            "of",
            "the",
            "child",
            "process",
            "that",
            "exited",
            ".",
            "\u25aa",
            "You",
            "can",
            "also",
            "use",
            "to",
            "specify",
            "a",
            "specific",
            "child",
            "process",
            "by",
            "its",
            "pid",
            ".",
            "9"
        ],
        "labels": [
            "O",
            "O",
            "O",
            "O",
            "O",
            "O",
            "O",
            "O",
            "O",
            "O",
            "O",
            "O",
            "O",
            "O",
            "O",
            "O",
            "O",
            "O",
            "O",
            "O",
            "O",
            "O",
            "O",
            "O",
            "O",
            "O",
            "O",
            "O",
            "O",
            "O",
            "O",
            "O",
            "O",
            "O",
            "O",
            "O",
            "O",
            "O",
            "O",
            "O",
            "O",
            "O",
            "O",
            "O",
            "O",
            "O",
            "O",
            "O",
            "O",
            "O",
            "O",
            "O",
            "O",
            "O",
            "O",
            "O",
            "O",
            "O",
            "O",
            "O",
            "O",
            "O",
            "O",
            "O",
            "O",
            "O",
            "O",
            "O",
            "O",
            "O",
            "O",
            "O",
            "O",
            "O",
            "O",
            "O",
            "O",
            "O",
            "O",
            "O",
            "O",
            "O",
            "O",
            "O",
            "O",
            "O",
            "O",
            "O",
            "O",
            "O",
            "O",
            "O",
            "O",
            "O",
            "O",
            "O",
            "O",
            "O",
            "O",
            "O",
            "O",
            "O",
            "O",
            "O",
            "O",
            "O",
            "O",
            "O",
            "O",
            "O",
            "O",
            "O"
        ]
    },
    {
        "words": [
            "Waiting",
            "is",
            "such",
            "sweet",
            "sorrow\u2026",
            "wait",
            "that",
            "\u2019",
            "s",
            "not",
            "right",
            "\u2022",
            "By",
            "using",
            "the",
            "parent",
            "process",
            "only",
            "continues",
            "when",
            "the",
            "child",
            "process",
            "ends",
            ".",
            "Child",
            "Parent",
            "\u2022",
            "Therefore",
            ",",
            "the",
            "output",
            "order",
            "is",
            "now",
            "known",
            ".",
            "\u25aa",
            "If",
            "the",
            "parent",
            "goes",
            "first\u2026",
            "\u25aa",
            "It",
            "gets",
            "stuck",
            "at",
            "the",
            "call",
            ".",
            "\u25aa",
            "Then",
            "the",
            "child",
            "goes",
            "until",
            "it",
            "hits",
            "\u25aa",
            "ends",
            "the",
            "process",
            ".",
            "Always",
            ":",
            "\u25aa",
            "And",
            "then",
            "the",
            "parent",
            "continues",
            ".",
            "\u2022",
            "Nice",
            "and",
            "well-known",
            "behavior",
            "!",
            "10"
        ],
        "labels": [
            "O",
            "O",
            "O",
            "O",
            "O",
            "O",
            "O",
            "O",
            "O",
            "O",
            "O",
            "O",
            "O",
            "O",
            "O",
            "O",
            "O",
            "O",
            "O",
            "O",
            "O",
            "O",
            "O",
            "O",
            "O",
            "O",
            "O",
            "O",
            "O",
            "O",
            "O",
            "O",
            "O",
            "O",
            "O",
            "O",
            "O",
            "O",
            "O",
            "O",
            "O",
            "O",
            "O",
            "O",
            "O",
            "O",
            "O",
            "O",
            "O",
            "O",
            "O",
            "O",
            "O",
            "O",
            "O",
            "O",
            "O",
            "O",
            "O",
            "O",
            "O",
            "O",
            "O",
            "O",
            "O",
            "O",
            "O",
            "O",
            "O",
            "O",
            "O",
            "O",
            "O",
            "O",
            "O",
            "O",
            "O",
            "O",
            "O",
            "O"
        ]
    },
    {
        "words": [
            "Notes",
            "on",
            "\u2022",
            "The",
            "system",
            "call",
            "ends",
            "the",
            "current",
            "process",
            ".",
            "\u25aa",
            "The",
            "given",
            "argument",
            "is",
            "the",
            "process",
            "return",
            "code",
            "also",
            "known",
            "as",
            "an",
            "exit",
            "code",
            ".",
            "\u25aa",
            "Normally",
            "your",
            "program",
            "yields",
            "an",
            "exit",
            "code",
            "at",
            "the",
            "end",
            "of",
            "\u25aa",
            "Exit",
            "ends",
            "your",
            "program",
            "exactly",
            "at",
            "the",
            "point",
            "of",
            "the",
            "call",
            ".",
            "\u25aa",
            "Therefore",
            ",",
            "it",
            "has",
            "its",
            "own",
            "means",
            "of",
            "giving",
            "the",
            "exit",
            "code",
            ".",
            "\u2022",
            "However",
            ",",
            "we",
            "can",
            "have",
            "processes",
            "that",
            "are",
            "no",
            "longer",
            "running\u2026",
            "\u25aa",
            "Yet",
            ",",
            "not",
            "deallocated",
            "either",
            ".",
            "\u25aa",
            "The",
            "are",
            "not",
            "living\u2026",
            "\u25aa",
            "And",
            "not",
            "dead",
            "!",
            "!",
            "11"
        ],
        "labels": [
            "O",
            "O",
            "O",
            "O",
            "O",
            "O",
            "O",
            "O",
            "O",
            "O",
            "O",
            "O",
            "O",
            "O",
            "O",
            "O",
            "O",
            "O",
            "O",
            "O",
            "O",
            "O",
            "O",
            "O",
            "O",
            "O",
            "O",
            "O",
            "O",
            "O",
            "O",
            "O",
            "O",
            "O",
            "O",
            "O",
            "O",
            "O",
            "O",
            "O",
            "O",
            "O",
            "O",
            "O",
            "O",
            "O",
            "O",
            "O",
            "O",
            "O",
            "O",
            "O",
            "O",
            "O",
            "O",
            "O",
            "O",
            "O",
            "O",
            "O",
            "O",
            "O",
            "O",
            "O",
            "O",
            "O",
            "O",
            "O",
            "O",
            "O",
            "O",
            "O",
            "O",
            "O",
            "O",
            "O",
            "O",
            "O",
            "O",
            "O",
            "O",
            "O",
            "O",
            "O",
            "O",
            "O",
            "O",
            "O",
            "O",
            "O",
            "O",
            "O",
            "O",
            "O",
            "O",
            "O",
            "O"
        ]
    },
    {
        "words": [
            "Zombies",
            "\u2022",
            "A",
            "terminated",
            "process",
            "still",
            "takes",
            "up",
            "space",
            "\u25aa",
            "All",
            "that",
            "process",
            "metadata",
            "sticks",
            "around",
            "\u25aa",
            "Until",
            "the",
            "parent",
            "tells",
            "the",
            "system",
            "it",
            "doesn",
            "\u2019",
            "t",
            "need",
            "it",
            "\u2022",
            "As",
            "long",
            "as",
            "the",
            "parent",
            "stays",
            "alive\u2026",
            "\u25aa",
            "The",
            "corpse",
            "of",
            "the",
            "child",
            "process",
            "sticks",
            "around",
            ",",
            "too",
            ".",
            "\u2022",
            "These",
            "are",
            "called",
            "zombie",
            "processes",
            ".",
            "\u25aa",
            "They",
            "are",
            "processes",
            "that",
            "still",
            "exist",
            "and",
            "have",
            "an",
            "ID",
            "yet",
            "do",
            "not",
            "run",
            "and",
            "are",
            "no",
            "longer",
            "scheduled",
            ".",
            "Dancing",
            "Zombie",
            "from",
            "Plants",
            "vs.",
            "Zombies",
            "Copyright",
            "PopCap",
            "Games",
            ",",
            "a",
            "subsidiary",
            "of",
            "EA",
            "Games",
            "12"
        ],
        "labels": [
            "O",
            "O",
            "O",
            "O",
            "O",
            "O",
            "O",
            "O",
            "O",
            "O",
            "O",
            "O",
            "O",
            "O",
            "O",
            "O",
            "O",
            "O",
            "O",
            "O",
            "O",
            "O",
            "O",
            "O",
            "O",
            "O",
            "O",
            "O",
            "O",
            "O",
            "O",
            "O",
            "O",
            "O",
            "O",
            "O",
            "O",
            "O",
            "O",
            "O",
            "O",
            "O",
            "O",
            "O",
            "O",
            "O",
            "O",
            "O",
            "O",
            "O",
            "O",
            "O",
            "O",
            "O",
            "O",
            "O",
            "O",
            "O",
            "O",
            "O",
            "O",
            "O",
            "O",
            "O",
            "O",
            "O",
            "O",
            "O",
            "O",
            "O",
            "O",
            "O",
            "O",
            "O",
            "O",
            "O",
            "O",
            "O",
            "O",
            "O",
            "O",
            "O",
            "O",
            "O",
            "O",
            "O",
            "O",
            "O",
            "O",
            "O",
            "O",
            "O",
            "O"
        ]
    },
    {
        "words": [
            "The",
            "night",
            "of",
            "the",
            "living",
            "dead",
            "C",
            "\u2022",
            "If",
            "I",
            "added",
            "an",
            "infinite",
            "loop",
            "to",
            "the",
            "parent\u2026",
            "\u25aa",
            "When",
            "the",
            "child",
            "ends\u2026",
            "\u25aa",
            "And",
            "I",
            "list",
            "the",
            "active",
            "processes",
            "using",
            "the",
            "command",
            ".",
            "\u25aa",
            "I",
            "see",
            "a",
            "\u201c",
            "defunct",
            "\u201d",
            "child",
            "process",
            ".",
            "A",
            "ZOMBIE",
            "!",
            "13"
        ],
        "labels": [
            "O",
            "O",
            "O",
            "O",
            "O",
            "O",
            "O",
            "O",
            "O",
            "O",
            "O",
            "O",
            "O",
            "O",
            "O",
            "O",
            "O",
            "O",
            "O",
            "O",
            "O",
            "O",
            "O",
            "O",
            "O",
            "O",
            "O",
            "O",
            "O",
            "O",
            "O",
            "O",
            "O",
            "O",
            "O",
            "O",
            "O",
            "O",
            "O",
            "O",
            "O",
            "O",
            "O",
            "O",
            "O",
            "O",
            "O"
        ]
    },
    {
        "words": [
            "Just",
            "the",
            "normal",
            "kind",
            "of",
            "dead",
            ".",
            "C",
            "\u2022",
            "However",
            ",",
            "if",
            "I",
            "added",
            "an",
            "infinite",
            "loop",
            "to",
            "the",
            "child\u2026",
            "\u25aa",
            "When",
            "the",
            "parent",
            "ends\u2026",
            "the",
            "program",
            "ends",
            "as",
            "well",
            "!",
            "\u25aa",
            "And",
            "I",
            "list",
            "the",
            "active",
            "processes",
            "using",
            "the",
            "command",
            ".",
            "I",
            "see",
            "only",
            "the",
            "child",
            "process",
            "No",
            "zombies",
            "here",
            "!",
            "Just",
            "orphans\u2026",
            "14"
        ],
        "labels": [
            "O",
            "O",
            "O",
            "O",
            "O",
            "O",
            "O",
            "O",
            "O",
            "O",
            "O",
            "O",
            "O",
            "O",
            "O",
            "O",
            "O",
            "O",
            "O",
            "O",
            "O",
            "O",
            "O",
            "O",
            "O",
            "O",
            "O",
            "O",
            "O",
            "O",
            "O",
            "O",
            "O",
            "O",
            "O",
            "O",
            "O",
            "O",
            "O",
            "O",
            "O",
            "O",
            "O",
            "O",
            "O",
            "O",
            "O",
            "O",
            "O",
            "O",
            "O",
            "O",
            "O",
            "O",
            "O"
        ]
    },
    {
        "words": [
            "How",
            "to",
            "run",
            "a",
            "different",
            "program",
            "?",
            "\u2022",
            "When",
            "you",
            "a",
            "process",
            ",",
            "you",
            "are",
            "making",
            "an",
            "exact",
            "copy",
            "of",
            "that",
            "process",
            ".",
            "\u2022",
            "However",
            ",",
            "maybe",
            "you",
            "want",
            "to",
            "create",
            "a",
            "process",
            "to",
            "run",
            "a",
            "different",
            "program",
            "altogether",
            "?",
            "\u25aa",
            "This",
            "is",
            "very",
            "useful\u2026",
            "instead",
            "of",
            "using",
            "a",
            "software",
            "library",
            "\u25aa",
            "You",
            "could",
            "just",
            "run",
            "the",
            "existing",
            "program",
            ".",
            "\u2022",
            "For",
            "this",
            "purpose",
            ",",
            "the",
            "family",
            "of",
            "system",
            "calls",
            "is",
            "used",
            ".",
            "\u25aa",
            "There",
            "are",
            "several",
            "different",
            "variations",
            "of",
            "exec",
            "calls\u2026",
            "15"
        ],
        "labels": [
            "O",
            "O",
            "O",
            "O",
            "O",
            "O",
            "O",
            "O",
            "O",
            "O",
            "O",
            "O",
            "O",
            "O",
            "O",
            "O",
            "O",
            "O",
            "O",
            "O",
            "O",
            "O",
            "O",
            "O",
            "O",
            "O",
            "O",
            "O",
            "O",
            "O",
            "O",
            "O",
            "O",
            "O",
            "O",
            "O",
            "O",
            "O",
            "O",
            "O",
            "O",
            "O",
            "O",
            "O",
            "O",
            "O",
            "O",
            "O",
            "O",
            "O",
            "O",
            "O",
            "O",
            "O",
            "O",
            "O",
            "O",
            "O",
            "O",
            "O",
            "O",
            "O",
            "O",
            "O",
            "O",
            "O",
            "O",
            "O",
            "O",
            "O",
            "O",
            "O",
            "O",
            "O",
            "O",
            "O",
            "O",
            "O",
            "O",
            "O",
            "O",
            "O",
            "O"
        ]
    },
    {
        "words": [
            "Invoking",
            "the",
            "OS",
            "loader\u2026",
            "C",
            "\u2022",
            "Using",
            "the",
            "system",
            "call",
            ".",
            "\u25aa",
            "The",
            "call",
            "takes",
            "the",
            "path",
            "to",
            "an",
            "executable",
            "\u25aa",
            "And",
            "an",
            "array",
            "of",
            "strings",
            "for",
            "the",
            "arguments",
            ".",
            "\u2022",
            "Sentinel",
            ":",
            "must",
            "end",
            "in",
            "a",
            "\u25aa",
            "The",
            "first",
            "argument",
            "to",
            "a",
            "C",
            "program",
            "is",
            "always",
            "its",
            "own",
            "path",
            "!",
            "We",
            "ran",
            "\u201c",
            "\u201d",
            "Add",
            "then",
            "continued",
            "our",
            "own",
            "process",
            ".",
            "16"
        ],
        "labels": [
            "O",
            "O",
            "O",
            "O",
            "O",
            "O",
            "O",
            "O",
            "O",
            "O",
            "O",
            "O",
            "O",
            "O",
            "O",
            "O",
            "O",
            "O",
            "O",
            "O",
            "O",
            "O",
            "O",
            "O",
            "O",
            "O",
            "O",
            "O",
            "O",
            "O",
            "O",
            "O",
            "O",
            "O",
            "O",
            "O",
            "O",
            "O",
            "O",
            "O",
            "O",
            "O",
            "O",
            "O",
            "O",
            "O",
            "O",
            "O",
            "O",
            "O",
            "O",
            "O",
            "O",
            "O",
            "O",
            "O",
            "O",
            "O",
            "O",
            "O",
            "O",
            "O",
            "O"
        ]
    },
    {
        "words": [
            "Here",
            "\u2019",
            "s",
            "Dolly",
            "\u2019",
            "s",
            "brother",
            "Bobby",
            ".",
            "Bobby",
            "is",
            "a",
            "goat",
            "somehow",
            ".",
            "Don",
            "\u2019",
            "t",
            "ask",
            ".",
            "\u2022",
            "The",
            "system",
            "call",
            "in",
            "action",
            ":",
            "\u25aa",
            "Copies",
            "the",
            "memory",
            "layout",
            ".",
            "Copies",
            "the",
            "process",
            "state",
            ".",
            "(",
            "but",
            "gives",
            "it",
            "a",
            "unique",
            "ID",
            ")",
            "\u2022",
            "The",
            "system",
            "call",
            "in",
            "action",
            ":",
            "\u25aa",
            "It",
            "\u2019",
            "s",
            "a",
            "goat",
            "now",
            ".",
            "Parent",
            "Child",
            "stack",
            "new",
            "stack",
            "stack",
            ".bss",
            "new.bss",
            ".bss",
            ".data",
            "new.data",
            ".data",
            ".text",
            "new",
            ".text",
            ".text",
            "A",
            "B",
            "CPU",
            "State",
            "A",
            ":",
            "CPU",
            "State",
            "B",
            ":",
            "Registers",
            "Registers",
            ",",
            ",",
            "PID",
            ":",
            "4356",
            "PID",
            ":",
            "6567",
            "17"
        ],
        "labels": [
            "O",
            "O",
            "O",
            "O",
            "O",
            "O",
            "O",
            "O",
            "O",
            "O",
            "O",
            "O",
            "O",
            "O",
            "O",
            "O",
            "O",
            "O",
            "O",
            "O",
            "O",
            "O",
            "O",
            "O",
            "O",
            "O",
            "O",
            "O",
            "O",
            "O",
            "O",
            "O",
            "O",
            "O",
            "O",
            "O",
            "O",
            "O",
            "O",
            "O",
            "O",
            "O",
            "O",
            "O",
            "O",
            "O",
            "O",
            "O",
            "O",
            "O",
            "O",
            "O",
            "O",
            "O",
            "O",
            "O",
            "O",
            "O",
            "O",
            "O",
            "O",
            "O",
            "O",
            "O",
            "O",
            "O",
            "O",
            "O",
            "O",
            "O",
            "O",
            "O",
            "O",
            "O",
            "O",
            "O",
            "O",
            "O",
            "O",
            "B",
            "I",
            "O",
            "O",
            "B",
            "I",
            "O",
            "O",
            "O",
            "O",
            "O",
            "O",
            "B",
            "O",
            "O",
            "B",
            "O",
            "O",
            "O"
        ]
    },
    {
        "words": [
            "Different",
            "forms",
            "of",
            "\u2022",
            "You",
            "can",
            "look",
            "up",
            "the",
            "many",
            "different",
            "styles",
            "of",
            "exec",
            "\u25aa",
            "Each",
            "one",
            "has",
            "a",
            "different",
            "way",
            "of",
            "calling",
            "it",
            ".",
            "\u2022",
            "called",
            "with",
            "an",
            "array",
            "of",
            "strings",
            "terminated",
            "with",
            "a",
            "\u2022",
            "same",
            ",",
            "but",
            "can",
            "use",
            "specific",
            "environment",
            "variables",
            "\u2022",
            "searches",
            "the",
            "system",
            "paths",
            "for",
            "the",
            "executable",
            "\u2022",
            "combination",
            "of",
            "and",
            "\u2022",
            "There",
            "are",
            "also",
            "functions",
            "that",
            "use",
            "function",
            "arguments",
            "instead",
            "of",
            "an",
            "array",
            "of",
            "strings",
            ".",
            "\u25aa",
            "18"
        ],
        "labels": [
            "O",
            "O",
            "O",
            "O",
            "O",
            "O",
            "O",
            "O",
            "O",
            "O",
            "O",
            "O",
            "O",
            "O",
            "O",
            "O",
            "O",
            "O",
            "O",
            "O",
            "O",
            "O",
            "O",
            "O",
            "O",
            "O",
            "O",
            "O",
            "O",
            "O",
            "O",
            "O",
            "O",
            "O",
            "O",
            "O",
            "O",
            "O",
            "O",
            "O",
            "O",
            "O",
            "O",
            "O",
            "O",
            "O",
            "O",
            "O",
            "O",
            "O",
            "O",
            "O",
            "O",
            "O",
            "O",
            "O",
            "O",
            "O",
            "O",
            "O",
            "O",
            "O",
            "O",
            "O",
            "O",
            "O",
            "O",
            "O",
            "O",
            "O",
            "O",
            "O",
            "O",
            "O"
        ]
    },
    {
        "words": [
            "The",
            "common",
            "ancestor\u2026",
            "and",
            "the",
            "orphan",
            ".",
            "\u2022",
            "UNIX/Linux",
            "has",
            "an",
            "interesting",
            "design",
            ":",
            "every",
            "application",
            "is",
            "a",
            "child",
            "process",
            ".",
            "\u25aa",
            "The",
            "root",
            "is",
            "the",
            "task",
            ".",
            "\u25aa",
            "Your",
            "shell",
            "spawns",
            "child",
            "processes",
            "when",
            "you",
            "ask",
            "to",
            "run",
            "a",
            "command",
            ".",
            "init",
            "\u25aa",
            "It",
            "uses",
            "/",
            "!",
            "httpd",
            "Bash",
            "(",
            "daemon",
            ")",
            "(",
            "shell",
            ")",
            "GUI",
            "Orphans",
            "get",
            "adopted",
            "by",
            "./app",
            "\u2022",
            "When",
            "your",
            "own",
            "application",
            "the",
            "root",
            "process",
            ".",
            "spawns",
            "a",
            "process",
            ",",
            "the",
            "same",
            "thing",
            "happens",
            ".",
            "\u25aa",
            "You",
            "use",
            "How",
            "to",
            "interact",
            "with",
            "this",
            "process",
            "?",
            "?",
            "child",
            "\u25aa",
            "If",
            "your",
            "app",
            "exits",
            "before",
            "the",
            "child\u2026",
            "(",
            "signals\u2026",
            ")",
            "\u25aa",
            "The",
            "child",
            "is",
            "an",
            "orphan",
            "process",
            ".",
            "19"
        ],
        "labels": [
            "O",
            "O",
            "O",
            "O",
            "O",
            "O",
            "O",
            "O",
            "B",
            "O",
            "O",
            "O",
            "O",
            "O",
            "O",
            "O",
            "O",
            "O",
            "O",
            "O",
            "O",
            "O",
            "O",
            "O",
            "O",
            "O",
            "O",
            "O",
            "O",
            "O",
            "O",
            "O",
            "O",
            "O",
            "O",
            "O",
            "O",
            "O",
            "O",
            "O",
            "O",
            "O",
            "O",
            "O",
            "O",
            "O",
            "O",
            "O",
            "O",
            "O",
            "O",
            "O",
            "O",
            "O",
            "O",
            "O",
            "O",
            "O",
            "O",
            "O",
            "O",
            "O",
            "O",
            "O",
            "O",
            "O",
            "O",
            "O",
            "O",
            "O",
            "O",
            "O",
            "O",
            "O",
            "O",
            "O",
            "O",
            "O",
            "O",
            "O",
            "O",
            "O",
            "O",
            "O",
            "O",
            "O",
            "O",
            "O",
            "O",
            "O",
            "O",
            "O",
            "O",
            "O",
            "O",
            "O",
            "O",
            "O",
            "O",
            "O",
            "O",
            "O",
            "O",
            "O",
            "O",
            "O",
            "O",
            "O",
            "O",
            "O",
            "O",
            "O"
        ]
    },
    {
        "words": [
            "An",
            "extreme",
            "attitude",
            "\u2022",
            "How",
            "do",
            "we",
            "interact",
            "with",
            "orphaned",
            "processes",
            "?",
            "\u2022",
            "How",
            "do",
            "we",
            "synchronize",
            "at",
            "a",
            "finer",
            "granularity",
            "?",
            "\u25aa",
            "Using",
            "is",
            "rather",
            "inflexible",
            ".",
            "\u25aa",
            "It",
            "can",
            "only",
            "detect",
            "that",
            "a",
            "child",
            "process",
            "ends",
            "using",
            "or",
            "via",
            "main",
            "\u2022",
            "What",
            "if",
            "you",
            "want",
            "to",
            "synchronize",
            "smaller",
            "events\u2026",
            "\u25aa",
            "The",
            "child",
            "process",
            "does",
            "something",
            "...",
            "The",
            "parent",
            "responds\u2026",
            "\u25aa",
            "But",
            ",",
            "keep",
            "the",
            "child",
            "process",
            "running",
            "longer",
            ".",
            "\u2022",
            "For",
            "this",
            ",",
            "we",
            "will",
            "need",
            "the",
            "parent",
            "and",
            "child",
            "to",
            "be",
            "able",
            "to",
            "communicate",
            "with",
            "one",
            "another",
            ".",
            "20"
        ],
        "labels": [
            "O",
            "O",
            "O",
            "O",
            "O",
            "O",
            "O",
            "O",
            "O",
            "O",
            "O",
            "O",
            "O",
            "O",
            "O",
            "O",
            "O",
            "O",
            "O",
            "O",
            "O",
            "O",
            "O",
            "O",
            "O",
            "O",
            "O",
            "O",
            "O",
            "O",
            "O",
            "O",
            "O",
            "O",
            "O",
            "O",
            "O",
            "O",
            "O",
            "O",
            "O",
            "O",
            "O",
            "O",
            "O",
            "O",
            "O",
            "O",
            "O",
            "O",
            "O",
            "O",
            "O",
            "O",
            "O",
            "O",
            "O",
            "O",
            "O",
            "O",
            "O",
            "O",
            "O",
            "O",
            "O",
            "O",
            "O",
            "O",
            "O",
            "O",
            "O",
            "O",
            "O",
            "O",
            "O",
            "O",
            "O",
            "O",
            "O",
            "O",
            "O",
            "O",
            "O",
            "O",
            "O",
            "O",
            "O",
            "O",
            "O",
            "O",
            "O",
            "O"
        ]
    },
    {
        "words": [
            "Inter-Process",
            "Communication",
            "IPC",
            "\u2026",
            "not",
            "to",
            "be",
            "confused",
            "with",
            "the",
            "other",
            "IPC",
            "21"
        ],
        "labels": [
            "B",
            "I",
            "B",
            "O",
            "O",
            "O",
            "O",
            "O",
            "O",
            "O",
            "O",
            "B",
            "O"
        ]
    },
    {
        "words": [
            "What",
            "that",
            "last",
            "slide",
            "said\u2026",
            "\u2022",
            "Passing",
            "data",
            "or",
            "messages",
            "from",
            "one",
            "process",
            "to",
            "another",
            "is",
            "called",
            "inter-process",
            "communication",
            ".",
            "\u2022",
            "This",
            "is",
            "a",
            "broad",
            "OS",
            "topic",
            "as",
            "there",
            "are",
            "many",
            "ways",
            "to",
            "do",
            "this",
            ".",
            "\u25aa",
            "Shared",
            "memory",
            "(",
            "we",
            "will",
            "talk",
            "about",
            "this",
            "a",
            "bit",
            "later",
            ")",
            "\u25aa",
            "Message",
            "passing",
            "(",
            "we",
            "will",
            "talk",
            "about",
            "this",
            "NOW",
            ")",
            "\u2022",
            "Simple",
            "messages",
            "(",
            "signals",
            ",",
            "this",
            "lecture",
            ")",
            "\u2022",
            "More",
            "complex",
            "(",
            "pipes",
            ",",
            "semaphores",
            ",",
            "etc",
            ",",
            "soon",
            ")",
            "\u2022",
            "Most",
            "complex",
            "(",
            "network",
            "sockets",
            ",",
            "we",
            "will",
            "look",
            "at",
            "this",
            "later",
            ")",
            "\u2022",
            "Message",
            "passing",
            "is",
            "a",
            "fancy",
            "way",
            "of",
            "saying",
            "are",
            "using",
            "an",
            "API",
            "to",
            "send",
            "a",
            "small",
            "message",
            "to",
            "another",
            "process",
            ".",
            "\u25aa",
            "And",
            "also",
            "some",
            "means",
            "of",
            "listening",
            "for",
            "messages",
            ".",
            "22"
        ],
        "labels": [
            "O",
            "O",
            "O",
            "O",
            "O",
            "O",
            "O",
            "O",
            "O",
            "O",
            "O",
            "O",
            "O",
            "O",
            "O",
            "O",
            "O",
            "O",
            "O",
            "O",
            "O",
            "O",
            "O",
            "O",
            "O",
            "O",
            "O",
            "O",
            "O",
            "O",
            "O",
            "O",
            "O",
            "O",
            "O",
            "O",
            "O",
            "B",
            "I",
            "O",
            "O",
            "O",
            "O",
            "O",
            "O",
            "O",
            "O",
            "O",
            "O",
            "O",
            "B",
            "I",
            "O",
            "O",
            "O",
            "O",
            "O",
            "O",
            "O",
            "O",
            "O",
            "O",
            "O",
            "O",
            "O",
            "O",
            "O",
            "O",
            "O",
            "O",
            "O",
            "O",
            "O",
            "O",
            "O",
            "O",
            "O",
            "O",
            "O",
            "O",
            "O",
            "O",
            "O",
            "O",
            "O",
            "O",
            "O",
            "O",
            "O",
            "O",
            "O",
            "O",
            "O",
            "O",
            "O",
            "O",
            "B",
            "I",
            "O",
            "O",
            "O",
            "O",
            "O",
            "O",
            "O",
            "O",
            "O",
            "O",
            "O",
            "O",
            "O",
            "O",
            "O",
            "O",
            "O",
            "O",
            "O",
            "O",
            "O",
            "O",
            "O",
            "O",
            "O",
            "O",
            "O",
            "O",
            "O",
            "O"
        ]
    },
    {
        "words": [
            "All",
            "aboard",
            "the",
            "train",
            "metaphor",
            "\u2022",
            "In",
            "UNIX/Linux",
            ",",
            "tiny",
            "messages",
            "sent",
            "between",
            "processes",
            "are",
            "called",
            "signals",
            ".",
            "\u2022",
            "They",
            "are",
            "typically",
            "used",
            "to",
            "send",
            "messages",
            "about",
            "events",
            "from",
            "the",
            "system",
            ".",
            "Here",
            "are",
            "a",
            "few",
            ":",
            "Number",
            "Name",
            "Description",
            "Default",
            "Behavior",
            "Interruption",
            "\u2013",
            "Somebody",
            "pressed",
            "CTRL+C",
            "Terminate",
            "Kill",
            "\u2013",
            "Somebody",
            "wants",
            "us",
            "gone\u2026",
            "\uf04c",
            "Terminate",
            "Memory",
            "Violation",
            "\u2013",
            "Oops",
            "!",
            "Seg-fault",
            "Terminate",
            "Child",
            "exited",
            "\u2013",
            "Child",
            "process",
            "ended",
            "Ignore",
            "A",
            "signal",
            "that",
            "you",
            "can",
            "use",
            "for",
            "any",
            "purpose",
            "Ignore",
            "23"
        ],
        "labels": [
            "O",
            "O",
            "O",
            "O",
            "O",
            "O",
            "O",
            "B",
            "O",
            "O",
            "O",
            "O",
            "O",
            "O",
            "O",
            "O",
            "O",
            "O",
            "O",
            "O",
            "O",
            "O",
            "O",
            "O",
            "O",
            "O",
            "O",
            "O",
            "O",
            "O",
            "O",
            "O",
            "O",
            "O",
            "O",
            "O",
            "O",
            "O",
            "O",
            "O",
            "O",
            "O",
            "O",
            "O",
            "O",
            "O",
            "O",
            "O",
            "O",
            "O",
            "O",
            "O",
            "O",
            "O",
            "O",
            "O",
            "O",
            "O",
            "O",
            "O",
            "O",
            "O",
            "O",
            "O",
            "O",
            "O",
            "B",
            "I",
            "O",
            "O",
            "O",
            "O",
            "O",
            "O",
            "O",
            "O",
            "O",
            "O",
            "O",
            "O",
            "O"
        ]
    },
    {
        "words": [
            "Talking",
            "to",
            "orphans",
            "C",
            "\u2022",
            "Recall",
            "the",
            "infinite",
            "looping",
            "child",
            ".",
            "\u2022",
            "Orphans",
            "run",
            "in",
            "the",
            "background",
            ".",
            "\u2022",
            "However",
            ",",
            "we",
            "can",
            "send",
            "a",
            "message",
            "(",
            ")",
            "to",
            "the",
            "process",
            "by",
            "its",
            "id",
            ".",
            "The",
            "parent",
            "ended",
            ".",
            "But",
            "not",
            "the",
            "child",
            ".",
            "We",
            "can",
            "send",
            "a",
            "message",
            "using",
            "the",
            "application",
            "..",
            "And",
            "the",
            "child",
            "is",
            "gone",
            "!",
            "24"
        ],
        "labels": [
            "O",
            "O",
            "O",
            "O",
            "O",
            "O",
            "O",
            "O",
            "O",
            "O",
            "O",
            "O",
            "O",
            "O",
            "O",
            "O",
            "O",
            "O",
            "O",
            "O",
            "O",
            "O",
            "O",
            "O",
            "O",
            "O",
            "O",
            "O",
            "O",
            "O",
            "O",
            "O",
            "O",
            "O",
            "O",
            "O",
            "O",
            "O",
            "O",
            "O",
            "O",
            "O",
            "O",
            "O",
            "O",
            "O",
            "O",
            "O",
            "O",
            "O",
            "O",
            "O",
            "O",
            "O",
            "O",
            "O",
            "O",
            "O",
            "O",
            "O"
        ]
    },
    {
        "words": [
            "Receiving",
            "Signals",
            "C",
            "\u2022",
            "The",
            "standard",
            "function",
            "will",
            "set",
            "up",
            "your",
            "application",
            "to",
            "listen",
            "for",
            "a",
            "particular",
            "signal",
            ".",
            "\u2022",
            "This",
            "example",
            "hooks",
            "the",
            "empty",
            "function",
            "sigint_handler",
            "to",
            "override",
            "the",
            "default",
            "behavior",
            "of",
            "the",
            "SIGINT",
            "signal",
            ".",
            "\u2022",
            "If",
            "you",
            "recall",
            ",",
            "that",
            "happens",
            "on",
            "a",
            "CTRL+C\u2026",
            "which",
            "now",
            "does",
            "not",
            "terminate",
            "the",
            "foreground",
            "process",
            "!",
            "\u25aa",
            "Needs",
            "to",
            "be",
            "killed",
            "using",
            "now",
            ".",
            "25"
        ],
        "labels": [
            "O",
            "B",
            "O",
            "O",
            "O",
            "O",
            "O",
            "O",
            "O",
            "O",
            "O",
            "O",
            "O",
            "O",
            "O",
            "O",
            "O",
            "O",
            "O",
            "O",
            "O",
            "O",
            "O",
            "O",
            "O",
            "O",
            "O",
            "O",
            "O",
            "O",
            "O",
            "O",
            "O",
            "O",
            "O",
            "O",
            "O",
            "O",
            "O",
            "O",
            "O",
            "O",
            "O",
            "O",
            "O",
            "O",
            "O",
            "O",
            "O",
            "O",
            "O",
            "O",
            "O",
            "O",
            "O",
            "O",
            "O",
            "O",
            "O",
            "O",
            "O",
            "O",
            "O",
            "O",
            "O"
        ]
    },
    {
        "words": [
            "Waiting",
            "for",
            "a",
            "signal\u2026",
            "\u2022",
            "Proper",
            "use",
            "of",
            "signals",
            "and",
            "waiting",
            "on",
            "the",
            "values",
            "of",
            "variables",
            "to",
            "change",
            "can",
            "create",
            "synchronization",
            ".",
            "Both",
            "processes",
            "set",
            "to",
            "0",
            "on",
            ".",
            "1.",
            "is",
            "initially",
            "2",
            ".",
            "Which",
            "causes",
            "the",
            "child",
            "to",
            "wait\u2026",
            "5",
            ".",
            "Until",
            "child",
            "signals",
            "it",
            "back",
            "after",
            "printing",
            "its",
            "own",
            "message",
            ".",
            "3",
            ".",
            "Until",
            "the",
            "parent",
            "process",
            "signals",
            "it",
            ",",
            "after",
            "it",
            "prints",
            "its",
            "message",
            ".",
            "4",
            ".",
            "Afterward",
            ",",
            "the",
            "6",
            ".",
            "Repeat\u2026",
            "for",
            "both",
            "parent",
            "process",
            "waits",
            "26"
        ],
        "labels": [
            "O",
            "O",
            "O",
            "O",
            "O",
            "O",
            "O",
            "O",
            "O",
            "O",
            "O",
            "O",
            "O",
            "O",
            "O",
            "O",
            "O",
            "O",
            "O",
            "O",
            "O",
            "O",
            "O",
            "O",
            "O",
            "O",
            "O",
            "O",
            "O",
            "O",
            "O",
            "O",
            "O",
            "O",
            "O",
            "O",
            "O",
            "O",
            "O",
            "O",
            "O",
            "O",
            "O",
            "O",
            "O",
            "O",
            "O",
            "O",
            "O",
            "O",
            "O",
            "O",
            "O",
            "O",
            "O",
            "O",
            "O",
            "O",
            "O",
            "O",
            "O",
            "O",
            "O",
            "O",
            "O",
            "O",
            "O",
            "O",
            "O",
            "O",
            "O",
            "O",
            "O",
            "O",
            "O",
            "O",
            "O",
            "O",
            "O",
            "O",
            "O",
            "O"
        ]
    },
    {
        "words": [
            "Let",
            "\u2019",
            "s",
            "look",
            "at",
            "that",
            "again",
            ".",
            "(",
            "animated",
            ")",
            "1",
            ".",
            "Child",
            "waits",
            "2",
            ".",
            "Parent",
            "prints",
            "1",
            ".",
            "Sets",
            "its",
            "own",
            "wait",
            "variable",
            "2",
            ".",
            "Sends",
            "signal",
            "to",
            "child",
            "Child",
            "0",
            "Parent",
            "0",
            "3",
            ".",
            "Waits",
            "3",
            ".",
            "Child",
            "prints",
            "1",
            ".",
            "Sets",
            "its",
            "wait",
            "variable",
            "2",
            ".",
            "Sends",
            "signal",
            "to",
            "parent",
            "3",
            ".",
            "Waits",
            "4",
            ".",
            "Parent",
            "prints",
            "1",
            ".",
            "Sets",
            "its",
            "own",
            "wait",
            "variable",
            "2",
            ".",
            "Sends",
            "signal",
            "to",
            "child",
            "3",
            ".",
            "Waits",
            "5",
            ".",
            "Repeat\u2026",
            "27"
        ],
        "labels": [
            "O",
            "O",
            "O",
            "O",
            "O",
            "O",
            "O",
            "O",
            "O",
            "O",
            "O",
            "O",
            "O",
            "O",
            "O",
            "O",
            "O",
            "O",
            "O",
            "O",
            "O",
            "O",
            "O",
            "O",
            "O",
            "O",
            "O",
            "O",
            "O",
            "O",
            "O",
            "O",
            "O",
            "O",
            "O",
            "O",
            "O",
            "O",
            "O",
            "O",
            "O",
            "O",
            "O",
            "O",
            "O",
            "O",
            "O",
            "O",
            "O",
            "O",
            "O",
            "O",
            "O",
            "O",
            "O",
            "O",
            "O",
            "O",
            "O",
            "O",
            "O",
            "O",
            "O",
            "O",
            "O",
            "O",
            "O",
            "O",
            "O",
            "O",
            "O",
            "O",
            "O",
            "O",
            "O",
            "O",
            "O",
            "O",
            "O",
            "O",
            "O",
            "O"
        ]
    },
    {
        "words": [
            "If",
            "you",
            "are",
            "in",
            "a",
            "hurry",
            "...",
            "(",
            "animated",
            ")",
            "1",
            ".",
            "Child",
            "waits",
            "2",
            ".",
            "Parent",
            "prints",
            "1",
            ".",
            "Sets",
            "its",
            "own",
            "wait",
            "variable",
            "2",
            ".",
            "Sends",
            "signal",
            "to",
            "child",
            "Child",
            "0",
            "Parent",
            "0",
            "3",
            ".",
            "Waits",
            "3",
            ".",
            "Child",
            "prints",
            "1",
            ".",
            "Sends",
            "signal",
            "to",
            "parent",
            "2",
            ".",
            "Sets",
            "its",
            "wait",
            "variable",
            "3",
            ".",
            "Waits",
            "Let",
            "\u2019",
            "s",
            "Mess",
            "Things",
            "Up",
            "!",
            "!",
            "4",
            ".",
            "Parent",
            "prints",
            "1",
            ".",
            "Sets",
            "its",
            "own",
            "wait",
            "variable",
            "2",
            ".",
            "Sends",
            "signal",
            "to",
            "child",
            "3",
            ".",
            "Waits",
            "5",
            ".",
            "OH",
            "NO",
            "!",
            "!",
            "!",
            "28"
        ],
        "labels": [
            "O",
            "O",
            "O",
            "O",
            "O",
            "O",
            "O",
            "O",
            "O",
            "O",
            "O",
            "O",
            "O",
            "O",
            "O",
            "O",
            "O",
            "O",
            "O",
            "O",
            "O",
            "O",
            "O",
            "O",
            "O",
            "O",
            "O",
            "O",
            "O",
            "O",
            "O",
            "O",
            "O",
            "O",
            "O",
            "O",
            "O",
            "O",
            "O",
            "O",
            "O",
            "O",
            "O",
            "O",
            "O",
            "O",
            "O",
            "O",
            "O",
            "O",
            "O",
            "O",
            "O",
            "O",
            "O",
            "O",
            "O",
            "O",
            "O",
            "O",
            "O",
            "O",
            "O",
            "O",
            "O",
            "O",
            "O",
            "O",
            "O",
            "O",
            "O",
            "O",
            "O",
            "O",
            "O",
            "O",
            "O",
            "O",
            "O",
            "O",
            "O",
            "O",
            "O",
            "O",
            "O",
            "O",
            "O",
            "O",
            "O",
            "O",
            "O",
            "O",
            "O"
        ]
    },
    {
        "words": [
            "The",
            "race",
            "is",
            "on",
            "!",
            "\u2022",
            "When",
            "you",
            "have",
            "concurrent",
            "tasks",
            ",",
            "they",
            "may",
            "compete",
            ".",
            "\u2022",
            "A",
            "bug",
            "in",
            "a",
            "concurrent",
            "program",
            "where",
            "the",
            "logic",
            "breaks",
            "if",
            "one",
            "process",
            "out-paces",
            "another",
            "is",
            "called",
            "a",
            "race",
            "condition",
            ".",
            "\u25aa",
            "That",
            "is",
            ",",
            "if",
            "the",
            "correctness",
            "requires",
            "a",
            "strict",
            "order",
            ",",
            "but",
            "that",
            "order",
            "is",
            "not",
            "guaranteed",
            ".",
            "\u2022",
            "When",
            "you",
            "add",
            "synchronization",
            "you",
            "need",
            "to",
            "be",
            "careful",
            "that",
            "you",
            "ensure",
            "that",
            "each",
            "synchronized",
            "section",
            "(",
            "called",
            "a",
            "critical",
            "section",
            ")",
            "is",
            "logically",
            "sound",
            ".",
            "We",
            "know",
            "we",
            "won",
            "\u2019",
            "t",
            "be",
            "interrupted",
            "between",
            "the",
            "while",
            "loop",
            "and",
            "the",
            "signal",
            ".",
            "(",
            "This",
            "is",
            "our",
            "critical",
            "section",
            ")",
            "29"
        ],
        "labels": [
            "O",
            "O",
            "O",
            "O",
            "O",
            "O",
            "O",
            "O",
            "O",
            "O",
            "O",
            "O",
            "O",
            "O",
            "O",
            "O",
            "O",
            "O",
            "O",
            "O",
            "O",
            "O",
            "O",
            "O",
            "O",
            "O",
            "O",
            "O",
            "O",
            "O",
            "O",
            "O",
            "O",
            "O",
            "O",
            "O",
            "O",
            "O",
            "O",
            "O",
            "O",
            "O",
            "O",
            "O",
            "O",
            "O",
            "O",
            "O",
            "O",
            "O",
            "O",
            "O",
            "O",
            "O",
            "O",
            "O",
            "O",
            "O",
            "O",
            "O",
            "O",
            "O",
            "O",
            "O",
            "O",
            "O",
            "O",
            "O",
            "O",
            "O",
            "O",
            "O",
            "O",
            "O",
            "O",
            "O",
            "O",
            "O",
            "O",
            "O",
            "O",
            "O",
            "O",
            "O",
            "O",
            "O",
            "O",
            "O",
            "O",
            "O",
            "O",
            "O",
            "O",
            "O",
            "O",
            "O",
            "O",
            "O",
            "O",
            "O",
            "O",
            "O",
            "O",
            "O",
            "O",
            "O",
            "O",
            "O"
        ]
    },
    {
        "words": [
            "Summary",
            "\u2022",
            "Today",
            "we",
            "learned",
            "the",
            "birds",
            "and",
            "bees",
            "of",
            "programs",
            ".",
            "\u25aa",
            "They",
            "start",
            "as",
            "processes",
            "(",
            "technically",
            "children",
            "of",
            "a",
            "shell",
            "or",
            "some",
            "root",
            "process",
            ")",
            "\u25aa",
            "They",
            "can",
            "spawn",
            "child",
            "processes",
            "using",
            "\u25aa",
            "They",
            "can",
            "load",
            "executables",
            "over",
            "top",
            "of",
            "them",
            "using",
            "system",
            "calls",
            "\u25aa",
            "And",
            "if",
            "one",
            "process",
            "ends",
            "before",
            "the",
            "other",
            ",",
            "we",
            "either",
            "get",
            "zombies",
            "or",
            "orphans",
            ".",
            "\u2022",
            "We",
            "also",
            "learned",
            "about",
            "inter-process",
            "communication",
            "in",
            "the",
            "form",
            "of",
            "signals",
            ".",
            "\u25aa",
            "These",
            "are",
            "tiny",
            "messages",
            "sent",
            "using",
            "the",
            "function",
            ";",
            "received",
            "via",
            ".",
            "\u25aa",
            "We",
            "can",
            "use",
            "them",
            "to",
            "synchronize",
            "events",
            "between",
            "processes",
            ".",
            "\u25aa",
            "However",
            ",",
            "if",
            "we",
            "aren",
            "\u2019",
            "t",
            "careful",
            ",",
            "we",
            "may",
            "introduce",
            "a",
            "bug",
            "called",
            "a",
            "race",
            "condition",
            ".",
            "\u25aa",
            "This",
            "is",
            "when",
            "the",
            "program",
            "requires",
            "a",
            "logical",
            "order",
            "it",
            "can",
            "not",
            "guarantee",
            ".",
            "30"
        ],
        "labels": [
            "O",
            "O",
            "O",
            "O",
            "O",
            "O",
            "O",
            "O",
            "O",
            "O",
            "O",
            "O",
            "O",
            "O",
            "O",
            "O",
            "O",
            "O",
            "O",
            "O",
            "O",
            "O",
            "O",
            "O",
            "O",
            "O",
            "O",
            "O",
            "O",
            "O",
            "O",
            "O",
            "O",
            "O",
            "O",
            "O",
            "O",
            "O",
            "O",
            "O",
            "O",
            "O",
            "O",
            "O",
            "O",
            "O",
            "O",
            "O",
            "O",
            "O",
            "O",
            "O",
            "O",
            "O",
            "O",
            "O",
            "O",
            "O",
            "O",
            "O",
            "O",
            "O",
            "O",
            "O",
            "O",
            "O",
            "O",
            "O",
            "O",
            "O",
            "O",
            "O",
            "O",
            "O",
            "O",
            "O",
            "O",
            "O",
            "O",
            "O",
            "O",
            "O",
            "O",
            "O",
            "O",
            "O",
            "O",
            "O",
            "O",
            "O",
            "O",
            "O",
            "O",
            "O",
            "O",
            "O",
            "O",
            "O",
            "O",
            "O",
            "O",
            "O",
            "O",
            "O",
            "O",
            "O",
            "O",
            "O",
            "O",
            "O",
            "O",
            "O",
            "O",
            "O",
            "O",
            "O",
            "O",
            "O",
            "O",
            "O",
            "O",
            "O",
            "O",
            "O",
            "O",
            "O",
            "O",
            "O",
            "O",
            "O",
            "O",
            "O",
            "O",
            "O",
            "O",
            "O",
            "O"
        ]
    }
]