[
    {
        "words": [
            "3",
            "CS/COE",
            "0449",
            "Introduction",
            "Introduction",
            "to",
            "Systems",
            "Software",
            "to",
            "C",
            "Luis",
            "Oliveira",
            "(",
            "with",
            "content",
            "borrowed",
            "from",
            "wilkie",
            "and",
            "Vinicius",
            "Petrucci",
            ")"
        ],
        "labels": [
            "O",
            "O",
            "O",
            "O",
            "O",
            "O",
            "B",
            "I",
            "O",
            "B",
            "O",
            "O",
            "O",
            "O",
            "O",
            "O",
            "O",
            "O",
            "O",
            "O",
            "O",
            "O"
        ]
    },
    {
        "words": [
            "Overview",
            "of",
            "C",
            "What",
            "You",
            "C",
            "is",
            "What",
            "You",
            "Get",
            "2"
        ],
        "labels": [
            "O",
            "O",
            "B",
            "O",
            "O",
            "B",
            "O",
            "O",
            "O",
            "O",
            "O"
        ]
    },
    {
        "words": [
            "C",
            ":",
            "The",
            "Universal",
            "Assembly",
            "Language",
            "C",
            "is",
            "not",
            "a",
            "\u201c",
            "very",
            "high-level",
            "\u201d",
            "language",
            ",",
            "nor",
            "a",
            "\u201c",
            "big",
            "\u201d",
            "one",
            ",",
            "and",
            "is",
            "not",
            "specialized",
            "to",
            "any",
            "particular",
            "area",
            "of",
            "application",
            ".",
            "But",
            "its",
            "absence",
            "of",
            "restrictions",
            "and",
            "its",
            "generality",
            "make",
            "it",
            "more",
            "convenient",
            "and",
            "effective",
            "for",
            "many",
            "tasks",
            "than",
            "supposedly",
            "more",
            "powerful",
            "languages",
            ".",
            "\u2014",
            "Kernighan",
            "and",
            "Ritchie",
            "\u2022",
            "Allows",
            "writing",
            "programs",
            "to",
            "exploit",
            "underlying",
            "features",
            "of",
            "the",
            "architecture",
            "\u2013",
            "memory",
            "management",
            ",",
            "special",
            "instructions",
            ",",
            "parallelism",
            ".",
            "3"
        ],
        "labels": [
            "B",
            "I",
            "I",
            "I",
            "B",
            "O",
            "B",
            "O",
            "O",
            "O",
            "O",
            "O",
            "O",
            "O",
            "O",
            "O",
            "O",
            "O",
            "O",
            "O",
            "O",
            "O",
            "O",
            "O",
            "O",
            "O",
            "O",
            "O",
            "O",
            "O",
            "O",
            "O",
            "O",
            "O",
            "O",
            "O",
            "O",
            "O",
            "O",
            "O",
            "O",
            "O",
            "O",
            "O",
            "O",
            "O",
            "O",
            "O",
            "O",
            "O",
            "O",
            "O",
            "O",
            "O",
            "O",
            "O",
            "O",
            "O",
            "O",
            "O",
            "O",
            "O",
            "O",
            "O",
            "O",
            "O",
            "O",
            "O",
            "O",
            "O",
            "O",
            "O",
            "O",
            "O",
            "O",
            "O",
            "O",
            "O",
            "O",
            "O",
            "O",
            "O"
        ]
    },
    {
        "words": [
            "C",
            ":",
            "Relevance",
            "\u2022",
            "From",
            "IEEE",
            "Spectrum",
            ":",
            "\u2022",
            "https",
            ":",
            "//spectrum.ieee.org/static/interacti",
            "ve-the-top-programming-languages-2019",
            "\u2022",
            "Still",
            "relatively",
            "popular\u2026",
            "\u2022",
            "Lots",
            "of",
            "legacy",
            "code",
            ".",
            "\u2022",
            "Lots",
            "of",
            "embedded",
            "devices",
            ".",
            "\u2022",
            "Python",
            ",",
            "Java",
            ",",
            "R",
            ",",
            "JS",
            "are",
            "all",
            "written",
            "in",
            "C",
            ".",
            "4"
        ],
        "labels": [
            "B",
            "O",
            "O",
            "O",
            "O",
            "B",
            "I",
            "O",
            "O",
            "O",
            "O",
            "O",
            "O",
            "O",
            "O",
            "O",
            "O",
            "O",
            "O",
            "O",
            "O",
            "O",
            "O",
            "O",
            "O",
            "O",
            "O",
            "O",
            "O",
            "O",
            "O",
            "O",
            "B",
            "O",
            "O",
            "O",
            "O",
            "O",
            "O",
            "O",
            "O",
            "B",
            "O",
            "O"
        ]
    },
    {
        "words": [
            "TIOBE",
            "index",
            "TIOBE",
            "Programming",
            "Community",
            "index",
            "is",
            "an",
            "indicator",
            "of",
            "the",
            "popularity",
            "of",
            "programming",
            "languages",
            "https",
            ":",
            "//www.tiobe.com/tiobe-index/"
        ],
        "labels": [
            "B",
            "I",
            "O",
            "O",
            "O",
            "O",
            "O",
            "O",
            "O",
            "O",
            "O",
            "O",
            "O",
            "O",
            "O",
            "O",
            "O",
            "O"
        ]
    },
    {
        "words": [
            "Compilation",
            "\u2022",
            "C",
            "is",
            "a",
            "compiled",
            "language",
            ".",
            "\u2022",
            "Code",
            "is",
            "generally",
            "converted",
            "into",
            "machine",
            "code",
            ".",
            "\u2022",
            "Java",
            ",",
            "by",
            "contrast",
            ",",
            "indirectly",
            "converts",
            "to",
            "machine",
            "code",
            "using",
            "a",
            "byte-code",
            ".",
            "\u2022",
            "Python",
            ",",
            "by",
            "contrast",
            "to",
            "both",
            ",",
            "interprets",
            "the",
            "code",
            ".",
            "\u2022",
            "The",
            "difference",
            "is",
            "in",
            "a",
            "trade-off",
            "about",
            "when",
            "and",
            "how",
            "to",
            "create",
            "a",
            "machine-level",
            "representation",
            "of",
            "the",
            "source",
            "code",
            ".",
            "\u2022",
            "A",
            "general",
            "C",
            "compiler",
            "will",
            "typically",
            "convert",
            "*",
            ".c",
            "source",
            "files",
            "into",
            "an",
            "intermediate",
            "*",
            ".o",
            "object",
            "file",
            ".",
            "Then",
            ",",
            "it",
            "will",
            "link",
            "these",
            "together",
            "to",
            "form",
            "an",
            "executable",
            ".",
            "\u2022",
            "Assembly",
            "is",
            "also",
            "part",
            "of",
            "this",
            "process",
            ",",
            "but",
            "it",
            "is",
            "done",
            "behind",
            "the",
            "scenes",
            ".",
            "\u2022",
            "You",
            "can",
            "have",
            "gcc",
            "(",
            "a",
            "common",
            "C",
            "compiler",
            ")",
            "spit",
            "out",
            "the",
            "assembly",
            "if",
            "you",
            "want",
            "!",
            "6"
        ],
        "labels": [
            "B",
            "O",
            "B",
            "O",
            "O",
            "O",
            "O",
            "O",
            "O",
            "O",
            "O",
            "O",
            "O",
            "O",
            "O",
            "O",
            "O",
            "O",
            "B",
            "O",
            "O",
            "O",
            "O",
            "O",
            "O",
            "O",
            "O",
            "O",
            "O",
            "O",
            "O",
            "O",
            "O",
            "O",
            "O",
            "O",
            "O",
            "O",
            "O",
            "O",
            "O",
            "O",
            "O",
            "O",
            "O",
            "O",
            "O",
            "O",
            "O",
            "O",
            "O",
            "O",
            "O",
            "O",
            "O",
            "O",
            "O",
            "O",
            "O",
            "O",
            "O",
            "O",
            "O",
            "O",
            "O",
            "O",
            "O",
            "O",
            "B",
            "O",
            "O",
            "O",
            "O",
            "O",
            "O",
            "O",
            "O",
            "O",
            "O",
            "O",
            "O",
            "O",
            "O",
            "O",
            "O",
            "O",
            "O",
            "O",
            "O",
            "O",
            "O",
            "O",
            "O",
            "O",
            "O",
            "O",
            "O",
            "O",
            "B",
            "O",
            "O",
            "O",
            "O",
            "O",
            "O",
            "O",
            "O",
            "O",
            "O",
            "O",
            "O",
            "O",
            "O",
            "O",
            "O",
            "O",
            "O",
            "O",
            "O",
            "O",
            "O",
            "O",
            "B",
            "O",
            "O",
            "O",
            "O",
            "O",
            "O",
            "O",
            "O",
            "O",
            "O",
            "O"
        ]
    },
    {
        "words": [
            "Compilation",
            ":",
            "Simple",
            "Overview",
            "\u2013",
            "Step",
            "1",
            "\u2022",
            "The",
            "compiler",
            "takes",
            "source",
            "code",
            "(",
            "*",
            ".c",
            "files",
            ")",
            "and",
            "translates",
            "them",
            "into",
            "machine",
            "code",
            ".",
            "\u2022",
            "This",
            "file",
            "is",
            "called",
            "an",
            "\u201c",
            "object",
            "file",
            "\u201d",
            "and",
            "is",
            "hello.c",
            "hello.o",
            "just",
            "potentially",
            "one",
            "part",
            "of",
            "your",
            "overall",
            "project",
            ".",
            "\u2022",
            "The",
            "machine",
            "code",
            "is",
            "not",
            "quite",
            "an",
            "executable",
            ".",
            "\u2022",
            "This",
            "object",
            "file",
            "is",
            "JUST",
            "representing",
            "the",
            "code",
            "for",
            "that",
            "particular",
            "source",
            "file",
            ".",
            "\u2022",
            "You",
            "may",
            "require",
            "extra",
            "stuff",
            "provided",
            "by",
            "the",
            "system",
            "elsewhere",
            ".",
            "7"
        ],
        "labels": [
            "B",
            "O",
            "O",
            "O",
            "O",
            "O",
            "O",
            "O",
            "O",
            "O",
            "O",
            "O",
            "O",
            "O",
            "O",
            "O",
            "O",
            "O",
            "O",
            "O",
            "O",
            "O",
            "O",
            "O",
            "O",
            "O",
            "O",
            "O",
            "O",
            "O",
            "O",
            "O",
            "O",
            "O",
            "O",
            "O",
            "O",
            "O",
            "O",
            "O",
            "O",
            "O",
            "O",
            "O",
            "O",
            "O",
            "O",
            "O",
            "O",
            "O",
            "O",
            "O",
            "O",
            "O",
            "O",
            "O",
            "O",
            "O",
            "O",
            "O",
            "O",
            "O",
            "O",
            "O",
            "O",
            "O",
            "O",
            "O",
            "O",
            "O",
            "O",
            "O",
            "O",
            "O",
            "O",
            "O",
            "O",
            "O",
            "O",
            "O",
            "O",
            "O",
            "O",
            "O",
            "O",
            "O"
        ]
    },
    {
        "words": [
            "Compilation",
            ":",
            "Simple",
            "Overview",
            "\u2013",
            "Step",
            "2",
            "\u2022",
            "You",
            "may",
            "have",
            "multiple",
            "files",
            ".",
            "\u2022",
            "They",
            "may",
            "reference",
            "each",
            "other",
            ".",
            "\u2022",
            "For",
            "instance",
            ",",
            "one",
            "file",
            "may",
            "contain",
            "certain",
            "common",
            "functionality",
            "and",
            "then",
            "this",
            "is",
            "invoked",
            "by",
            "your",
            "program",
            "elsewhere",
            ".",
            "hello.c",
            "hello.o",
            "\u2022",
            "You",
            "break",
            "your",
            "project",
            "up",
            "into",
            "pieces",
            "similarly",
            "to",
            "your",
            "Java",
            "programs",
            ".",
            "\u2022",
            "The",
            "compiler",
            "treats",
            "them",
            "independently",
            ".",
            "util.c",
            "util.o",
            "CS/COE",
            "0449",
            "\u2013",
            "Spring",
            "2019/2020",
            "8"
        ],
        "labels": [
            "B",
            "O",
            "O",
            "O",
            "O",
            "O",
            "O",
            "O",
            "O",
            "O",
            "O",
            "O",
            "O",
            "O",
            "O",
            "O",
            "O",
            "O",
            "O",
            "O",
            "O",
            "O",
            "O",
            "O",
            "O",
            "O",
            "O",
            "O",
            "O",
            "O",
            "O",
            "O",
            "O",
            "O",
            "O",
            "O",
            "O",
            "O",
            "O",
            "O",
            "O",
            "O",
            "O",
            "O",
            "O",
            "O",
            "O",
            "O",
            "O",
            "O",
            "O",
            "O",
            "O",
            "O",
            "O",
            "B",
            "O",
            "O",
            "O",
            "O",
            "O",
            "O",
            "O",
            "O",
            "O",
            "O",
            "O",
            "O",
            "O",
            "O",
            "O",
            "O",
            "O"
        ]
    },
    {
        "words": [
            "Compilation",
            ":",
            "Simple",
            "Overview",
            "\u2013",
            "Step",
            "3",
            "\u2022",
            "Then",
            ",",
            "each",
            "piece",
            "is",
            "merged",
            "together",
            "to",
            "form",
            "the",
            "executable",
            ".",
            "\u2022",
            "This",
            "process",
            "is",
            "called",
            "linking",
            ".",
            "hello.c",
            "hello.o",
            "hello",
            "\u2022",
            "The",
            "name",
            "refers",
            "to",
            "how",
            "the",
            "references",
            "to",
            "functions",
            ",",
            "etc",
            ",",
            "between",
            "files",
            "are",
            "now",
            "filled",
            "in",
            ".",
            "\u2022",
            "Before",
            "this",
            "step\u2026",
            "it",
            "is",
            "unclear",
            "where",
            "functions",
            "will",
            "end",
            "up",
            "in",
            "the",
            "final",
            "executable",
            ".",
            "\u2022",
            "Keep",
            "this",
            "in",
            "mind",
            "as",
            "we",
            "util.c",
            "util.o",
            "stdio.o",
            "look",
            "at",
            "memory",
            "and",
            "pointers",
            "later",
            "!",
            "External",
            "Libraries",
            "9"
        ],
        "labels": [
            "B",
            "O",
            "O",
            "O",
            "O",
            "O",
            "O",
            "O",
            "O",
            "O",
            "O",
            "O",
            "O",
            "O",
            "O",
            "O",
            "O",
            "O",
            "O",
            "O",
            "O",
            "O",
            "O",
            "O",
            "O",
            "O",
            "O",
            "O",
            "O",
            "O",
            "O",
            "O",
            "O",
            "O",
            "O",
            "O",
            "O",
            "O",
            "O",
            "O",
            "O",
            "O",
            "O",
            "O",
            "O",
            "O",
            "O",
            "O",
            "O",
            "O",
            "O",
            "O",
            "O",
            "O",
            "O",
            "O",
            "O",
            "O",
            "O",
            "O",
            "O",
            "O",
            "O",
            "O",
            "O",
            "O",
            "O",
            "O",
            "O",
            "O",
            "O",
            "O",
            "O",
            "O",
            "O",
            "O",
            "O",
            "O",
            "O",
            "O",
            "O",
            "O",
            "O",
            "O",
            "O",
            "O",
            "O"
        ]
    },
    {
        "words": [
            "It",
            "'s",
            "just",
            "a",
            "grinder",
            ".",
            "\u2022",
            "In",
            "summary",
            ":",
            "Some",
            "compilers",
            "output",
            "assembly",
            "and",
            "rely",
            "on",
            "an",
            "assembler",
            "to",
            "produce",
            "machine",
            "code",
            "hello.c",
            "These",
            "days",
            ",",
            "it",
            "'s",
            "common",
            "for",
            "the",
            "compiler",
            "itself",
            "to",
            "produce",
            "machine",
            "code",
            ",",
            "code",
            "goes",
            "in",
            ",",
            "sausage",
            "object",
            "or",
            "some",
            "kind",
            "of",
            "files",
            "come",
            "out",
            "platform-independent",
            "assembly",
            "code",
            "(",
            "typically",
            ":",
            "a",
            "bytecode",
            ")",
            "10"
        ],
        "labels": [
            "O",
            "O",
            "O",
            "O",
            "O",
            "O",
            "O",
            "O",
            "O",
            "O",
            "O",
            "O",
            "O",
            "O",
            "O",
            "O",
            "O",
            "O",
            "O",
            "O",
            "O",
            "O",
            "O",
            "O",
            "O",
            "O",
            "O",
            "O",
            "O",
            "O",
            "O",
            "O",
            "O",
            "O",
            "O",
            "O",
            "O",
            "O",
            "O",
            "O",
            "O",
            "O",
            "O",
            "O",
            "O",
            "O",
            "O",
            "O",
            "O",
            "O",
            "O",
            "O",
            "O",
            "O",
            "O",
            "O",
            "O",
            "O",
            "O",
            "O",
            "O",
            "O"
        ]
    },
    {
        "words": [
            "Compilation",
            "vs",
            ".",
            "Interpretation",
            "C",
            "(",
            "compiled",
            ")",
            "Python",
            "(",
            "interpreted",
            ")",
            "\u2022",
            "Compiler",
            "+",
            "Linker",
            "translates",
            "code",
            "\u2022",
            "Interpreter",
            "is",
            "written",
            "in",
            "some",
            "into",
            "machine",
            "code",
            ".",
            "language",
            "(",
            "e.g",
            ".",
            "C",
            ")",
            "that",
            "is",
            "itself",
            "translated",
            "into",
            "machine",
            "code",
            ".",
            "\u2022",
            "Machine",
            "code",
            "can",
            "be",
            "directly",
            "loaded",
            "by",
            "the",
            "OS",
            "and",
            "executed",
            "by",
            "\u2022",
            "The",
            "Python",
            "source",
            "code",
            "is",
            "then",
            "the",
            "hardware",
            ".",
            "Fast",
            "!",
            "!",
            "executed",
            "as",
            "it",
            "is",
            "read",
            "by",
            "the",
            "interpreter",
            ".",
            "Usually",
            "slower",
            ".",
            "\u2022",
            "New",
            "hardware",
            "targets",
            "require",
            "recompilation",
            "in",
            "order",
            "to",
            "execute",
            "\u2022",
            "Very",
            "portable",
            "!",
            "No",
            "reliance",
            "on",
            "on",
            "those",
            "new",
            "systems",
            ".",
            "hardware",
            "beyond",
            "the",
            "interpreter",
            ".",
            "11"
        ],
        "labels": [
            "B",
            "I",
            "I",
            "I",
            "B",
            "O",
            "O",
            "O",
            "O",
            "O",
            "O",
            "O",
            "O",
            "B",
            "O",
            "O",
            "O",
            "O",
            "O",
            "B",
            "O",
            "O",
            "O",
            "O",
            "O",
            "O",
            "O",
            "O",
            "O",
            "O",
            "O",
            "O",
            "B",
            "O",
            "O",
            "O",
            "O",
            "O",
            "O",
            "O",
            "O",
            "O",
            "O",
            "B",
            "I",
            "O",
            "O",
            "O",
            "O",
            "O",
            "O",
            "O",
            "O",
            "O",
            "O",
            "O",
            "O",
            "O",
            "O",
            "O",
            "O",
            "O",
            "O",
            "O",
            "O",
            "O",
            "O",
            "O",
            "O",
            "O",
            "O",
            "O",
            "O",
            "O",
            "O",
            "O",
            "O",
            "O",
            "O",
            "O",
            "O",
            "O",
            "O",
            "O",
            "O",
            "O",
            "O",
            "O",
            "O",
            "O",
            "O",
            "O",
            "O",
            "O",
            "O",
            "O",
            "O",
            "O",
            "O",
            "O",
            "O",
            "O",
            "O",
            "O",
            "O",
            "O",
            "O",
            "O"
        ]
    },
    {
        "words": [
            "Compilation",
            "vs",
            ".",
            "Virtual",
            "Targets",
            "(",
            "bytecode",
            ")",
            "\u2022",
            "Java",
            "translates",
            "source",
            "to",
            "a",
            "\u201c",
            "byte",
            "code",
            "\u201d",
            "which",
            "is",
            "a",
            "made-up",
            "architecture",
            ",",
            "but",
            "it",
            "resembles",
            "machine",
            "code",
            "somewhat",
            ".",
            "\u2022",
            "Technically",
            ",",
            "architectures",
            "could",
            "execute",
            "this",
            "byte",
            "code",
            "directly",
            ".",
            "\u2022",
            "But",
            "these",
            "were",
            "never",
            "successful",
            "or",
            "practical",
            ".",
            "\u2022",
            "Instead",
            ",",
            "a",
            "type",
            "of",
            "virtual",
            "machine",
            "simulates",
            "that",
            "pseudo-architecture",
            ".",
            "(",
            "interpretation",
            ")",
            "\u2022",
            "Periodically",
            ",",
            "the",
            "fake",
            "byte",
            "code",
            "is",
            "translated",
            "into",
            "machine",
            "code",
            ".",
            "\u2022",
            "This",
            "is",
            "a",
            "type",
            "of",
            "delayed",
            "compilation",
            "!",
            "Just-In-Time",
            "(",
            "JIT",
            ")",
            "compilation",
            ".",
            "\u2022",
            "This",
            "is",
            "a",
            "compromise",
            "to",
            "either",
            "approach",
            ".",
            "\u2022",
            "Surprisingly",
            "very",
            "competitive",
            "in",
            "speed",
            ".",
            "\u2022",
            "I",
            "don",
            "\u2019",
            "t",
            "think",
            "the",
            "JVM-style",
            "JIT",
            "is",
            "going",
            "away",
            "any",
            "time",
            "soon",
            ".",
            "12"
        ],
        "labels": [
            "B",
            "O",
            "O",
            "B",
            "I",
            "O",
            "O",
            "O",
            "O",
            "B",
            "O",
            "O",
            "O",
            "O",
            "O",
            "O",
            "O",
            "O",
            "O",
            "O",
            "O",
            "O",
            "O",
            "O",
            "O",
            "O",
            "O",
            "O",
            "O",
            "O",
            "O",
            "O",
            "O",
            "O",
            "O",
            "O",
            "O",
            "O",
            "O",
            "O",
            "O",
            "O",
            "O",
            "O",
            "O",
            "O",
            "O",
            "O",
            "O",
            "O",
            "O",
            "O",
            "O",
            "O",
            "O",
            "O",
            "O",
            "O",
            "O",
            "O",
            "O",
            "O",
            "O",
            "O",
            "O",
            "O",
            "O",
            "O",
            "O",
            "O",
            "O",
            "O",
            "O",
            "O",
            "O",
            "O",
            "O",
            "O",
            "O",
            "O",
            "O",
            "O",
            "O",
            "O",
            "O",
            "O",
            "O",
            "O",
            "O",
            "O",
            "O",
            "O",
            "O",
            "O",
            "O",
            "O",
            "O",
            "O",
            "O",
            "O",
            "O",
            "O",
            "O",
            "O",
            "O",
            "O",
            "O",
            "O",
            "O",
            "O",
            "O",
            "O",
            "O",
            "O",
            "O",
            "O",
            "O",
            "O",
            "O",
            "O",
            "O",
            "O",
            "O",
            "O",
            "O",
            "O",
            "O"
        ]
    },
    {
        "words": [
            "C",
            "vs.",
            "Java",
            "C",
            "(",
            "C99",
            ")",
            "Java",
            "Type",
            "of",
            "Function",
            "Oriented",
            "Object",
            "Oriented",
            "Language",
            "Programming",
            "Function",
            "Class",
            "=",
            "Abstract",
            "Data",
            "Type",
            "Unit",
            "gcc",
            "hello.c",
            "-",
            "creates",
            "machine",
            "javac",
            "Hello.java",
            "-",
            "creates",
            "Java",
            "virtual",
            "machine",
            "Compilation",
            "language",
            "code",
            "language",
            "bytecode",
            "a.out",
            "-",
            "loads",
            "and",
            "executes",
            "Execution",
            "java",
            "Hello",
            "-",
            "interprets",
            "bytecodes",
            "program",
            "hello",
            ",",
            "world",
            "Storage",
            "Manual",
            "(",
            "malloc",
            ",",
            "free",
            ")",
            "Automatic",
            "(",
            "garbage",
            "collection",
            ")",
            "From",
            "http",
            ":",
            "//www.cs.princeton.edu/introcs/faq/c2java.html",
            "13"
        ],
        "labels": [
            "B",
            "I",
            "B",
            "B",
            "O",
            "O",
            "O",
            "B",
            "O",
            "O",
            "O",
            "O",
            "O",
            "O",
            "O",
            "O",
            "O",
            "O",
            "O",
            "O",
            "O",
            "O",
            "O",
            "O",
            "O",
            "O",
            "O",
            "O",
            "O",
            "O",
            "O",
            "O",
            "B",
            "O",
            "O",
            "B",
            "O",
            "O",
            "O",
            "O",
            "O",
            "O",
            "O",
            "O",
            "O",
            "O",
            "O",
            "O",
            "O",
            "O",
            "O",
            "O",
            "O",
            "O",
            "O",
            "O",
            "O",
            "O",
            "O",
            "O",
            "O",
            "O",
            "O",
            "O",
            "O",
            "O",
            "O",
            "O",
            "O",
            "O",
            "O",
            "O"
        ]
    },
    {
        "words": [
            "C",
            "vs.",
            "Java",
            "C",
            "(",
            "C99",
            ")",
            "Java",
            "Comments",
            "or",
            "\u2026",
            "end",
            "of",
            "line",
            "or",
            "\u2026",
            "end",
            "of",
            "line",
            "Constants",
            "Preprocessor",
            "Yes",
            "No",
            "Variable",
            "At",
            "beginning",
            "of",
            "a",
            "block",
            "Before",
            "you",
            "use",
            "it",
            "declaration",
            "Variable",
            "naming",
            "conventions",
            "Accessing",
            "a",
            "library",
            "From",
            "http",
            ":",
            "//www.cs.princeton.edu/introcs/faq/c2java.html",
            "14"
        ],
        "labels": [
            "B",
            "I",
            "B",
            "B",
            "O",
            "O",
            "O",
            "B",
            "O",
            "O",
            "O",
            "O",
            "O",
            "O",
            "O",
            "O",
            "O",
            "O",
            "O",
            "B",
            "O",
            "O",
            "O",
            "O",
            "O",
            "O",
            "O",
            "O",
            "O",
            "O",
            "O",
            "O",
            "O",
            "O",
            "O",
            "O",
            "O",
            "O",
            "O",
            "O",
            "O",
            "O",
            "O",
            "O",
            "O"
        ]
    },
    {
        "words": [
            "Hello",
            "World",
            "15"
        ],
        "labels": [
            "O",
            "O",
            "O"
        ]
    },
    {
        "words": [
            "C",
            "Dialects",
            "\u2022",
            "You",
            "will",
            "see",
            "a",
            "lot",
            "of",
            "different",
            "styles",
            "of",
            "C",
            "in",
            "the",
            "world",
            "at",
            "large",
            ".",
            "\u2022",
            "The",
            "syntax",
            "has",
            "changed",
            "very",
            "little",
            ".",
            "\u2022",
            "There",
            "have",
            "been",
            "a",
            "few",
            "different",
            "standard",
            "revisions",
            ".",
            "\u2022",
            "C89",
            "\u2013",
            "ANSI",
            "/",
            "ISO",
            "C",
            "\u2022",
            "\u2013",
            "\u2013",
            "\u2022",
            "C99",
            "\u2013",
            "Adds",
            "\u2018",
            "complex",
            "\u2019",
            "numbers",
            "and",
            "single-line",
            "comments",
            "\u2022",
            "\u2013",
            "\u2022",
            "C11",
            "\u2013",
            "Newer",
            "than",
            "99",
            "(",
            "laughs",
            "in",
            "Y2K",
            "bug",
            ")",
            "starts",
            "to",
            "standardize",
            "Unicode",
            "and",
            "threading",
            "libraries",
            ".",
            "\u2022",
            "\u2013",
            "\u2022",
            "C18",
            "\u2013",
            "Minor",
            "refinement",
            "of",
            "C11",
            ".",
            "The",
            "current",
            "C",
            "standard",
            ".",
            "\u2022",
            "\u2013",
            "\u2022",
            "We",
            "will",
            "more",
            "or",
            "less",
            "focus",
            "on",
            "the",
            "C99",
            "standard",
            "in",
            "our",
            "course",
            ".",
            "\u2022",
            "I",
            "\u2019",
            "ll",
            "try",
            "to",
            "point",
            "out",
            "some",
            "newer",
            "things",
            "if",
            "they",
            "are",
            "relevant",
            ".",
            "16"
        ],
        "labels": [
            "B",
            "O",
            "O",
            "O",
            "O",
            "O",
            "O",
            "O",
            "O",
            "O",
            "O",
            "O",
            "B",
            "O",
            "O",
            "O",
            "O",
            "O",
            "O",
            "O",
            "O",
            "O",
            "O",
            "O",
            "O",
            "O",
            "O",
            "O",
            "O",
            "O",
            "O",
            "O",
            "O",
            "O",
            "O",
            "O",
            "O",
            "O",
            "O",
            "O",
            "O",
            "O",
            "O",
            "B",
            "O",
            "O",
            "O",
            "O",
            "O",
            "O",
            "O",
            "O",
            "O",
            "O",
            "O",
            "O",
            "O",
            "O",
            "O",
            "O",
            "O",
            "O",
            "O",
            "O",
            "O",
            "O",
            "O",
            "O",
            "O",
            "O",
            "O",
            "O",
            "O",
            "O",
            "O",
            "O",
            "O",
            "O",
            "O",
            "O",
            "O",
            "O",
            "O",
            "O",
            "O",
            "O",
            "O",
            "O",
            "O",
            "O",
            "O",
            "O",
            "B",
            "O",
            "O",
            "O",
            "O",
            "O",
            "O",
            "O",
            "O",
            "O",
            "O",
            "O",
            "O",
            "O",
            "O",
            "O",
            "O",
            "O",
            "O",
            "O",
            "O",
            "O",
            "O",
            "O",
            "O",
            "O",
            "O",
            "O",
            "O",
            "O",
            "O",
            "O",
            "O",
            "O",
            "O",
            "O",
            "O"
        ]
    },
    {
        "words": [
            "The",
            "C",
            "Syntax",
            "Nothing",
            "can",
            "be",
            "said",
            "to",
            "be",
            "certain",
            ",",
            "except",
            "death",
            "and",
            "C-like",
            "syntaxes",
            ".",
            "17"
        ],
        "labels": [
            "O",
            "B",
            "I",
            "O",
            "O",
            "O",
            "O",
            "O",
            "O",
            "O",
            "O",
            "O",
            "O",
            "O",
            "O",
            "O",
            "O",
            "O"
        ]
    },
    {
        "words": [
            "The",
            "C",
            "Pre-Processor",
            "\u2022",
            "The",
            "C",
            "language",
            "is",
            "incredibly",
            "simplistic",
            ".",
            "\u2022",
            "To",
            "add",
            "some",
            "constrained",
            "complexity",
            ",",
            "there",
            "is",
            "a",
            "macro",
            "language",
            ".",
            "\u2022",
            "This",
            "code",
            "does",
            "not",
            "get",
            "translated",
            "to",
            "machine",
            "code",
            ",",
            "but",
            "to",
            "more",
            "code",
            "!",
            "18"
        ],
        "labels": [
            "O",
            "B",
            "I",
            "O",
            "O",
            "B",
            "O",
            "O",
            "O",
            "O",
            "O",
            "O",
            "O",
            "O",
            "O",
            "O",
            "O",
            "O",
            "O",
            "O",
            "O",
            "O",
            "O",
            "O",
            "O",
            "O",
            "O",
            "O",
            "O",
            "O",
            "O",
            "O",
            "O",
            "O",
            "O",
            "O",
            "O",
            "O",
            "O",
            "O",
            "O"
        ]
    },
    {
        "words": [
            "The",
            "\u201c",
            "main",
            "\u201d",
            "function",
            "19"
        ],
        "labels": [
            "O",
            "O",
            "O",
            "O",
            "O",
            "O"
        ]
    },
    {
        "words": [
            "Declaring",
            "variables",
            "20"
        ],
        "labels": [
            "B",
            "I",
            "O"
        ]
    },
    {
        "words": [
            "Casting",
            "21"
        ],
        "labels": [
            "B",
            "O"
        ]
    },
    {
        "words": [
            "Integer",
            "Sizes",
            "\u2013",
            "Revisted",
            ":",
            "sizeof",
            "22"
        ],
        "labels": [
            "B",
            "I",
            "O",
            "O",
            "O",
            "O",
            "O"
        ]
    },
    {
        "words": [
            "Integer",
            "Sizes",
            "\u2013",
            "Revisted",
            "23"
        ],
        "labels": [
            "B",
            "I",
            "O",
            "O",
            "O"
        ]
    },
    {
        "words": [
            "Integers",
            ":",
            "Python",
            "vs.",
            "Java",
            "vs.",
            "C",
            "Language",
            "sizeof",
            "(",
            "int",
            ")",
            "Python",
            ">",
            "=32",
            "bits",
            "(",
            "plain",
            "ints",
            ")",
            ",",
            "infinite",
            "(",
            "long",
            "ints",
            ")",
            "Java",
            "32",
            "bits",
            "C",
            "Depends",
            "on",
            "computer",
            ";",
            "16",
            "or",
            "32",
            "or",
            "64",
            "\u2022",
            "C",
            ":",
            "\u2022",
            "integer",
            "type",
            "that",
            "target",
            "processor",
            "works",
            "with",
            "most",
            "efficiently",
            "\u2022",
            "For",
            "modern",
            "C",
            ",",
            "this",
            "is",
            "generally",
            "a",
            "good-enough",
            "default",
            "choice",
            ".",
            "\u2022",
            "Only",
            "guarantee",
            ":",
            "\u2022",
            "\u2265",
            "\u2265",
            "\u2265",
            "\u2022",
            "Also",
            ",",
            ">",
            "=",
            "16",
            "bits",
            ",",
            ">",
            "=",
            "32",
            "bits",
            "\u2022",
            "All",
            "could",
            "be",
            "64",
            "bits",
            "\u2022",
            "Impacts",
            "portability",
            "between",
            "architectures",
            "24"
        ],
        "labels": [
            "O",
            "O",
            "O",
            "O",
            "B",
            "O",
            "B",
            "O",
            "O",
            "O",
            "O",
            "O",
            "O",
            "O",
            "O",
            "O",
            "O",
            "O",
            "O",
            "O",
            "O",
            "O",
            "O",
            "O",
            "O",
            "O",
            "B",
            "O",
            "O",
            "B",
            "O",
            "O",
            "O",
            "O",
            "O",
            "O",
            "O",
            "O",
            "O",
            "O",
            "B",
            "O",
            "O",
            "O",
            "O",
            "O",
            "O",
            "O",
            "O",
            "O",
            "O",
            "O",
            "O",
            "O",
            "O",
            "B",
            "O",
            "O",
            "O",
            "O",
            "O",
            "O",
            "O",
            "O",
            "O",
            "O",
            "O",
            "O",
            "O",
            "O",
            "O",
            "O",
            "O",
            "O",
            "O",
            "O",
            "O",
            "O",
            "O",
            "O",
            "O",
            "O",
            "O",
            "O",
            "O",
            "O",
            "O",
            "O",
            "O",
            "O",
            "O",
            "O",
            "O",
            "O",
            "O",
            "O",
            "O"
        ]
    },
    {
        "words": [
            "Constants",
            "25"
        ],
        "labels": [
            "B",
            "O"
        ]
    },
    {
        "words": [
            "Enumerations",
            "26"
        ],
        "labels": [
            "B",
            "O"
        ]
    },
    {
        "words": [
            "Operators",
            ":",
            "Java",
            "stole",
            "\u2018",
            "em",
            "from",
            "here",
            "27"
        ],
        "labels": [
            "B",
            "O",
            "B",
            "O",
            "O",
            "O",
            "O",
            "O",
            "O"
        ]
    },
    {
        "words": [
            "Augmented",
            "Operators",
            "\u2013",
            "28"
        ],
        "labels": [
            "B",
            "B",
            "O",
            "O"
        ]
    },
    {
        "words": [
            "Expressions",
            ":",
            "an",
            "expression",
            "of",
            "frustration",
            "!",
            "!",
            "\u2022",
            "C",
            "often",
            "coerces",
            "(",
            "implicitly",
            "casts",
            ")",
            "integers",
            "when",
            "operating",
            "on",
            "them",
            ".",
            "\u2022",
            "To",
            "remove",
            "ambiguity",
            ",",
            "expressions",
            ",",
            "such",
            "as",
            ",",
            "result",
            "in",
            "a",
            "type",
            "that",
            "most",
            "accommodates",
            "that",
            "operation",
            ".",
            "\u2022",
            "Specifically",
            ",",
            "C",
            "will",
            "coerce",
            "all",
            "inputs",
            "of",
            "binary",
            "operators",
            "to",
            "at",
            "least",
            "an",
            "type",
            ".",
            "\u2022",
            "You",
            "\u2019",
            "ll",
            "find",
            "that",
            "\u201c",
            "this",
            "is",
            "weird",
            ",",
            "but",
            "consistent",
            "\u201d",
            "is",
            "C",
            "\u2019",
            "s",
            "general",
            "motto",
            "29"
        ],
        "labels": [
            "B",
            "O",
            "O",
            "O",
            "O",
            "O",
            "O",
            "O",
            "O",
            "B",
            "O",
            "O",
            "O",
            "O",
            "O",
            "O",
            "O",
            "O",
            "O",
            "O",
            "O",
            "O",
            "O",
            "O",
            "O",
            "O",
            "O",
            "O",
            "O",
            "O",
            "O",
            "O",
            "O",
            "O",
            "O",
            "O",
            "O",
            "O",
            "O",
            "O",
            "O",
            "O",
            "O",
            "O",
            "O",
            "B",
            "O",
            "O",
            "O",
            "O",
            "O",
            "O",
            "O",
            "O",
            "O",
            "O",
            "O",
            "O",
            "O",
            "O",
            "O",
            "O",
            "O",
            "O",
            "O",
            "O",
            "O",
            "O",
            "O",
            "O",
            "O",
            "O",
            "O",
            "O",
            "B",
            "O",
            "O",
            "O",
            "O",
            "O"
        ]
    },
    {
        "words": [
            "The",
            "C",
            "Syntax",
            ":",
            "Control",
            "Flow",
            "Once",
            "you",
            "C",
            "the",
            "program",
            ",",
            "you",
            "can",
            "BE",
            "the",
            "program",
            ".",
            "30"
        ],
        "labels": [
            "O",
            "B",
            "I",
            "O",
            "B",
            "I",
            "O",
            "O",
            "B",
            "O",
            "O",
            "O",
            "O",
            "O",
            "O",
            "O",
            "O",
            "O",
            "O"
        ]
    },
    {
        "words": [
            "Controlling",
            "the",
            "flow",
            ":",
            "an",
            "intro",
            "to",
            "spaghetti",
            "31"
        ],
        "labels": [
            "O",
            "O",
            "O",
            "O",
            "O",
            "O",
            "O",
            "O",
            "O"
        ]
    },
    {
        "words": [
            "Controlling",
            "the",
            "flow",
            ":",
            "Boolean",
            "Expressions",
            "\u2022",
            "C",
            "does",
            "not",
            "have",
            "a",
            "Boolean",
            "type",
            "!",
            "\u2022",
            "However",
            ",",
            "the",
            "C99",
            "and",
            "newer",
            "standard",
            "library",
            "provides",
            "one",
            "in",
            "\u2022",
            "The",
            "Boolean",
            "expressions",
            "are",
            "actually",
            "just",
            "an",
            "type",
            ".",
            "\u2022",
            "It",
            "is",
            "just",
            "the",
            "general",
            ",",
            "default",
            "type",
            ".",
            "Weird",
            "but",
            "consistent",
            ",",
            "yet",
            "again",
            "!",
            "32"
        ],
        "labels": [
            "O",
            "O",
            "O",
            "O",
            "B",
            "B",
            "O",
            "B",
            "O",
            "O",
            "O",
            "O",
            "O",
            "O",
            "O",
            "O",
            "O",
            "O",
            "O",
            "O",
            "O",
            "O",
            "O",
            "O",
            "O",
            "O",
            "O",
            "O",
            "O",
            "B",
            "I",
            "O",
            "O",
            "O",
            "O",
            "O",
            "O",
            "O",
            "O",
            "O",
            "O",
            "O",
            "O",
            "O",
            "O",
            "O",
            "O",
            "O",
            "O",
            "O",
            "O",
            "O",
            "O",
            "O",
            "O"
        ]
    },
    {
        "words": [
            "Controlling",
            "the",
            "flow",
            ":",
            "Putting",
            "it",
            "Together",
            "\u2022",
            "statements",
            "therefore",
            "take",
            "an",
            "and",
            "not",
            "a",
            "Boolean",
            ",",
            "as",
            "an",
            "expression",
            ".",
            "\u2022",
            "If",
            "the",
            "expression",
            "is",
            "it",
            "is",
            "considered",
            "false",
            ".",
            "\u2022",
            "Otherwise",
            ",",
            "it",
            "is",
            "considered",
            "true",
            ".",
            "33"
        ],
        "labels": [
            "O",
            "O",
            "O",
            "O",
            "O",
            "O",
            "O",
            "O",
            "O",
            "O",
            "O",
            "O",
            "O",
            "O",
            "O",
            "O",
            "O",
            "O",
            "O",
            "O",
            "O",
            "O",
            "O",
            "O",
            "O",
            "O",
            "O",
            "O",
            "O",
            "O",
            "O",
            "O",
            "O",
            "O",
            "O",
            "O",
            "O",
            "O",
            "O",
            "O"
        ]
    },
    {
        "words": [
            "Throwing",
            "us",
            "all",
            "for",
            "a",
            "loop",
            "\u2022",
            "Most",
            "loops",
            "(",
            "while",
            ",",
            "do",
            ")",
            "work",
            "exactly",
            "like",
            "Java",
            ".",
            "\u2022",
            "Except",
            ",",
            "of",
            "course",
            ",",
            "the",
            "expressions",
            "are",
            "typed",
            ",",
            "like",
            "statements",
            ".",
            "\u2022",
            "For",
            "loops",
            "only",
            "come",
            "in",
            "the",
            "traditional",
            "variety",
            ":",
            "\u2022",
            "\u2022",
            "C89",
            "does",
            "not",
            "allow",
            "variable",
            "declaration",
            "within",
            ":",
            "\u2022",
            "ERROR",
            ":",
            "\u2022",
            "However",
            ",",
            "C99",
            "and",
            "newer",
            "does",
            "allow",
            "this",
            ".",
            "Please",
            "do",
            "it",
            ".",
            "\u2022",
            "Loops",
            "have",
            "special",
            "statements",
            "that",
            "alter",
            "the",
            "flow",
            ":",
            "\u2022",
            "will",
            "end",
            "the",
            "current",
            "iteration",
            "and",
            "start",
            "the",
            "next",
            ".",
            "\u2022",
            "will",
            "exit",
            "the",
            "loop",
            "entirely",
            ".",
            "34"
        ],
        "labels": [
            "O",
            "O",
            "O",
            "O",
            "O",
            "O",
            "O",
            "O",
            "O",
            "O",
            "O",
            "O",
            "O",
            "O",
            "O",
            "O",
            "O",
            "B",
            "O",
            "O",
            "O",
            "O",
            "O",
            "O",
            "O",
            "O",
            "O",
            "O",
            "O",
            "O",
            "O",
            "O",
            "O",
            "O",
            "O",
            "O",
            "O",
            "O",
            "O",
            "O",
            "O",
            "O",
            "O",
            "O",
            "O",
            "O",
            "O",
            "O",
            "O",
            "O",
            "O",
            "O",
            "O",
            "O",
            "O",
            "O",
            "O",
            "O",
            "O",
            "O",
            "O",
            "O",
            "O",
            "O",
            "O",
            "O",
            "O",
            "O",
            "O",
            "O",
            "O",
            "B",
            "O",
            "O",
            "O",
            "O",
            "O",
            "O",
            "O",
            "O",
            "O",
            "O",
            "O",
            "O",
            "O",
            "O",
            "O",
            "O",
            "O",
            "O",
            "O",
            "O",
            "O",
            "O",
            "O",
            "O",
            "O",
            "O",
            "O"
        ]
    },
    {
        "words": [
            "Loop",
            "Refresher",
            ":",
            "While",
            ",",
            "Do-While",
            ",",
            "For",
            "Loops",
            "35"
        ],
        "labels": [
            "O",
            "O",
            "O",
            "O",
            "O",
            "O",
            "O",
            "O",
            "B",
            "O"
        ]
    },
    {
        "words": [
            "Taking",
            "a",
            "break",
            "and",
            "switching",
            "it",
            "up",
            "\u2022",
            "The",
            "statement",
            "requires",
            "proper",
            "placement",
            "of",
            "to",
            "work",
            "properly",
            ".",
            "\u2022",
            "Starts",
            "at",
            "matching",
            "expression",
            "and",
            "follows",
            "until",
            "it",
            "sees",
            "a",
            ".",
            "\u2022",
            "It",
            "will",
            "\u201c",
            "fall",
            "through",
            "\u201d",
            "other",
            "statements",
            "if",
            "there",
            "is",
            "no",
            "between",
            "them",
            ".",
            "\u2022",
            "Sometimes",
            "fall",
            "through",
            "is",
            "used",
            "on",
            "purpose",
            "...",
            "but",
            "it",
            "\u2019",
            "s",
            "a",
            "bug",
            "99",
            "%",
            "of",
            "the",
            "time",
            ":",
            "/",
            "36"
        ],
        "labels": [
            "O",
            "O",
            "O",
            "O",
            "O",
            "O",
            "O",
            "O",
            "O",
            "O",
            "O",
            "O",
            "O",
            "O",
            "O",
            "O",
            "O",
            "O",
            "O",
            "O",
            "O",
            "O",
            "O",
            "O",
            "O",
            "O",
            "O",
            "O",
            "O",
            "O",
            "O",
            "O",
            "O",
            "O",
            "O",
            "O",
            "O",
            "O",
            "O",
            "O",
            "O",
            "O",
            "O",
            "O",
            "O",
            "O",
            "O",
            "O",
            "O",
            "O",
            "O",
            "O",
            "O",
            "O",
            "O",
            "O",
            "O",
            "O",
            "O",
            "O",
            "O",
            "O",
            "O",
            "O",
            "O",
            "O",
            "O",
            "O",
            "O"
        ]
    },
    {
        "words": [
            "Control",
            "Flow",
            ":",
            "Summary",
            "Note",
            ":",
            "a",
            "can",
            "be",
            "a",
            "{",
            "block",
            "}",
            "\u2022",
            "Conditional",
            "Blocks",
            ":",
            "\u2022",
            "\u2022",
            "\u2022",
            "The",
            "if",
            "statement",
            "can",
            "be",
            "chained",
            ":",
            "\u2022",
            "Conventional",
            "Loops",
            ":",
            "\u2022",
            "\u2022",
            "37"
        ],
        "labels": [
            "B",
            "I",
            "O",
            "O",
            "O",
            "O",
            "O",
            "O",
            "O",
            "O",
            "O",
            "O",
            "O",
            "O",
            "O",
            "O",
            "O",
            "O",
            "O",
            "O",
            "O",
            "O",
            "O",
            "O",
            "O",
            "O",
            "O",
            "O",
            "O",
            "B",
            "O",
            "O",
            "O",
            "O"
        ]
    },
    {
        "words": [
            "Control",
            "Flow",
            ":",
            "Summary",
            "Note",
            ":",
            "a",
            "can",
            "be",
            "a",
            "{",
            "block",
            "}",
            "\u2022",
            "For",
            "Loops",
            ":",
            "\u2022",
            "\u2022",
            "\u2022",
            "\u2022",
            "Switch",
            ":",
            "\u2022",
            "\u2022",
            "38"
        ],
        "labels": [
            "B",
            "I",
            "O",
            "O",
            "O",
            "O",
            "O",
            "O",
            "O",
            "O",
            "O",
            "O",
            "O",
            "O",
            "O",
            "B",
            "O",
            "O",
            "O",
            "O",
            "O",
            "O",
            "O",
            "O",
            "O",
            "O"
        ]
    },
    {
        "words": [
            "What",
            "\u2019",
            "s",
            "your",
            "function",
            "?",
            "\u2022",
            "Familiar",
            ":",
            "Java",
            "is",
            ",",
            "once",
            "again",
            ",",
            "C-like",
            "\u2022",
            "You",
            "declare",
            "the",
            "return",
            "type",
            "before",
            "the",
            "name",
            ".",
            "\u2022",
            "is",
            "used",
            "when",
            "there",
            "is",
            "nothing",
            "returned",
            "\u2022",
            "It",
            "is",
            "also",
            "used",
            "to",
            "explicitly",
            "denote",
            "there",
            "being",
            "no",
            "arguments",
            ".",
            "\u2022",
            "You",
            "SHOULD",
            "specify",
            "instead",
            "of",
            "having",
            "an",
            "empty",
            "list",
            ".",
            "\u2022",
            "Functions",
            "must",
            "be",
            "declared",
            "before",
            "they",
            "can",
            "be",
            "used",
            ".",
            "\u2022",
            "We",
            "will",
            "look",
            "at",
            "how",
            "we",
            "divide",
            "functions",
            "up",
            "between",
            "files",
            "soon",
            "!",
            "39"
        ],
        "labels": [
            "O",
            "O",
            "O",
            "O",
            "O",
            "O",
            "O",
            "O",
            "O",
            "B",
            "O",
            "O",
            "O",
            "O",
            "O",
            "O",
            "O",
            "O",
            "O",
            "O",
            "O",
            "O",
            "O",
            "O",
            "O",
            "O",
            "O",
            "O",
            "O",
            "O",
            "O",
            "O",
            "O",
            "O",
            "O",
            "O",
            "O",
            "O",
            "O",
            "O",
            "O",
            "O",
            "O",
            "O",
            "O",
            "O",
            "O",
            "O",
            "O",
            "O",
            "O",
            "O",
            "O",
            "O",
            "O",
            "O",
            "O",
            "O",
            "O",
            "B",
            "O",
            "O",
            "O",
            "O",
            "O",
            "O",
            "O",
            "O",
            "O",
            "O",
            "O",
            "O",
            "O",
            "O",
            "O",
            "O",
            "O",
            "O",
            "O",
            "O",
            "O",
            "O",
            "O",
            "O"
        ]
    },
    {
        "words": [
            "This",
            "is",
            "all",
            "the",
            "structure",
            "you",
            "get",
            ",",
            "kid",
            "\u2022",
            "C",
            "gives",
            "us",
            "a",
            "very",
            "simple",
            "method",
            "of",
            "defining",
            "aggregate",
            "data",
            "types",
            ".",
            "\u2022",
            "The",
            "struct",
            "keyword",
            "can",
            "combine",
            "several",
            "data",
            "types",
            "together",
            ":",
            "40"
        ],
        "labels": [
            "O",
            "O",
            "O",
            "O",
            "O",
            "O",
            "O",
            "O",
            "O",
            "O",
            "B",
            "O",
            "O",
            "O",
            "O",
            "O",
            "O",
            "O",
            "O",
            "O",
            "O",
            "O",
            "O",
            "O",
            "O",
            "O",
            "O",
            "O",
            "O",
            "O",
            "O",
            "O",
            "O",
            "O",
            "O"
        ]
    },
    {
        "words": [
            "I",
            "don",
            "\u2019",
            "t",
            "like",
            "all",
            "that",
            "typing\u2026",
            "So",
            "I",
            "\u2019",
            "ll\u2026",
            "typedef",
            "it",
            "\u2022",
            "To",
            "avoid",
            "typing",
            "the",
            "full",
            "name",
            "\u201c",
            "struct",
            "Song",
            "\u201d",
            "we",
            "can",
            "create",
            "a",
            "Song",
            "type",
            "instead",
            ".",
            "\u2022",
            "The",
            "typedef",
            "keyword",
            "defines",
            "new",
            "types",
            ".",
            "41"
        ],
        "labels": [
            "O",
            "O",
            "O",
            "O",
            "O",
            "O",
            "O",
            "O",
            "O",
            "O",
            "O",
            "O",
            "O",
            "O",
            "O",
            "O",
            "O",
            "O",
            "O",
            "O",
            "O",
            "O",
            "O",
            "O",
            "O",
            "O",
            "O",
            "O",
            "O",
            "O",
            "O",
            "O",
            "O",
            "O",
            "O",
            "O",
            "O",
            "O",
            "O",
            "O",
            "O",
            "O"
        ]
    },
    {
        "words": [
            "I",
            "don",
            "\u2019",
            "t",
            "like",
            "all",
            "that",
            "typing\u2026",
            "So",
            "I",
            "\u2019",
            "ll\u2026",
            "typedef",
            "it",
            "\u2022",
            "You",
            "can",
            "also",
            "do",
            "this",
            "with",
            "integer",
            "types",
            ",",
            "for",
            "instance",
            "to",
            "define",
            "bool",
            ":",
            "\u2022",
            "And",
            "types",
            ",",
            "although",
            "it",
            "won",
            "\u2019",
            "t",
            "complain",
            "if",
            "you",
            "mix/match",
            "them",
            ":",
            "\u2022",
            "Now",
            ",",
            "functions",
            "can",
            "better",
            "illustrate",
            "they",
            "take",
            "an",
            "enum",
            "value",
            ":",
            "\u2022",
            "Though",
            ",",
            "it",
            "accepts",
            "any",
            "integer",
            "and",
            ",",
            "yikes",
            ",",
            "any",
            "enum",
            "value",
            "without",
            "complaint",
            "!",
            "42"
        ],
        "labels": [
            "O",
            "O",
            "O",
            "O",
            "O",
            "O",
            "O",
            "O",
            "O",
            "O",
            "O",
            "O",
            "O",
            "O",
            "O",
            "O",
            "O",
            "O",
            "O",
            "O",
            "O",
            "O",
            "O",
            "O",
            "O",
            "O",
            "O",
            "O",
            "O",
            "O",
            "O",
            "O",
            "O",
            "O",
            "O",
            "O",
            "O",
            "O",
            "O",
            "O",
            "O",
            "O",
            "O",
            "O",
            "O",
            "O",
            "O",
            "O",
            "O",
            "O",
            "O",
            "O",
            "O",
            "O",
            "O",
            "O",
            "O",
            "O",
            "O",
            "O",
            "O",
            "O",
            "O",
            "O",
            "O",
            "O",
            "O",
            "O",
            "O",
            "O",
            "O",
            "O",
            "O",
            "O",
            "O",
            "O"
        ]
    },
    {
        "words": [
            "That",
            "\u2019",
            "s",
            "seriously",
            "all",
            "you",
            "get\u2026",
            "\u2022",
            "Unlike",
            "Java",
            ",",
            "C",
            "is",
            "not",
            "Object-Oriented",
            "and",
            "has",
            "no",
            "class",
            "instantiation",
            ".",
            "\u2022",
            "That",
            "\u2019",
            "s",
            "C++",
            "!",
            "43"
        ],
        "labels": [
            "O",
            "O",
            "O",
            "O",
            "O",
            "O",
            "O",
            "O",
            "O",
            "B",
            "O",
            "B",
            "O",
            "O",
            "O",
            "O",
            "O",
            "O",
            "O",
            "O",
            "O",
            "O",
            "O",
            "O",
            "O",
            "O",
            "O",
            "O"
        ]
    },
    {
        "words": [
            "Garbage",
            "in",
            ",",
            "garbage",
            "out",
            ":",
            "initialization",
            "\u2022",
            "As",
            "we",
            "saw",
            "earlier",
            ",",
            "variables",
            "don",
            "\u2019",
            "t",
            "require",
            "initialization",
            ".",
            "\u2022",
            "However",
            ",",
            "unlike",
            "Java",
            ",",
            "the",
            "variables",
            "do",
            "not",
            "have",
            "a",
            "default",
            "value",
            ".",
            "\u2022",
            "Java",
            "will",
            "initialize",
            "integers",
            "to",
            "0",
            "if",
            "you",
            "do",
            "not",
            "specify",
            ".",
            "\u2022",
            "C",
            ",",
            "on",
            "the",
            "other",
            "hand\u2026",
            "\u2022",
            "The",
            "default",
            "values",
            "for",
            "variables",
            "are",
            "undefined",
            ".",
            "\u2022",
            "They",
            "could",
            "be",
            "anything",
            ".",
            "\u2022",
            "The",
            "Operating",
            "System",
            "ultimately",
            "decides",
            ".",
            "\u2022",
            "Generally",
            ",",
            "whatever",
            "memory",
            "is",
            "left",
            "over",
            ".",
            "Also",
            "known",
            "as",
            "\u201c",
            "garbage",
            ".",
            "\u201d",
            "\u2022",
            "ALWAYS",
            "INITIALIZE",
            "YOUR",
            "VARIABLES",
            "44"
        ],
        "labels": [
            "B",
            "I",
            "I",
            "I",
            "I",
            "O",
            "O",
            "O",
            "O",
            "O",
            "O",
            "O",
            "O",
            "O",
            "O",
            "O",
            "O",
            "O",
            "O",
            "O",
            "O",
            "O",
            "O",
            "O",
            "B",
            "O",
            "O",
            "O",
            "O",
            "O",
            "O",
            "O",
            "O",
            "O",
            "O",
            "O",
            "B",
            "O",
            "O",
            "O",
            "O",
            "O",
            "O",
            "O",
            "O",
            "O",
            "O",
            "O",
            "O",
            "B",
            "O",
            "O",
            "O",
            "O",
            "O",
            "O",
            "O",
            "O",
            "O",
            "O",
            "O",
            "O",
            "O",
            "O",
            "O",
            "O",
            "O",
            "O",
            "O",
            "O",
            "O",
            "O",
            "O",
            "O",
            "O",
            "O",
            "O",
            "O",
            "O",
            "O",
            "O",
            "O",
            "O",
            "O",
            "O",
            "O",
            "O",
            "O",
            "O",
            "O",
            "O",
            "O",
            "O",
            "O",
            "O",
            "O",
            "O",
            "O",
            "O"
        ]
    },
    {
        "words": [
            "The",
            "trouble",
            "is",
            "stacking",
            "up",
            "on",
            "us",
            "!",
            "Q",
            ":",
            "Hmm",
            ".",
            "Where",
            "is",
            "the",
            "value",
            "for",
            "\u2018",
            "x",
            "\u2019",
            "coming",
            "from",
            "?",
            "Why",
            "?",
            "45"
        ],
        "labels": [
            "O",
            "O",
            "O",
            "O",
            "O",
            "O",
            "O",
            "O",
            "O",
            "O",
            "O",
            "O",
            "O",
            "O",
            "O",
            "O",
            "O",
            "O",
            "O",
            "O",
            "O",
            "O",
            "O",
            "O",
            "O",
            "O"
        ]
    },
    {
        "words": [
            "Where",
            "\u2019",
            "s",
            "that",
            "data",
            "coming",
            "from",
            "?",
            "?",
            "\u2022",
            "Every",
            "variable",
            "and",
            "data",
            "in",
            "your",
            "program",
            "technically",
            "has",
            "a",
            "location",
            "in",
            "which",
            "it",
            "lives",
            ".",
            "\u2022",
            "In",
            "the",
            "previous",
            "nonsense",
            "example",
            ",",
            "the",
            "\u201c",
            "x",
            "\u201d",
            "variable",
            "was",
            "sharing",
            "the",
            "same",
            "space",
            "as",
            "the",
            "\u201c",
            "a",
            "\u201d",
            "variable",
            "from",
            "the",
            "other",
            "function",
            ".",
            "\u2022",
            "The",
            "section",
            "of",
            "incremental",
            "memory",
            "called",
            "the",
            "stack",
            ",",
            "in",
            "this",
            "specific",
            "case",
            ".",
            "\u2022",
            "This",
            "is",
            "not",
            "defined",
            "behavior",
            "of",
            "the",
            "language",
            ",",
            "but",
            "rather",
            "the",
            "OS",
            ".",
            "\u2022",
            "C",
            "does",
            "not",
            "impose",
            "many",
            "rules",
            "on",
            "how",
            "memory",
            "is",
            "laid",
            "out",
            "and",
            "used",
            ".",
            "\u2022",
            "In",
            "fact",
            ",",
            "it",
            "gets",
            "right",
            "out",
            "of",
            "the",
            "way",
            "and",
            "lets",
            "you",
            "fall",
            "flat",
            "on",
            "your",
            "face",
            ".",
            "\u2022",
            "Now",
            ",",
            "we",
            "will",
            "take",
            "a",
            "deeper",
            "dive",
            "into\u2026",
            "MEMORY",
            "46"
        ],
        "labels": [
            "O",
            "O",
            "O",
            "O",
            "O",
            "O",
            "O",
            "O",
            "O",
            "O",
            "O",
            "O",
            "O",
            "O",
            "O",
            "O",
            "O",
            "O",
            "O",
            "O",
            "O",
            "O",
            "O",
            "O",
            "O",
            "O",
            "O",
            "O",
            "O",
            "O",
            "O",
            "O",
            "O",
            "O",
            "O",
            "O",
            "O",
            "O",
            "O",
            "O",
            "O",
            "O",
            "O",
            "O",
            "O",
            "O",
            "O",
            "O",
            "O",
            "O",
            "O",
            "O",
            "O",
            "O",
            "O",
            "O",
            "O",
            "O",
            "O",
            "O",
            "O",
            "O",
            "O",
            "O",
            "O",
            "O",
            "O",
            "O",
            "O",
            "O",
            "O",
            "O",
            "O",
            "O",
            "O",
            "O",
            "O",
            "O",
            "O",
            "O",
            "O",
            "O",
            "O",
            "O",
            "O",
            "B",
            "O",
            "O",
            "O",
            "O",
            "O",
            "O",
            "O",
            "O",
            "O",
            "O",
            "O",
            "O",
            "O",
            "O",
            "O",
            "O",
            "O",
            "O",
            "O",
            "O",
            "O",
            "O",
            "O",
            "O",
            "O",
            "O",
            "O",
            "O",
            "O",
            "O",
            "O",
            "O",
            "O",
            "O",
            "O",
            "O",
            "O",
            "O",
            "O",
            "O",
            "O",
            "O",
            "O",
            "O",
            "O",
            "O"
        ]
    }
]