[
    {
        "words": [
            "7",
            "CS/COE",
            "0449",
            "Introduction",
            "Introduction",
            "to",
            "Systems",
            "Software",
            "to",
            "x86",
            "asm",
            "Luis",
            "Oliveira",
            "(",
            "with",
            "content",
            "borrowed",
            "from",
            "wilkie",
            "and",
            "Vinicius",
            "Petrucci",
            ")"
        ],
        "labels": [
            "O",
            "O",
            "O",
            "O",
            "O",
            "O",
            "B",
            "I",
            "O",
            "B",
            "I",
            "O",
            "O",
            "O",
            "O",
            "O",
            "O",
            "O",
            "O",
            "O",
            "O",
            "O",
            "O"
        ]
    },
    {
        "words": [
            "Assembly",
            "Refresher",
            "What",
            "is",
            "forgotten\u2026",
            "is",
            "art",
            ".",
            "2"
        ],
        "labels": [
            "B",
            "O",
            "O",
            "O",
            "O",
            "O",
            "O",
            "O",
            "O"
        ]
    },
    {
        "words": [
            "What",
            "is",
            "\u201c",
            "Assembly",
            "\u201d",
            "\u2022",
            "Assembly",
            ":",
            "Human-readable",
            "representation",
            "of",
            "machine",
            "code",
            ".",
            "\u2022",
            "Machine",
            "code",
            ":",
            "what",
            "a",
            "computer",
            "actually",
            "runs",
            ".",
            "\u2022",
            "The",
            "\u201c",
            "atoms",
            "\u201d",
            "that",
            "make",
            "up",
            "a",
            "program",
            ".",
            "\u2022",
            "CPUs",
            "CAN",
            "actually",
            "be",
            "fairly",
            "simple",
            "in",
            "concept",
            ".",
            "\u2022",
            "Each",
            "CPU",
            "chooses",
            "its",
            "own",
            "machine",
            "code",
            "(",
            "and",
            "therefore",
            "its",
            "own",
            "style",
            "of",
            "assembly",
            "language",
            ")",
            "\u2022",
            "We",
            "used",
            "MIPS",
            "in",
            "CS",
            "447",
            ".",
            "\u2022",
            "A",
            "RISC",
            "processor",
            ".",
            "\u2022",
            "We",
            "will",
            "compare",
            "that",
            "to",
            "x86",
            "today",
            "!",
            "\u2022",
            "A",
            "CISC",
            "processor",
            ".",
            "3"
        ],
        "labels": [
            "O",
            "O",
            "O",
            "B",
            "O",
            "O",
            "B",
            "O",
            "O",
            "O",
            "O",
            "O",
            "O",
            "O",
            "O",
            "B",
            "I",
            "O",
            "O",
            "O",
            "O",
            "O",
            "O",
            "O",
            "O",
            "O",
            "O",
            "O",
            "O",
            "O",
            "O",
            "O",
            "O",
            "O",
            "O",
            "O",
            "B",
            "O",
            "O",
            "O",
            "O",
            "O",
            "O",
            "O",
            "O",
            "O",
            "O",
            "O",
            "O",
            "O",
            "O",
            "O",
            "O",
            "O",
            "O",
            "O",
            "O",
            "O",
            "O",
            "O",
            "O",
            "O",
            "O",
            "O",
            "O",
            "O",
            "B",
            "O",
            "O",
            "O",
            "O",
            "O",
            "O",
            "B",
            "I",
            "O",
            "O",
            "O",
            "O",
            "O",
            "O",
            "O",
            "B",
            "O",
            "O",
            "O",
            "O",
            "B",
            "I",
            "O",
            "O"
        ]
    },
    {
        "words": [
            "What",
            "is",
            "\u201c",
            "Assembly",
            "\u201d",
            "\u2022",
            "Involves",
            "very",
            "simple",
            "commands",
            ".",
            "\u2022",
            "This",
            "command",
            "copies",
            "data",
            "from",
            "one",
            "place",
            "to",
            "another",
            ".",
            "\u2022",
            "Despite",
            "being",
            "called",
            "\u201c",
            "move",
            "\u201d",
            ",",
            "ugh",
            "!",
            "\u2022",
            "Surprise",
            "!",
            "It",
            "\u2019",
            "s",
            "actually",
            "shorthand",
            "for",
            "a",
            "different",
            "set",
            "of",
            "instructions",
            ".",
            "\u2022",
            "The",
            "processor",
            "can",
            "be",
            "made",
            "simpler",
            ".",
            "Compute",
            "t0+0",
            "\u2022",
            "This",
            "command",
            "gets",
            "transformed",
            "Put",
            "into",
            "\u201c",
            "a0",
            "\u201d",
            "into",
            "a",
            "numerical",
            "representation",
            ".",
            "\u2022",
            "The",
            "processor",
            "then",
            "interprets",
            "the",
            "binary",
            "representation",
            ".",
            "\u2022",
            "That",
            "\u2019",
            "s",
            "essentially",
            "all",
            "a",
            "computer",
            "does",
            "!",
            "\u2022",
            "CS",
            "447",
            "looks",
            "at",
            "this",
            "in",
            "much",
            "greater",
            "detail",
            ".",
            "4"
        ],
        "labels": [
            "O",
            "O",
            "O",
            "B",
            "O",
            "O",
            "O",
            "O",
            "O",
            "O",
            "O",
            "O",
            "O",
            "O",
            "O",
            "O",
            "O",
            "O",
            "O",
            "O",
            "O",
            "O",
            "O",
            "O",
            "O",
            "O",
            "O",
            "O",
            "O",
            "O",
            "O",
            "O",
            "O",
            "O",
            "O",
            "O",
            "O",
            "O",
            "O",
            "O",
            "O",
            "O",
            "O",
            "O",
            "O",
            "O",
            "O",
            "O",
            "O",
            "O",
            "O",
            "O",
            "O",
            "O",
            "O",
            "O",
            "O",
            "O",
            "O",
            "O",
            "O",
            "O",
            "O",
            "O",
            "O",
            "O",
            "O",
            "O",
            "O",
            "O",
            "O",
            "O",
            "O",
            "O",
            "O",
            "O",
            "O",
            "O",
            "O",
            "O",
            "O",
            "O",
            "O",
            "O",
            "O",
            "O",
            "O",
            "O",
            "O",
            "O",
            "O",
            "O",
            "O",
            "O",
            "O",
            "O",
            "O",
            "O",
            "O",
            "O",
            "O",
            "O",
            "O"
        ]
    },
    {
        "words": [
            "Assembly",
            "vs.",
            "Machine",
            "Language",
            "\u2022",
            "Machine",
            "language",
            "instructions",
            "are",
            "the",
            "patterns",
            "of",
            "bits",
            "that",
            "a",
            "processor",
            "reads",
            "to",
            "know",
            "what",
            "to",
            "do",
            "\u2022",
            "Assembly",
            "language",
            "(",
            "or",
            "``",
            "asm",
            "''",
            ")",
            "is",
            "a",
            "human-readable",
            "(",
            "mostly",
            ")",
            ",",
            "textual",
            "representation",
            "of",
            "machine",
            "language",
            ".",
            "MIPS",
            "asm",
            "MIPS",
            "machine",
            "language",
            "5"
        ],
        "labels": [
            "B",
            "O",
            "O",
            "O",
            "O",
            "O",
            "O",
            "O",
            "O",
            "O",
            "O",
            "O",
            "O",
            "O",
            "O",
            "O",
            "O",
            "O",
            "O",
            "O",
            "O",
            "O",
            "O",
            "B",
            "O",
            "O",
            "O",
            "O",
            "O",
            "O",
            "O",
            "O",
            "O",
            "O",
            "O",
            "O",
            "O",
            "O",
            "O",
            "O",
            "O",
            "O",
            "O",
            "O",
            "B",
            "O",
            "B",
            "O",
            "O",
            "O"
        ]
    },
    {
        "words": [
            "Is",
            "Assembly",
            "Useful",
            "?",
            "\u2022",
            "Short",
            "answer",
            ":",
            "YES",
            "\u2022",
            "Assembly",
            "is",
            "\u201c",
            "fast",
            "\u201d",
            ",",
            "so",
            "we",
            "should",
            "use",
            "it",
            "for",
            "everything",
            "!",
            "--",
            "-",
            "NO",
            "!",
            "!",
            "!",
            "--",
            "-",
            "\u2022",
            "No",
            "type-checking",
            ",",
            "no",
            "control",
            "structures",
            ",",
            "very",
            "few",
            "abstractions",
            ".",
            "--",
            "-",
            "Fairly",
            "impractical",
            "for",
            "large",
            "things",
            "--",
            "-",
            "\u2022",
            "Tied",
            "to",
            "a",
            "particular",
            "CPU",
            ".",
            "\u2022",
            "So",
            ",",
            "large",
            "programs",
            "have",
            "to",
            "be",
            "rewritten",
            "(",
            "usually",
            ")",
            "to",
            "work",
            "on",
            "new",
            "things",
            ".",
            "\u2022",
            "Yet",
            ":",
            "good",
            "for",
            "specialized",
            "stuff",
            ".",
            "\u2022",
            "Critical",
            "paths",
            "and",
            "\u201c",
            "boot",
            "\u201d",
            "code",
            "in",
            "Kernels",
            "/",
            "Operating",
            "Systems",
            "\u2022",
            "HPC",
            "(",
            "simulators",
            ",",
            "supercomputer",
            "stuff",
            ")",
            "\u2022",
            "Real-time",
            "programs",
            "(",
            "video",
            "games",
            ";",
            "tho",
            "increasingly",
            "less",
            "/",
            "abstracted",
            "away",
            ")",
            "\u2022",
            "And\u2026",
            "6"
        ],
        "labels": [
            "O",
            "B",
            "O",
            "O",
            "O",
            "O",
            "O",
            "O",
            "O",
            "O",
            "B",
            "O",
            "O",
            "O",
            "O",
            "O",
            "O",
            "O",
            "O",
            "O",
            "O",
            "O",
            "O",
            "O",
            "O",
            "O",
            "O",
            "O",
            "O",
            "O",
            "O",
            "O",
            "O",
            "O",
            "O",
            "O",
            "O",
            "O",
            "O",
            "O",
            "O",
            "O",
            "O",
            "O",
            "O",
            "O",
            "O",
            "O",
            "O",
            "O",
            "O",
            "O",
            "O",
            "O",
            "O",
            "O",
            "O",
            "O",
            "O",
            "O",
            "O",
            "O",
            "O",
            "O",
            "O",
            "O",
            "O",
            "O",
            "O",
            "O",
            "O",
            "O",
            "O",
            "O",
            "O",
            "O",
            "O",
            "O",
            "O",
            "O",
            "O",
            "O",
            "O",
            "O",
            "O",
            "O",
            "O",
            "O",
            "O",
            "O",
            "O",
            "O",
            "O",
            "O",
            "O",
            "O",
            "O",
            "O",
            "O",
            "O",
            "O",
            "O",
            "O",
            "O",
            "O",
            "O",
            "O",
            "O",
            "O",
            "O",
            "O",
            "O",
            "O",
            "O",
            "O",
            "O",
            "O",
            "O",
            "O",
            "O",
            "O",
            "O",
            "O",
            "O"
        ]
    },
    {
        "words": [
            "Architecture",
            "Sits",
            "at",
            "the",
            "Hardware",
            "Interface",
            "Architecture",
            "Hardware",
            "Source",
            "code",
            "Compiler",
            "Applications/algorithms",
            "Perform",
            "optimizations",
            ",",
            "Instruction",
            "set",
            "Different",
            "implementations",
            "generate",
            "instructions",
            "Intel",
            "Pentium",
            "4",
            "C",
            "Language",
            "Intel",
            "Core",
            "2",
            "Program",
            "A",
            "x86-64",
            "GCC",
            "Intel",
            "Core",
            "i7",
            "Program",
            "AMD",
            "Opteron",
            "B",
            "AMD",
            "Athlon",
            "Clang",
            "Your",
            "program",
            "ARMv8",
            "ARM",
            "Cortex-A53",
            "(",
            "AArch64/A64",
            ")",
            "Apple",
            "A7"
        ],
        "labels": [
            "B",
            "O",
            "O",
            "O",
            "B",
            "O",
            "B",
            "B",
            "O",
            "O",
            "O",
            "O",
            "O",
            "O",
            "O",
            "O",
            "O",
            "O",
            "O",
            "O",
            "O",
            "O",
            "O",
            "O",
            "O",
            "O",
            "O",
            "O",
            "O",
            "O",
            "O",
            "O",
            "O",
            "O",
            "O",
            "O",
            "O",
            "O",
            "O",
            "O",
            "O",
            "O",
            "O",
            "O",
            "O",
            "O",
            "O",
            "O",
            "O",
            "O",
            "O",
            "O",
            "O"
        ]
    },
    {
        "words": [
            "Practical",
            "Applications",
            "of",
            "Assembly",
            ":",
            "Modification",
            "\u2022",
            "Modifying",
            "programs",
            "after-the-fact",
            ".",
            "(",
            "Or",
            "reverse-engineering",
            "them",
            ")",
            "\u2022",
            "Legal",
            "\u201c",
            "gray-area",
            ",",
            "\u201d",
            "/",
            "\u201c",
            "confusing-mess",
            "\u201d",
            "but",
            "generally",
            "modification/reverse",
            "engineering",
            "is",
            "allowed",
            ".",
            "Kinda",
            "?",
            "(",
            "Section",
            "1201",
            ",",
            "US",
            "Code",
            "17",
            "\u00a7",
            "108",
            ",",
            "etc",
            ")",
            "\u2022",
            "Removing",
            "copy",
            "protection",
            "in",
            "order",
            "to",
            "preserve/backup",
            ".",
            "\u2022",
            "Librarians",
            "and",
            "preservationists",
            "and",
            "\u201c",
            "pirates",
            "\u201d",
            "alike",
            "may",
            "all",
            "use/view/write",
            "assembly",
            "for",
            "this",
            "!",
            "I",
            "\u2019",
            "m",
            "not",
            "a",
            "lawyer",
            "\u2022",
            "I",
            "know",
            "someone",
            "that",
            "patched",
            "(",
            "the",
            "freely",
            "distributed",
            ")",
            "Lost",
            "Vikings",
            "so",
            "it",
            "would",
            "avoid",
            "copy",
            "protection\uf04c",
            "and",
            "use",
            "a",
            "different",
            "sound",
            "configuration",
            "(",
            "so",
            "I",
            "could",
            "run",
            "it",
            "in",
            "a",
            "browser",
            "emulator",
            ")",
            "x86",
            "(",
            "NASM",
            "/",
            "Intel",
            "Syntax",
            ",",
            "MS-DOS",
            ")",
            "8"
        ],
        "labels": [
            "O",
            "O",
            "O",
            "B",
            "O",
            "O",
            "O",
            "O",
            "O",
            "O",
            "O",
            "O",
            "O",
            "O",
            "O",
            "O",
            "O",
            "O",
            "O",
            "O",
            "O",
            "O",
            "O",
            "O",
            "O",
            "O",
            "O",
            "O",
            "O",
            "O",
            "O",
            "O",
            "O",
            "O",
            "O",
            "O",
            "O",
            "O",
            "O",
            "O",
            "O",
            "O",
            "O",
            "O",
            "O",
            "O",
            "O",
            "O",
            "O",
            "O",
            "O",
            "O",
            "O",
            "O",
            "O",
            "O",
            "O",
            "O",
            "O",
            "O",
            "O",
            "O",
            "O",
            "O",
            "O",
            "O",
            "O",
            "O",
            "O",
            "O",
            "O",
            "O",
            "O",
            "O",
            "O",
            "O",
            "O",
            "O",
            "O",
            "O",
            "O",
            "O",
            "O",
            "O",
            "O",
            "O",
            "O",
            "O",
            "O",
            "O",
            "O",
            "O",
            "O",
            "O",
            "O",
            "O",
            "O",
            "O",
            "O",
            "O",
            "O",
            "O",
            "O",
            "O",
            "O",
            "O",
            "O",
            "O",
            "O",
            "O",
            "O",
            "O",
            "O",
            "O",
            "B",
            "O",
            "O",
            "O",
            "O",
            "O",
            "O",
            "O",
            "O",
            "O"
        ]
    },
    {
        "words": [
            "Practical",
            "Applications",
            "of",
            "Assembly",
            ":",
            "Debugging",
            "\u2022",
            "Programs",
            "written",
            "in",
            "C",
            ",",
            "etc",
            "are",
            "generally",
            "translated",
            "into",
            "assembly",
            ".",
            "\u2022",
            "And",
            "then",
            "into",
            "machine",
            "code",
            ".",
            "\u2022",
            "You",
            "can",
            "look",
            "at",
            "the",
            "machine",
            "code",
            "of",
            "programs",
            "and",
            "get",
            "an",
            "assembly",
            "code",
            "listing",
            ".",
            "\u2022",
            "And",
            "step",
            "through",
            "the",
            "program",
            "one",
            "instruction",
            "at",
            "a",
            "time",
            ".",
            "\u2022",
            "When",
            "programs",
            "crash",
            "(",
            "sometimes",
            "programs",
            "you",
            "don",
            "\u2019",
            "t",
            "have",
            "the",
            "code",
            "for",
            ")",
            "you",
            "can",
            "look",
            "at",
            "the",
            "assembly",
            "code",
            "and",
            "assess",
            ".",
            "\u2022",
            "Programs",
            "exist",
            "to",
            "help",
            "you",
            "(",
            "gdb",
            ",",
            "IDA",
            "Pro",
            ",",
            "radare",
            ",",
            "etc",
            ")",
            "\u2022",
            "We",
            "will",
            "apply",
            "this",
            "knowledge",
            "(",
            "using",
            "gdb",
            ")",
            "in",
            "a",
            "future",
            "assignment",
            "!",
            "9"
        ],
        "labels": [
            "O",
            "O",
            "O",
            "B",
            "O",
            "O",
            "O",
            "O",
            "O",
            "O",
            "O",
            "O",
            "O",
            "O",
            "O",
            "O",
            "O",
            "O",
            "O",
            "O",
            "O",
            "O",
            "O",
            "O",
            "O",
            "O",
            "O",
            "O",
            "O",
            "O",
            "O",
            "O",
            "O",
            "O",
            "O",
            "O",
            "O",
            "O",
            "O",
            "O",
            "O",
            "O",
            "O",
            "O",
            "O",
            "O",
            "O",
            "O",
            "O",
            "O",
            "O",
            "O",
            "O",
            "O",
            "O",
            "O",
            "O",
            "O",
            "O",
            "O",
            "O",
            "O",
            "O",
            "O",
            "O",
            "O",
            "O",
            "O",
            "O",
            "O",
            "O",
            "O",
            "O",
            "O",
            "O",
            "O",
            "O",
            "O",
            "O",
            "O",
            "O",
            "O",
            "O",
            "O",
            "O",
            "O",
            "O",
            "O",
            "O",
            "O",
            "O",
            "O",
            "O",
            "O",
            "O",
            "O",
            "O",
            "O",
            "O",
            "O",
            "O",
            "O",
            "O",
            "O",
            "O",
            "O",
            "O",
            "O",
            "O",
            "O",
            "O",
            "O",
            "O"
        ]
    },
    {
        "words": [
            "Basics",
            "of",
            "x86",
            "Assembly",
            "x86",
            "really",
            "puts",
            "the\u2026",
            "you",
            "know",
            "what\u2026",
            "in",
            "Assembly",
            "10"
        ],
        "labels": [
            "O",
            "O",
            "B",
            "B",
            "B",
            "O",
            "O",
            "O",
            "O",
            "O",
            "O",
            "O",
            "B",
            "O"
        ]
    },
    {
        "words": [
            "Instruction",
            "Set",
            "Architecture",
            "(",
            "ISA",
            ")",
            "\u2022",
            "An",
            "ISA",
            "is",
            "the",
            "interface",
            "that",
            "a",
            "CPU",
            "presents",
            "to",
            "the",
            "programmer",
            ".",
            "\u2022",
            "When",
            "we",
            "say",
            "``",
            "architecture",
            ",",
            "''",
            "this",
            "is",
            "what",
            "we",
            "mean",
            ".",
            "\u2022",
            "The",
            "ISA",
            "defines",
            ":",
            "\u2022",
            "What",
            "the",
            "CPU",
            "can",
            "do",
            "(",
            "add",
            ",",
            "subtract",
            ",",
            "call",
            "functions",
            ",",
            "etc",
            ".",
            ")",
            "\u2022",
            "What",
            "registers",
            "it",
            "has",
            "(",
            "we",
            "'ll",
            "get",
            "to",
            "those",
            ")",
            "\u2022",
            "The",
            "machine",
            "language",
            "\u2022",
            "That",
            "is",
            ",",
            "the",
            "bit",
            "patterns",
            "used",
            "to",
            "encode",
            "instructions",
            ".",
            "\u2022",
            "The",
            "ISA",
            "does",
            "not",
            "define",
            ":",
            "\u2022",
            "How",
            "to",
            "design",
            "the",
            "hardware",
            "!",
            "\u2022",
            "\u2026if",
            "there",
            "'s",
            "any",
            "hardware",
            "at",
            "all",
            "(",
            "think",
            "of",
            "Java",
            ",",
            "etc",
            ":",
            "virtual/hypothetical",
            "ISAs",
            ")",
            "11"
        ],
        "labels": [
            "B",
            "I",
            "B",
            "O",
            "B",
            "O",
            "O",
            "O",
            "B",
            "O",
            "O",
            "O",
            "O",
            "O",
            "O",
            "O",
            "O",
            "O",
            "O",
            "O",
            "O",
            "O",
            "O",
            "O",
            "O",
            "O",
            "O",
            "O",
            "O",
            "O",
            "O",
            "O",
            "O",
            "O",
            "O",
            "O",
            "B",
            "O",
            "O",
            "O",
            "O",
            "O",
            "O",
            "O",
            "O",
            "O",
            "O",
            "O",
            "O",
            "O",
            "O",
            "O",
            "O",
            "O",
            "O",
            "O",
            "O",
            "O",
            "O",
            "O",
            "O",
            "O",
            "O",
            "O",
            "O",
            "O",
            "O",
            "O",
            "O",
            "O",
            "O",
            "O",
            "O",
            "O",
            "O",
            "O",
            "O",
            "O",
            "O",
            "O",
            "O",
            "O",
            "O",
            "O",
            "O",
            "O",
            "B",
            "O",
            "O",
            "O",
            "O",
            "O",
            "O",
            "O",
            "O",
            "O",
            "O",
            "O",
            "O",
            "O",
            "O",
            "O",
            "O",
            "O",
            "O",
            "O",
            "O",
            "O",
            "O",
            "O",
            "O",
            "O",
            "O",
            "O",
            "O",
            "O",
            "O"
        ]
    },
    {
        "words": [
            "Types",
            "of",
            "ISAs",
            ":",
            "RISC",
            "\u2022",
            "RISC",
            ":",
            "``",
            "Reduced",
            "Instruction",
            "Set",
            "Computer",
            "''",
            "\u2022",
            "ISA",
            "designed",
            "to",
            "make",
            "it",
            "easy",
            "to",
            ":",
            "\u2022",
            "build",
            "the",
            "CPU",
            "hardware",
            "\u2022",
            "make",
            "that",
            "hardware",
            "run",
            "fast",
            "\u2022",
            "write",
            "compilers",
            "that",
            "make",
            "machine",
            "code",
            "\u2022",
            "A",
            "small",
            "number",
            "of",
            "instructions",
            ".",
            "\u2022",
            "Instructions",
            "are",
            "very",
            "simple",
            "\u2022",
            "MIPS",
            "(",
            "and",
            "RISC-V",
            ")",
            "is",
            "very",
            "RISCy",
            "12"
        ],
        "labels": [
            "O",
            "O",
            "O",
            "O",
            "B",
            "O",
            "B",
            "O",
            "O",
            "O",
            "O",
            "O",
            "O",
            "O",
            "O",
            "B",
            "O",
            "O",
            "O",
            "O",
            "O",
            "O",
            "O",
            "O",
            "O",
            "O",
            "O",
            "O",
            "O",
            "O",
            "O",
            "O",
            "O",
            "O",
            "O",
            "O",
            "O",
            "O",
            "O",
            "O",
            "O",
            "O",
            "O",
            "O",
            "O",
            "O",
            "O",
            "O",
            "O",
            "O",
            "O",
            "O",
            "O",
            "O",
            "B",
            "O",
            "O",
            "O",
            "O",
            "O",
            "O",
            "O",
            "O"
        ]
    },
    {
        "words": [
            "Types",
            "of",
            "ISAs",
            ":",
            "CISC",
            "\u2022",
            "CISC",
            ":",
            "``",
            "Complex",
            "Instruction",
            "Set",
            "Computer",
            "''",
            "\u2022",
            "ISA",
            "designed",
            "for",
            "humans",
            "to",
            "write",
            "asm",
            ".",
            "\u2022",
            "From",
            "the",
            "days",
            "before",
            "compilers",
            "!",
            "\u2022",
            "Lots",
            "of",
            "instructions",
            "and",
            "ways",
            "to",
            "use",
            "them",
            "\u2022",
            "Complex",
            "(",
            "multi-step",
            ")",
            "instructions",
            "to",
            "shorten",
            "and",
            "simplify",
            "programs",
            ".",
            "\u2022",
            "``",
            "search",
            "a",
            "string",
            "for",
            "a",
            "character",
            "''",
            "\u2022",
            "``",
            "copy",
            "memory",
            "blocks",
            "''",
            "\u2022",
            "``",
            "check",
            "the",
            "bounds",
            "of",
            "an",
            "array",
            "access",
            "\u201c",
            "\u2022",
            "Without",
            "these",
            ",",
            "you",
            "\u2019",
            "d",
            "just",
            "write",
            "your",
            "programs",
            "to",
            "use",
            "the",
            "simpler",
            "instructions",
            "to",
            "build",
            "the",
            "complex",
            "behavior",
            "itself",
            ".",
            "\u2022",
            "x86",
            "is",
            "very",
            "CISCy",
            "13"
        ],
        "labels": [
            "O",
            "O",
            "O",
            "O",
            "B",
            "O",
            "B",
            "O",
            "O",
            "O",
            "O",
            "O",
            "O",
            "O",
            "O",
            "B",
            "O",
            "O",
            "O",
            "O",
            "O",
            "O",
            "O",
            "O",
            "O",
            "O",
            "O",
            "O",
            "O",
            "O",
            "O",
            "O",
            "O",
            "O",
            "O",
            "O",
            "O",
            "O",
            "O",
            "O",
            "O",
            "O",
            "O",
            "O",
            "O",
            "O",
            "O",
            "O",
            "O",
            "O",
            "O",
            "O",
            "O",
            "O",
            "O",
            "O",
            "O",
            "O",
            "O",
            "O",
            "O",
            "O",
            "O",
            "O",
            "O",
            "O",
            "O",
            "O",
            "O",
            "O",
            "O",
            "O",
            "O",
            "O",
            "O",
            "O",
            "O",
            "O",
            "O",
            "O",
            "O",
            "O",
            "O",
            "O",
            "O",
            "O",
            "O",
            "O",
            "O",
            "O",
            "O",
            "O",
            "O",
            "O",
            "O",
            "O",
            "O",
            "O",
            "O",
            "O",
            "B",
            "O",
            "O",
            "O",
            "O"
        ]
    },
    {
        "words": [
            "Types",
            "of",
            "ISAs",
            ":",
            "Overview",
            "\u2022",
            "CISC",
            ":",
            "Complex",
            "Instruction",
            "Set",
            "Computer",
            "(",
            "does",
            "a",
            "whole",
            "lot",
            ")",
            "\u2022",
            "RISC",
            ":",
            "Reduced",
            "Instruction",
            "Set",
            "Computer",
            "(",
            "does",
            "enough",
            ")",
            "\u2022",
            "Both",
            ":",
            "Equivalent",
            "!",
            "!",
            "(",
            "RISC",
            "programs",
            "might",
            "be",
            "longer",
            ")",
            "\u201c",
            "Hackers",
            "\u201d",
            "(",
            "1995",
            ")",
            "\u2013",
            "Of",
            "course",
            ",",
            "they",
            "are",
            "talking",
            "about",
            "a",
            "Pentium",
            "x86",
            "chip\u2026",
            "which",
            "thanks",
            "to",
            "its",
            "backwards",
            "compatibility",
            ",",
            "is",
            "CISC",
            ".",
            "Oh",
            "well",
            "!",
            "Then",
            "again\u2026",
            "x86",
            "is",
            "so",
            "complex",
            ",",
            "modern",
            "designs",
            "translate",
            "the",
            "CISC",
            "instructions",
            "into",
            "RISC",
            "microcode",
            "on",
            "the",
            "fly\u2026",
            "so",
            "it",
            "\u2019",
            "s",
            "RISC",
            "?",
            "?",
            "It",
            "can",
            "get",
            "complicated",
            ".",
            "14"
        ],
        "labels": [
            "O",
            "O",
            "O",
            "O",
            "O",
            "O",
            "B",
            "O",
            "O",
            "O",
            "O",
            "O",
            "O",
            "O",
            "O",
            "O",
            "O",
            "O",
            "O",
            "B",
            "O",
            "O",
            "O",
            "O",
            "O",
            "O",
            "O",
            "O",
            "O",
            "O",
            "O",
            "O",
            "O",
            "O",
            "O",
            "O",
            "B",
            "O",
            "O",
            "O",
            "O",
            "O",
            "O",
            "O",
            "O",
            "O",
            "O",
            "O",
            "O",
            "O",
            "O",
            "O",
            "O",
            "O",
            "O",
            "O",
            "O",
            "O",
            "B",
            "O",
            "O",
            "O",
            "O",
            "O",
            "O",
            "O",
            "O",
            "O",
            "B",
            "O",
            "O",
            "O",
            "O",
            "O",
            "O",
            "B",
            "O",
            "O",
            "O",
            "O",
            "O",
            "O",
            "O",
            "O",
            "B",
            "O",
            "O",
            "B",
            "O",
            "O",
            "O",
            "O",
            "O",
            "O",
            "O",
            "O",
            "B",
            "O",
            "O",
            "O",
            "O",
            "O",
            "O",
            "O",
            "O"
        ]
    },
    {
        "words": [
            "x86",
            "\u2022",
            "Descended",
            "from",
            "16-bit",
            "8086",
            "CPU",
            "from",
            "1978",
            ".",
            "\u2022",
            "Extended",
            "to",
            "32",
            "bits",
            ",",
            "then",
            "64",
            ".",
            "\u2022",
            "Each",
            "version",
            "can",
            "run",
            "most",
            "programs",
            "from",
            "the",
            "previous",
            "version",
            ".",
            "\u2022",
            "You",
            "can",
            "(",
            "mostly",
            ")",
            "run",
            "programs",
            "written",
            "in",
            "\u2018",
            "78",
            "on",
            "your",
            "brand",
            "new",
            "x86",
            "CPU",
            "!",
            "\u2022",
            "This",
            "ISA",
            "is",
            "complex",
            "!",
            "\u2022",
            "30",
            "years",
            "of",
            "backwards-compatibility\u2026",
            "yikes",
            ".",
            "\u2022",
            "We",
            "won",
            "\u2019",
            "t",
            "exhaustively",
            "go",
            "over",
            "it",
            ".",
            "\u2022",
            "There",
            "are",
            ",",
            "however",
            ",",
            "many",
            "very",
            "common",
            "idioms",
            "and",
            "instructions",
            ".",
            "\u2022",
            "We",
            "will",
            "focus",
            "on",
            "these",
            ".",
            "\u2022",
            "And",
            "we",
            "will",
            "focus",
            "on",
            "READING",
            "x86",
            ",",
            "not",
            "writing",
            "it",
            ".",
            "15"
        ],
        "labels": [
            "B",
            "O",
            "O",
            "O",
            "O",
            "O",
            "O",
            "O",
            "O",
            "O",
            "O",
            "O",
            "O",
            "O",
            "O",
            "O",
            "O",
            "O",
            "O",
            "O",
            "O",
            "O",
            "O",
            "O",
            "O",
            "O",
            "O",
            "O",
            "O",
            "O",
            "O",
            "O",
            "O",
            "O",
            "O",
            "O",
            "O",
            "O",
            "O",
            "O",
            "O",
            "O",
            "O",
            "O",
            "O",
            "O",
            "O",
            "B",
            "O",
            "O",
            "O",
            "O",
            "B",
            "O",
            "O",
            "O",
            "O",
            "O",
            "O",
            "O",
            "O",
            "O",
            "O",
            "O",
            "O",
            "O",
            "O",
            "O",
            "O",
            "O",
            "O",
            "O",
            "O",
            "O",
            "O",
            "O",
            "O",
            "O",
            "O",
            "O",
            "O",
            "O",
            "O",
            "O",
            "O",
            "O",
            "O",
            "O",
            "O",
            "O",
            "O",
            "O",
            "O",
            "O",
            "O",
            "O",
            "O",
            "O",
            "O",
            "O",
            "B",
            "O",
            "O",
            "O",
            "O",
            "O",
            "O"
        ]
    },
    {
        "words": [
            "x86",
            "Registers",
            "(",
            "general",
            ")",
            "\u2022",
            "Like",
            "MIPS",
            ",",
            "there",
            "are",
            "a",
            "set",
            "of",
            "general-purpose",
            "registers",
            ".",
            "\u2022",
            "There",
            "are",
            "16",
            ";",
            "64-bits",
            "in",
            "size",
            "and",
            "hold",
            "integer",
            "values",
            "in",
            "binary",
            "form",
            ".",
            "\u2022",
            "Unlike",
            "MIPS",
            ",",
            "you",
            "can",
            "refer",
            "to",
            "parts",
            "of",
            "each",
            "register",
            ".",
            "\u2022",
            "Called",
            "partial",
            "registers",
            ".",
            "Denoted",
            "by",
            "%",
            "Stack",
            "Pointer",
            "16-bit",
            "register",
            "names",
            "32-bit",
            "register",
            "names",
            "16"
        ],
        "labels": [
            "B",
            "B",
            "O",
            "O",
            "O",
            "O",
            "O",
            "B",
            "O",
            "O",
            "O",
            "O",
            "O",
            "O",
            "O",
            "O",
            "O",
            "O",
            "O",
            "O",
            "O",
            "O",
            "O",
            "O",
            "O",
            "O",
            "O",
            "O",
            "O",
            "O",
            "O",
            "O",
            "O",
            "O",
            "O",
            "B",
            "O",
            "O",
            "O",
            "O",
            "O",
            "O",
            "O",
            "O",
            "O",
            "O",
            "O",
            "O",
            "O",
            "O",
            "O",
            "O",
            "O",
            "O",
            "O",
            "O",
            "O",
            "O",
            "O",
            "O",
            "O",
            "O",
            "O"
        ]
    },
    {
        "words": [
            "32-bit",
            "OLD",
            "Registers",
            "\u2013",
            "32",
            "bits",
            "wide",
            "32",
            "bits",
            "16",
            "bits",
            "8",
            "bits",
            "%",
            "eax",
            "%",
            "ax",
            "%",
            "ah",
            "%",
            "al",
            "accumulate",
            "%",
            "ecx",
            "%",
            "cx",
            "%",
            "ch",
            "%",
            "cl",
            "counter",
            "general",
            "purpose",
            "%",
            "edx",
            "%",
            "dx",
            "%",
            "dh",
            "%",
            "dl",
            "data",
            "%",
            "ebx",
            "%",
            "bx",
            "%",
            "bh",
            "%",
            "bl",
            "base",
            "%",
            "esi",
            "%",
            "si",
            "source",
            "index",
            "%",
            "edi",
            "%",
            "di",
            "destination",
            "index",
            "%",
            "esp",
            "%",
            "sp",
            "stack",
            "pointer",
            "%",
            "ebp",
            "%",
            "bp",
            "base",
            "pointer",
            "16-bit",
            "virtual",
            "registers",
            "Name",
            "Origin",
            "(",
            "backwards",
            "compatibility",
            ")",
            "(",
            "mostly",
            "obsolete",
            ")"
        ],
        "labels": [
            "O",
            "O",
            "B",
            "O",
            "O",
            "O",
            "O",
            "O",
            "O",
            "O",
            "O",
            "O",
            "O",
            "O",
            "O",
            "O",
            "O",
            "O",
            "O",
            "O",
            "O",
            "O",
            "O",
            "O",
            "O",
            "O",
            "O",
            "O",
            "O",
            "O",
            "O",
            "O",
            "O",
            "O",
            "O",
            "O",
            "O",
            "O",
            "O",
            "O",
            "O",
            "O",
            "O",
            "O",
            "O",
            "O",
            "O",
            "O",
            "O",
            "O",
            "O",
            "O",
            "O",
            "O",
            "O",
            "O",
            "O",
            "O",
            "O",
            "O",
            "O",
            "O",
            "O",
            "O",
            "O",
            "O",
            "O",
            "O",
            "O",
            "O",
            "O",
            "O",
            "O",
            "O",
            "O",
            "O",
            "O",
            "O",
            "O",
            "O",
            "O",
            "O",
            "O",
            "O",
            "O",
            "O",
            "O",
            "O"
        ]
    },
    {
        "words": [
            "x86",
            "Registers",
            "(",
            "specialized",
            ")",
            "\u2022",
            "There",
            "are",
            "also",
            "registers",
            "that",
            "you",
            "can",
            "not",
            "directly",
            "interact",
            "with",
            ".",
            "\u2022",
            "Like",
            "MIPS",
            ",",
            "x86",
            "has",
            "a",
            "program",
            "counter",
            "(",
            ")",
            "\u2022",
            "Also",
            "like",
            "MIPS",
            ",",
            "it",
            "can",
            "not",
            "be",
            "read",
            "directly",
            ".",
            "\u2022",
            "There",
            "is",
            "also",
            "a",
            "status",
            "register",
            ",",
            "which",
            "has",
            "information",
            "about",
            "the",
            "CPU",
            "state",
            "after",
            "an",
            "instruction",
            "is",
            "completed",
            ".",
            "\u2022",
            "Stuff",
            "like",
            "a",
            "carry",
            "flag",
            "(",
            "CF",
            ")",
            "that",
            "denotes",
            "if",
            "an",
            "addition",
            "has",
            "a",
            "final",
            "carry",
            ".",
            "\u2022",
            "Overflow",
            "detection",
            "(",
            "OF",
            ")",
            "denoting",
            "if",
            "an",
            "operation",
            "overflowed",
            ".",
            "\u2022",
            "And",
            "some",
            "extra",
            "registers",
            "for",
            "vector",
            "math",
            ",",
            "floating",
            "point",
            "math",
            ",",
            "and",
            "for",
            "OS",
            "usage",
            "we",
            "won",
            "\u2019",
            "t",
            "go",
            "over",
            ".",
            "18"
        ],
        "labels": [
            "B",
            "B",
            "O",
            "O",
            "O",
            "O",
            "O",
            "O",
            "O",
            "O",
            "O",
            "O",
            "O",
            "O",
            "O",
            "O",
            "O",
            "O",
            "O",
            "O",
            "B",
            "O",
            "B",
            "O",
            "O",
            "O",
            "O",
            "O",
            "O",
            "O",
            "O",
            "O",
            "B",
            "O",
            "O",
            "O",
            "O",
            "O",
            "O",
            "O",
            "O",
            "O",
            "O",
            "O",
            "O",
            "O",
            "O",
            "O",
            "O",
            "O",
            "O",
            "O",
            "O",
            "O",
            "O",
            "O",
            "O",
            "O",
            "O",
            "O",
            "O",
            "O",
            "O",
            "O",
            "O",
            "O",
            "O",
            "O",
            "O",
            "O",
            "O",
            "O",
            "O",
            "O",
            "O",
            "O",
            "O",
            "O",
            "O",
            "O",
            "O",
            "O",
            "O",
            "O",
            "O",
            "O",
            "O",
            "O",
            "O",
            "O",
            "O",
            "O",
            "O",
            "O",
            "O",
            "O",
            "O",
            "O",
            "O",
            "O",
            "O",
            "O",
            "O",
            "O",
            "O",
            "O",
            "O",
            "O",
            "O",
            "O",
            "O",
            "O",
            "O",
            "O",
            "O",
            "O",
            "O",
            "O"
        ]
    },
    {
        "words": [
            "x86",
            "Instruction",
            "Types",
            "\u2022",
            "In",
            "MIPS",
            ",",
            "you",
            "had",
            "R-type",
            ",",
            "I-type",
            "and",
            "J-type",
            "instructions",
            ".",
            "\u2022",
            "In",
            "x86",
            "(",
            "CISC",
            ")",
            "you",
            "generally",
            "can",
            "have",
            "any",
            "instruction",
            "refer",
            "to",
            "data",
            "anywhere",
            "it",
            "is",
            ":",
            "\u2022",
            "Registers",
            ",",
            "Immediates",
            ",",
            "Memory",
            "addresses",
            ",",
            "etc",
            "\u2022",
            "Can",
            "not",
            "refer",
            "to",
            "memory",
            "twice",
            "!",
            "(",
            "not",
            "possible",
            ":",
            ")",
            "x86-64",
            "(",
            "gas",
            "/",
            "AT",
            "&",
            "T",
            "syntax",
            ")",
            "MIPS",
            "Immediates",
            "(",
            "prefixed",
            "by",
            "$",
            ")",
            "Memory",
            "load",
            "(",
            "within",
            "parens",
            ")",
            "Memory",
            "store",
            "Displacement",
            "(",
            "can",
            "be",
            "-4",
            ",",
            "etc",
            ")",
            "19"
        ],
        "labels": [
            "B",
            "B",
            "I",
            "O",
            "O",
            "B",
            "O",
            "O",
            "O",
            "O",
            "O",
            "O",
            "O",
            "O",
            "O",
            "O",
            "O",
            "O",
            "B",
            "O",
            "B",
            "O",
            "O",
            "O",
            "O",
            "O",
            "O",
            "O",
            "O",
            "O",
            "O",
            "O",
            "O",
            "O",
            "O",
            "O",
            "B",
            "O",
            "O",
            "O",
            "O",
            "O",
            "O",
            "O",
            "O",
            "O",
            "O",
            "O",
            "O",
            "O",
            "O",
            "O",
            "O",
            "O",
            "O",
            "O",
            "O",
            "O",
            "O",
            "O",
            "O",
            "O",
            "O",
            "O",
            "O",
            "O",
            "B",
            "O",
            "O",
            "O",
            "O",
            "O",
            "O",
            "O",
            "O",
            "O",
            "O",
            "O",
            "O",
            "O",
            "O",
            "O",
            "O",
            "O",
            "O",
            "O",
            "O",
            "O",
            "O",
            "O"
        ]
    },
    {
        "words": [
            "Complex",
            "Addressing",
            "\u2022",
            "In",
            "MIPS",
            ",",
            "you",
            "would",
            "carefully",
            "craft",
            "the",
            "set",
            "of",
            "instructions",
            "necessary",
            "to",
            "interface",
            "with",
            "an",
            "array",
            ".",
            "(",
            "RISC",
            ")",
            "\u2022",
            "In",
            "x86",
            ",",
            "you",
            "can",
            "do",
            "a",
            "lot",
            "with",
            "just",
            "a",
            "single",
            "instruction",
            ".",
            "(",
            "CISC",
            ")",
            "\u2022",
            ":",
            "Base",
            "+",
            "(",
            "Index",
            "Scalar",
            ")",
            "where",
            "Scalar",
            "must",
            "be",
            "1",
            ",",
            "2",
            ",",
            "4",
            "or",
            "8",
            "\u2022",
            "The",
            "fields",
            "are",
            "all",
            "optional",
            ";",
            "i.e.",
            ",",
            "does",
            "just",
            "Index",
            "Scalar",
            "x86-64",
            "(",
            "gas",
            "/",
            "AT",
            "&",
            "T",
            "syntax",
            ")",
            "MIPS",
            "\u201c",
            "Load",
            "Effective",
            "Address",
            "\u201d",
            "LEA",
            "simply",
            "computes",
            "address",
            "(",
            "no",
            "memory",
            "access",
            ")",
            "20"
        ],
        "labels": [
            "B",
            "I",
            "O",
            "O",
            "B",
            "O",
            "O",
            "O",
            "O",
            "O",
            "O",
            "O",
            "O",
            "O",
            "O",
            "O",
            "O",
            "O",
            "O",
            "O",
            "O",
            "O",
            "B",
            "O",
            "O",
            "O",
            "B",
            "O",
            "O",
            "O",
            "O",
            "O",
            "O",
            "O",
            "O",
            "O",
            "O",
            "O",
            "O",
            "O",
            "B",
            "O",
            "O",
            "O",
            "O",
            "O",
            "O",
            "O",
            "O",
            "O",
            "O",
            "O",
            "O",
            "O",
            "O",
            "O",
            "O",
            "O",
            "O",
            "O",
            "O",
            "O",
            "O",
            "O",
            "O",
            "O",
            "O",
            "O",
            "O",
            "O",
            "O",
            "O",
            "O",
            "O",
            "O",
            "O",
            "O",
            "O",
            "O",
            "O",
            "O",
            "O",
            "O",
            "B",
            "O",
            "O",
            "O",
            "O",
            "O",
            "O",
            "O",
            "O",
            "O",
            "O",
            "O",
            "O",
            "O",
            "O",
            "O"
        ]
    },
    {
        "words": [
            "Complex",
            "Addressing",
            ":",
            "CISC",
            "Strikes",
            "Again",
            "!",
            "!",
            "\u2022",
            "When",
            "we",
            "say",
            "you",
            "can",
            "do",
            "a",
            "lot",
            "with",
            "just",
            "a",
            "single",
            "instruction",
            ",",
            "we",
            "mean",
            "it",
            "!",
            "\u2022",
            ":",
            "Base",
            "+",
            "(",
            "Index",
            "Scalar",
            ")",
            "where",
            "Scalar",
            "must",
            "be",
            "1",
            ",",
            "2",
            ",",
            "4",
            "or",
            "8",
            "\u2022",
            "What",
            "does",
            "the",
            "following",
            "do",
            "?",
            "\u2022",
            "x86-64",
            "(",
            "gas",
            "/",
            "AT",
            "&",
            "T",
            "syntax",
            ")",
            "\u201c",
            "Load",
            "Effective",
            "Address",
            "\u201d",
            "?",
            "?",
            "?",
            "LEA",
            "simply",
            "computes",
            "address\u2026",
            "it",
            "\u2019",
            "s",
            "just",
            "very",
            "specific",
            "math",
            ".",
            "21"
        ],
        "labels": [
            "B",
            "I",
            "O",
            "B",
            "O",
            "O",
            "O",
            "O",
            "O",
            "O",
            "O",
            "O",
            "O",
            "O",
            "O",
            "O",
            "O",
            "O",
            "O",
            "O",
            "O",
            "O",
            "O",
            "O",
            "O",
            "O",
            "O",
            "O",
            "O",
            "O",
            "O",
            "O",
            "O",
            "O",
            "O",
            "O",
            "O",
            "O",
            "O",
            "O",
            "O",
            "O",
            "O",
            "O",
            "O",
            "O",
            "O",
            "O",
            "O",
            "O",
            "O",
            "O",
            "O",
            "O",
            "O",
            "O",
            "O",
            "O",
            "O",
            "O",
            "O",
            "O",
            "O",
            "O",
            "O",
            "O",
            "O",
            "O",
            "O",
            "O",
            "O",
            "O",
            "O",
            "O",
            "O",
            "O",
            "O",
            "O",
            "O",
            "O",
            "O",
            "O",
            "O",
            "O"
        ]
    },
    {
        "words": [
            "x86",
            "Instruction",
            "Qualifiers",
            "\u2022",
            "In",
            "MIPS",
            ",",
            "you",
            "sometimes",
            "had",
            "instructions",
            "varying",
            "on",
            "bitsize",
            ".",
            "\u2022",
            "In",
            "x86",
            "(",
            "CISC",
            ")",
            "you",
            "can",
            "operate",
            "on",
            "any",
            "part",
            "of",
            "a",
            "register",
            ".",
            "\u2022",
            "64-bits",
            ",",
            "32-bits",
            ",",
            "16-bits\u2026",
            "even",
            "8-bit",
            "sections",
            "sometimes",
            ".",
            "\u2022",
            "The",
            "assembler",
            "can",
            "assume",
            "usually",
            ",",
            "but",
            "explicit",
            "names",
            "also",
            "work",
            ":",
            "x86-64",
            "(",
            "gas",
            "/",
            "AT",
            "&",
            "T",
            "syntax",
            ")",
            "MIPS64",
            "The",
            "assembler",
            "\u201c",
            "figures",
            "it",
            "out",
            "\u201d",
            "\u201c",
            "quad",
            "word",
            "\u201d",
            "which",
            "is",
            "64-bits",
            ".",
            "\u201c",
            "long",
            "word",
            "\u201d",
            "which",
            "is",
            "32-bits",
            ".",
            "\uf04c",
            "Ugh",
            ".",
            "In",
            "x86",
            "a",
            "\u201c",
            "word",
            "\u201d",
            "here",
            "is",
            "16-bits",
            "CS/COE",
            "0449",
            "\u2013",
            "Spring",
            "2019/2020",
            "22"
        ],
        "labels": [
            "B",
            "B",
            "I",
            "O",
            "O",
            "B",
            "O",
            "O",
            "O",
            "O",
            "O",
            "O",
            "O",
            "O",
            "O",
            "O",
            "O",
            "B",
            "O",
            "B",
            "O",
            "O",
            "O",
            "O",
            "O",
            "O",
            "O",
            "O",
            "O",
            "O",
            "O",
            "O",
            "O",
            "O",
            "O",
            "O",
            "O",
            "O",
            "O",
            "O",
            "O",
            "O",
            "O",
            "O",
            "O",
            "O",
            "O",
            "O",
            "O",
            "O",
            "O",
            "O",
            "O",
            "O",
            "O",
            "O",
            "O",
            "O",
            "O",
            "O",
            "O",
            "O",
            "O",
            "O",
            "O",
            "O",
            "O",
            "O",
            "O",
            "O",
            "O",
            "O",
            "O",
            "O",
            "O",
            "O",
            "O",
            "O",
            "O",
            "O",
            "O",
            "O",
            "O",
            "O",
            "O",
            "O",
            "O",
            "O",
            "O",
            "O",
            "O",
            "O",
            "B",
            "O",
            "O",
            "O",
            "O",
            "O",
            "O",
            "O",
            "O",
            "O",
            "O",
            "O",
            "O",
            "O"
        ]
    },
    {
        "words": [
            "Hello",
            "World",
            "!",
            "(",
            "x86",
            "vs.",
            "MIPS",
            ")",
            "x86-64",
            "(",
            "gas",
            "/",
            "AT",
            "&",
            "T",
            "syntax",
            ")",
            "MIPS",
            "(",
            "MARS",
            ")",
            "23"
        ],
        "labels": [
            "O",
            "O",
            "O",
            "O",
            "B",
            "O",
            "B",
            "O",
            "O",
            "O",
            "O",
            "O",
            "O",
            "O",
            "O",
            "O",
            "O",
            "B",
            "O",
            "O",
            "O",
            "O"
        ]
    },
    {
        "words": [
            "Doing",
            "some",
            "x86",
            "maths",
            "\u2022",
            "x86",
            "and",
            "MIPS",
            "have",
            ",",
            "essentially",
            ",",
            "the",
            "same",
            "mathematical",
            "instructions",
            ".",
            "x86-64",
            "(",
            "gas",
            "/",
            "AT",
            "&",
            "T",
            "syntax",
            ")",
            "MIPS",
            "24"
        ],
        "labels": [
            "O",
            "O",
            "B",
            "O",
            "O",
            "B",
            "O",
            "B",
            "O",
            "O",
            "O",
            "O",
            "O",
            "O",
            "O",
            "O",
            "O",
            "O",
            "O",
            "O",
            "O",
            "O",
            "O",
            "O",
            "O",
            "O",
            "B",
            "O"
        ]
    },
    {
        "words": [
            "However",
            ",",
            "x86",
            "lets",
            "you",
            "slice",
            "and",
            "dice",
            "\u2022",
            "Each",
            "math",
            "instruction",
            "in",
            "x86",
            "has",
            "variants",
            "based",
            "on",
            "the",
            "bitsize",
            ".",
            "\u2022",
            "(",
            "64-bit",
            ")",
            ",",
            "(",
            "32-bit",
            ")",
            ",",
            "(",
            "16-bit",
            ")",
            ",",
            "(",
            "8-bit",
            ")",
            "(",
            "rest",
            "of",
            "field",
            "zero",
            "extended",
            "!",
            "!",
            ")",
            "x86-64",
            "(",
            "gas",
            "/",
            "AT",
            "&",
            "T",
            "syntax",
            ")",
            "MIPS",
            "Arithmetic",
            "shift",
            "(",
            "sign",
            "extends",
            ")",
            "Logical",
            "shift",
            "(",
            "zero",
            "extends",
            ")",
            "8-bit",
            "register",
            "aliases",
            "are",
            "not",
            "commonly",
            "used",
            "25"
        ],
        "labels": [
            "O",
            "O",
            "B",
            "O",
            "O",
            "O",
            "O",
            "O",
            "O",
            "O",
            "O",
            "O",
            "O",
            "B",
            "O",
            "O",
            "O",
            "O",
            "O",
            "O",
            "O",
            "O",
            "O",
            "O",
            "O",
            "O",
            "O",
            "O",
            "O",
            "O",
            "O",
            "O",
            "O",
            "O",
            "O",
            "O",
            "O",
            "O",
            "O",
            "O",
            "O",
            "O",
            "O",
            "O",
            "O",
            "O",
            "O",
            "O",
            "O",
            "O",
            "O",
            "O",
            "O",
            "O",
            "O",
            "B",
            "O",
            "O",
            "O",
            "O",
            "O",
            "O",
            "O",
            "O",
            "O",
            "O",
            "O",
            "O",
            "O",
            "O",
            "O",
            "O",
            "O",
            "O",
            "O",
            "O"
        ]
    },
    {
        "words": [
            "Assembly",
            "Interlude",
            "Here",
            ",",
            "we",
            "take",
            "a",
            "break",
            ",",
            "and",
            "look",
            "at",
            "some",
            "existing",
            "code",
            ".",
            "26"
        ],
        "labels": [
            "B",
            "O",
            "O",
            "O",
            "O",
            "O",
            "O",
            "O",
            "O",
            "O",
            "O",
            "O",
            "O",
            "O",
            "O",
            "O",
            "O"
        ]
    },
    {
        "words": [
            "Why",
            "write",
            "assembly",
            "?",
            "When",
            "you",
            "can",
            "write",
            "C",
            "\u2022",
            "You",
            "can",
            "take",
            "any",
            "of",
            "your",
            "C",
            "programs",
            "and",
            "emit",
            "the",
            "assembly",
            ".",
            "\u2022",
            "The",
            "compiler",
            "can",
            "do",
            "this",
            "for",
            "you",
            ":",
            "\u2022",
            "This",
            "will",
            "create",
            "a",
            "file",
            "called",
            "which",
            "looks\u2026",
            "messy",
            ".",
            "\u2022",
            "It",
            "has",
            "a",
            "ton",
            "of",
            "messy",
            "specific",
            "stuff",
            "wedged",
            "in",
            "there",
            ".",
            "\u2022",
            "But",
            "you",
            "can",
            "generally",
            "pull",
            "apart",
            "some",
            "meaning",
            "from",
            "it",
            ".",
            "27"
        ],
        "labels": [
            "O",
            "O",
            "O",
            "O",
            "O",
            "O",
            "O",
            "O",
            "O",
            "O",
            "O",
            "O",
            "O",
            "O",
            "O",
            "O",
            "O",
            "O",
            "O",
            "O",
            "O",
            "O",
            "O",
            "O",
            "O",
            "O",
            "O",
            "O",
            "O",
            "O",
            "O",
            "O",
            "O",
            "O",
            "O",
            "O",
            "O",
            "O",
            "O",
            "O",
            "O",
            "O",
            "O",
            "O",
            "O",
            "O",
            "O",
            "O",
            "O",
            "O",
            "O",
            "O",
            "O",
            "O",
            "O",
            "O",
            "O",
            "O",
            "O",
            "O",
            "O",
            "O",
            "O",
            "O",
            "O",
            "O",
            "O",
            "O",
            "O"
        ]
    },
    {
        "words": [
            "Looking",
            "at",
            "C",
            "compilers\u2026",
            "\u2022",
            "The",
            "messy",
            "output",
            "of",
            "the",
            "gcc",
            "compilation",
            "to",
            "assembly",
            ":",
            "x86-64",
            "(",
            "gas",
            "/",
            "AT",
            "&",
            "T",
            "syntax",
            ",",
            ")",
            "C",
            "main",
            "hasn",
            "\u2019",
            "t",
            "even",
            "shown",
            "up",
            "yet\u2026",
            "28"
        ],
        "labels": [
            "O",
            "O",
            "O",
            "O",
            "O",
            "O",
            "O",
            "O",
            "O",
            "O",
            "O",
            "O",
            "O",
            "O",
            "O",
            "O",
            "O",
            "O",
            "O",
            "O",
            "O",
            "O",
            "O",
            "O",
            "O",
            "O",
            "O",
            "O",
            "O",
            "O",
            "O",
            "O",
            "O",
            "O",
            "O"
        ]
    },
    {
        "words": [
            "Disassembly",
            "\u2013",
            "See",
            "how",
            "the",
            "sausage",
            "is",
            "made\u2026",
            "\u2022",
            "So",
            ",",
            "that",
            "\u2019",
            "s",
            "not",
            "very",
            "useful",
            ".",
            "And",
            "often",
            "we",
            "don",
            "\u2019",
            "t",
            "have",
            "the",
            "code",
            "!",
            "\u2022",
            "How",
            "do",
            "we",
            "go",
            "backward",
            "?",
            "\u2022",
            "You",
            "can",
            "take",
            "any",
            "compiled",
            "program",
            "and",
            "emit",
            "the",
            "assembly",
            ".",
            "\u2022",
            "Many",
            "tools",
            "can",
            "help",
            "you",
            "do",
            "this",
            "(",
            "radare",
            ",",
            "objdump",
            ",",
            "gdb",
            ")",
            "\u2022",
            "Using",
            "a",
            "tool",
            "called",
            "objdump",
            "(",
            "only",
            "disassembles",
            "code",
            "section",
            ")",
            ":",
            "\u2022",
            "This",
            "will",
            "create",
            "a",
            "file",
            "called",
            ".",
            "\u2022",
            "You",
            "can",
            "glance",
            "at",
            "it",
            "and",
            "notice",
            "that",
            "it",
            "does",
            "not",
            "have",
            "names",
            ".",
            "\u2022",
            "And",
            "labels",
            "are",
            "a",
            "bit",
            ",",
            "well",
            ",",
            "nonexistent",
            ".",
            "29"
        ],
        "labels": [
            "O",
            "O",
            "O",
            "O",
            "O",
            "O",
            "O",
            "O",
            "O",
            "O",
            "O",
            "O",
            "O",
            "O",
            "O",
            "O",
            "O",
            "O",
            "O",
            "O",
            "O",
            "O",
            "O",
            "O",
            "O",
            "O",
            "O",
            "O",
            "O",
            "O",
            "O",
            "O",
            "O",
            "O",
            "O",
            "O",
            "O",
            "O",
            "O",
            "O",
            "O",
            "O",
            "O",
            "O",
            "O",
            "O",
            "O",
            "O",
            "O",
            "O",
            "O",
            "O",
            "O",
            "O",
            "O",
            "O",
            "O",
            "O",
            "O",
            "O",
            "O",
            "O",
            "O",
            "O",
            "O",
            "O",
            "O",
            "O",
            "O",
            "O",
            "O",
            "O",
            "O",
            "O",
            "O",
            "O",
            "O",
            "O",
            "O",
            "O",
            "O",
            "O",
            "O",
            "O",
            "O",
            "O",
            "O",
            "O",
            "O",
            "O",
            "O",
            "O",
            "O",
            "O",
            "O",
            "O",
            "O",
            "O",
            "O",
            "O",
            "O",
            "O",
            "O",
            "O",
            "O",
            "O",
            "O",
            "O",
            "O",
            "O"
        ]
    },
    {
        "words": [
            "And\u2026",
            "here",
            "we",
            "are\u2026",
            "\u2022",
            "An",
            "objdump",
            "disassembly",
            "is",
            "slightly",
            "lacking",
            "context",
            ".",
            "x86-64",
            "(",
            "gas",
            "/",
            "AT",
            "&",
            "T",
            "syntax",
            ",",
            ")",
            "C",
            "Machine",
            "code",
            "(",
            "in",
            "bytes",
            ")",
            "Instruction",
            "address",
            "30"
        ],
        "labels": [
            "O",
            "O",
            "O",
            "O",
            "O",
            "O",
            "O",
            "O",
            "O",
            "O",
            "O",
            "O",
            "O",
            "O",
            "O",
            "O",
            "O",
            "O",
            "O",
            "O",
            "O",
            "O",
            "O",
            "O",
            "B",
            "I",
            "O",
            "O",
            "O",
            "O",
            "O",
            "O",
            "O"
        ]
    },
    {
        "words": [
            "Looking",
            "deeper",
            "\u2022",
            "Now",
            "we",
            "are",
            "starting",
            "to",
            "read",
            "the",
            "code\u2026",
            "It",
            "does",
            "what",
            "we",
            "tell",
            "it",
            "to",
            "do",
            "!",
            "x86-64",
            "(",
            "gas",
            "/",
            "AT",
            "&",
            "T",
            "syntax",
            ",",
            ")",
            "Preserves",
            "(",
            "caller",
            "activation",
            "frame",
            ")",
            "Allocates",
            "\u201c",
            "\u201d",
            "on",
            "stack",
            "(",
            "from",
            "top",
            ")",
            "Move",
            "argument",
            "to",
            "Compares",
            "to",
            "and",
            "sets",
            "Jumps",
            "if",
            "is",
            "0",
            "(",
            "is",
            "positive",
            ")",
            "Sets",
            "to",
            "Resets",
            "caller",
            "activation",
            "frame",
            "Returns",
            "(",
            "return",
            "value",
            "is",
            "in",
            ")",
            "Instructions",
            "have",
            "varying",
            "size",
            "So",
            ",",
            "the",
            "next",
            "instruction",
            "address",
            "is",
            "irregular",
            ".",
            "Compare",
            "with",
            "MIPS",
            "/",
            "RISC-V.",
            "31"
        ],
        "labels": [
            "O",
            "O",
            "O",
            "O",
            "O",
            "O",
            "O",
            "O",
            "O",
            "O",
            "O",
            "O",
            "O",
            "O",
            "O",
            "O",
            "O",
            "O",
            "O",
            "O",
            "O",
            "O",
            "O",
            "O",
            "O",
            "O",
            "O",
            "O",
            "O",
            "O",
            "O",
            "O",
            "O",
            "O",
            "O",
            "O",
            "O",
            "O",
            "O",
            "O",
            "O",
            "O",
            "O",
            "O",
            "O",
            "O",
            "O",
            "O",
            "O",
            "O",
            "O",
            "O",
            "O",
            "O",
            "O",
            "O",
            "O",
            "O",
            "O",
            "O",
            "O",
            "O",
            "O",
            "O",
            "O",
            "O",
            "O",
            "O",
            "O",
            "O",
            "O",
            "O",
            "O",
            "O",
            "O",
            "O",
            "O",
            "O",
            "O",
            "O",
            "O",
            "O",
            "O",
            "O",
            "O",
            "O",
            "O",
            "O",
            "B",
            "O",
            "O",
            "O"
        ]
    },
    {
        "words": [
            "Brought",
            "to",
            "you",
            "by",
            "the",
            "letters",
            ":",
            "C",
            "ABI",
            "\u2022",
            "The",
            "C",
            "Application",
            "Binary",
            "Interface",
            "(",
            "ABI",
            ")",
            "are",
            "assembly",
            "conventions",
            "\u2022",
            "Like",
            "MIPS",
            ",",
            "certain",
            "registers",
            "are",
            "typically",
            "used",
            "for",
            "returns",
            "values",
            ",",
            "args",
            ",",
            "etc",
            "\u2022",
            "It",
            "is",
            "not",
            "defined",
            "by",
            "the",
            "language",
            ",",
            "but",
            "rather",
            "the",
            "OS",
            ".",
            "\u2022",
            "Windows",
            "and",
            "Linux",
            "(",
            "UNIX/System",
            "V",
            ")",
            "have",
            "a",
            "different",
            "C",
            "ABI",
            "\uf04c",
            "\u2022",
            "In",
            "our",
            "x86-64",
            "Linux",
            "C",
            "ABI",
            ",",
            "registers",
            "are",
            "used",
            "to",
            "pass",
            "arguments",
            ":",
            "\u2022",
            ",",
            ",",
            ",",
            ",",
            ",",
            "(",
            "First",
            ",",
            "second",
            ",",
            "etc",
            ")",
            "(",
            "Like",
            "MIPS",
            "\u2013",
            ")",
            "\u2022",
            "Remaining",
            "arguments",
            "go",
            "on",
            "the",
            "stack",
            ".",
            "\u2022",
            "Callee",
            "must",
            "preserve",
            ",",
            ",",
            ",",
            ",",
            ",",
            "(",
            "Like",
            "MIPS",
            "\u2013",
            ")",
            "\u2022",
            "Return",
            "value",
            ":",
            "(",
            "overflows",
            "into",
            "for",
            "128-bits",
            ")",
            "(",
            "MIPS",
            "\u2013",
            ")",
            "\u2022",
            "Lots",
            "of",
            "other",
            "small",
            "things",
            "not",
            "worth",
            "going",
            "over",
            ".",
            "\u2022",
            "For",
            "reference",
            ":",
            "https",
            ":",
            "//github.com/hjl-tools/x86-psABI/wiki/x86-64-psABI-1.0.pdf",
            "32"
        ],
        "labels": [
            "O",
            "O",
            "O",
            "O",
            "O",
            "O",
            "O",
            "B",
            "I",
            "O",
            "O",
            "O",
            "O",
            "O",
            "O",
            "O",
            "O",
            "O",
            "O",
            "O",
            "O",
            "O",
            "O",
            "B",
            "O",
            "O",
            "O",
            "O",
            "O",
            "O",
            "O",
            "O",
            "O",
            "O",
            "O",
            "O",
            "O",
            "O",
            "O",
            "O",
            "O",
            "O",
            "O",
            "O",
            "O",
            "O",
            "O",
            "O",
            "O",
            "O",
            "O",
            "O",
            "O",
            "O",
            "O",
            "O",
            "O",
            "O",
            "O",
            "O",
            "O",
            "O",
            "B",
            "I",
            "O",
            "O",
            "O",
            "O",
            "O",
            "O",
            "B",
            "I",
            "O",
            "O",
            "O",
            "O",
            "O",
            "O",
            "O",
            "O",
            "O",
            "O",
            "O",
            "O",
            "O",
            "O",
            "O",
            "O",
            "O",
            "O",
            "O",
            "O",
            "O",
            "O",
            "O",
            "B",
            "O",
            "O",
            "O",
            "O",
            "O",
            "O",
            "O",
            "O",
            "O",
            "O",
            "O",
            "O",
            "O",
            "O",
            "O",
            "O",
            "O",
            "O",
            "O",
            "O",
            "O",
            "B",
            "O",
            "O",
            "O",
            "O",
            "O",
            "O",
            "O",
            "O",
            "O",
            "O",
            "O",
            "O",
            "O",
            "B",
            "O",
            "O",
            "O",
            "O",
            "O",
            "O",
            "O",
            "O",
            "O",
            "O",
            "O",
            "O",
            "O",
            "O",
            "O",
            "O",
            "O",
            "O",
            "O",
            "O",
            "O"
        ]
    }
]